{
  "direct_spread_mae": 9.660763532858635,
  "direct_spread_rmse": 12.771214651412297,
  "direct_spread_p68": 11.312677402496341,
  "direct_spread_p90": 21.493386733531953,
  "direct_total_mae": 13.382891411148615,
  "direct_total_rmse": 17.806992092270534,
  "direct_total_p68": 16.156837768554702,
  "direct_total_p90": 28.309677124023445,
  "resid_spread_mae": 9.930779063684781,
  "resid_spread_rmse": 13.189542649720437,
  "resid_spread_p68": 11.298636226654054,
  "resid_spread_p90": 22.179482269287107,
  "resid_total_mae": 12.889089238172899,
  "resid_total_rmse": 16.443444064460884,
  "resid_total_p68": 16.10895210266113,
  "resid_total_p90": 27.07497828006744,
  "direct_spread_mae_market": 9.65529642389626,
  "direct_total_mae_market": 13.231876674174474,
  "market_spread_mae": 18.35300606729178,
  "market_total_mae": 12.824048538334253
}