{
  "direct_spread_mae": 9.587469008969846,
  "direct_spread_rmse": 12.738848956280627,
  "direct_spread_p68": 11.161930484771734,
  "direct_spread_p90": 21.591932868957514,
  "direct_total_mae": 13.329325849406473,
  "direct_total_rmse": 17.058795415758805,
  "direct_total_p68": 16.163994140625,
  "direct_total_p90": 28.309423828125,
  "resid_spread_mae": 9.844041314657204,
  "resid_spread_rmse": 13.088559694465449,
  "resid_spread_p68": 11.143071060180667,
  "resid_spread_p90": 21.55331010818481,
  "resid_total_mae": 12.94112924006611,
  "resid_total_rmse": 16.47912579270966,
  "resid_total_p68": 16.015630397796635,
  "resid_total_p90": 26.5735065460205,
  "direct_spread_mae_market": 9.574620551458969,
  "direct_total_mae_market": 13.285895017780655,
  "market_spread_mae": 18.35300606729178,
  "market_total_mae": 12.824048538334253,
  "blend_alpha_spread": 0.0,
  "blend_alpha_total": 0.5066
}