{
  "direct_spread_mae": 9.415183233870158,
  "direct_spread_rmse": 12.506319228424337,
  "direct_spread_p68": 10.879878997802734,
  "direct_spread_p90": 21.158912460505963,
  "direct_total_mae": 15.412111427302957,
  "direct_total_rmse": 28.202980980265817,
  "direct_total_p68": 16.109542846679688,
  "direct_total_p90": 29.170948791503907,
  "resid_spread_mae": 9.785024024577842,
  "resid_spread_rmse": 12.9988438316228,
  "resid_spread_p68": 11.445923328399658,
  "resid_spread_p90": 21.53986883163452,
  "resid_total_mae": 12.72574103625636,
  "resid_total_rmse": 16.278045748279574,
  "resid_total_p68": 15.555903792381287,
  "resid_total_p90": 26.9511316716671,
  "direct_spread_mae_market": 9.473528850339754,
  "direct_total_mae_market": 13.181960938400122,
  "market_spread_mae": 18.587067498581963,
  "market_total_mae": 12.682501418037436,
  "blend_alpha_spread": 0.0,
  "blend_alpha_total": 0.5088
}