{
  "direct_spread_mae": 9.686145646713472,
  "direct_spread_rmse": 12.80392428534731,
  "direct_spread_p68": 11.060990905761718,
  "direct_spread_p90": 21.71870336532593,
  "direct_total_mae": 13.416434557448587,
  "direct_total_rmse": 17.8369587810814,
  "direct_total_p68": 16.090032958984374,
  "direct_total_p90": 28.08095855712891,
  "resid_spread_mae": 9.978544782258375,
  "resid_spread_rmse": 13.317485959529614,
  "resid_spread_p68": 11.307878494262695,
  "resid_spread_p90": 22.50223731994629,
  "resid_total_mae": 12.858609467844289,
  "resid_total_rmse": 16.44020067680717,
  "resid_total_p68": 15.991244524717331,
  "resid_total_p90": 26.586305856704712,
  "direct_spread_mae_market": 9.667189651448918,
  "direct_total_mae_market": 13.255831358434131,
  "market_spread_mae": 18.15648201027984,
  "market_total_mae": 12.810394060536836
}