{
  "direct_spread_mae": 9.994913541200265,
  "direct_spread_rmse": 13.16514203319181,
  "direct_spread_p68": 11.79997057914734,
  "direct_spread_p90": 21.785766649246217,
  "direct_total_mae": 13.432000549384831,
  "direct_total_rmse": 17.85566611136461,
  "direct_total_p68": 16.20622314453125,
  "direct_total_p90": 28.125982666015624,
  "resid_spread_mae": 10.560478173111214,
  "resid_spread_rmse": 13.94587057587734,
  "resid_spread_p68": 12.335511088371277,
  "resid_spread_p90": 22.996023178100586,
  "resid_total_mae": 12.877867628948424,
  "resid_total_rmse": 16.45149148035018,
  "resid_total_p68": 16.016153573989868,
  "resid_total_p90": 26.59504234790802,
  "direct_spread_mae_market": 9.993031986047122,
  "direct_total_mae_market": 13.270749016396323,
  "market_spread_mae": 18.15648201027984,
  "market_total_mae": 12.810394060536836
}