{
  "direct_spread_mae": 9.576880828049456,
  "direct_spread_rmse": 12.716807251250644,
  "direct_spread_p68": 11.014885845184327,
  "direct_spread_p90": 21.674134826660158,
  "direct_total_mae": 13.492710850128207,
  "direct_total_rmse": 17.874561082358323,
  "direct_total_p68": 16.541243286132822,
  "direct_total_p90": 28.254335021972665,
  "resid_spread_mae": 9.753638330831357,
  "resid_spread_rmse": 12.978459487558771,
  "resid_spread_p68": 11.022973747253419,
  "resid_spread_p90": 21.885601949691768,
  "resid_total_mae": 12.88583851932002,
  "resid_total_rmse": 16.430865435780163,
  "resid_total_p68": 15.901216323375708,
  "resid_total_p90": 27.05195442438125,
  "direct_spread_mae_market": 9.575110900447479,
  "direct_total_mae_market": 13.341362752772403,
  "market_spread_mae": 18.35300606729178,
  "market_total_mae": 12.824048538334253
}