{
  "direct_spread_mae": 10.77189543002607,
  "direct_spread_rmse": 14.142155326699122,
  "direct_spread_p68": 12.476936812400817,
  "direct_spread_p90": 24.578635787963865,
  "direct_total_mae": 15.261662760017513,
  "direct_total_rmse": 19.84170446972222,
  "direct_total_p68": 18.875850830078125,
  "direct_total_p90": 31.493588256835935,
  "resid_spread_mae": 12.053592893533539,
  "resid_spread_rmse": 16.16860150911211,
  "resid_spread_p68": 13.75943458557129,
  "resid_spread_p90": 28.034144306182853,
  "resid_total_mae": 12.8773604266803,
  "resid_total_rmse": 16.623001185814772,
  "resid_total_p68": 15.406824452877046,
  "resid_total_p90": 27.917258143424988
}