{
  "direct_spread_mae": 10.69349151436133,
  "direct_spread_rmse": 14.146961482771125,
  "direct_spread_p68": 12.612178003787996,
  "direct_spread_p90": 24.35319633483887,
  "direct_total_mae": 15.279226200462992,
  "direct_total_rmse": 19.86423183273017,
  "direct_total_p68": 18.92434509277344,
  "direct_total_p90": 31.279229736328126,
  "resid_spread_mae": 14.879396656392426,
  "resid_spread_rmse": 19.575467917726098,
  "resid_spread_p68": 18.322377395629882,
  "resid_spread_p90": 32.321797943115236,
  "resid_total_mae": 13.366105370575081,
  "resid_total_rmse": 17.091742255852253,
  "resid_total_p68": 15.987373991012573,
  "resid_total_p90": 28.8155707359314,
  "direct_spread_mae_market": 10.283906110876936,
  "direct_total_mae_market": 14.70036639283035,
  "market_spread_mae": 18.9635761589404,
  "market_total_mae": 13.066225165562914
}