{
  "direct_spread_mae": 9.59137603414829,
  "direct_spread_rmse": 12.750194445586088,
  "direct_spread_p68": 10.826190948486328,
  "direct_spread_p90": 21.9984534263611,
  "direct_total_mae": 15.49064008025539,
  "direct_total_rmse": 28.20263393978038,
  "direct_total_p68": 16.60150146484375,
  "direct_total_p90": 29.22274627685549,
  "resid_spread_mae": 10.00247546874401,
  "resid_spread_rmse": 13.124184513041802,
  "resid_spread_p68": 11.585197448730469,
  "resid_spread_p90": 22.175140380859375,
  "resid_total_mae": 12.735882683598472,
  "resid_total_rmse": 16.31593380607419,
  "resid_total_p68": 15.411225318908691,
  "resid_total_p90": 26.8333922624588,
  "direct_spread_mae_market": 9.650174194305048,
  "direct_total_mae_market": 13.262883810042252,
  "market_spread_mae": 18.587067498581963,
  "market_total_mae": 12.682501418037436,
  "blend_alpha_spread": 0.0,
  "blend_alpha_total": 0.5101
}