{
  "direct_spread_mae": 10.901535308582893,
  "direct_spread_rmse": 14.285949651619072,
  "direct_spread_p68": 12.65569375038147,
  "direct_spread_p90": 24.316772842407225,
  "direct_total_mae": 15.21905585375399,
  "direct_total_rmse": 19.77049859786604,
  "direct_total_p68": 18.76713623046875,
  "direct_total_p90": 30.951327514648426,
  "resid_spread_mae": 15.469738745793961,
  "resid_spread_rmse": 20.093660067974785,
  "resid_spread_p68": 17.998155670166017,
  "resid_spread_p90": 33.51361999511719,
  "resid_total_mae": 13.114248935982847,
  "resid_total_rmse": 16.811577025052852,
  "resid_total_p68": 16.073328590393068,
  "resid_total_p90": 27.851243257522583
}