{
  "direct_spread_mae": 9.67167026733333,
  "direct_spread_rmse": 12.700214208853932,
  "direct_spread_p68": 11.05731201171875,
  "direct_spread_p90": 21.265944480895996,
  "direct_total_mae": 13.232091530567804,
  "direct_total_rmse": 16.888426878513684,
  "direct_total_p68": 15.96002197265625,
  "direct_total_p90": 28.31597900390625,
  "resid_spread_mae": 9.812188027877093,
  "resid_spread_rmse": 12.969152477872482,
  "resid_spread_p68": 11.397384643554688,
  "resid_spread_p90": 21.355682373046875,
  "resid_total_mae": 12.661592037482233,
  "resid_total_rmse": 16.214129007456712,
  "resid_total_p68": 15.464318990707397,
  "resid_total_p90": 26.68947395682335,
  "direct_spread_mae_market": 9.657728762729118,
  "direct_total_mae_market": 13.175851944510756,
  "market_spread_mae": 18.42995099452292,
  "market_total_mae": 12.677428653790718,
  "blend_alpha_spread": 0.496,
  "blend_alpha_total": 0.5