{
  "direct_spread_mae": 9.667832055411099,
  "direct_spread_rmse": 12.828934225449355,
  "direct_spread_p68": 11.177057247161866,
  "direct_spread_p90": 22.01707329750061,
  "direct_total_mae": 13.430701389510451,
  "direct_total_rmse": 17.821489720478336,
  "direct_total_p68": 16.306387939453124,
  "direct_total_p90": 28.03612365722656,
  "resid_spread_mae": 9.957295257749832,
  "resid_spread_rmse": 13.26835103201202,
  "resid_spread_p68": 11.437988967895508,
  "resid_spread_p90": 22.160720062255855,
  "resid_total_mae": 12.866652047170177,
  "resid_total_rmse": 16.440181963214073,
  "resid_total_p68": 15.986388576030734,
  "resid_total_p90": 26.944520676136012,
  "direct_spread_mae_market": 9.662000984044894,
  "direct_total_mae_market": 13.294417773287721,
  "market_spread_mae": 18.22308979364194,
  "market_total_mae": 12.79643056330173
}