{
  "direct_spread_mae": 9.787545120862475,
  "direct_spread_rmse": 12.991669958155644,
  "direct_spread_p68": 11.340587658882143,
  "direct_spread_p90": 22.068329763412475,
  "direct_total_mae": 13.531767575730123,
  "direct_total_rmse": 17.99071464153907,
  "direct_total_p68": 16.518591308593752,
  "direct_total_p90": 28.24127655029297,
  "resid_spread_mae": 10.23771945419676,
  "resid_spread_rmse": 13.648977184297209,
  "resid_spread_p68": 12.016517162322998,
  "resid_spread_p90": 22.979709088802338,
  "resid_total_mae": 12.93541947202406,
  "resid_total_rmse": 16.505582307348668,
  "resid_total_p68": 16.164960145950317,
  "resid_total_p90": 27.164702653884888,
  "direct_spread_mae_market": 9.775534685436256,
  "direct_total_mae_market": 13.374134693330932,
  "market_spread_mae": 18.15648201027984,
  "market_total_mae": 12.810394060536836
}