{
  "direct_spread_mae": 10.656690560050535,
  "direct_spread_rmse": 14.133942836011295,
  "direct_spread_p68": 12.24282793045044,
  "direct_spread_p90": 24.228098964691164,
  "direct_total_mae": 15.343836865617556,
  "direct_total_rmse": 19.95396577060963,
  "direct_total_p68": 19.00518371582032,
  "direct_total_p90": 31.521458435058598,
  "resid_spread_mae": 11.551321133712172,
  "resid_spread_rmse": 15.661133723953919,
  "resid_spread_p68": 12.857789382934572,
  "resid_spread_p90": 25.961486339569092,
  "resid_total_mae": 13.166927720808628,
  "resid_total_rmse": 16.924058095156813,
  "resid_total_p68": 15.925375618934632,
  "resid_total_p90": 27.579752475023273,
  "direct_spread_mae_market": 10.377942298853535,
  "direct_total_mae_market": 14.626929782084282,
  "market_spread_mae": 18.97682119205298,
  "market_total_mae": 12.963576158940397
}