{
  "direct_spread_mae": 10.750385023612665,
  "direct_spread_rmse": 14.127439473476967,
  "direct_spread_p68": 12.57222032546997,
  "direct_spread_p90": 23.664820861816406,
  "direct_total_mae": 15.227323026926753,
  "direct_total_rmse": 19.756125262021285,
  "direct_total_p68": 18.86797180175781,
  "direct_total_p90": 31.080099487304683,
  "resid_spread_mae": 18.07195278468885,
  "resid_spread_rmse": 22.93592513156648,
  "resid_spread_p68": 21.427744522094727,
  "resid_spread_p90": 35.24851131439209,
  "resid_total_mae": 12.884302141818038,
  "resid_total_rmse": 16.625658752329528,
  "resid_total_p68": 15.825708913803101,
  "resid_total_p90": 27.871080803871152,
  "direct_spread_mae_market": 10.354905589800655,
  "direct_total_mae_market": 14.27919921875,
  "market_spread_mae": 19.071929824561405,
  "market_total_mae": 12.749122807017544
}