{
  "direct_spread_mae": 10.864939318001712,
  "direct_spread_rmse": 14.207229375504111,
  "direct_spread_p68": 12.933222303390503,
  "direct_spread_p90": 23.761025476455686,
  "direct_total_mae": 15.346009374971825,
  "direct_total_rmse": 19.903748585776174,
  "direct_total_p68": 19.120909423828124,
  "direct_total_p90": 31.080709838867186,
  "resid_spread_mae": 15.743364384221403,
  "resid_spread_rmse": 20.362884156474397,
  "resid_spread_p68": 18.970056343078614,
  "resid_spread_p90": 33.52386646270752,
  "resid_total_mae": 13.15878059653598,
  "resid_total_rmse": 16.914465423118976,
  "resid_total_p68": 15.775510754585266,
  "resid_total_p90": 28.239490258693692,
  "direct_spread_mae_market": 10.472686824852829,
  "direct_total_mae_market": 14.563539257384184,
  "market_spread_mae": 19.071929824561405,
  "market_total_mae": 12.749122807017544
}