{
  "consensus_spread_home": 0.110005,
  "market_total": 0.060895,
  "home_bench_count": 0.043522,
  "fatigue_asymmetry": 0.035775,
  "consensus_total": 0.034909,
  "away_bench_count": 0.018712,
  "market_spread_home": 0.017803,
  "home_pythag_20": 0.015496,
  "home_conf_rank": 0.010568,
  "away_team_abbr_NOP": 0.008899,
  "win_pct_diff": 0.008416,
  "away_team_abbr_MIN": 0.008093,
  "cross_country_b2b": 0.007969,
  "altitude_travel_stress": 0.007282,
  "away_team_abbr_IND": 0.007188,
  "away_away_win_pct_5": 0.007124,
  "home_pythag_10": 0.0069,
  "net_rating_diff_20": 0.006773,
  "away_team_abbr_BOS": 0.006083,
  "away_net_rating_10": 0.005922,
  "away_fatigue_x_pts5": 0.005721,
  "home_blk_avg_20": 0.005662,
  "away_is_4_in_5": 0.005547,
  "home_pace_avg_20": 0.005516,
  "tov_rate_diff_20": 0.005321,
  "away_pts_for_avg_20": 0.004943,
  "pts_for_diff_20": 0.00493,
  "home_ast_avg_10": 0.004853,
  "away_pythag_vs_record": 0.004843,
  "home_pythag_vs_record": 0.004812,
  "game_pace_est_5": 0.004758,
  "away_total_travel_miles_5": 0.004727,
  "pythag_record_edge": 0.004668,
  "away_win_pct": 0.004667,
  "away_conf_rank": 0.004626,
  "stocks_diff_10": 0.004604,
  "continuity_diff_10": 0.004527,
  "net_rating_diff_10": 0.004503,
  "dk_vs_consensus_spread": 0.004435,
  "home_pts_against_avg_20": 0.00432,
  "home_elo": 0.004314,
  "away_pythag_10": 0.004296,
  "away_pythag_20": 0.004176,
  "home_pts_for_avg_20": 0.004121,
  "home_altitude_ft": 0.004096,
  "tov_rate_diff_5": 0.004075,
  "away_away_pts_against_avg_20": 0.004006,
  "travel_load_per_rest": 0.003995,
  "away_tov_rate_avg_20": 0.003993,
  "home_home_pts_for_avg_5": 0.003974,
  "away_away_win_pct_20": 0.003868,
  "away_away_pts_against_avg_5": 0.003866,
  "home_team_abbr_LAL": 0.003845,
  "home_team_abbr_UTA": 0.003839,
  "away_foul_rate_avg_10": 0.003794,
  "sos_adjusted_margin": 0.003717,
  "home_tov_rate_avg_20": 0.003702,
  "home_home_win_pct_20": 0.003659,
  "away_fatigue_score": 0.003654,
  "home_ts_pct_avg_20": 0.003649,
  "home_off_vs_away_def": 0.003632,
  "attendance_vs_avg": 0.003559,
  "home_injured_min_lost": 0.00354,
  "crew_avg_fouls_per_game": 0.003511,
  "away_pythag_5": 0.003499,
  "spread_book_disagreement": 0.003499,
  "home_injured_pts_lost": 0.003485,
  "away_starter_continuity": 0.003451,
  "away_injured_out_count": 0.003423,
  "travel_distance_miles": 0.003398,
  "travel_b2b_fatigue": 0.00339,
  "away_team_abbr_POR": 0.003389,
  "home_fouls_avg_10": 0.003359,
  "away_away_win_pct_10": 0.003339,
  "home_win_pct": 0.003313,
  "home_off_vs_sos": 0.003308,
  "away_stl_avg_20": 0.003305,
  "home_starter_continuity_avg_10": 0.003304,
  "away_fouls_avg_10": 0.003303,
  "away_blk_avg_20": 0.003253,
  "efg_pct_diff_5": 0.003245,
  "away_net_rtg_avg_20": 0.003217,
  "away_pts_against_avg_20": 0.003192,
  "away_implied_score": 0.003165,
  "away_three_pt_rate_avg_10": 0.003153,
  "b2b_net_disadvantage": 0.003114,
  "market_line_move_margin": 0.003104,
  "home_def_rtg_avg_10": 0.003072,
  "away_def_rtg_avg_10": 0.00307,
  "away_tov_rate_avg_5": 0.003047,
  "ts_pct_diff_5": 0.003038,
  "away_fg3_pct_avg_5": 0.00302,
  "fg3_pct_diff_5": 0.002995,
  "pythag_diff_20": 0.00299,
  "away_def_rtg_avg_20": 0.002989,
  "away_prev_leg_miles": 0.002961,
  "away_injured_pts_lost": 0.002938,
  "home_tov_avg_5": 0.002935,
  "pythag_diff_10": 0.002932,
  "away_pace_avg_5": 0.002902,
  "pts_for_diff_5": 0.002885,
  "away_away_pts_for_avg_20": 0.002877,
  "attendance": 0.002831,
  "market_open_total": 0.002807,
  "fg3a_rate_diff_5": 0.002803,
  "home_efg_pct_avg_20": 0.002801,
  "away_oreb_avg_5": 0.002797,
  "season_days_elapsed": 0.002783,
  "home_fg3_pct_avg_5": 0.002771,
  "market_line_move_total": 0.002761,
  "home_blk_avg_10": 0.002752,
  "home_home_win_pct_5": 0.002748,
  "away_efg_pct_avg_10": 0.002734,
  "pace_diff_5": 0.002731,
  "home_team_abbr_LAC": 0.00273,
  "home_implied_score": 0.002728,
  "crew_away_foul_bias": 0.002702,
  "home_ft_pct_avg_5": 0.002692,
  "away_stocks_avg_10": 0.002677,
  "home_foul_rate_avg_10": 0.002662,
  "steam_x_rest": 0.00266,
  "home_stl_avg_20": 0.002632,
  "home_ts_pct_avg_5": 0.002612,
  "ref_foul_ot_signal": 0.002551,
  "away_efg_pct_avg_20": 0.002531,
  "away_ast_avg_10": 0.002529,
  "home_fg3_pct_avg_20": 0.00252,
  "net_rtg_diff_10": 0.002513,
  "away_fouls_avg_20": 0.00251,
  "home_ast_tov_ratio_10": 0.002468,
  "home_fouls_avg_20": 0.002468,
  "efg_pct_diff_10": 0.002443,
  "injury_pts_advantage_home": 0.002431,
  "away_fg3_pct_avg_20": 0.00239,
  "home_tov_rate_avg_5": 0.002377,
  "away_team_abbr_LAL": 0.002375,
  "home_off_rtg_avg_10": 0.002372,
  "away_team_abbr_MEM": 0.002366,
  "home_pbp_tov_rate_avg_10": 0.002366,
  "home_stl_avg_10": 0.002362,
  "away_ts_pct_avg_10": 0.002355,
  "home_plus_minus_avg_20": 0.002351,
  "away_away_pts_for_avg_5": 0.002332,
  "efg_pct_diff_20": 0.002324,
  "away_sos_def_10": 0.002302,
  "home_net_rtg_avg_10": 0.002276,
  "fouls_diff_10": 0.002268,
  "away_ts_pct_avg_20": 0.00225,
  "ast_tov_ratio_diff_10": 0.002236,
  "pythag_diff_5": 0.002232,
  "pace_diff_20": 0.002226,
  "home_efg_pct_avg_5": 0.002171,
  "home_pythag_5": 0.002162,
  "away_efg_pct_avg_5": 0.002161,
  "away_fg3a_rate_avg_5": 0.002117,
  "h2h_home_win_pct5": 0.002106,
  "away_ts_pct_avg_5": 0.002101,
  "home_home_pts_for_avg_20": 0.002063,
  "home_fg3a_rate_avg_5": 0.002062,
  "home_team_abbr_MIL": 0.002057,
  "dk_vs_consensus_total": 0.002021,
  "away_team_abbr_CHI": 0.002019,
  "h2h_home_margin_avg5": 0.001982,
  "away_pts_against_avg_5": 0.001964,
  "home_pts_for_sd_10": 0.001933,
  "home_sos_def_10": 0.001921,
  "home_oreb_avg_5": 0.001892,
  "away_injured_min_lost": 0.001884,
  "home_team_abbr_DET": 0.001868,
  "away_pace_avg_20": 0.001841,
  "away_ft_pct_avg_5": 0.001835,
  "home_def_rtg_avg_20": 0.001808,
  "home_ts_pct_avg_10": 0.0018,
  "away_fg_pct_avg_5": 0.001781,
  "elo_diff": 0.001769,
  "total_book_disagreement": 0.00174,
  "home_injured_out_count": 0.001735,
  "home_three_pt_rate_avg_10": 0.001729,
  "home_efg_pct_avg_10": 0.001728,
  "home_fatigue_x_pts5": 0.001725,
  "away_blk_avg_10": 0.001722,
  "away_team_abbr_MIA": 0.001714,
  "home_home_pts_against_avg_5": 0.001682,
  "away_pts_for_avg_10": 0.001673,
  "away_pbp_tov_rate_avg_10": 0.001662,
  "away_ast_tov_ratio_10": 0.001636,
  "three_pt_rate_diff_10": 0.001604,
  "away_plus_minus_avg_20": 0.001602,
  "line_move_abs_total": 0.001588,
  "away_tov_avg_5": 0.001576,
  "home_net_rating_10": 0.001549,
  "home_home_win_pct_10": 0.001544,
  "home_pace_n_5": 0.001532,
  "away_off_vs_home_def": 0.001525,
  "away_team_abbr_ATL": 0.001515,
  "away_elo": 0.001508,
  "home_fg_pct_avg_5": 0.001421,
  "fg3_pct_diff_20": 0.001399,
  "season_2024-2025-regular": 0.001398,
  "market_open_spread_home": 0.001378,
  "home_pace_avg_5": 0.001342,
  "home_home_pts_against_avg_20": 0.001329,
  "away_pace_avg_10": 0.001325,
  "away_stl_avg_10": 0.001313,
  "away_pts_for_sd_10": 0.001285,
  "start_dow_utc": 0.001284,
  "home_pace_avg_10": 0.001273,
  "ts_pct_diff_20": 0.00127,
  "home_team_abbr_TOR": 0.001256,
  "start_hour_utc": 0.001222,
  "home_pts_against_avg_10": 0.001214,
  "home_net_rtg_avg_20": 0.001194,
  "home_off_rtg_avg_20": 0.001193,
  "line_move_abs_spread": 0.001185,
  "home_team_abbr_POR": 0.001145,
  "h2h_meetings_5": 0.001102,
  "ts_pct_diff_10": 0.001041,
  "crew_size": 0.001039,
  "home_stocks_avg_10": 0.001011,
  "home_starter_continuity": 0.001002,
  "away_off_rtg_avg_20": 0.000964,
  "away_pts_against_avg_10": 0.000942,
  "home_rest_days": 0.000937,
  "away_starter_continuity_avg_10": 0.000926,
  "away_team_abbr_LAC": 0.000912,
  "away_off_vs_sos": 0.000912,
  "home_pts_for_avg_10": 0.000889,
  "away_pts_for_avg_5": 0.000886,
  "away_pace_n_5": 0.000868,
  "home_ot_tendency_10": 0.00085,
  "home_pts_against_avg_5": 0.000845,
  "away_team_abbr_OKL": 0.000842,
  "away_team_abbr_PHX": 0.000761,
  "away_off_rtg_avg_10": 0.000756,
  "home_team_abbr_ATL": 0.000753,