{
  "home_injured_pts_lost": 0.133221,
  "consensus_spread_home": 0.121554,
  "market_total": 0.052433,
  "consensus_total": 0.032117,
  "away_team_abbr_TOR": 0.031206,
  "home_bench_count": 0.028575,
  "away_off_vs_home_def": 0.021563,
  "cross_country_b2b": 0.020861,
  "market_spread_home": 0.014468,
  "away_bench_count": 0.013826,
  "away_team_abbr_MIN": 0.009463,
  "home_pythag_vs_record": 0.009007,
  "home_b2b_vs_opp_rest": 0.008541,
  "away_team_abbr_BOS": 0.006589,
  "away_pythag_vs_record": 0.006404,
  "line_move_abs_spread": 0.006343,
  "last10_pct_diff": 0.005956,
  "pythag_rtg_diff_20": 0.005759,
  "away_team_abbr_HOU": 0.005732,
  "pythag_diff_10": 0.005614,
  "home_injured_min_lost": 0.00497,
  "efg_pct_diff_5": 0.004858,
  "pts_for_diff_20": 0.004827,
  "home_ts_pct_avg_20": 0.004475,
  "away_team_abbr_LAC": 0.00439,
  "away_elo": 0.004252,
  "efg_pct_diff_20": 0.004199,
  "away_ts_pct_avg_10": 0.004161,
  "away_foul_rate_avg_10": 0.004042,
  "away_blk_avg_10": 0.003929,
  "home_plus_minus_avg_20": 0.003914,
  "pythag_rtg_diff_10": 0.003854,
  "home_fatigue_vs_opp_rest": 0.003828,
  "away_pythag_rtg_vs_record": 0.003797,
  "three_pt_rate_diff_10": 0.003784,
  "ts_pct_diff_10": 0.003766,
  "win_pct_diff": 0.003747,
  "home_off_rtg_avg_20": 0.003581,
  "away_tov_rate_avg_20": 0.003566,
  "home_home_pts_against_avg_20": 0.003468,
  "tov_rate_diff_5": 0.003451,
  "home_pythag_rtg_10": 0.003376,
  "dk_vs_consensus_total": 0.003358,
  "start_hour_utc": 0.00329,
  "ts_pct_diff_5": 0.003279,
  "home_win_pct": 0.003242,
  "home_home_win_pct_10": 0.003201,
  "home_home_pts_for_avg_5": 0.003145,
  "home_pace_avg_20": 0.003102,
  "home_off_vs_away_def": 0.003099,
  "home_stocks_avg_10": 0.003088,
  "start_dow_utc": 0.003054,
  "away_net_rating_10": 0.002996,
  "market_line_move_total": 0.00299,
  "away_fatigue_x_pts5": 0.002949,
  "home_stl_avg_20": 0.002938,
  "home_pythag_10": 0.00293,
  "home_implied_score": 0.002928,
  "attendance_vs_avg": 0.002919,
  "home_pace_avg_10": 0.002914,
  "away_ast_tov_ratio_10": 0.002904,
  "pace_diff_5": 0.002891,
  "away_away_pts_against_avg_20": 0.002809,
  "pythag_diff_20": 0.00278,
  "home_fouls_avg_10": 0.002773,
  "fatigue_asymmetry": 0.00275,
  "season_days_elapsed": 0.002739,
  "away_prev_leg_miles": 0.002709,
  "away_pythag_20": 0.002698,
  "home_off_vs_sos": 0.002672,
  "pythag_diff_5": 0.002616,
  "efg_pct_diff_10": 0.002589,
  "fg3_pct_diff_20": 0.002583,
  "home_def_rtg_avg_20": 0.002567,
  "steam_x_rest": 0.002557,
  "away_pbp_tov_rate_avg_10": 0.002554,
  "attendance": 0.002554,
  "crew_avg_fouls_per_game": 0.002529,
  "market_line_move_margin": 0.00247,
  "away_fouls_avg_10": 0.002467,
  "home_foul_rate_avg_10": 0.002459,
  "home_sos_def_10": 0.002454,
  "away_pace_avg_20": 0.002441,
  "home_ot_tendency_10": 0.002437,
  "ref_foul_ot_signal": 0.002402,
  "away_win_pct": 0.002393,
  "home_pythag_20": 0.00238,
  "away_total_travel_miles_5": 0.002363,
  "home_team_abbr_MIL": 0.002343,
  "home_blk_avg_10": 0.00234,
  "home_blk_avg_20": 0.002334,
  "home_efg_pct_avg_5": 0.002312,
  "home_efg_pct_avg_20": 0.002297,
  "away_starter_continuity_avg_10": 0.002262,
  "continuity_diff_10": 0.002247,
  "home_pts_for_avg_20": 0.00224,
  "away_implied_score": 0.002237,
  "streak_diff": 0.002237,
  "home_pace_avg_5": 0.002231,
  "home_ast_avg_10": 0.002208,
  "away_def_rtg_avg_10": 0.002208,
  "home_ast_tov_ratio_10": 0.002188,
  "sos_adjusted_margin": 0.002182,
  "away_blk_avg_20": 0.002182,
  "home_fg3_pct_avg_5": 0.002178,
  "ast_tov_ratio_diff_10": 0.002175,
  "away_ot_tendency_10": 0.002173,
  "fg3_pct_diff_5": 0.002173,
  "away_def_rtg_avg_20": 0.002171,
  "away_off_rtg_avg_10": 0.002163,
  "away_away_win_pct_5": 0.002139,
  "away_off_rtg_avg_20": 0.002124,
  "away_injured_pts_lost": 0.002121,
  "away_off_vs_sos": 0.002114,
  "fg3a_rate_diff_5": 0.002109,
  "crew_away_foul_bias": 0.002085,
  "elo_diff": 0.002083,
  "away_starter_continuity": 0.002077,
  "home_ts_pct_avg_10": 0.002075,
  "away_ft_pct_avg_5": 0.002063,
  "h2h_home_win_pct5": 0.002057,
  "away_tov_rate_avg_5": 0.002052,
  "away_efg_pct_avg_5": 0.002052,
  "home_fg_pct_avg_5": 0.002044,
  "home_pythag_5": 0.002032,
  "away_away_win_pct_10": 0.001998,
  "home_fatigue_x_pts5": 0.001998,
  "away_fg3_pct_avg_5": 0.001979,
  "away_away_pts_for_avg_20": 0.001957,
  "total_book_disagreement": 0.001928,
  "altitude_travel_stress": 0.001925,
  "pythag_record_edge": 0.001915,
  "away_plus_minus_avg_20": 0.001915,
  "away_injured_min_lost": 0.001904,
  "fouls_diff_10": 0.001887,
  "away_conf_rank": 0.001885,
  "home_tov_rate_avg_20": 0.001878,
  "stocks_diff_10": 0.001861,
  "travel_distance_miles": 0.001833,
  "away_stl_avg_20": 0.001823,
  "away_oreb_avg_5": 0.001819,
  "away_fg3a_rate_avg_5": 0.001795,
  "net_rating_diff_20": 0.001787,
  "away_injured_out_count": 0.00178,
  "home_fg3_pct_avg_20": 0.001775,
  "away_net_rtg_avg_10": 0.001743,
  "home_home_pts_against_avg_5": 0.001741,
  "away_fouls_avg_20": 0.001728,
  "away_away_pts_against_avg_5": 0.001724,
  "home_starter_continuity": 0.001718,
  "away_pts_against_avg_20": 0.001696,
  "away_pythag_5": 0.001691,
  "away_net_rtg_avg_20": 0.001683,
  "home_starter_continuity_avg_10": 0.001673,
  "ts_pct_diff_20": 0.001665,
  "net_rating_diff_10": 0.001665,
  "away_three_pt_rate_avg_10": 0.001663,
  "home_conf_rank": 0.001656,
  "home_pythag_rtg_20": 0.001636,
  "tov_rate_diff_20": 0.001636,
  "home_home_win_pct_5": 0.001626,
  "dk_vs_consensus_spread": 0.001606,
  "home_fouls_avg_20": 0.001594,
  "home_ts_pct_avg_5": 0.001587,
  "home_tov_rate_avg_5": 0.001579,
  "b2b_net_disadvantage": 0.001578,
  "home_elo": 0.001546,
  "home_injured_out_count": 0.001539,
  "home_tov_avg_5": 0.001517,
  "away_team_abbr_DET": 0.001479,
  "home_stl_avg_10": 0.001467,
  "home_off_rtg_avg_10": 0.001453,
  "away_fg3_pct_avg_20": 0.001435,
  "home_ft_pct_avg_5": 0.001426,
  "away_stl_avg_10": 0.00142,
  "pts_for_diff_5": 0.001414,
  "h2h_home_margin_avg5": 0.001409,
  "away_away_win_pct_20": 0.001387,
  "away_pace_avg_5": 0.001387,
  "market_open_total": 0.001367,
  "away_team_abbr_CHI": 0.001347,
  "away_pts_for_sd_10": 0.001343,
  "away_streak": 0.001313,
  "away_pts_against_avg_5": 0.001312,
  "away_ts_pct_avg_20": 0.00131,
  "away_fg_pct_avg_5": 0.001304,
  "home_efg_pct_avg_10": 0.001302,
  "home_pbp_tov_rate_avg_10": 0.001292,
  "away_sos_def_10": 0.001286,
  "home_fg3a_rate_avg_5": 0.001241,
  "away_ast_avg_10": 0.00122,
  "away_pythag_rtg_20": 0.001203,
  "home_pts_for_sd_10": 0.001188,
  "away_pts_against_avg_10": 0.001175,
  "net_rtg_diff_10": 0.001171,
  "home_pts_against_avg_10": 0.001168,
  "home_oreb_avg_5": 0.001159,
  "away_fatigue_vs_opp_rest": 0.001153,
  "away_tov_avg_5": 0.00115,
  "away_pythag_10": 0.001098,
  "fatigue_rest_mismatch": 0.001087,
  "home_pts_against_avg_20": 0.001084,
  "home_home_win_pct_20": 0.001069,
  "away_pace_avg_10": 0.001065,
  "home_home_pts_for_avg_20": 0.001049,
  "injury_pts_advantage_home": 0.001036,
  "home_streak": 0.001002,
  "away_pts_for_avg_20": 0.000993,
  "away_away_pts_for_avg_5": 0.000986,
  "away_pts_for_avg_5": 0.000979,
  "away_efg_pct_avg_20": 0.000975,
  "home_team_abbr_DAL": 0.000974,
  "away_efg_pct_avg_10": 0.000968,
  "home_three_pt_rate_avg_10": 0.000943,
  "game_pace_est_5": 0.000915,
  "home_def_rtg_avg_10": 0.000911,
  "home_team_abbr_SAS": 0.000902,
  "home_pythag_rtg_vs_record": 0.000836,
  "home_net_rating_10": 0.000826,
  "away_ts_pct_avg_5": 0.000824,
  "home_pts_for_avg_10": 0.000814,
  "market_open_spread_home": 0.0008,
  "pace_diff_20": 0.00079,
  "home_net_rtg_avg_20": 0.000773,
  "away_team_abbr_SAS": 0.000768,
  "away_team_abbr_DEN": 0.000753,
  "away_team_abbr_BRO": 0.000751,
  "away_pythag_rtg_10": 0.00075,
  "line_move_abs_total": 0.000742,
  "away_team_abbr_POR": 0.000732,
  "travel_load_per_rest": 0.000728,
  "home_last10_pct": 0.000713,
  "home_net_rating_20": 0.000706,
  "spread_book_disagreement": 0.000678,