{
  "consensus_spread_home": 0.119922,
  "market_total": 0.062766,
  "home_bench_count": 0.03542,
  "fatigue_asymmetry": 0.033567,
  "consensus_total": 0.032827,
  "away_conf_rank": 0.02737,
  "away_team_abbr_BRO": 0.025826,
  "market_spread_home": 0.017038,
  "away_bench_count": 0.015604,
  "home_conf_rank": 0.013238,
  "away_pythag_vs_record": 0.01276,
  "home_altitude_ft": 0.010196,
  "away_team_abbr_POR": 0.009595,
  "away_team_abbr_UTA": 0.008692,
  "away_team_abbr_MIN": 0.007162,
  "away_team_abbr_NOP": 0.006868,
  "travel_b2b_fatigue": 0.006845,
  "away_win_pct": 0.006489,
  "home_ast_tov_ratio_10": 0.00642,
  "away_away_win_pct_5": 0.006013,
  "home_win_pct": 0.005828,
  "pythag_diff_20": 0.005736,
  "home_elo": 0.005626,
  "away_efg_pct_avg_10": 0.005353,
  "home_blk_avg_20": 0.005338,
  "efg_pct_diff_5": 0.005324,
  "net_rating_diff_10": 0.005182,
  "home_net_rating_10": 0.004962,
  "away_is_4_in_5": 0.004955,
  "attendance_vs_avg": 0.004841,
  "home_efg_pct_avg_20": 0.004787,
  "home_net_rtg_avg_10": 0.004786,
  "away_elo": 0.004779,
  "pythag_record_edge": 0.004499,
  "away_tov_rate_avg_5": 0.004451,
  "home_off_vs_away_def": 0.004451,
  "away_foul_rate_avg_10": 0.004344,
  "away_net_rating_10": 0.004218,
  "away_def_rtg_avg_20": 0.004032,
  "travel_load_per_rest": 0.003962,
  "home_pace_avg_20": 0.003945,
  "continuity_diff_10": 0.00393,
  "home_team_abbr_NOP": 0.003858,
  "away_fouls_avg_10": 0.003816,
  "away_three_pt_rate_avg_10": 0.003801,
  "home_tov_rate_avg_20": 0.003791,
  "fg3_pct_diff_20": 0.003702,
  "altitude_travel_stress": 0.003658,
  "away_team_abbr_NYK": 0.003657,
  "home_home_pts_for_avg_5": 0.003603,
  "travel_distance_miles": 0.003536,
  "season_days_elapsed": 0.003528,
  "away_total_travel_miles_5": 0.003508,
  "efg_pct_diff_10": 0.003505,
  "market_line_move_total": 0.003504,
  "home_home_win_pct_20": 0.003487,
  "pts_for_diff_20": 0.003487,
  "home_pbp_tov_rate_avg_10": 0.003487,
  "ts_pct_diff_5": 0.003474,
  "home_ast_avg_10": 0.00346,
  "away_away_pts_against_avg_20": 0.003456,
  "away_team_abbr_TOR": 0.003441,
  "home_fatigue_x_pts5": 0.003429,
  "sos_adjusted_margin": 0.003427,
  "home_team_abbr_SAC": 0.003424,
  "h2h_home_margin_avg5": 0.003392,
  "away_team_abbr_CHI": 0.003356,
  "home_pythag_5": 0.003343,
  "fg3_pct_diff_5": 0.003299,
  "home_off_rtg_avg_10": 0.003277,
  "away_pace_avg_5": 0.00323,
  "away_pythag_5": 0.003201,
  "away_off_rtg_avg_10": 0.003174,
  "home_home_win_pct_5": 0.003134,
  "tov_rate_diff_5": 0.003129,
  "home_sos_def_10": 0.003107,
  "away_away_pts_for_avg_20": 0.003088,
  "away_ast_tov_ratio_10": 0.003075,
  "home_tov_rate_avg_5": 0.003045,
  "home_fouls_avg_20": 0.003019,
  "away_tov_rate_avg_20": 0.00298,
  "home_fouls_avg_10": 0.00298,
  "away_fg3a_rate_avg_5": 0.002971,
  "fouls_diff_10": 0.002965,
  "home_tov_avg_5": 0.002947,
  "away_pace_avg_20": 0.002933,
  "pythag_diff_5": 0.00293,
  "home_ts_pct_avg_5": 0.002921,
  "home_foul_rate_avg_10": 0.002907,
  "away_blk_avg_20": 0.002872,
  "away_pts_for_avg_20": 0.002863,
  "home_def_rtg_avg_20": 0.002832,
  "ref_foul_ot_signal": 0.002831,
  "away_pts_against_avg_10": 0.002823,
  "crew_away_foul_bias": 0.002815,
  "away_fatigue_x_pts5": 0.002787,
  "ts_pct_diff_10": 0.002769,
  "away_team_abbr_DEN": 0.002759,
  "home_ts_pct_avg_20": 0.002756,
  "efg_pct_diff_20": 0.002755,
  "home_fg3_pct_avg_20": 0.002747,
  "away_starter_continuity": 0.002729,
  "pts_for_diff_5": 0.002703,
  "away_fouls_avg_20": 0.002694,
  "away_ft_pct_avg_5": 0.002686,
  "away_stl_avg_20": 0.002678,
  "home_pythag_vs_record": 0.002593,
  "away_injured_pts_lost": 0.002591,
  "ast_tov_ratio_diff_10": 0.002557,
  "fg3a_rate_diff_5": 0.002544,
  "away_off_rtg_avg_20": 0.002538,
  "elo_diff": 0.002525,
  "away_ts_pct_avg_20": 0.002501,
  "start_hour_utc": 0.002501,
  "home_ft_pct_avg_5": 0.00249,
  "three_pt_rate_diff_10": 0.002457,
  "spread_book_disagreement": 0.002432,
  "away_prev_leg_miles": 0.002402,
  "away_net_rtg_avg_10": 0.002398,
  "away_tov_avg_5": 0.002397,
  "home_three_pt_rate_avg_10": 0.002383,
  "home_oreb_avg_5": 0.002353,
  "total_book_disagreement": 0.002322,
  "home_stl_avg_20": 0.002322,
  "home_pts_for_avg_20": 0.00232,
  "home_stl_avg_10": 0.002306,
  "home_home_pts_for_avg_20": 0.002304,
  "away_efg_pct_avg_5": 0.002294,
  "home_pts_for_sd_10": 0.002292,
  "away_team_abbr_PHX": 0.00228,
  "home_pace_avg_10": 0.002264,
  "away_fg_pct_avg_5": 0.002242,
  "net_rtg_diff_10": 0.002237,
  "away_plus_minus_avg_20": 0.002232,
  "crew_avg_fouls_per_game": 0.00223,
  "pythag_diff_10": 0.002216,
  "home_off_rtg_avg_20": 0.002209,
  "home_pace_avg_5": 0.002208,
  "home_home_pts_against_avg_20": 0.002198,
  "home_pythag_10": 0.002194,
  "away_blk_avg_10": 0.002182,
  "home_starter_continuity_avg_10": 0.00217,
  "stocks_diff_10": 0.002153,
  "dk_vs_consensus_total": 0.002132,
  "away_ast_avg_10": 0.002109,
  "away_def_rtg_avg_10": 0.002103,
  "away_efg_pct_avg_20": 0.002081,
  "home_pts_against_avg_20": 0.002045,
  "tov_rate_diff_20": 0.002025,
  "away_implied_score": 0.002006,
  "away_away_win_pct_20": 0.002,
  "home_def_rtg_avg_10": 0.001984,
  "b2b_net_disadvantage": 0.001982,
  "away_oreb_avg_5": 0.001978,
  "home_fg3a_rate_avg_5": 0.001967,
  "game_pace_est_5": 0.001934,
  "away_away_win_pct_10": 0.001911,
  "home_blk_avg_10": 0.001906,
  "away_fg3_pct_avg_5": 0.001903,
  "line_move_abs_spread": 0.001902,
  "away_team_abbr_MIL": 0.001897,
  "away_pts_against_avg_5": 0.001893,
  "attendance": 0.001847,
  "home_fg3_pct_avg_5": 0.001842,
  "away_fg3_pct_avg_20": 0.001835,
  "away_away_pts_against_avg_5": 0.001833,
  "away_away_pts_for_avg_5": 0.001826,
  "away_sos_def_10": 0.001823,
  "dk_vs_consensus_spread": 0.001795,
  "start_dow_utc": 0.001791,
  "home_stocks_avg_10": 0.001786,
  "away_net_rtg_avg_20": 0.001735,
  "h2h_home_win_pct5": 0.00173,
  "home_injured_out_count": 0.001728,
  "away_ts_pct_avg_10": 0.00172,
  "home_injured_min_lost": 0.001719,
  "pace_diff_20": 0.001708,
  "home_efg_pct_avg_10": 0.001707,
  "away_stocks_avg_10": 0.001688,
  "pace_diff_5": 0.001683,
  "injury_pts_advantage_home": 0.001634,
  "line_move_abs_total": 0.0016,
  "away_stl_avg_10": 0.001591,
  "market_line_move_margin": 0.00159,
  "home_team_abbr_PHX": 0.001556,
  "home_plus_minus_avg_20": 0.001543,
  "away_pts_for_sd_10": 0.001482,
  "away_starter_continuity_avg_10": 0.001479,
  "away_off_vs_sos": 0.001472,
  "home_implied_score": 0.001465,
  "home_injured_pts_lost": 0.00146,
  "away_pts_against_avg_20": 0.001446,
  "home_net_rtg_avg_20": 0.001389,
  "home_starter_continuity": 0.001389,
  "home_ot_tendency_10": 0.001358,
  "net_rating_diff_20": 0.001346,
  "market_open_total": 0.001342,
  "home_pts_against_avg_10": 0.001289,
  "market_open_spread_home": 0.001269,
  "home_home_win_pct_10": 0.001263,
  "away_injured_min_lost": 0.001235,
  "home_team_abbr_POR": 0.001216,
  "away_off_vs_home_def": 0.001199,
  "home_efg_pct_avg_5": 0.001198,
  "away_pace_avg_10": 0.001182,
  "away_fatigue_score": 0.001181,
  "home_pts_for_avg_10": 0.001141,
  "win_pct_diff": 0.001131,
  "away_team_abbr_SAC": 0.001112,
  "away_team_abbr_ATL": 0.001102,
  "away_ts_pct_avg_5": 0.001096,
  "away_team_abbr_DAL": 0.001092,
  "home_pythag_20": 0.001088,
  "home_off_vs_sos": 0.001047,
  "home_home_pts_against_avg_5": 0.001045,
  "home_fatigue_score": 0.00104,
  "away_pts_for_avg_5": 0.000989,
  "h2h_meetings_5": 0.000968,
  "home_pts_against_avg_5": 0.000942,
  "home_pace_n_5": 0.000912,
  "away_ot_tendency_10": 0.000866,
  "home_fg_pct_avg_5": 0.000856,
  "ts_pct_diff_20": 0.000846,
  "home_team_abbr_NYK": 0.00083,
  "home_pts_for_avg_5": 0.000728,
  "season_2024-2025-regular": 0.000713,
  "home_team_abbr_MEM": 0.000713,
  "away_pbp_tov_rate_avg_10": 0.000702,
  "steam_x_rest": 0.000684,
  "away_team_abbr_SAS": 0.000674,
  "away_rest_days": 0.000663,
  "home_rest_days": 0.000594,
  "away_pts_for_avg_10": 0.000592,
  "crew_size": 0.000578,
  "away_team_abbr_ORL": 0.000572,