{"home_rest_days": 2.0, "home_is_b2b": 0.0, "away_rest_days": 2.0, "away_is_b2b": 0.0, "home_is_b2b_away": 0.0, "away_is_b2b_away": 0.0, "home_is_3_in_4": 0.0, "away_is_3_in_4": 0.0, "home_is_4_in_5": 0.0, "away_is_4_in_5": 0.0, "rest_advantage_home": 0.0, "home_pts_for_avg_5": 114.6, "home_pts_against_avg_5": 114.2, "home_pts_for_avg_10": 114.64583333333334, "home_pts_against_avg_10": 114.2, "home_pts_for_sd_10": 11.51737811074152, "away_pts_for_avg_5": 114.8, "away_pts_against_avg_5": 114.6, "away_pts_for_avg_10": 114.70714285714286, "away_pts_against_avg_10": 114.5, "away_pts_for_sd_10": 11.466133583140952, "home_pace_n_5": 5.0, "home_pace_avg_5": 101.364, "home_pace_avg_10": 101.54, "home_fg_pct_avg_5": 0.4675445632894826, "home_ft_pct_avg_5": 0.7832788970288971, "home_tov_avg_5": 13.6, "home_oreb_avg_5": 11.2, "away_pace_n_5": 5.0, "away_pace_avg_5": 101.576, "away_pace_avg_10": 101.76400000000001, "away_fg_pct_avg_5": 0.46824487826284544, "away_ft_pct_avg_5": 0.7836366741818679, "away_tov_avg_5": 13.6, "away_oreb_avg_5": 11.0, "home_off_vs_away_def": -0.1, "away_off_vs_home_def": 0.3, "game_pace_est_5": 101.506, "home_fg3_pct_avg_5": 0.35995934959349596, "home_fg3a_rate_avg_5": 0.41708559094313025, "home_efg_pct_avg_5": 0.5443420617070143, "home_ts_pct_avg_5": 0.5787637482522521, "home_tov_rate_avg_5": 0.12106773645618918, "home_efg_pct_avg_10": 0.5438071784487636, "home_ts_pct_avg_10": 0.57923050397261, "away_fg3_pct_avg_5": 0.35938054034029265, "away_fg3a_rate_avg_5": 0.4198055304910144, "away_efg_pct_avg_5": 0.5439497801062532, "away_ts_pct_avg_5": 0.579805005853417, "away_tov_rate_avg_5": 0.12056282397758801, "away_efg_pct_avg_10": 0.5450045663414181, "away_ts_pct_avg_10": 0.5802714207034241, "home_off_rtg_avg_10": 112.62567452479041, "home_def_rtg_avg_10": 112.63403344637666, "home_net_rtg_avg_10": -0.07233752038799224, "away_off_rtg_avg_10": 112.75182137566946, "away_def_rtg_avg_10": 112.75427893059319, "away_net_rtg_avg_10": 0.1951361507443208, "net_rtg_diff_10": -0.15738889420958332, "home_sos_def_10": 112.70148854396696, "away_sos_def_10": 112.76797583750297, "home_win_pct": 0.529, "away_win_pct": 0.521, "home_conf_rank": 8.0, "away_conf_rank": 9.0, "win_pct_diff": 0.0, "home_home_win_pct_10": 0.5, "away_away_win_pct_10": 0.4444444444444444, "home_injured_pts_lost": 44.64857142857143, "away_injured_pts_lost": 44.64857142857143, "home_injured_min_lost": 83.67999999999999, "away_injured_min_lost": 83.67999999999999, "home_injured_out_count": 2.0, "away_injured_out_count": 2.0, "injury_pts_advantage_home": -0.02, "home_clutch_net_avg_10": NaN, "away_clutch_net_avg_10": NaN, "market_spread_home": -2.5, "market_total": 229.5, "market_open_spread_home": -3.5, "market_open_total": 230.5, "market_line_move_margin": 0.0, "market_line_move_total": 0.0, "home_implied_score": 116.0, "away_implied_score": 114.0, "consensus_spread_home": -2.75, "consensus_total": 230.0, "spread_book_disagreement": 0.3535533905932738, "total_book_disagreement": 0.5303300858899107, "dk_vs_consensus_spread": 0.0, "dk_vs_consensus_total": 0.0, "home_top8_min_avg_5": NaN, "home_top8_min_avg_10": NaN, "home_rotation_depth_5": NaN, "home_rotation_depth_10": NaN, "home_top3_pts_avg_5": NaN, "home_top3_pts_avg_10": NaN, "away_top8_min_avg_5": NaN, "away_top8_min_avg_10": NaN, "away_rotation_depth_5": NaN, "away_rotation_depth_10": NaN, "away_top3_pts_avg_5": NaN, "away_top3_pts_avg_10": NaN, "dk_spread_home_juice": NaN, "dk_spread_away_juice": NaN, "dk_total_over_juice": NaN, "dk_total_under_juice": NaN, "dk_spread_juice_move": NaN, "dk_total_over_juice_move": NaN, "avg_spread_home_juice": NaN, "avg_total_over_juice": NaN, "spread_juice_skew": NaN, "total_juice_skew": NaN, "spread_home_implied_prob": NaN, "total_over_implied_prob": NaN, "home_stl_avg_10": 8.2, "home_blk_avg_10": 4.8, "home_ast_avg_10": 26.3, "home_pts_fast_break_avg_10": NaN, "home_pts_paint_avg_10": NaN, "home_pts_bench_avg_10": NaN, "home_fouls_avg_10": 19.8, "home_stocks_avg_10": 13.1, "home_ast_tov_ratio_10": 1.9294871794871795, "home_fast_break_pct_10": NaN, "home_paint_pct_10": NaN, "home_bench_pct_10": NaN, "away_stl_avg_10": 8.2, "away_blk_avg_10": 4.8, "away_ast_avg_10": 26.4, "away_pts_fast_break_avg_10": NaN, "away_pts_paint_avg_10": NaN, "away_pts_bench_avg_10": NaN, "away_fouls_avg_10": 19.8, "away_stocks_avg_10": 13.1, "away_ast_tov_ratio_10": 1.9385964912280702, "away_fast_break_pct_10": NaN, "away_paint_pct_10": NaN, "away_bench_pct_10": NaN, "home_starter_continuity": 0.8, "home_bench_count": 5.0, "home_scratch_count": 0.0, "home_starter_continuity_avg_10": 0.88, "away_starter_continuity": 0.8, "away_bench_count": 5.0, "away_scratch_count": 0.0, "away_starter_continuity_avg_10": 0.86, "home_home_record_pct": NaN, "home_away_record_pct": NaN, "home_home_away_split": NaN, "home_streak": 0.0, "home_last10_pct": NaN, "away_home_record_pct": NaN, "away_away_record_pct": NaN, "away_home_away_split": NaN, "away_streak": 0.0, "away_last10_pct": NaN, "travel_distance_miles": 913.0, "is_cross_country": 0.0, "away_prev_leg_miles": 612.0, "away_total_travel_miles_5": 2810.0, "home_altitude_ft": 0.0, "altitude_travel_fatigue": 0.0, "home_three_pt_rate_avg_10": 0.0, "home_foul_rate_avg_10": 0.08792358784505533, "home_pbp_tov_rate_avg_10": 0.06436951737849311, "away_three_pt_rate_avg_10": 0.0, "away_foul_rate_avg_10": 0.08756483376043298, "away_pbp_tov_rate_avg_10": 0.06419868196575301, "home_q1_pts_avg_10": NaN, "home_q4_pts_avg_10": NaN, "home_first_half_pct_10": NaN, "home_strong_closer_pct_10": NaN, "away_q1_pts_avg_10": NaN, "away_q4_pts_avg_10": NaN, "away_first_half_pct_10": NaN, "away_strong_closer_pct_10": NaN, "attendance": 18175.0, "attendance_pct_capacity": 0.957, "attendance_vs_avg": 1.0, "home_ot_tendency_10": 1.0, "away_ot_tendency_10": 1.0, "crew_avg_fouls_per_game": 39.3, "crew_away_foul_bias": -0.02, "crew_size": 3.0, "spread_residual": 3.5, "total_residual": -1.5, "h2h_meetings_5": 2.0, "h2h_home_margin_avg5": -0.4, "h2h_home_win_pct5": 0.5, "home_elo": 1501.8164046746754, "away_elo": 1502.2510402597352, "elo_diff": 0.0, "elo_win_prob_home": 0.6400649998028851, "season_days_elapsed": 97.0, "start_hour_utc": 1.0, "start_dow_utc": 4.0, "season_2024-2025-regular": 1.0, "season_2025-2026-regular": 0.0, "home_team_abbr_ATL": 0.0, "home_team_abbr_BOS": 0.0, "home_team_abbr_BRO": 0.0, "home_team_abbr_CHA": 0.0, "home_team_abbr_CHI": 0.0, "home_team_abbr_CLE": 0.0, "home_team_abbr_DAL": 0.0, "home_team_abbr_DEN": 0.0, "home_team_abbr_DET": 0.0, "home_team_abbr_GSW": 0.0, "home_team_abbr_HOU": 0.0, "home_team_abbr_IND": 0.0, "home_team_abbr_LAC": 0.0, "home_team_abbr_LAL": 0.0, "home_team_abbr_MEM": 0.0, "home_team_abbr_MIA": 0.0, "home_team_abbr_MIL": 0.0, "home_team_abbr_MIN": 0.0, "home_team_abbr_NOP": 0.0, "home_team_abbr_NYK": 0.0, "home_team_abbr_OKL": 0.0, "home_team_abbr_ORL": 0.0, "home_team_abbr_PHI": 0.0, "home_team_abbr_PHX": 0.0, "home_team_abbr_POR": 0.0, "home_team_abbr_SAC": 0.0, "home_team_abbr_SAS": 0.0, "home_team_abbr_TOR": 0.0, "home_team_abbr_UTA": 0.0, "home_team_abbr_WAS": 0.0, "away_team_abbr_ATL": 0.0, "away_team_abbr_BOS": 0.0, "away_team_abbr_BRO": 0.0, "away_team_abbr_CHA": 0.0, "away_team_abbr_CHI": 0.0, "away_team_abbr_CLE": 0.0, "away_team_abbr_DAL": 0.0, "away_team_abbr_DEN": 0.0, "away_team_abbr_DET": 0.0, "away_team_abbr_GSW": 0.0, "away_team_abbr_HOU": 0.0, "away_team_abbr_IND": 0.0, "away_team_abbr_LAC": 0.0, "away_team_abbr_LAL": 0.0, "away_team_abbr_MEM": 0.0, "away_team_abbr_MIA": 0.0, "away_team_abbr_MIL": 0.0, "away_team_abbr_MIN": 0.0, "away_team_abbr_NOP": 0.0, "away_team_abbr_NYK": 0.0, "away_team_abbr_OKL": 0.0, "away_team_abbr_ORL": 0.0, "away_team_abbr_PHI": 0.0, "away_team_abbr_PHX": 0.0, "away_team_abbr_POR": 0.0, "away_team_abbr_SAC": 0.0, "away_team_abbr_SAS": 0.0, "away_team_abbr_TOR": 0.0, "away_team_abbr_UTA": 0.0, "away_team_abbr_WAS": 0.0, "home_net_rating_10": -0.10000000000000142, "away_net_rating_10": 0.20000000000000284,