{
  "consensus_spread_home": 0.113019,
  "market_total": 0.060584,
  "home_bench_count": 0.043092,
  "consensus_total": 0.031128,
  "fatigue_asymmetry": 0.030211,
  "away_team_abbr_BRO": 0.024496,
  "away_conf_rank": 0.021212,
  "away_team_abbr_UTA": 0.016607,
  "away_pythag_vs_record": 0.014215,
  "market_spread_home": 0.01312,
  "home_conf_rank": 0.012331,
  "away_bench_count": 0.011293,
  "away_is_4_in_5": 0.009822,
  "away_net_rating_20": 0.009735,
  "b2b_net_disadvantage": 0.008291,
  "home_win_pct": 0.008259,
  "away_pythag_20": 0.006516,
  "away_team_abbr_MIN": 0.006257,
  "away_team_abbr_CLE": 0.006141,
  "win_pct_diff": 0.005925,
  "away_team_abbr_POR": 0.005762,
  "away_team_abbr_DEN": 0.005717,
  "net_rating_diff_10": 0.005449,
  "home_net_rtg_avg_20": 0.005213,
  "away_pythag_5": 0.005012,
  "home_team_abbr_NYK": 0.004907,
  "home_team_abbr_POR": 0.004746,
  "home_blk_avg_20": 0.004688,
  "home_home_win_pct_5": 0.004614,
  "pts_for_diff_20": 0.004586,
  "away_foul_rate_avg_10": 0.004453,
  "tov_rate_diff_5": 0.004353,
  "away_def_rtg_avg_20": 0.004343,
  "home_team_abbr_PHX": 0.004273,
  "away_away_win_pct_20": 0.004235,
  "efg_pct_diff_5": 0.004206,
  "home_net_rating_20": 0.00418,
  "home_ast_tov_ratio_10": 0.004163,
  "home_stocks_avg_10": 0.004155,
  "game_pace_est_5": 0.004154,
  "home_foul_rate_avg_10": 0.004015,
  "pythag_diff_20": 0.004002,
  "home_fouls_avg_20": 0.003996,
  "continuity_diff_10": 0.00397,
  "fg3_pct_diff_5": 0.003945,
  "away_off_rtg_avg_20": 0.003931,
  "home_pythag_10": 0.003813,
  "pythag_record_edge": 0.003797,
  "away_total_travel_miles_5": 0.003764,
  "away_ts_pct_avg_10": 0.00373,
  "home_tov_rate_avg_20": 0.003702,
  "home_elo": 0.003673,
  "home_fouls_avg_10": 0.003653,
  "away_fatigue_x_pts5": 0.003646,
  "h2h_home_margin_avg5": 0.003633,
  "away_implied_score": 0.003612,
  "home_def_rtg_avg_20": 0.003603,
  "ast_tov_ratio_diff_10": 0.003599,
  "home_ts_pct_avg_5": 0.003565,
  "home_ot_tendency_10": 0.003472,
  "market_line_move_total": 0.003454,
  "away_win_pct": 0.003382,
  "away_efg_pct_avg_5": 0.003374,
  "away_net_rating_10": 0.003372,
  "travel_distance_miles": 0.003352,
  "home_fg3_pct_avg_20": 0.003348,
  "away_tov_rate_avg_5": 0.003346,
  "away_fouls_avg_10": 0.003301,
  "home_home_pts_for_avg_5": 0.003253,
  "home_pace_avg_20": 0.003239,
  "crew_avg_fouls_per_game": 0.003233,
  "efg_pct_diff_10": 0.003224,
  "away_pythag_10": 0.003165,
  "travel_load_per_rest": 0.003147,
  "season_2024-2025-regular": 0.003142,
  "home_ts_pct_avg_20": 0.003139,
  "spread_book_disagreement": 0.003112,
  "away_fouls_avg_20": 0.003105,
  "away_ast_tov_ratio_10": 0.003098,
  "home_off_vs_sos": 0.003092,
  "away_fg3a_rate_avg_5": 0.003069,
  "three_pt_rate_diff_10": 0.003057,
  "away_elo": 0.003055,
  "away_away_pts_against_avg_20": 0.00302,
  "away_injured_out_count": 0.002975,
  "away_away_pts_for_avg_20": 0.002971,
  "h2h_meetings_5": 0.002943,
  "home_net_rtg_avg_10": 0.002928,
  "attendance_vs_avg": 0.00292,
  "home_starter_continuity_avg_10": 0.00292,
  "away_tov_rate_avg_20": 0.002892,
  "home_pace_avg_5": 0.002813,
  "ref_foul_ot_signal": 0.002804,
  "season_days_elapsed": 0.002786,
  "ts_pct_diff_10": 0.002781,
  "away_fg3_pct_avg_5": 0.002774,
  "home_fatigue_x_pts5": 0.00277,
  "home_off_vs_away_def": 0.002765,
  "home_off_rtg_avg_10": 0.002739,
  "away_def_rtg_avg_10": 0.002733,
  "home_pythag_vs_record": 0.002715,
  "away_efg_pct_avg_10": 0.002713,
  "fouls_diff_10": 0.002713,
  "away_ts_pct_avg_20": 0.002711,
  "away_prev_leg_miles": 0.002689,
  "away_team_abbr_CHI": 0.002648,
  "home_injured_min_lost": 0.00263,
  "home_net_rating_10": 0.002612,
  "altitude_travel_stress": 0.00261,
  "home_implied_score": 0.002585,
  "start_hour_utc": 0.002584,
  "away_tov_avg_5": 0.002579,
  "fg3_pct_diff_20": 0.002571,
  "away_ast_avg_10": 0.002555,
  "home_pts_against_avg_20": 0.002554,
  "home_pbp_tov_rate_avg_10": 0.002551,
  "home_oreb_avg_5": 0.00255,
  "away_away_win_pct_5": 0.002537,
  "away_starter_continuity": 0.002531,
  "home_pts_for_avg_20": 0.00253,
  "line_move_abs_spread": 0.002525,
  "away_team_abbr_ATL": 0.002506,
  "away_team_abbr_OKL": 0.002451,
  "home_ast_avg_10": 0.002451,
  "home_tov_avg_5": 0.002449,
  "efg_pct_diff_20": 0.002428,
  "market_open_total": 0.002407,
  "away_team_abbr_SAC": 0.002377,
  "tov_rate_diff_20": 0.002355,
  "home_home_pts_for_avg_20": 0.002354,
  "injury_pts_advantage_home": 0.002341,
  "start_dow_utc": 0.002332,
  "pythag_diff_5": 0.002319,
  "home_efg_pct_avg_20": 0.002316,
  "away_ft_pct_avg_5": 0.002299,
  "home_pace_avg_10": 0.002287,
  "home_pythag_5": 0.002277,
  "crew_away_foul_bias": 0.002276,
  "home_tov_rate_avg_5": 0.002272,
  "stocks_diff_10": 0.002251,
  "home_team_abbr_LAC": 0.002247,
  "away_stocks_avg_10": 0.00223,
  "away_pts_against_avg_5": 0.002214,
  "home_off_rtg_avg_20": 0.002214,
  "home_ft_pct_avg_5": 0.002186,
  "home_ts_pct_avg_10": 0.002185,
  "net_rtg_diff_10": 0.00216,
  "away_injured_pts_lost": 0.002137,
  "away_pts_against_avg_20": 0.002103,
  "home_home_pts_against_avg_5": 0.002091,
  "home_efg_pct_avg_5": 0.002068,
  "away_starter_continuity_avg_10": 0.002056,
  "home_stl_avg_20": 0.002046,
  "home_def_rtg_avg_10": 0.002017,
  "away_blk_avg_20": 0.002002,
  "home_home_win_pct_20": 0.001982,
  "home_sos_def_10": 0.00198,
  "home_pts_against_avg_10": 0.001968,
  "away_fatigue_score": 0.001946,
  "away_off_vs_home_def": 0.001931,
  "away_blk_avg_10": 0.001895,
  "away_three_pt_rate_avg_10": 0.00189,
  "home_starter_continuity": 0.001881,
  "home_efg_pct_avg_10": 0.001879,
  "travel_b2b_fatigue": 0.001879,
  "dk_vs_consensus_total": 0.001847,
  "home_fg3_pct_avg_5": 0.001838,
  "home_blk_avg_10": 0.001838,
  "sos_adjusted_margin": 0.001837,
  "pts_for_diff_5": 0.001833,
  "away_sos_def_10": 0.001816,
  "cross_country_b2b": 0.001814,
  "pace_diff_5": 0.001812,
  "away_stl_avg_20": 0.001789,
  "away_ts_pct_avg_5": 0.001771,
  "away_pace_avg_5": 0.00176,
  "attendance": 0.001756,
  "elo_diff": 0.00175,
  "line_move_abs_total": 0.001732,
  "ts_pct_diff_20": 0.001716,
  "pace_diff_20": 0.001704,
  "away_off_vs_sos": 0.001678,
  "home_team_abbr_MIL": 0.001608,
  "home_stl_avg_10": 0.001606,
  "away_stl_avg_10": 0.001573,
  "away_team_abbr_TOR": 0.001561,
  "away_away_win_pct_10": 0.001559,
  "away_pts_for_avg_20": 0.001542,
  "away_pace_avg_10": 0.001533,
  "dk_vs_consensus_spread": 0.001488,
  "away_plus_minus_avg_20": 0.001473,
  "home_three_pt_rate_avg_10": 0.00146,
  "home_home_pts_against_avg_20": 0.001459,
  "away_ot_tendency_10": 0.001447,
  "away_pts_for_avg_5": 0.001442,
  "away_fg_pct_avg_5": 0.001434,
  "away_pts_against_avg_10": 0.001427,
  "away_away_pts_against_avg_5": 0.001426,
  "ts_pct_diff_5": 0.001413,
  "away_net_rtg_avg_20": 0.001407,
  "home_injured_pts_lost": 0.001372,
  "away_oreb_avg_5": 0.001369,
  "home_team_abbr_UTA": 0.001364,
  "pythag_diff_10": 0.001363,
  "home_team_abbr_SAC": 0.001335,
  "home_pts_for_sd_10": 0.001328,
  "market_open_spread_home": 0.001319,
  "h2h_home_win_pct5": 0.001315,
  "away_away_pts_for_avg_5": 0.001248,
  "market_line_move_margin": 0.001232,
  "away_pts_for_sd_10": 0.001178,
  "home_home_win_pct_10": 0.001152,
  "total_book_disagreement": 0.001129,
  "away_pace_avg_20": 0.001124,
  "away_pbp_tov_rate_avg_10": 0.001119,
  "fg3a_rate_diff_5": 0.001092,
  "home_pace_n_5": 0.001092,
  "home_fg_pct_avg_5": 0.001088,
  "away_efg_pct_avg_20": 0.001074,
  "home_team_abbr_PHI": 0.001065,
  "away_injured_min_lost": 0.001046,
  "home_pythag_20": 0.001031,
  "away_off_rtg_avg_10": 0.001029,
  "home_plus_minus_avg_20": 0.001012,
  "away_team_abbr_CHA": 0.001004,
  "home_team_abbr_MIN": 0.000984,
  "home_fg3a_rate_avg_5": 0.000936,
  "home_team_abbr_NOP": 0.000905,
  "home_team_abbr_CLE": 0.000882,
  "home_pts_for_avg_5": 0.000855,
  "rest_advantage_home": 0.00085,
  "away_fg3_pct_avg_20": 0.0008,
  "away_team_abbr_MEM": 0.000785,
  "away_team_abbr_LAC": 0.000765,
  "away_rest_days": 0.000724,