{
  "consensus_spread_home": 0.103883,
  "market_total": 0.078723,
  "home_bench_count": 0.039898,
  "fatigue_asymmetry": 0.038145,
  "consensus_total": 0.037223,
  "away_bench_count": 0.016664,
  "market_spread_home": 0.016124,
  "win_pct_diff": 0.011371,
  "home_team_abbr_LAC": 0.0109,
  "away_conf_rank": 0.010639,
  "away_team_abbr_BOS": 0.010402,
  "away_team_abbr_MIN": 0.009987,
  "cross_country_b2b": 0.009075,
  "home_pythag_vs_record": 0.009058,
  "home_team_abbr_UTA": 0.008005,
  "altitude_travel_stress": 0.007653,
  "away_is_4_in_5": 0.007418,
  "away_pythag_vs_record": 0.006991,
  "home_conf_rank": 0.006448,
  "home_ast_avg_10": 0.005465,
  "away_off_vs_sos": 0.005175,
  "home_home_pts_for_avg_5": 0.005115,
  "steam_x_rest": 0.00501,
  "away_net_rtg_avg_20": 0.004991,
  "home_team_abbr_CHI": 0.004921,
  "away_pythag_5": 0.004837,
  "away_net_rating_10": 0.004767,
  "home_team_abbr_NYK": 0.004754,
  "home_home_win_pct_20": 0.004732,
  "away_pythag_10": 0.004668,
  "home_altitude_ft": 0.00465,
  "ts_pct_diff_10": 0.004522,
  "away_team_abbr_DAL": 0.004482,
  "home_pace_avg_20": 0.004459,
  "home_team_abbr_PHX": 0.004446,
  "home_fatigue_x_pts5": 0.004375,
  "away_team_abbr_CHI": 0.004289,
  "home_pts_for_avg_20": 0.004277,
  "crew_avg_fouls_per_game": 0.004163,
  "home_blk_avg_20": 0.004156,
  "away_total_travel_miles_5": 0.004065,
  "home_elo": 0.004051,
  "tov_rate_diff_5": 0.003995,
  "away_ts_pct_avg_10": 0.003961,
  "home_injured_min_lost": 0.00395,
  "home_off_vs_away_def": 0.003933,
  "continuity_diff_10": 0.003804,
  "away_foul_rate_avg_10": 0.00376,
  "away_away_pts_for_avg_20": 0.003734,
  "travel_load_per_rest": 0.003716,
  "away_away_pts_against_avg_20": 0.003619,
  "away_ts_pct_avg_20": 0.003596,
  "elo_diff": 0.003583,
  "home_team_abbr_LAL": 0.003553,
  "home_stocks_avg_10": 0.003548,
  "pts_for_diff_20": 0.003543,
  "away_fatigue_x_pts5": 0.003539,
  "home_home_win_pct_5": 0.003537,
  "away_efg_pct_avg_10": 0.003535,
  "market_line_move_total": 0.003443,
  "away_tov_rate_avg_20": 0.003422,
  "market_open_spread_home": 0.003417,
  "home_tov_rate_avg_20": 0.003379,
  "b2b_net_disadvantage": 0.003374,
  "away_blk_avg_10": 0.003365,
  "away_tov_rate_avg_5": 0.003355,
  "pythag_diff_20": 0.003344,
  "home_fouls_avg_10": 0.003333,
  "home_team_abbr_SAC": 0.003325,
  "away_team_abbr_NOP": 0.003315,
  "home_net_rating_20": 0.003305,
  "h2h_home_win_pct5": 0.003303,
  "home_ft_pct_avg_5": 0.003294,
  "attendance": 0.00329,
  "line_move_abs_total": 0.003268,
  "away_team_abbr_LAL": 0.003267,
  "attendance_vs_avg": 0.003205,
  "away_ast_tov_ratio_10": 0.003159,
  "away_pts_for_avg_20": 0.003138,
  "away_def_rtg_avg_20": 0.003124,
  "pythag_diff_10": 0.003118,
  "net_rating_diff_10": 0.003115,
  "dk_vs_consensus_spread": 0.003109,
  "travel_b2b_fatigue": 0.003092,
  "home_ot_tendency_10": 0.003082,
  "away_pts_against_avg_20": 0.003049,
  "away_away_pts_against_avg_5": 0.003019,
  "home_off_vs_sos": 0.002975,
  "home_implied_score": 0.002965,
  "away_stocks_avg_10": 0.002962,
  "pts_for_diff_5": 0.002943,
  "tov_rate_diff_20": 0.002937,
  "home_fouls_avg_20": 0.002921,
  "away_fatigue_score": 0.002888,
  "three_pt_rate_diff_10": 0.002882,
  "home_fg3a_rate_avg_5": 0.002868,
  "market_line_move_margin": 0.002862,
  "injury_pts_advantage_home": 0.002833,
  "fg3_pct_diff_5": 0.002829,
  "away_fg3_pct_avg_5": 0.002825,
  "away_injured_pts_lost": 0.002813,
  "home_blk_avg_10": 0.00281,
  "away_team_abbr_DET": 0.002789,
  "away_implied_score": 0.00278,
  "away_fouls_avg_20": 0.002772,
  "home_pts_against_avg_20": 0.00277,
  "away_sos_def_10": 0.002769,
  "stocks_diff_10": 0.002762,
  "away_pts_against_avg_5": 0.002732,
  "away_fouls_avg_10": 0.002725,
  "pace_diff_5": 0.002705,
  "away_stl_avg_20": 0.002658,
  "crew_away_foul_bias": 0.002655,
  "home_home_pts_against_avg_20": 0.002617,
  "home_def_rtg_avg_20": 0.002606,
  "ts_pct_diff_20": 0.002578,
  "game_pace_est_5": 0.002561,
  "home_off_rtg_avg_20": 0.002554,
  "away_ft_pct_avg_5": 0.002545,
  "home_tov_avg_5": 0.002541,
  "home_injured_out_count": 0.002536,
  "away_blk_avg_20": 0.002483,
  "home_efg_pct_avg_20": 0.002478,
  "pythag_record_edge": 0.002465,
  "away_starter_continuity": 0.002462,
  "ts_pct_diff_5": 0.002438,
  "away_injured_min_lost": 0.002436,
  "home_fg_pct_avg_5": 0.00243,
  "home_fg3_pct_avg_20": 0.002419,
  "home_ts_pct_avg_5": 0.002405,
  "away_prev_leg_miles": 0.002404,
  "away_pace_avg_20": 0.002385,
  "away_off_vs_home_def": 0.002369,
  "h2h_home_margin_avg5": 0.002364,
  "home_stl_avg_10": 0.002305,
  "away_pace_avg_5": 0.002301,
  "travel_distance_miles": 0.002291,
  "away_team_abbr_ATL": 0.00229,
  "away_fg3_pct_avg_20": 0.002277,
  "fg3a_rate_diff_5": 0.002269,
  "home_ts_pct_avg_10": 0.002257,
  "away_efg_pct_avg_20": 0.002245,
  "home_foul_rate_avg_10": 0.002199,
  "sos_adjusted_margin": 0.002198,
  "market_open_total": 0.002176,
  "home_oreb_avg_5": 0.002162,
  "pace_diff_20": 0.002155,
  "away_fg3a_rate_avg_5": 0.00215,
  "away_pace_avg_10": 0.002132,
  "start_dow_utc": 0.002131,
  "home_home_pts_for_avg_20": 0.002129,
  "home_pbp_tov_rate_avg_10": 0.002074,
  "home_pace_avg_5": 0.00207,
  "home_team_abbr_MEM": 0.002066,
  "efg_pct_diff_5": 0.002063,
  "fouls_diff_10": 0.002035,
  "away_def_rtg_avg_10": 0.002021,
  "away_away_win_pct_20": 0.002004,
  "home_three_pt_rate_avg_10": 0.001998,
  "home_ast_tov_ratio_10": 0.001996,
  "home_off_rtg_avg_10": 0.001953,
  "pythag_diff_5": 0.00193,
  "away_three_pt_rate_avg_10": 0.001927,
  "home_pace_avg_10": 0.001926,
  "away_oreb_avg_5": 0.001925,
  "fg3_pct_diff_20": 0.001909,
  "home_efg_pct_avg_10": 0.001901,
  "away_away_pts_for_avg_5": 0.001882,
  "away_pbp_tov_rate_avg_10": 0.001881,
  "away_starter_continuity_avg_10": 0.001834,
  "home_pythag_10": 0.0018,
  "away_efg_pct_avg_5": 0.00179,
  "net_rating_diff_20": 0.001771,
  "away_win_pct": 0.001768,
  "home_starter_continuity": 0.001755,
  "home_tov_rate_avg_5": 0.001693,
  "spread_book_disagreement": 0.001681,
  "away_ts_pct_avg_5": 0.001681,
  "home_stl_avg_20": 0.00168,
  "home_pace_n_5": 0.001669,
  "away_fg_pct_avg_5": 0.001645,
  "ast_tov_ratio_diff_10": 0.001595,
  "ref_foul_ot_signal": 0.001591,
  "home_net_rtg_avg_10": 0.001589,
  "away_elo": 0.001585,
  "away_ast_avg_10": 0.001574,
  "line_move_abs_spread": 0.001572,
  "away_stl_avg_10": 0.001567,
  "season_days_elapsed": 0.001564,
  "home_win_pct": 0.001558,
  "home_fg3_pct_avg_5": 0.001544,
  "home_pts_against_avg_10": 0.001542,
  "home_home_pts_against_avg_5": 0.001519,
  "home_pythag_5": 0.001519,
  "away_pts_for_sd_10": 0.001516,
  "away_team_abbr_PHX": 0.001501,
  "home_def_rtg_avg_10": 0.001492,
  "home_plus_minus_avg_20": 0.001478,
  "away_team_abbr_LAC": 0.001465,
  "home_home_win_pct_10": 0.001411,
  "away_off_rtg_avg_20": 0.001405,
  "efg_pct_diff_20": 0.001389,
  "start_hour_utc": 0.001386,
  "home_starter_continuity_avg_10": 0.001377,
  "home_sos_def_10": 0.001371,
  "home_pythag_20": 0.001362,
  "h2h_meetings_5": 0.001345,
  "away_away_win_pct_5": 0.001339,
  "away_pts_for_avg_5": 0.001333,
  "away_away_win_pct_10": 0.001296,
  "net_rtg_diff_10": 0.001279,
  "home_injured_pts_lost": 0.001278,
  "efg_pct_diff_10": 0.001275,
  "away_net_rtg_avg_10": 0.001272,
  "total_book_disagreement": 0.001258,
  "rest_advantage_home": 0.001257,
  "home_efg_pct_avg_5": 0.00125,
  "away_team_abbr_SAC": 0.00123,
  "home_pts_for_sd_10": 0.001209,
  "home_team_abbr_SAS": 0.001169,
  "attendance_pct_capacity": 0.00115,
  "away_off_rtg_avg_10": 0.001129,
  "home_net_rating_10": 0.001103,
  "home_ts_pct_avg_20": 0.001101,
  "away_team_abbr_TOR": 0.001062,
  "away_tov_avg_5": 0.001053,
  "home_net_rtg_avg_20": 0.001036,
  "home_team_abbr_POR": 0.001006,
  "home_team_abbr_DAL": 0.001002,
  "away_injured_out_count": 0.000991,
  "away_team_abbr_NYK": 0.000969,
  "away_pts_against_avg_10": 0.000968,
  "home_team_abbr_GSW": 0.000939,
  "home_team_abbr_ATL": 0.000863,
  "home_pts_against_avg_5": 0.000849,