{"home_rest_days": 2.0, "home_is_b2b": 0.0, "away_rest_days": 2.0, "away_is_b2b": 0.0, "home_is_b2b_away": 0.0, "away_is_b2b_away": 0.0, "home_is_3_in_4": 0.0, "away_is_3_in_4": 0.0, "home_is_4_in_5": 0.0, "away_is_4_in_5": 0.0, "rest_advantage_home": 0.0, "home_pts_for_avg_5": 114.6, "home_pts_against_avg_5": 114.2, "home_pts_for_avg_10": 114.625, "home_pts_against_avg_10": 114.2, "home_pts_for_sd_10": 11.566234381931649, "away_pts_for_avg_5": 114.6, "away_pts_against_avg_5": 114.6, "away_pts_for_avg_10": 114.6, "away_pts_against_avg_10": 114.6, "away_pts_for_sd_10": 11.483321238503548, "home_pace_n_5": 5.0, "home_pace_avg_5": 101.304, "home_pace_avg_10": 101.51428571428572, "home_fg_pct_avg_5": 0.46799083269671504, "home_ft_pct_avg_5": 0.783297009503906, "home_tov_avg_5": 13.6, "home_oreb_avg_5": 11.2, "away_pace_n_5": 5.0, "away_pace_avg_5": 101.48, "away_pace_avg_10": 101.66, "away_fg_pct_avg_5": 0.4684372419940526, "away_ft_pct_avg_5": 0.7836440422322776, "away_tov_avg_5": 13.6, "away_oreb_avg_5": 11.0, "home_off_vs_away_def": -0.1, "away_off_vs_home_def": 0.3, "game_pace_est_5": 101.432, "home_fg3_pct_avg_5": 0.35972711443299676, "home_fg3a_rate_avg_5": 0.4174757281553398, "home_efg_pct_avg_5": 0.54437169705717, "home_ts_pct_avg_5": 0.5794177348516502, "home_tov_rate_avg_5": 0.12093258243477785, "home_efg_pct_avg_10": 0.5437926660715654, "home_ts_pct_avg_10": 0.5793632369362194, "away_fg3_pct_avg_5": 0.3586048454469507, "away_fg3a_rate_avg_5": 0.420367884101202, "away_efg_pct_avg_5": 0.5440259934279724, "away_ts_pct_avg_5": 0.5797486082207326, "away_tov_rate_avg_5": 0.12040513561561758, "away_efg_pct_avg_10": 0.5449264554188925, "away_ts_pct_avg_10": 0.5802137667823861, "home_off_rtg_avg_10": 112.7442146913602, "home_def_rtg_avg_10": 112.63931511721309, "home_net_rtg_avg_10": 0.05137042347593022, "away_off_rtg_avg_10": 112.75728568053661, "away_def_rtg_avg_10": 112.85225105610822, "away_net_rtg_avg_10": 0.19037546832732488, "net_rtg_diff_10": -0.03739903444174206, "home_sos_def_10": 112.87371805576036, "away_sos_def_10": 112.90945749699623, "home_win_pct": 0.521, "away_win_pct": 0.521, "home_conf_rank": 8.0, "away_conf_rank": 9.0, "win_pct_diff": 0.0, "home_home_win_pct_10": 0.5555555555555556, "home_home_pts_for_avg_5": 115.4, "home_home_pts_for_avg_20": 115.65833333333333, "home_home_pts_against_avg_5": 113.6, "home_home_pts_against_avg_20": 113.55, "home_home_win_pct_5": 0.6, "home_home_win_pct_20": 0.5555555555555556, "away_away_win_pct_10": 0.5, "away_away_pts_for_avg_5": 113.8, "away_away_pts_for_avg_20": 113.7, "away_away_pts_against_avg_5": 115.2, "away_away_pts_against_avg_20": 115.42857142857143, "away_away_win_pct_5": 0.4, "away_away_win_pct_20": 0.45, "home_injured_pts_lost": 56.18, "away_injured_pts_lost": 56.18, "home_injured_min_lost": 110.48666666666666, "away_injured_min_lost": 110.48666666666666, "home_injured_out_count": 3.0, "away_injured_out_count": 3.0, "injury_pts_advantage_home": -0.2615079365079365, "home_clutch_net_avg_10": NaN, "away_clutch_net_avg_10": NaN, "market_spread_home": -2.5, "market_total": 228.5, "market_open_spread_home": -2.5, "market_open_total": 228.5, "market_line_move_margin": 0.0, "market_line_move_total": 0.0, "home_implied_score": 115.5, "away_implied_score": 113.5, "consensus_spread_home": -2.5, "consensus_total": 228.5, "spread_book_disagreement": 0.3535533905932738, "total_book_disagreement": 0.3535533905932738, "dk_vs_consensus_spread": 0.0, "dk_vs_consensus_total": 0.0, "home_top8_min_avg_5": NaN, "home_top8_min_avg_10": NaN, "home_rotation_depth_5": NaN, "home_rotation_depth_10": NaN, "home_top3_pts_avg_5": NaN, "home_top3_pts_avg_10": NaN, "away_top8_min_avg_5": NaN, "away_top8_min_avg_10": NaN, "away_rotation_depth_5": NaN, "away_rotation_depth_10": NaN, "away_top3_pts_avg_5": NaN, "away_top3_pts_avg_10": NaN, "dk_spread_home_juice": NaN, "dk_spread_away_juice": NaN, "dk_total_over_juice": NaN, "dk_total_under_juice": NaN, "dk_spread_juice_move": NaN, "dk_total_over_juice_move": NaN, "avg_spread_home_juice": NaN, "avg_total_over_juice": NaN, "spread_juice_skew": NaN, "total_juice_skew": NaN, "spread_home_implied_prob": NaN, "total_over_implied_prob": NaN, "home_stl_avg_10": 8.2, "home_blk_avg_10": 4.8, "home_ast_avg_10": 26.3, "home_pts_fast_break_avg_10": NaN, "home_pts_paint_avg_10": NaN, "home_pts_bench_avg_10": NaN, "home_fouls_avg_10": 19.8, "home_stocks_avg_10": 13.1, "home_ast_tov_ratio_10": 1.9324324324324325, "home_fast_break_pct_10": NaN, "home_paint_pct_10": NaN, "home_bench_pct_10": NaN, "home_stl_avg_20": 8.25, "home_blk_avg_20": 4.875, "home_pts_fast_break_avg_20": NaN, "home_pts_paint_avg_20": NaN, "home_pts_bench_avg_20": NaN, "home_fouls_avg_20": 19.95, "home_plus_minus_avg_20": -0.05, "away_stl_avg_10": 8.2, "away_blk_avg_10": 4.8, "away_ast_avg_10": 26.4, "away_pts_fast_break_avg_10": NaN, "away_pts_paint_avg_10": NaN, "away_pts_bench_avg_10": NaN, "away_fouls_avg_10": 19.8, "away_stocks_avg_10": 13.1, "away_ast_tov_ratio_10": 1.9402985074626866, "away_fast_break_pct_10": NaN, "away_paint_pct_10": NaN, "away_bench_pct_10": NaN, "away_stl_avg_20": 8.25, "away_blk_avg_20": 4.85, "away_pts_fast_break_avg_20": NaN, "away_pts_paint_avg_20": NaN, "away_pts_bench_avg_20": NaN, "away_fouls_avg_20": 19.95, "away_plus_minus_avg_20": 0.2, "home_efg_pct_avg_20": 0.5427603028832437, "home_ts_pct_avg_20": 0.578150515933015, "home_tov_rate_avg_20": 0.12205554341094144, "home_fg3_pct_avg_20": 0.3569428279471125, "away_efg_pct_avg_20": 0.5439909696639148, "away_ts_pct_avg_20": 0.5786345785458473, "away_tov_rate_avg_20": 0.12155670431488541, "away_fg3_pct_avg_20": 0.35781015501364005, "home_off_rtg_avg_20": 112.57885892920157, "home_def_rtg_avg_20": 112.46781200955563, "home_net_rtg_avg_20": 0.05741440433492257, "away_off_rtg_avg_20": 112.64451690129401, "away_def_rtg_avg_20": 112.5248574864772, "away_net_rtg_avg_20": 0.27987874272189495, "home_pts_for_avg_20": 114.77777777777777, "home_pts_against_avg_20": 114.29411764705883, "away_pts_for_avg_20": 114.7, "away_pts_against_avg_20": 114.5, "home_pace_avg_20": 101.702, "away_pace_avg_20": 101.718, "home_starter_continuity": 0.8, "home_bench_count": 5.0, "home_scratch_count": 0.0, "home_starter_continuity_avg_10": 0.8666666666666667, "away_starter_continuity": 0.8, "away_bench_count": 5.0, "away_scratch_count": 0.0, "away_starter_continuity_avg_10": 0.86, "home_home_record_pct": NaN, "home_away_record_pct": NaN, "home_home_away_split": NaN, "home_streak": 0.0, "home_last10_pct": NaN, "away_home_record_pct": NaN, "away_away_record_pct": NaN, "away_home_away_split": NaN, "away_streak": 0.0, "away_last10_pct": NaN, "travel_distance_miles": 929.0, "is_cross_country": 0.0, "away_prev_leg_miles": 618.0, "away_total_travel_miles_5": 2806.0, "home_altitude_ft": 0.0, "altitude_travel_fatigue": 0.0, "home_three_pt_rate_avg_10": 0.16569655964124586, "home_foul_rate_avg_10": 0.08786745873740173, "home_pbp_tov_rate_avg_10": 0.06425313979683911, "away_three_pt_rate_avg_10": 0.1663240031567334, "away_foul_rate_avg_10": 0.08772770467100083, "away_pbp_tov_rate_avg_10": 0.06412151513497555, "home_q1_pts_avg_10": NaN, "home_q4_pts_avg_10": NaN, "home_first_half_pct_10": NaN, "home_strong_closer_pct_10": NaN, "away_q1_pts_avg_10": NaN, "away_q4_pts_avg_10": NaN, "away_first_half_pct_10": NaN, "away_strong_closer_pct_10": NaN, "attendance": 18175.0, "attendance_pct_capacity": 0.957, "attendance_vs_avg": 1.0, "home_ot_tendency_10": 1.0, "away_ot_tendency_10": 1.0, "crew_avg_fouls_per_game": 39.3, "crew_away_foul_bias": -0.02, "crew_size": 3.0, "h2h_meetings_5": 2.0, "h2h_home_margin_avg5": -0.4, "h2h_home_win_pct5": 0.5, "home_elo": 1503.3159651244282, "away_elo": 1502.6693665192392, "elo_diff": 0.030470496501038724, "elo_win_prob_home": 0.6401054073087245, "season_days_elapsed": 102.0, "start_hour_utc": 1.0, "start_dow_utc": 4.0, "season_2024-2025-regular": 1.0, "season_2025-2026-regular": 0.0, "home_team_abbr_ATL": 0.0, "home_team_abbr_BOS": 0.0,