{
  "consensus_spread_home": 0.105169,
  "market_total": 0.097144,
  "home_bench_count": 0.038904,
  "consensus_total": 0.037466,
  "away_pythag_vs_record": 0.021342,
  "market_spread_home": 0.018682,
  "away_team_abbr_DEN": 0.013762,
  "away_bench_count": 0.012641,
  "home_net_rtg_avg_20": 0.009918,
  "home_team_abbr_IND": 0.009269,
  "away_team_abbr_MIN": 0.00915,
  "away_team_abbr_MIA": 0.008913,
  "away_team_abbr_UTA": 0.008051,
  "home_pythag_rtg_vs_record": 0.007578,
  "away_away_win_pct_5": 0.006708,
  "start_hour_utc": 0.006081,
  "home_home_win_pct_20": 0.005964,
  "home_pythag_rtg_20": 0.005771,
  "away_win_pct": 0.005744,
  "away_team_abbr_CHI": 0.005446,
  "away_pythag_rtg_vs_record": 0.005439,
  "last10_pct_diff": 0.005417,
  "b2b_net_disadvantage": 0.005206,
  "home_pythag_vs_record": 0.004967,
  "h2h_home_win_pct5": 0.004912,
  "dk_vs_consensus_total": 0.004859,
  "away_fouls_avg_20": 0.004731,
  "home_blk_avg_20": 0.00469,
  "win_pct_diff": 0.004685,
  "home_pts_for_avg_20": 0.004533,
  "home_ast_avg_10": 0.004524,
  "pythag_rtg_record_edge": 0.00445,
  "home_elo": 0.004427,
  "home_ts_pct_avg_5": 0.004323,
  "away_tov_rate_avg_5": 0.00426,
  "home_fatigue_x_pts5": 0.004252,
  "away_fatigue_x_pts5": 0.004237,
  "away_total_travel_miles_5": 0.00423,
  "home_net_rating_20": 0.004196,
  "away_tov_rate_avg_20": 0.004194,
  "home_ast_tov_ratio_10": 0.004185,
  "home_fouls_avg_20": 0.00418,
  "pace_diff_5": 0.004173,
  "away_net_rtg_avg_20": 0.004119,
  "away_def_rtg_avg_20": 0.004079,
  "home_efg_pct_avg_20": 0.004059,
  "attendance_vs_avg": 0.004032,
  "away_efg_pct_avg_20": 0.003938,
  "away_pythag_rtg_10": 0.003869,
  "altitude_travel_stress": 0.003865,
  "away_pythag_5": 0.00384,
  "home_injured_out_count": 0.003788,
  "home_def_rtg_avg_20": 0.003778,
  "home_starter_continuity": 0.003747,
  "pythag_rtg_diff_20": 0.003711,
  "pace_diff_20": 0.003598,
  "efg_pct_diff_5": 0.003598,
  "continuity_diff_10": 0.003591,
  "h2h_home_margin_avg5": 0.003568,
  "travel_distance_miles": 0.003477,
  "away_off_rtg_avg_20": 0.003468,
  "away_three_pt_rate_avg_10": 0.003455,
  "away_ast_avg_10": 0.003437,
  "game_pace_est_5": 0.003434,
  "home_blk_avg_10": 0.003402,
  "ast_tov_ratio_diff_10": 0.003395,
  "fg3_pct_diff_5": 0.003379,
  "home_off_vs_away_def": 0.003354,
  "home_tov_rate_avg_5": 0.003305,
  "home_pbp_tov_rate_avg_10": 0.003292,
  "net_rtg_diff_10": 0.003281,
  "home_off_rtg_avg_10": 0.003273,
  "home_injured_min_lost": 0.003239,
  "away_implied_score": 0.003219,
  "home_efg_pct_avg_5": 0.003217,
  "away_stl_avg_20": 0.003201,
  "home_team_abbr_PHX": 0.003192,
  "travel_b2b_fatigue": 0.003188,
  "tov_rate_diff_5": 0.003186,
  "home_sos_def_10": 0.003168,
  "away_away_pts_for_avg_20": 0.003125,
  "away_blk_avg_10": 0.003092,
  "home_tov_rate_avg_20": 0.003035,
  "home_foul_rate_avg_10": 0.003015,
  "away_fg3_pct_avg_20": 0.002949,
  "home_fouls_avg_10": 0.002944,
  "away_away_pts_against_avg_20": 0.002925,
  "market_line_move_total": 0.002924,
  "stocks_diff_10": 0.002912,
  "away_fg3_pct_avg_5": 0.002906,
  "season_days_elapsed": 0.002897,
  "away_away_win_pct_20": 0.002896,
  "pythag_record_edge": 0.002892,
  "home_home_pts_for_avg_20": 0.002871,
  "away_pythag_20": 0.002862,
  "fg3_pct_diff_20": 0.002861,
  "pts_for_diff_5": 0.002806,
  "crew_avg_fouls_per_game": 0.002789,
  "pythag_diff_20": 0.00278,
  "pts_for_diff_20": 0.002773,
  "away_pythag_10": 0.002771,
  "home_tov_avg_5": 0.002757,
  "home_stl_avg_20": 0.002748,
  "pythag_diff_5": 0.002728,
  "home_home_pts_against_avg_20": 0.002715,
  "away_pace_avg_5": 0.002712,
  "home_team_abbr_LAC": 0.002703,
  "away_ts_pct_avg_5": 0.002666,
  "away_pts_against_avg_20": 0.002645,
  "home_efg_pct_avg_10": 0.002642,
  "away_def_rtg_avg_10": 0.002638,
  "home_implied_score": 0.002633,
  "away_streak": 0.002608,
  "fg3a_rate_diff_5": 0.002603,
  "away_team_abbr_OKL": 0.002599,
  "away_team_abbr_NOP": 0.002596,
  "home_stocks_avg_10": 0.002587,
  "away_oreb_avg_5": 0.002569,
  "fouls_diff_10": 0.002566,
  "away_away_pts_for_avg_5": 0.002557,
  "home_ot_tendency_10": 0.002553,
  "travel_load_per_rest": 0.002538,
  "home_stl_avg_10": 0.002512,
  "away_ts_pct_avg_20": 0.002506,
  "away_foul_rate_avg_10": 0.002501,
  "home_pts_against_avg_20": 0.002482,
  "home_starter_continuity_avg_10": 0.002482,
  "away_blk_avg_20": 0.002471,
  "home_fg3_pct_avg_20": 0.002465,
  "home_pace_avg_20": 0.002465,
  "home_net_rtg_avg_10": 0.002449,
  "home_home_win_pct_10": 0.002427,
  "home_home_win_pct_5": 0.002417,
  "ts_pct_diff_20": 0.002397,
  "away_prev_leg_miles": 0.002394,
  "away_elo": 0.002386,
  "attendance": 0.002368,
  "home_home_pts_for_avg_5": 0.002367,
  "away_pts_for_avg_10": 0.002351,
  "away_ft_pct_avg_5": 0.002339,
  "away_efg_pct_avg_5": 0.002318,
  "ts_pct_diff_10": 0.002314,
  "away_stl_avg_10": 0.002283,
  "away_sos_def_10": 0.002272,
  "h2h_meetings_5": 0.002266,
  "home_pace_avg_5": 0.002258,
  "away_pace_avg_20": 0.002257,
  "home_ft_pct_avg_5": 0.002235,
  "dk_vs_consensus_spread": 0.002225,
  "away_fg_pct_avg_5": 0.002224,
  "ts_pct_diff_5": 0.002194,
  "away_team_abbr_GSW": 0.002161,
  "crew_away_foul_bias": 0.002124,
  "injury_pts_advantage_home": 0.002104,
  "away_ast_tov_ratio_10": 0.002096,
  "away_injured_pts_lost": 0.002081,
  "home_team_abbr_MIL": 0.002068,
  "pythag_rtg_diff_10": 0.00205,
  "home_net_rating_10": 0.002041,
  "home_fatigue_score": 0.002033,
  "away_tov_avg_5": 0.002031,
  "away_net_rtg_avg_10": 0.00203,
  "home_pythag_5": 0.002029,
  "away_team_abbr_TOR": 0.002,
  "home_win_pct": 0.001991,
  "three_pt_rate_diff_10": 0.001966,
  "away_pts_against_avg_5": 0.001954,
  "market_line_move_margin": 0.001953,
  "home_pts_against_avg_10": 0.001904,
  "away_fouls_avg_10": 0.001897,
  "sos_adjusted_margin": 0.001844,
  "away_away_pts_against_avg_5": 0.001838,
  "market_open_spread_home": 0.001836,
  "away_fg3a_rate_avg_5": 0.001813,
  "home_oreb_avg_5": 0.001807,
  "efg_pct_diff_20": 0.001799,
  "home_pythag_10": 0.001794,
  "fatigue_asymmetry": 0.001791,
  "away_pbp_tov_rate_avg_10": 0.001776,
  "net_rating_diff_10": 0.001775,
  "elo_diff": 0.001753,
  "home_three_pt_rate_avg_10": 0.00174,
  "away_pace_avg_10": 0.001727,
  "home_fg3a_rate_avg_5": 0.001716,
  "spread_book_disagreement": 0.001703,
  "home_team_abbr_SAC": 0.001695,
  "away_injured_min_lost": 0.001643,
  "home_off_vs_sos": 0.001636,
  "home_fg3_pct_avg_5": 0.001624,
  "efg_pct_diff_10": 0.001618,
  "away_team_abbr_SAC": 0.001569,
  "home_ts_pct_avg_10": 0.001553,
  "tov_rate_diff_20": 0.00155,
  "home_team_abbr_POR": 0.001535,
  "away_efg_pct_avg_10": 0.001526,
  "away_net_rating_10": 0.001486,
  "home_pace_avg_10": 0.00146,
  "home_home_pts_against_avg_5": 0.00145,
  "away_pts_for_sd_10": 0.001431,
  "away_starter_continuity": 0.001424,
  "ref_foul_ot_signal": 0.001406,
  "away_off_rtg_avg_10": 0.001388,
  "steam_x_rest": 0.001383,
  "streak_diff": 0.001353,
  "away_stocks_avg_10": 0.00135,
  "away_starter_continuity_avg_10": 0.001308,
  "away_off_vs_sos": 0.001296,
  "line_move_abs_spread": 0.001254,
  "home_pts_for_sd_10": 0.001228,
  "away_pts_against_avg_10": 0.00122,
  "away_plus_minus_avg_20": 0.00122,
  "away_pts_for_avg_5": 0.001215,
  "home_off_rtg_avg_20": 0.001215,
  "start_dow_utc": 0.001214,
  "away_ts_pct_avg_10": 0.001192,
  "home_conf_rank": 0.001179,
  "market_open_total": 0.00115,
  "net_rating_diff_20": 0.001136,
  "home_team_abbr_MIA": 0.001118,
  "away_conf_rank": 0.001113,
  "home_injured_pts_lost": 0.0011,
  "pythag_diff_10": 0.001098,
  "away_pts_for_avg_20": 0.001061,
  "away_away_win_pct_10": 0.001053,
  "line_move_abs_total": 0.001051,
  "home_def_rtg_avg_10": 0.00105,
  "away_team_abbr_DET": 0.001039,
  "home_pythag_20": 0.001013,
  "home_pythag_rtg_10": 0.000977,
  "home_fg_pct_avg_5": 0.000976,
  "away_team_abbr_SAS": 0.000964,
  "crew_size": 0.000963,
  "away_off_vs_home_def": 0.000936,
  "home_team_abbr_HOU": 0.000923,
  "away_ot_tendency_10": 0.000902,