{"home_rest_days": 2.0, "home_is_b2b": 0.0, "away_rest_days": 2.0, "away_is_b2b": 0.0, "home_is_b2b_away": 0.0, "away_is_b2b_away": 0.0, "home_is_3_in_4": 0.0, "away_is_3_in_4": 0.0, "home_is_4_in_5": 0.0, "away_is_4_in_5": 0.0, "rest_advantage_home": 0.0, "home_pts_for_avg_5": 114.6, "home_pts_against_avg_5": 113.8, "home_pts_for_avg_10": 114.9, "home_pts_against_avg_10": 114.1, "home_pts_for_sd_10": 11.496859474559901, "away_pts_for_avg_5": 114.6, "away_pts_against_avg_5": 114.6, "away_pts_for_avg_10": 114.7, "away_pts_against_avg_10": 114.4, "away_pts_for_sd_10": 11.486223265789803, "home_pace_n_5": 5.0, "home_pace_avg_5": 101.364, "home_pace_avg_10": 101.556, "home_fg_pct_avg_5": 0.4679787174155986, "home_ft_pct_avg_5": 0.7798974971388765, "home_tov_avg_5": 13.6, "home_oreb_avg_5": 11.2, "away_pace_n_5": 5.0, "away_pace_avg_5": 101.496, "away_pace_avg_10": 101.68, "away_fg_pct_avg_5": 0.46861614097634086, "away_ft_pct_avg_5": 0.7819516178266178, "away_tov_avg_5": 13.6, "away_oreb_avg_5": 11.0, "home_off_vs_away_def": 0.1, "away_off_vs_home_def": 0.5, "game_pace_est_5": 101.432, "home_fg3_pct_avg_5": 0.36027277496065746, "home_fg3a_rate_avg_5": 0.41654725223260347, "home_efg_pct_avg_5": 0.5450286190630182, "home_ts_pct_avg_5": 0.5795050561162244, "home_tov_rate_avg_5": 0.12037193220727982, "home_efg_pct_avg_10": 0.5439702907263094, "home_ts_pct_avg_10": 0.5795975449616575, "away_fg3_pct_avg_5": 0.3599126492702344, "away_fg3a_rate_avg_5": 0.4203786902720539, "away_efg_pct_avg_5": 0.54422790224716, "away_ts_pct_avg_5": 0.5799120970567766, "away_tov_rate_avg_5": 0.12006529684472964, "away_efg_pct_avg_10": 0.5453396993633277, "away_ts_pct_avg_10": 0.5803347017286926, "home_off_rtg_avg_10": 112.82657199447999, "home_def_rtg_avg_10": 112.5140714611854, "home_net_rtg_avg_10": 0.3404447841003793, "away_off_rtg_avg_10": 112.8074859470159, "away_def_rtg_avg_10": 112.70702374130165, "away_net_rtg_avg_10": 0.41137358027531695, "net_rtg_diff_10": -0.18987664933878465, "home_sos_def_10": 112.9608000414541, "away_sos_def_10": 112.95932037172409, "home_win_pct": 0.5609999999999999, "away_win_pct": 0.529, "home_conf_rank": 4.0, "away_conf_rank": 5.0, "win_pct_diff": 0.0, "home_home_win_pct_10": 0.5555555555555556, "home_home_pts_for_avg_5": 115.4, "home_home_pts_for_avg_20": 115.66666666666667, "home_home_pts_against_avg_5": 113.6, "home_home_pts_against_avg_20": 113.6, "home_home_win_pct_5": 0.6, "home_home_win_pct_20": 0.5555555555555556, "away_away_win_pct_10": 0.5, "away_away_pts_for_avg_5": 114.0, "away_away_pts_for_avg_20": 114.0, "away_away_pts_against_avg_5": 115.2, "away_away_pts_against_avg_20": 115.3, "away_away_win_pct_5": 0.4, "away_away_win_pct_20": 0.45, "home_injured_pts_lost": 75.98, "away_injured_pts_lost": 75.98, "home_injured_min_lost": 149.23566666666667, "away_injured_min_lost": 149.23566666666667, "home_injured_out_count": 5.0, "away_injured_out_count": 5.0, "injury_pts_advantage_home": -0.01444444444444444, "home_clutch_net_avg_10": NaN, "away_clutch_net_avg_10": NaN, "market_spread_home": -2.5, "market_total": 228.5, "market_open_spread_home": -3.0, "market_open_total": 228.5, "market_line_move_margin": 0.0, "market_line_move_total": 0.0, "home_implied_score": 115.5, "away_implied_score": 113.0, "consensus_spread_home": -2.75, "consensus_total": 228.5, "spread_book_disagreement": 0.3535533905932738, "total_book_disagreement": 0.7071067811865476, "dk_vs_consensus_spread": 0.0, "dk_vs_consensus_total": 0.0, "home_top8_min_avg_5": NaN, "home_top8_min_avg_10": NaN, "home_rotation_depth_5": NaN, "home_rotation_depth_10": NaN, "home_top3_pts_avg_5": NaN, "home_top3_pts_avg_10": NaN, "away_top8_min_avg_5": NaN, "away_top8_min_avg_10": NaN, "away_rotation_depth_5": NaN, "away_rotation_depth_10": NaN, "away_top3_pts_avg_5": NaN, "away_top3_pts_avg_10": NaN, "dk_spread_home_juice": NaN, "dk_spread_away_juice": NaN, "dk_total_over_juice": NaN, "dk_total_under_juice": NaN, "dk_spread_juice_move": NaN, "dk_total_over_juice_move": NaN, "avg_spread_home_juice": NaN, "avg_total_over_juice": NaN, "spread_juice_skew": NaN, "total_juice_skew": NaN, "spread_home_implied_prob": NaN, "total_over_implied_prob": NaN, "home_stl_avg_10": 8.2, "home_blk_avg_10": 4.9, "home_ast_avg_10": 26.3, "home_pts_fast_break_avg_10": NaN, "home_pts_paint_avg_10": NaN, "home_pts_bench_avg_10": NaN, "home_fouls_avg_10": 19.9, "home_stocks_avg_10": 13.2, "home_ast_tov_ratio_10": 1.9391891891891893, "home_fast_break_pct_10": NaN, "home_paint_pct_10": NaN, "home_bench_pct_10": NaN, "home_stl_avg_20": 8.25, "home_blk_avg_20": 4.9, "home_pts_fast_break_avg_20": NaN, "home_pts_paint_avg_20": NaN, "home_pts_bench_avg_20": NaN, "home_fouls_avg_20": 20.0, "home_plus_minus_avg_20": 0.35, "away_stl_avg_10": 8.2, "away_blk_avg_10": 4.9, "away_ast_avg_10": 26.375, "away_pts_fast_break_avg_10": NaN, "away_pts_paint_avg_10": NaN, "away_pts_bench_avg_10": NaN, "away_fouls_avg_10": 19.9, "away_stocks_avg_10": 13.2, "away_ast_tov_ratio_10": 1.9461538461538461, "away_fast_break_pct_10": NaN, "away_paint_pct_10": NaN, "away_bench_pct_10": NaN, "away_stl_avg_20": 8.3, "away_blk_avg_20": 4.9, "away_pts_fast_break_avg_20": NaN, "away_pts_paint_avg_20": NaN, "away_pts_bench_avg_20": NaN, "away_fouls_avg_20": 20.0, "away_plus_minus_avg_20": 0.55, "home_efg_pct_avg_20": 0.5429563991068707, "home_ts_pct_avg_20": 0.578150515933015, "home_tov_rate_avg_20": 0.12156575743284258, "home_fg3_pct_avg_20": 0.3580435858869786, "away_efg_pct_avg_20": 0.5439171448885531, "away_ts_pct_avg_20": 0.5785697085733458, "away_tov_rate_avg_20": 0.12096335828733681, "away_fg3_pct_avg_20": 0.3584910579645718, "home_off_rtg_avg_20": 112.6740470313905, "home_def_rtg_avg_20": 112.30077855744796, "home_net_rtg_avg_20": 0.38755736086842846, "away_off_rtg_avg_20": 112.64709891008954, "away_def_rtg_avg_20": 112.3174706671949, "away_net_rtg_avg_20": 0.56848879323637, "home_pts_for_avg_20": 114.78947368421052, "home_pts_against_avg_20": 114.11764705882354, "away_pts_for_avg_20": 114.7, "away_pts_against_avg_20": 114.4, "home_pace_avg_20": 101.694, "away_pace_avg_20": 101.754, "home_starter_continuity": 0.8, "home_bench_count": 5.0, "home_scratch_count": 0.0, "home_starter_continuity_avg_10": 0.8666666666666667, "away_starter_continuity": 0.8, "away_bench_count": 5.0, "away_scratch_count": 0.0, "away_starter_continuity_avg_10": 0.86, "home_home_record_pct": NaN, "home_away_record_pct": NaN, "home_home_away_split": NaN, "home_streak": 1.0, "home_last10_pct": 0.5, "away_home_record_pct": NaN, "away_away_record_pct": NaN, "away_home_away_split": NaN, "away_streak": 0.0, "away_last10_pct": 0.5, "travel_distance_miles": 864.0, "is_cross_country": 0.0, "away_prev_leg_miles": 605.0, "away_total_travel_miles_5": 2689.0, "home_altitude_ft": 0.0, "altitude_travel_fatigue": 0.0, "home_three_pt_rate_avg_10": 0.16601122936620516, "home_foul_rate_avg_10": 0.08814908084358776, "home_pbp_tov_rate_avg_10": 0.06389524832071664, "away_three_pt_rate_avg_10": 0.1670090741765416, "away_foul_rate_avg_10": 0.0880479281815701, "away_pbp_tov_rate_avg_10": 0.06383641829460382, "home_q1_pts_avg_10": NaN, "home_q4_pts_avg_10": NaN, "home_first_half_pct_10": NaN, "home_strong_closer_pct_10": NaN, "away_q1_pts_avg_10": NaN, "away_q4_pts_avg_10": NaN, "away_first_half_pct_10": NaN, "away_strong_closer_pct_10": NaN, "attendance": 18203.0, "attendance_pct_capacity": 0.958, "attendance_vs_avg": 1.0, "home_ot_tendency_10": 1.0, "away_ot_tendency_10": 1.0, "crew_avg_fouls_per_game": 39.3, "crew_away_foul_bias": 0.02, "crew_size": 3.0, "h2h_meetings_5": 2.0, "h2h_home_margin_avg5": 0.0, "h2h_home_win_pct5": 0.5, "home_elo": 1507.4552452989738, "away_elo": 1506.14361921052, "elo_diff": 2.0802927882823496, "elo_win_prob_home": 0.6428191987545961, "season_days_elapsed": 106.0, "start_hour_utc": 1.0, "start_dow_utc": 4.0, "season_2024-2025-regular": 1.0, "season_2025-2026-regular": 0.0, "season_2026-regular": 0.0, "home_team_abbr_ATL": 0.0, "home_team_abbr_BOS": 0.0,