{
  "consensus_spread_home": 0.131694,
  "market_total": 0.061814,
  "consensus_total": 0.040563,
  "away_fatigue_score": 0.039813,
  "fatigue_asymmetry": 0.038071,
  "home_bench_count": 0.037922,
  "away_team_abbr_BOS": 0.023185,
  "home_win_pct": 0.01737,
  "market_spread_home": 0.016679,
  "away_bench_count": 0.015233,
  "away_pythag_vs_record": 0.012494,
  "home_team_abbr_HOU": 0.011494,
  "home_conf_rank": 0.01031,
  "home_pythag_vs_record": 0.009628,
  "cross_country_b2b": 0.009535,
  "home_team_abbr_SAC": 0.007912,
  "win_pct_diff": 0.006638,
  "away_team_abbr_MIN": 0.005885,
  "away_tov_rate_avg_5": 0.005194,
  "net_rating_diff_20": 0.00493,
  "home_elo": 0.004919,
  "home_team_abbr_GSW": 0.004895,
  "home_net_rtg_avg_10": 0.004894,
  "away_total_travel_miles_5": 0.00451,
  "home_pace_avg_20": 0.004428,
  "away_blk_avg_10": 0.004418,
  "pythag_record_edge": 0.004236,
  "away_starter_continuity": 0.004198,
  "away_team_abbr_NOP": 0.004193,
  "home_efg_pct_avg_20": 0.004095,
  "pts_for_diff_20": 0.004063,
  "tov_rate_diff_5": 0.004011,
  "home_home_pts_for_avg_5": 0.003997,
  "away_fg3_pct_avg_20": 0.003987,
  "away_away_win_pct_5": 0.003971,
  "away_fouls_avg_10": 0.003964,
  "home_blk_avg_20": 0.003962,
  "home_stocks_avg_10": 0.003935,
  "home_pythag_20": 0.003825,
  "away_pythag_10": 0.003813,
  "away_tov_rate_avg_20": 0.003801,
  "away_pts_for_avg_20": 0.003796,
  "away_ast_tov_ratio_10": 0.00378,
  "home_fatigue_score": 0.003779,
  "stocks_diff_10": 0.003764,
  "away_pace_avg_20": 0.00372,
  "away_injured_pts_lost": 0.003701,
  "home_ast_avg_10": 0.003688,
  "away_foul_rate_avg_10": 0.003671,
  "home_ts_pct_avg_20": 0.003645,
  "away_net_rtg_avg_20": 0.003625,
  "efg_pct_diff_10": 0.003611,
  "net_rating_diff_10": 0.003573,
  "attendance_vs_avg": 0.00357,
  "home_home_win_pct_5": 0.00357,
  "home_tov_rate_avg_20": 0.003519,
  "home_fouls_avg_20": 0.003502,
  "home_home_pts_against_avg_20": 0.003493,
  "home_tov_avg_5": 0.003425,
  "home_def_rtg_avg_20": 0.003365,
  "ts_pct_diff_5": 0.003355,
  "away_team_abbr_HOU": 0.003299,
  "home_team_abbr_TOR": 0.003287,
  "home_ft_pct_avg_5": 0.003284,
  "away_efg_pct_avg_5": 0.003239,
  "continuity_diff_10": 0.003213,
  "home_home_win_pct_20": 0.003176,
  "home_ast_tov_ratio_10": 0.003166,
  "home_pace_avg_10": 0.003155,
  "away_ts_pct_avg_10": 0.003099,
  "efg_pct_diff_20": 0.003081,
  "start_hour_utc": 0.003072,
  "away_pythag_5": 0.003067,
  "travel_distance_miles": 0.003053,
  "injury_pts_advantage_home": 0.003045,
  "ts_pct_diff_10": 0.002964,
  "away_stl_avg_20": 0.002897,
  "away_team_abbr_CHI": 0.00284,
  "net_rtg_diff_10": 0.002819,
  "home_pbp_tov_rate_avg_10": 0.002799,
  "line_move_abs_total": 0.002755,
  "ast_tov_ratio_diff_10": 0.002747,
  "home_off_vs_away_def": 0.002738,
  "dk_vs_consensus_spread": 0.002718,
  "h2h_home_margin_avg5": 0.002712,
  "home_injured_out_count": 0.002692,
  "home_sos_def_10": 0.002687,
  "away_pace_avg_5": 0.002674,
  "home_foul_rate_avg_10": 0.002662,
  "away_def_rtg_avg_20": 0.00266,
  "home_injured_pts_lost": 0.002606,
  "away_implied_score": 0.0026,
  "attendance": 0.002585,
  "pythag_diff_5": 0.002579,
  "away_ast_avg_10": 0.002568,
  "crew_away_foul_bias": 0.002548,
  "home_fouls_avg_10": 0.002547,
  "away_starter_continuity_avg_10": 0.002545,
  "home_starter_continuity_avg_10": 0.00253,
  "home_blk_avg_10": 0.002525,
  "pythag_diff_20": 0.00252,
  "home_tov_rate_avg_5": 0.002514,
  "home_def_rtg_avg_10": 0.002501,
  "away_pts_for_sd_10": 0.002484,
  "away_ts_pct_avg_5": 0.002483,
  "fg3_pct_diff_5": 0.002467,
  "home_fg3_pct_avg_20": 0.002439,
  "home_starter_continuity": 0.002437,
  "away_def_rtg_avg_10": 0.002399,
  "game_pace_est_5": 0.002382,
  "home_net_rtg_avg_20": 0.00238,
  "home_fatigue_x_pts5": 0.002373,
  "away_pbp_tov_rate_avg_10": 0.002362,
  "pace_diff_5": 0.002346,
  "fg3_pct_diff_20": 0.002339,
  "ref_foul_ot_signal": 0.002334,
  "pace_diff_20": 0.002324,
  "away_pts_against_avg_20": 0.002318,
  "away_fg3_pct_avg_5": 0.00229,
  "home_three_pt_rate_avg_10": 0.002286,
  "h2h_home_win_pct5": 0.002284,
  "away_away_pts_against_avg_5": 0.002264,
  "season_days_elapsed": 0.002261,
  "crew_avg_fouls_per_game": 0.002255,
  "travel_b2b_fatigue": 0.002253,
  "away_blk_avg_20": 0.002251,
  "market_line_move_total": 0.00225,
  "home_team_abbr_UTA": 0.002205,
  "home_ts_pct_avg_5": 0.002192,
  "away_pts_against_avg_5": 0.002165,
  "away_away_pts_against_avg_20": 0.002121,
  "away_ts_pct_avg_20": 0.002113,
  "home_pts_against_avg_20": 0.002099,
  "start_dow_utc": 0.002097,
  "home_home_win_pct_10": 0.002081,
  "away_away_pts_for_avg_20": 0.002047,
  "home_implied_score": 0.002028,
  "away_sos_def_10": 0.002025,
  "away_away_win_pct_20": 0.002022,
  "away_off_rtg_avg_20": 0.00201,
  "home_off_rtg_avg_10": 0.002001,
  "away_efg_pct_avg_20": 0.001978,
  "home_off_rtg_avg_20": 0.001966,
  "home_home_pts_for_avg_20": 0.001951,
  "away_efg_pct_avg_10": 0.001946,
  "away_oreb_avg_5": 0.001943,
  "home_fg3_pct_avg_5": 0.001925,
  "home_oreb_avg_5": 0.001924,
  "home_stl_avg_20": 0.001922,
  "home_fg3a_rate_avg_5": 0.001902,
  "away_net_rating_20": 0.001857,
  "fg3a_rate_diff_5": 0.001856,
  "pythag_diff_10": 0.001833,
  "home_pace_n_5": 0.001808,
  "away_fg3a_rate_avg_5": 0.001806,
  "home_pace_avg_5": 0.001778,
  "spread_book_disagreement": 0.001774,
  "away_pts_against_avg_10": 0.00177,
  "away_fouls_avg_20": 0.001738,
  "away_team_abbr_DET": 0.001729,
  "away_net_rating_10": 0.001699,
  "away_ot_tendency_10": 0.001662,
  "home_team_abbr_LAL": 0.001656,
  "away_net_rtg_avg_10": 0.001625,
  "away_off_vs_home_def": 0.001621,
  "away_fg_pct_avg_5": 0.001605,
  "home_efg_pct_avg_10": 0.001604,
  "away_stocks_avg_10": 0.001586,
  "tov_rate_diff_20": 0.00155,
  "away_stl_avg_10": 0.00154,
  "home_pythag_5": 0.001531,
  "home_ts_pct_avg_10": 0.001497,
  "home_injured_min_lost": 0.001495,
  "away_three_pt_rate_avg_10": 0.001494,
  "efg_pct_diff_5": 0.001486,
  "away_win_pct": 0.001457,
  "away_pts_for_avg_10": 0.001444,
  "away_ft_pct_avg_5": 0.001424,
  "away_elo": 0.001417,
  "ts_pct_diff_20": 0.001411,
  "home_home_pts_against_avg_5": 0.001404,
  "travel_load_per_rest": 0.001368,
  "away_fatigue_x_pts5": 0.001363,
  "away_prev_leg_miles": 0.001323,
  "home_pts_for_avg_10": 0.00131,
  "home_off_vs_sos": 0.001294,
  "home_pts_against_avg_10": 0.001284,
  "home_ot_tendency_10": 0.001278,
  "home_pts_for_avg_20": 0.001278,
  "pts_for_diff_5": 0.001276,
  "away_away_win_pct_10": 0.001263,
  "market_open_spread_home": 0.001253,
  "sos_adjusted_margin": 0.00125,
  "home_efg_pct_avg_5": 0.001238,
  "three_pt_rate_diff_10": 0.001231,
  "away_team_abbr_MIL": 0.001221,
  "steam_x_rest": 0.001219,
  "home_team_abbr_PHX": 0.001212,
  "home_fg_pct_avg_5": 0.001211,
  "away_pace_avg_10": 0.001199,
  "away_away_pts_for_avg_5": 0.001159,
  "dk_vs_consensus_total": 0.001152,
  "home_plus_minus_avg_20": 0.001152,
  "away_team_abbr_NYK": 0.001094,
  "away_pythag_20": 0.001088,
  "away_plus_minus_avg_20": 0.001071,
  "home_pts_for_sd_10": 0.00105,
  "home_team_abbr_DAL": 0.001047,
  "away_team_abbr_GSW": 0.001031,
  "fouls_diff_10": 0.001026,
  "total_book_disagreement": 0.001011,
  "market_line_move_margin": 0.001006,
  "away_pts_for_avg_5": 0.001001,
  "away_tov_avg_5": 0.000965,
  "h2h_meetings_5": 0.000948,
  "rest_advantage_home": 0.000927,
  "away_off_vs_sos": 0.000917,
  "away_team_abbr_ATL": 0.00091,
  "market_open_total": 0.000903,
  "away_team_abbr_IND": 0.000874,
  "home_stl_avg_10": 0.000871,
  "altitude_travel_stress": 0.000871,
  "line_move_abs_spread": 0.000736,
  "away_off_rtg_avg_10": 0.000721,
  "away_injured_min_lost": 0.000717,
  "away_conf_rank": 0.000658,
  "b2b_net_disadvantage": 0.000653,
  "home_pts_against_avg_5": 0.000644,
  "home_team_abbr_MIL": 0.000618,
  "away_team_abbr_SAS": 0.000614,
  "away_team_abbr_SAC": 0.000589,
  "home_pythag_10": 0.000567,
  "home_pts_for_avg_5": 0.000563,
  "elo_diff": 0.000525,
  "away_injured_out_count": 0.000522,