{"home_rest_days": 2.0, "home_is_b2b": 0.0, "away_rest_days": 2.0, "away_is_b2b": 0.0, "home_is_b2b_away": 0.0, "away_is_b2b_away": 0.0, "home_is_3_in_4": 0.0, "away_is_3_in_4": 0.0, "home_is_4_in_5": 0.0, "away_is_4_in_5": 0.0, "rest_advantage_home": 0.0, "home_pts_for_avg_5": 114.6, "home_pts_against_avg_5": 114.25, "home_pts_for_avg_10": 114.66666666666667, "home_pts_against_avg_10": 114.2, "home_pts_for_sd_10": 11.558546621439913, "away_pts_for_avg_5": 114.6, "away_pts_against_avg_5": 114.6, "away_pts_for_avg_10": 114.7, "away_pts_against_avg_10": 114.6, "away_pts_for_sd_10": 11.489125293076057, "home_pace_n_5": 5.0, "home_pace_avg_5": 101.304, "home_pace_avg_10": 101.54, "home_fg_pct_avg_5": 0.46799083269671504, "home_ft_pct_avg_5": 0.783297009503906, "home_tov_avg_5": 13.6, "home_oreb_avg_5": 11.2, "away_pace_n_5": 5.0, "away_pace_avg_5": 101.50399999999999, "away_pace_avg_10": 101.704, "away_fg_pct_avg_5": 0.46819496271500227, "away_ft_pct_avg_5": 0.7837167619398857, "away_tov_avg_5": 13.6, "away_oreb_avg_5": 11.0, "home_off_vs_away_def": -0.1, "away_off_vs_home_def": 0.3, "game_pace_est_5": 101.454, "home_fg3_pct_avg_5": 0.359835239830798, "home_fg3a_rate_avg_5": 0.4173475247281412, "home_efg_pct_avg_5": 0.5443698756145787, "home_ts_pct_avg_5": 0.5790497933099045, "home_tov_rate_avg_5": 0.12084911506673901, "home_efg_pct_avg_10": 0.5438748826313691, "home_ts_pct_avg_10": 0.5795215478247957, "away_fg3_pct_avg_5": 0.35846317219846624, "away_fg3a_rate_avg_5": 0.4203125946784241, "away_efg_pct_avg_5": 0.5439207623925251, "away_ts_pct_avg_5": 0.5795352993680929, "away_tov_rate_avg_5": 0.1203201266362194, "away_efg_pct_avg_10": 0.5448783540886678, "away_ts_pct_avg_10": 0.5800814720219274, "home_off_rtg_avg_10": 112.71729385146796, "home_def_rtg_avg_10": 112.6331786659365, "home_net_rtg_avg_10": 0.025276594706981514, "away_off_rtg_avg_10": 112.75728568053661, "away_def_rtg_avg_10": 112.8275933746331, "away_net_rtg_avg_10": 0.20610784440418037, "net_rtg_diff_10": -0.05043349997562989, "home_sos_def_10": 112.84837625059886, "away_sos_def_10": 112.89136261614584, "home_win_pct": 0.529, "away_win_pct": 0.529, "home_conf_rank": 8.0, "away_conf_rank": 9.0, "win_pct_diff": 0.0, "home_home_win_pct_10": 0.5555555555555556, "home_home_pts_for_avg_5": 115.4, "home_home_pts_for_avg_20": 115.67948717948718, "home_home_pts_against_avg_5": 113.63333333333333, "home_home_pts_against_avg_20": 113.59166666666667, "home_home_win_pct_5": 0.6, "home_home_win_pct_20": 0.5555555555555556, "away_away_win_pct_10": 0.5, "away_away_pts_for_avg_5": 113.8, "away_away_pts_for_avg_20": 113.72727272727273, "away_away_pts_against_avg_5": 115.2, "away_away_pts_against_avg_20": 115.45, "away_away_win_pct_5": 0.4, "away_away_win_pct_20": 0.45, "home_injured_pts_lost": 52.46, "away_injured_pts_lost": 52.46, "home_injured_min_lost": 107.03266666666667, "away_injured_min_lost": 107.03266666666667, "home_injured_out_count": 2.0, "away_injured_out_count": 2.0, "injury_pts_advantage_home": -0.28, "home_clutch_net_avg_10": NaN, "away_clutch_net_avg_10": NaN, "market_spread_home": -2.5, "market_total": 228.5, "market_open_spread_home": -2.5, "market_open_total": 228.5, "market_line_move_margin": 0.0, "market_line_move_total": 0.0, "home_implied_score": 115.5, "away_implied_score": 113.5, "consensus_spread_home": -2.5, "consensus_total": 228.5, "spread_book_disagreement": 0.3535533905932738, "total_book_disagreement": 0.3535533905932738, "dk_vs_consensus_spread": 0.0, "dk_vs_consensus_total": 0.0, "home_top8_min_avg_5": NaN, "home_top8_min_avg_10": NaN, "home_rotation_depth_5": NaN, "home_rotation_depth_10": NaN, "home_top3_pts_avg_5": NaN, "home_top3_pts_avg_10": NaN, "away_top8_min_avg_5": NaN, "away_top8_min_avg_10": NaN, "away_rotation_depth_5": NaN, "away_rotation_depth_10": NaN, "away_top3_pts_avg_5": NaN, "away_top3_pts_avg_10": NaN, "dk_spread_home_juice": NaN, "dk_spread_away_juice": NaN, "dk_total_over_juice": NaN, "dk_total_under_juice": NaN, "dk_spread_juice_move": NaN, "dk_total_over_juice_move": NaN, "avg_spread_home_juice": NaN, "avg_total_over_juice": NaN, "spread_juice_skew": NaN, "total_juice_skew": NaN, "spread_home_implied_prob": NaN, "total_over_implied_prob": NaN, "home_stl_avg_10": 8.2, "home_blk_avg_10": 4.8, "home_ast_avg_10": 26.3, "home_pts_fast_break_avg_10": NaN, "home_pts_paint_avg_10": NaN, "home_pts_bench_avg_10": NaN, "home_fouls_avg_10": 19.8, "home_stocks_avg_10": 13.1, "home_ast_tov_ratio_10": 1.933130081300813, "home_fast_break_pct_10": NaN, "home_paint_pct_10": NaN, "home_bench_pct_10": NaN, "home_stl_avg_20": 8.233031674208144, "home_blk_avg_20": 4.9, "home_pts_fast_break_avg_20": NaN, "home_pts_paint_avg_20": NaN, "home_pts_bench_avg_20": NaN, "home_fouls_avg_20": 19.975, "home_plus_minus_avg_20": -0.05277777777777778, "away_stl_avg_10": 8.2, "away_blk_avg_10": 4.8, "away_ast_avg_10": 26.4, "away_pts_fast_break_avg_10": NaN, "away_pts_paint_avg_10": NaN, "away_pts_bench_avg_10": NaN, "away_fouls_avg_10": 19.75, "away_stocks_avg_10": 13.1, "away_ast_tov_ratio_10": 1.9450971948818898, "away_fast_break_pct_10": NaN, "away_paint_pct_10": NaN, "away_bench_pct_10": NaN, "away_stl_avg_20": 8.25, "away_blk_avg_20": 4.85, "away_pts_fast_break_avg_20": NaN, "away_pts_paint_avg_20": NaN, "away_pts_bench_avg_20": NaN, "away_fouls_avg_20": 19.95, "away_plus_minus_avg_20": 0.2153846153846154, "home_efg_pct_avg_20": 0.5429731384546438, "home_ts_pct_avg_20": 0.5782428953307118, "home_tov_rate_avg_20": 0.1220851235261051, "home_fg3_pct_avg_20": 0.3573215069780179, "away_efg_pct_avg_20": 0.5438723505487477, "away_ts_pct_avg_20": 0.5786726109880008, "away_tov_rate_avg_20": 0.12152644079507566, "away_fg3_pct_avg_20": 0.3580427562237132, "home_off_rtg_avg_20": 112.57166300682877, "home_def_rtg_avg_20": 112.46311270288174, "home_net_rtg_avg_20": 0.006186604144598311, "away_off_rtg_avg_20": 112.64414326561388, "away_def_rtg_avg_20": 112.52077079975224, "away_net_rtg_avg_20": 0.2706441443337494, "home_pts_for_avg_20": 114.77777777777777, "home_pts_against_avg_20": 114.3, "away_pts_for_avg_20": 114.76470588235294, "away_pts_against_avg_20": 114.45, "home_pace_avg_20": 101.72, "away_pace_avg_20": 101.742, "home_starter_continuity": 0.8, "home_bench_count": 5.0, "home_scratch_count": 0.0, "home_starter_continuity_avg_10": 0.8666666666666667, "away_starter_continuity": 0.8, "away_bench_count": 5.0, "away_scratch_count": 0.0, "away_starter_continuity_avg_10": 0.86, "home_home_record_pct": NaN, "home_away_record_pct": NaN, "home_home_away_split": NaN, "home_streak": 0.0, "home_last10_pct": NaN, "away_home_record_pct": NaN, "away_away_record_pct": NaN, "away_home_away_split": NaN, "away_streak": 0.0, "away_last10_pct": NaN, "travel_distance_miles": 926.0, "is_cross_country": 0.0, "away_prev_leg_miles": 612.0, "away_total_travel_miles_5": 2806.0, "home_altitude_ft": 0.0, "altitude_travel_fatigue": 0.0, "home_three_pt_rate_avg_10": 0.16579420567801265, "home_foul_rate_avg_10": 0.08784147749134283, "home_pbp_tov_rate_avg_10": 0.06424891835717084, "away_three_pt_rate_avg_10": 0.16640193857830943, "away_foul_rate_avg_10": 0.08758475799798918, "away_pbp_tov_rate_avg_10": 0.064092758746204, "home_q1_pts_avg_10": NaN, "home_q4_pts_avg_10": NaN, "home_first_half_pct_10": NaN, "home_strong_closer_pct_10": NaN, "away_q1_pts_avg_10": NaN, "away_q4_pts_avg_10": NaN, "away_first_half_pct_10": NaN, "away_strong_closer_pct_10": NaN, "attendance": 18175.0, "attendance_pct_capacity": 0.957, "attendance_vs_avg": 1.0, "home_ot_tendency_10": 1.0, "away_ot_tendency_10": 1.0, "crew_avg_fouls_per_game": 39.3, "crew_away_foul_bias": 0.0, "crew_size": 3.0, "h2h_meetings_5": 2.0, "h2h_home_margin_avg5": -0.4, "h2h_home_win_pct5": 0.5, "home_elo": 1503.3124172013108, "away_elo": 1503.7913412263783, "elo_diff": 0.0, "elo_win_prob_home": 0.6400649998028851, "season_days_elapsed": 101.0, "start_hour_utc": 1.0, "start_dow_utc": 4.0, "season_2024-2025-regular": 1.0, "season_2025-2026-regular": 0.0,