{
  "home_injured_pts_lost": 0.143425,
  "consensus_spread_home": 0.112371,
  "market_total": 0.050991,
  "home_bench_count": 0.037745,
  "consensus_total": 0.029831,
  "away_team_abbr_TOR": 0.026009,
  "market_spread_home": 0.021091,
  "away_off_vs_home_def": 0.019603,
  "away_bench_count": 0.014466,
  "home_b2b_vs_opp_rest": 0.013236,
  "away_pythag_vs_record": 0.012734,
  "away_team_abbr_MIN": 0.010451,
  "home_off_rtg_avg_20": 0.008701,
  "pythag_diff_10": 0.008262,
  "away_pythag_rtg_vs_record": 0.007687,
  "home_net_rating_10": 0.006425,
  "start_hour_utc": 0.006039,
  "home_pace_avg_20": 0.005417,
  "away_foul_rate_avg_10": 0.005249,
  "home_ts_pct_avg_20": 0.004757,
  "pts_for_diff_20": 0.00457,
  "fg3a_rate_diff_5": 0.004535,
  "line_move_abs_spread": 0.004459,
  "ts_pct_diff_10": 0.004439,
  "home_home_pts_for_avg_5": 0.004285,
  "last10_pct_diff": 0.00422,
  "home_plus_minus_avg_20": 0.004205,
  "home_pythag_20": 0.004133,
  "efg_pct_diff_5": 0.004088,
  "pythag_rtg_record_edge": 0.004065,
  "start_dow_utc": 0.004061,
  "home_win_pct": 0.004057,
  "three_pt_rate_diff_10": 0.003915,
  "pythag_record_edge": 0.003886,
  "away_away_win_pct_5": 0.003848,
  "away_net_rating_10": 0.003694,
  "away_ts_pct_avg_10": 0.003659,
  "away_pythag_5": 0.003657,
  "win_pct_diff": 0.003491,
  "home_fatigue_vs_opp_rest": 0.003451,
  "tov_rate_diff_5": 0.003448,
  "away_away_pts_against_avg_20": 0.003366,
  "away_tov_rate_avg_20": 0.003219,
  "home_pts_for_avg_20": 0.003212,
  "ts_pct_diff_5": 0.003154,
  "home_fatigue_score": 0.003107,
  "home_home_win_pct_5": 0.003102,
  "away_pbp_tov_rate_avg_10": 0.003087,
  "home_tov_rate_avg_20": 0.00304,
  "efg_pct_diff_20": 0.003031,
  "home_ast_tov_ratio_10": 0.002934,
  "crew_away_foul_bias": 0.002916,
  "away_pythag_rtg_10": 0.002905,
  "away_efg_pct_avg_20": 0.002881,
  "home_team_abbr_MIA": 0.002825,
  "home_stl_avg_10": 0.002783,
  "home_ast_avg_10": 0.002764,
  "ast_tov_ratio_diff_10": 0.00276,
  "fatigue_asymmetry": 0.002752,
  "crew_avg_fouls_per_game": 0.002696,
  "home_def_rtg_avg_20": 0.002688,
  "away_pts_against_avg_20": 0.00268,
  "pythag_rtg_diff_10": 0.002674,
  "away_blk_avg_10": 0.002671,
  "away_oreb_avg_5": 0.00266,
  "home_ts_pct_avg_10": 0.002652,
  "home_ot_tendency_10": 0.002621,
  "home_home_win_pct_10": 0.002584,
  "away_elo": 0.002556,
  "home_fg_pct_avg_5": 0.002555,
  "market_line_move_margin": 0.002554,
  "home_foul_rate_avg_10": 0.002548,
  "home_efg_pct_avg_20": 0.002524,
  "home_fatigue_x_pts5": 0.002519,
  "away_total_travel_miles_5": 0.002514,
  "away_team_abbr_CHI": 0.002492,
  "away_ft_pct_avg_5": 0.002468,
  "pace_diff_20": 0.002445,
  "away_starter_continuity_avg_10": 0.002433,
  "travel_b2b_fatigue": 0.00243,
  "pythag_diff_20": 0.002407,
  "attendance": 0.002403,
  "total_book_disagreement": 0.002381,
  "home_team_abbr_CHI": 0.002379,
  "tov_rate_diff_20": 0.002371,
  "market_line_move_total": 0.002365,
  "away_efg_pct_avg_5": 0.002364,
  "fg3_pct_diff_20": 0.002356,
  "away_fouls_avg_20": 0.002339,
  "home_pace_avg_10": 0.002312,
  "away_b2b_vs_opp_rest": 0.002303,
  "home_injured_min_lost": 0.002287,
  "home_tov_rate_avg_5": 0.002257,
  "away_away_pts_for_avg_20": 0.002231,
  "net_rtg_diff_10": 0.002218,
  "away_blk_avg_20": 0.002215,
  "home_blk_avg_20": 0.002196,
  "net_rating_diff_20": 0.002176,
  "home_def_rtg_avg_10": 0.002168,
  "home_blk_avg_10": 0.002165,
  "stocks_diff_10": 0.002135,
  "home_fouls_avg_10": 0.002123,
  "elo_diff": 0.002118,
  "season_days_elapsed": 0.002109,
  "home_off_vs_sos": 0.002098,
  "dk_vs_consensus_spread": 0.002083,
  "away_fouls_avg_10": 0.00207,
  "away_ts_pct_avg_5": 0.002005,
  "away_last10_pct": 0.001998,
  "home_home_pts_against_avg_20": 0.001993,
  "spread_book_disagreement": 0.001983,
  "away_injured_min_lost": 0.001954,
  "streak_diff": 0.001947,
  "home_efg_pct_avg_5": 0.001944,
  "home_team_abbr_SAC": 0.001943,
  "away_ast_tov_ratio_10": 0.001936,
  "away_three_pt_rate_avg_10": 0.00193,
  "away_off_rtg_avg_10": 0.001918,
  "home_ts_pct_avg_5": 0.001911,
  "home_starter_continuity": 0.001899,
  "home_stl_avg_20": 0.001892,
  "pts_for_diff_5": 0.001881,
  "away_fg3_pct_avg_5": 0.001877,
  "away_pts_against_avg_5": 0.001875,
  "home_implied_score": 0.001867,
  "away_streak": 0.001833,
  "attendance_vs_avg": 0.001832,
  "away_conf_rank": 0.001827,
  "line_move_abs_total": 0.001825,
  "home_pts_against_avg_20": 0.00182,
  "sos_adjusted_margin": 0.001809,
  "ref_foul_ot_signal": 0.001807,
  "home_elo": 0.001806,
  "home_pace_avg_5": 0.001806,
  "home_pbp_tov_rate_avg_10": 0.001791,
  "pythag_rtg_diff_20": 0.001785,
  "away_away_win_pct_10": 0.001779,
  "away_def_rtg_avg_20": 0.001778,
  "home_pythag_vs_record": 0.00177,
  "away_pace_avg_5": 0.001764,
  "away_injured_pts_lost": 0.001764,
  "away_fg3_pct_avg_20": 0.001754,
  "travel_load_per_rest": 0.001749,
  "away_pts_for_avg_10": 0.001739,
  "away_ast_avg_10": 0.001727,
  "away_away_win_pct_20": 0.001719,
  "home_pythag_rtg_vs_record": 0.001715,
  "market_open_total": 0.001662,
  "away_stl_avg_20": 0.001641,
  "home_fg3a_rate_avg_5": 0.001631,
  "pace_diff_5": 0.00163,
  "away_injured_out_count": 0.001623,
  "home_fg3_pct_avg_5": 0.001604,
  "travel_distance_miles": 0.0016,
  "away_away_pts_against_avg_5": 0.001599,
  "away_stocks_avg_10": 0.001596,
  "fouls_diff_10": 0.001595,
  "h2h_home_margin_avg5": 0.001583,
  "fg3_pct_diff_5": 0.001582,
  "pythag_diff_5": 0.001577,
  "away_fg3a_rate_avg_5": 0.001576,
  "away_pace_avg_10": 0.001573,
  "away_tov_rate_avg_5": 0.001573,
  "away_prev_leg_miles": 0.001563,
  "home_oreb_avg_5": 0.001558,
  "away_off_rtg_avg_20": 0.001545,
  "game_pace_est_5": 0.00154,
  "efg_pct_diff_10": 0.001535,
  "away_implied_score": 0.001515,
  "home_home_pts_for_avg_20": 0.001513,
  "home_starter_continuity_avg_10": 0.001502,
  "away_pts_for_avg_20": 0.001501,
  "away_team_abbr_DAL": 0.001481,
  "home_tov_avg_5": 0.001477,
  "away_team_abbr_HOU": 0.001474,
  "away_away_pts_for_avg_5": 0.001448,
  "home_stocks_avg_10": 0.001427,
  "away_fatigue_x_pts5": 0.001404,
  "home_off_rtg_avg_10": 0.001401,
  "away_def_rtg_avg_10": 0.001399,
  "injury_pts_advantage_home": 0.001387,
  "altitude_travel_fatigue": 0.001385,
  "home_three_pt_rate_avg_10": 0.001385,
  "h2h_meetings_5": 0.001347,
  "away_fg_pct_avg_5": 0.001344,
  "net_rating_diff_10": 0.00134,
  "away_plus_minus_avg_20": 0.001337,
  "away_fatigue_vs_opp_rest": 0.001332,
  "fatigue_rest_mismatch": 0.001312,
  "home_altitude_ft": 0.001295,
  "market_open_spread_home": 0.001293,
  "home_fouls_avg_20": 0.00129,
  "continuity_diff_10": 0.001269,
  "away_tov_avg_5": 0.001258,
  "away_pts_for_sd_10": 0.001245,
  "home_team_abbr_UTA": 0.001217,
  "home_fg3_pct_avg_20": 0.001215,
  "away_team_abbr_DET": 0.001215,
  "home_pts_for_sd_10": 0.001214,
  "h2h_home_win_pct5": 0.001212,
  "home_pythag_5": 0.001188,
  "home_off_vs_away_def": 0.001185,
  "home_ft_pct_avg_5": 0.001158,
  "home_pts_for_avg_10": 0.001156,
  "away_net_rtg_avg_10": 0.001153,
  "home_efg_pct_avg_10": 0.001149,
  "away_pace_avg_20": 0.001143,
  "home_conf_rank": 0.001127,
  "away_efg_pct_avg_10": 0.001112,
  "home_team_abbr_POR": 0.001097,
  "away_ts_pct_avg_20": 0.001079,
  "home_injured_out_count": 0.001079,
  "home_home_win_pct_20": 0.001062,
  "home_home_pts_against_avg_5": 0.00106,
  "home_sos_def_10": 0.001029,
  "home_team_abbr_HOU": 0.001014,
  "away_pts_against_avg_10": 0.00101,
  "home_streak": 0.000997,
  "rest_advantage_home": 0.00095,
  "home_net_rating_20": 0.000945,
  "away_sos_def_10": 0.000934,
  "home_pts_against_avg_10": 0.00088,
  "away_starter_continuity": 0.000875,
  "away_pts_for_avg_5": 0.000864,
  "home_team_abbr_BOS": 0.000839,
  "altitude_travel_stress": 0.000806,
  "away_off_vs_sos": 0.000784,
  "dk_vs_consensus_total": 0.000725,
  "home_team_abbr_MIL": 0.000715,
  "away_pythag_10": 0.000703,
  "away_pace_n_5": 0.000683,
  "home_net_rtg_avg_10": 0.000648,
  "away_team_abbr_DEN": 0.000644,
  "away_pythag_20": 0.00063,