{"home_rest_days": 2.0, "home_is_b2b": 0.0, "away_rest_days": 2.0, "away_is_b2b": 0.0, "home_is_b2b_away": 0.0, "away_is_b2b_away": 0.0, "home_is_3_in_4": 0.0, "away_is_3_in_4": 0.0, "home_is_4_in_5": 0.0, "away_is_4_in_5": 0.0, "rest_advantage_home": 0.0, "home_pts_for_avg_5": 114.6, "home_pts_against_avg_5": 114.2, "home_pts_for_avg_10": 114.9, "home_pts_against_avg_10": 114.3, "home_pts_for_sd_10": 11.445523142259598, "away_pts_for_avg_5": 114.8, "away_pts_against_avg_5": 114.6, "away_pts_for_avg_10": 114.8, "away_pts_against_avg_10": 114.6, "away_pts_for_sd_10": 11.404190263037334, "home_pace_n_5": 5.0, "home_pace_avg_5": 101.384, "home_pace_avg_10": 101.604, "home_fg_pct_avg_5": 0.4679139153208448, "home_ft_pct_avg_5": 0.7840640604067715, "home_tov_avg_5": 13.6, "home_oreb_avg_5": 11.2, "away_pace_n_5": 5.0, "away_pace_avg_5": 101.568, "away_pace_avg_10": 101.808, "away_fg_pct_avg_5": 0.4678575765411359, "away_ft_pct_avg_5": 0.7851589758710502, "away_tov_avg_5": 13.6, "away_oreb_avg_5": 11.0, "home_off_vs_away_def": 0.0, "away_off_vs_home_def": 0.275, "game_pace_est_5": 101.53999999999999, "home_fg3_pct_avg_5": 0.3600416182733256, "home_fg3a_rate_avg_5": 0.41735260195629553, "home_efg_pct_avg_5": 0.5447218769234483, "home_ts_pct_avg_5": 0.5789618187581326, "home_tov_rate_avg_5": 0.12126478577518857, "home_efg_pct_avg_10": 0.5439333903785656, "home_ts_pct_avg_10": 0.5795372759673652, "away_fg3_pct_avg_5": 0.35929069593865104, "away_fg3a_rate_avg_5": 0.42043290043290044, "away_efg_pct_avg_5": 0.5437339078915103, "away_ts_pct_avg_5": 0.579507496362744, "away_tov_rate_avg_5": 0.12055274356107921, "away_efg_pct_avg_10": 0.544859580463974, "away_ts_pct_avg_10": 0.5802714207034241, "home_off_rtg_avg_10": 112.62618036033108, "home_def_rtg_avg_10": 112.63162754578168, "home_net_rtg_avg_10": -0.1342975263647505, "away_off_rtg_avg_10": 112.78350995706786, "away_def_rtg_avg_10": 112.8208310115632, "away_net_rtg_avg_10": 0.1484223993501, "net_rtg_diff_10": -0.12079434002255908, "home_sos_def_10": 112.73091877335698, "away_sos_def_10": 112.7766547981891, "home_win_pct": 0.5, "away_win_pct": 0.5, "home_conf_rank": NaN, "away_conf_rank": NaN, "win_pct_diff": 0.0, "home_home_win_pct_10": 0.5555555555555556, "away_away_win_pct_10": 0.4365079365079365, "home_injured_pts_lost": 32.89, "away_injured_pts_lost": 32.68, "home_injured_min_lost": 60.99158333333333, "away_injured_min_lost": 61.161, "home_injured_out_count": 2.0, "away_injured_out_count": 2.0, "injury_pts_advantage_home": 0.0, "home_clutch_net_avg_10": NaN, "away_clutch_net_avg_10": NaN, "market_spread_home": NaN, "market_total": NaN, "market_open_spread_home": NaN, "market_open_total": NaN, "market_line_move_margin": NaN, "market_line_move_total": NaN, "home_implied_score": NaN, "away_implied_score": NaN, "consensus_spread_home": NaN, "consensus_total": NaN, "spread_book_disagreement": NaN, "total_book_disagreement": NaN, "dk_vs_consensus_spread": NaN, "dk_vs_consensus_total": NaN, "home_top8_min_avg_5": NaN, "home_top8_min_avg_10": NaN, "home_rotation_depth_5": NaN, "home_rotation_depth_10": NaN, "home_top3_pts_avg_5": NaN, "home_top3_pts_avg_10": NaN, "away_top8_min_avg_5": NaN, "away_top8_min_avg_10": NaN, "away_rotation_depth_5": NaN, "away_rotation_depth_10": NaN, "away_top3_pts_avg_5": NaN, "away_top3_pts_avg_10": NaN, "dk_spread_home_juice": NaN, "dk_spread_away_juice": NaN, "dk_total_over_juice": NaN, "dk_total_under_juice": NaN, "dk_spread_juice_move": NaN, "dk_total_over_juice_move": NaN, "avg_spread_home_juice": NaN, "avg_total_over_juice": NaN, "spread_juice_skew": NaN, "total_juice_skew": NaN, "spread_home_implied_prob": NaN, "total_over_implied_prob": NaN, "home_stl_avg_10": 8.125, "home_blk_avg_10": 4.833333333333333, "home_ast_avg_10": 26.333333333333332, "home_pts_fast_break_avg_10": NaN, "home_pts_paint_avg_10": NaN, "home_pts_bench_avg_10": NaN, "home_fouls_avg_10": NaN, "home_stocks_avg_10": 13.1, "home_ast_tov_ratio_10": 1.9285714285714286, "home_fast_break_pct_10": NaN, "home_paint_pct_10": NaN, "home_bench_pct_10": NaN, "away_stl_avg_10": 8.2, "away_blk_avg_10": 4.8, "away_ast_avg_10": 26.3, "away_pts_fast_break_avg_10": NaN, "away_pts_paint_avg_10": NaN, "away_pts_bench_avg_10": NaN, "away_fouls_avg_10": NaN, "away_stocks_avg_10": 13.1, "away_ast_tov_ratio_10": 1.934640522875817, "away_fast_break_pct_10": NaN, "away_paint_pct_10": NaN, "away_bench_pct_10": NaN, "home_starter_continuity": NaN, "home_bench_count": NaN, "home_scratch_count": NaN, "home_starter_continuity_avg_10": NaN, "away_starter_continuity": NaN, "away_bench_count": NaN, "away_scratch_count": NaN, "away_starter_continuity_avg_10": NaN, "home_home_record_pct": NaN, "home_away_record_pct": NaN, "home_home_away_split": NaN, "home_streak": 0.0, "home_last10_pct": NaN, "away_home_record_pct": NaN, "away_away_record_pct": NaN, "away_home_away_split": NaN, "away_streak": 0.0, "away_last10_pct": NaN, "travel_distance_miles": 913.0, "is_cross_country": 0.0, "away_prev_leg_miles": 624.0, "away_total_travel_miles_5": 2801.5, "home_altitude_ft": 0.0, "altitude_travel_fatigue": 0.0, "home_three_pt_rate_avg_10": NaN, "home_foul_rate_avg_10": NaN, "home_pbp_tov_rate_avg_10": NaN, "away_three_pt_rate_avg_10": NaN, "away_foul_rate_avg_10": NaN, "away_pbp_tov_rate_avg_10": NaN, "home_q1_pts_avg_10": NaN, "home_q4_pts_avg_10": NaN, "home_first_half_pct_10": NaN, "home_strong_closer_pct_10": NaN, "away_q1_pts_avg_10": NaN, "away_q4_pts_avg_10": NaN, "away_first_half_pct_10": NaN, "away_strong_closer_pct_10": NaN, "attendance": 18175.0, "attendance_pct_capacity": 0.957, "attendance_vs_avg": 1.0, "home_ot_tendency_10": 1.0, "away_ot_tendency_10": 1.0, "crew_avg_fouls_per_game": 0.0, "crew_away_foul_bias": 0.0, "crew_size": 3.0, "spread_residual": NaN, "total_residual": NaN, "start_hour_utc": 1.0, "start_dow_utc": 3.0, "season_2024-2025-regular": 1.0, "season_2025-2026-regular": 0.0, "home_team_abbr_ATL": 0.0, "home_team_abbr_BOS": 0.0, "home_team_abbr_BRO": 0.0, "home_team_abbr_CHA": 0.0, "home_team_abbr_CHI": 0.0, "home_team_abbr_CLE": 0.0, "home_team_abbr_DAL": 0.0, "home_team_abbr_DEN": 0.0, "home_team_abbr_DET": 0.0, "home_team_abbr_GSW": 0.0, "home_team_abbr_HOU": 0.0, "home_team_abbr_IND": 0.0, "home_team_abbr_LAC": 0.0, "home_team_abbr_LAL": 0.0, "home_team_abbr_MEM": 0.0, "home_team_abbr_MIA": 0.0, "home_team_abbr_MIL": 0.0, "home_team_abbr_MIN": 0.0, "home_team_abbr_NOP": 0.0, "home_team_abbr_NYK": 0.0, "home_team_abbr_OKL": 0.0, "home_team_abbr_ORL": 0.0, "home_team_abbr_PHI": 0.0, "home_team_abbr_PHX": 0.0, "home_team_abbr_POR": 0.0, "home_team_abbr_SAC": 0.0, "home_team_abbr_SAS": 0.0, "home_team_abbr_TOR": 0.0, "home_team_abbr_UTA": 0.0, "home_team_abbr_WAS": 0.0, "away_team_abbr_ATL": 0.0, "away_team_abbr_BOS": 0.0, "away_team_abbr_BRO": 0.0, "away_team_abbr_CHA": 0.0, "away_team_abbr_CHI": 0.0, "away_team_abbr_CLE": 0.0, "away_team_abbr_DAL": 0.0, "away_team_abbr_DEN": 0.0, "away_team_abbr_DET": 0.0, "away_team_abbr_GSW": 0.0, "away_team_abbr_HOU": 0.0, "away_team_abbr_IND": 0.0, "away_team_abbr_LAC": 0.0, "away_team_abbr_LAL": 0.0, "away_team_abbr_MEM": 0.0, "away_team_abbr_MIA": 0.0, "away_team_abbr_MIL": 0.0, "away_team_abbr_MIN": 0.0, "away_team_abbr_NOP": 0.0, "away_team_abbr_NYK": 0.0, "away_team_abbr_OKL": 0.0, "away_team_abbr_ORL": 0.0, "away_team_abbr_PHI": 0.0, "away_team_abbr_PHX": 0.0, "away_team_abbr_POR": 0.0, "away_team_abbr_SAC": 0.0, "away_team_abbr_SAS": 0.0, "away_team_abbr_TOR": 0.0, "away_team_abbr_UTA": 0.0, "away_team_abbr_WAS": 0.0, "home_net_rating_10": -0.19999999999998863, "away_net_rating_10": 0.10000000000000853, "net_rating_diff_10": -0.09999999999999432, "pace_diff_5": -0.11599999999999966, "pts_for_diff_5": 0.0, "efg_diff_5": 0.002584680572538578, "ts_diff_5": 0.0011120398847300206, "fg3a_rate_diff_5": -0.002541948224615731, "tov_rate_diff_5": 0.0010599825468608493, "injury_pts_diff": 0.0, "clutch_net_diff_10": NaN, "spread_implied_edge": NaN, "stocks_diff_10": 0.0,