{"home_rest_days": 2.0, "home_is_b2b": 0.0, "away_rest_days": 2.0, "away_is_b2b": 0.0, "home_is_b2b_away": 0.0, "away_is_b2b_away": 0.0, "home_is_3_in_4": 0.0, "away_is_3_in_4": 0.0, "home_is_4_in_5": 0.0, "away_is_4_in_5": 0.0, "rest_advantage_home": 0.0, "home_pts_for_avg_5": 114.6, "home_pts_against_avg_5": 114.2, "home_pts_for_avg_10": 114.6125, "home_pts_against_avg_10": 114.2, "home_pts_for_sd_10": 11.532802346863662, "away_pts_for_avg_5": 114.6, "away_pts_against_avg_5": 114.6, "away_pts_for_avg_10": 114.7, "away_pts_against_avg_10": 114.5, "away_pts_for_sd_10": 11.468798210568373, "home_pace_n_5": 5.0, "home_pace_avg_5": 101.344, "home_pace_avg_10": 101.54, "home_fg_pct_avg_5": 0.4675445632894826, "home_ft_pct_avg_5": 0.7831789519732263, "home_tov_avg_5": 13.6, "home_oreb_avg_5": 11.2, "away_pace_n_5": 5.0, "away_pace_avg_5": 101.6, "away_pace_avg_10": 101.768, "away_fg_pct_avg_5": 0.4681974795779843, "away_ft_pct_avg_5": 0.7836022189912133, "away_tov_avg_5": 13.6, "away_oreb_avg_5": 11.0, "home_off_vs_away_def": -0.1, "away_off_vs_home_def": 0.4, "game_pace_est_5": 101.49000000000001, "home_fg3_pct_avg_5": 0.35998895250508156, "home_fg3a_rate_avg_5": 0.4170717465106852, "home_efg_pct_avg_5": 0.5443664562662353, "home_ts_pct_avg_5": 0.578767021740275, "home_tov_rate_avg_5": 0.12113264136949095, "home_efg_pct_avg_10": 0.5438503414104241, "home_ts_pct_avg_10": 0.5793424857407089, "away_fg3_pct_avg_5": 0.3590295009649848, "away_fg3a_rate_avg_5": 0.4197366789438993, "away_efg_pct_avg_5": 0.5439067825506987, "away_ts_pct_avg_5": 0.5795784913468138, "away_tov_rate_avg_5": 0.12056620319269988, "away_efg_pct_avg_10": 0.5449902099157797, "away_ts_pct_avg_10": 0.5802625840553054, "home_off_rtg_avg_10": 112.64679615669593, "home_def_rtg_avg_10": 112.62972827409476, "home_net_rtg_avg_10": -0.013248493672363464, "away_off_rtg_avg_10": 112.75722851731251, "away_def_rtg_avg_10": 112.73393859208544, "away_net_rtg_avg_10": 0.20076056564169167, "net_rtg_diff_10": -0.12211434963544254, "home_sos_def_10": 112.71731254070141, "away_sos_def_10": 112.76984052316718, "home_win_pct": 0.54, "away_win_pct": 0.521, "home_conf_rank": 8.0, "away_conf_rank": 9.0, "win_pct_diff": 0.0, "home_home_win_pct_10": 0.5, "away_away_win_pct_10": 0.4444444444444444, "home_injured_pts_lost": 47.4, "away_injured_pts_lost": 47.4, "home_injured_min_lost": 88.61166666666666, "away_injured_min_lost": 88.61166666666666, "home_injured_out_count": 2.0, "away_injured_out_count": 2.0, "injury_pts_advantage_home": -0.22, "home_clutch_net_avg_10": NaN, "away_clutch_net_avg_10": NaN, "market_spread_home": -2.5, "market_total": 229.5, "market_open_spread_home": -3.5, "market_open_total": 230.5, "market_line_move_margin": 0.0, "market_line_move_total": 0.0, "home_implied_score": 116.0, "away_implied_score": 114.0, "consensus_spread_home": -2.75, "consensus_total": 230.0, "spread_book_disagreement": 0.3535533905932738, "total_book_disagreement": 0.0, "dk_vs_consensus_spread": 0.0, "dk_vs_consensus_total": 0.0, "home_top8_min_avg_5": NaN, "home_top8_min_avg_10": NaN, "home_rotation_depth_5": NaN, "home_rotation_depth_10": NaN, "home_top3_pts_avg_5": NaN, "home_top3_pts_avg_10": NaN, "away_top8_min_avg_5": NaN, "away_top8_min_avg_10": NaN, "away_rotation_depth_5": NaN, "away_rotation_depth_10": NaN, "away_top3_pts_avg_5": NaN, "away_top3_pts_avg_10": NaN, "dk_spread_home_juice": NaN, "dk_spread_away_juice": NaN, "dk_total_over_juice": NaN, "dk_total_under_juice": NaN, "dk_spread_juice_move": NaN, "dk_total_over_juice_move": NaN, "avg_spread_home_juice": NaN, "avg_total_over_juice": NaN, "spread_juice_skew": NaN, "total_juice_skew": NaN, "spread_home_implied_prob": NaN, "total_over_implied_prob": NaN, "home_stl_avg_10": 8.2, "home_blk_avg_10": 4.8, "home_ast_avg_10": 26.3, "home_pts_fast_break_avg_10": NaN, "home_pts_paint_avg_10": NaN, "home_pts_bench_avg_10": NaN, "home_fouls_avg_10": 19.8, "home_stocks_avg_10": 13.1, "home_ast_tov_ratio_10": 1.9290780141843973, "home_fast_break_pct_10": NaN, "home_paint_pct_10": NaN, "home_bench_pct_10": NaN, "away_stl_avg_10": 8.2, "away_blk_avg_10": 4.8, "away_ast_avg_10": 26.4, "away_pts_fast_break_avg_10": NaN, "away_pts_paint_avg_10": NaN, "away_pts_bench_avg_10": NaN, "away_fouls_avg_10": 19.75, "away_stocks_avg_10": 13.1, "away_ast_tov_ratio_10": 1.9385964912280702, "away_fast_break_pct_10": NaN, "away_paint_pct_10": NaN, "away_bench_pct_10": NaN, "home_starter_continuity": 0.8, "home_bench_count": 5.0, "home_scratch_count": 0.0, "home_starter_continuity_avg_10": 0.88, "away_starter_continuity": 0.8, "away_bench_count": 5.0, "away_scratch_count": 0.0, "away_starter_continuity_avg_10": 0.86, "home_home_record_pct": NaN, "home_away_record_pct": NaN, "home_home_away_split": NaN, "home_streak": 0.0, "home_last10_pct": NaN, "away_home_record_pct": NaN, "away_away_record_pct": NaN, "away_home_away_split": NaN, "away_streak": 0.0, "away_last10_pct": NaN, "travel_distance_miles": 917.0, "is_cross_country": 0.0, "away_prev_leg_miles": 612.0, "away_total_travel_miles_5": 2806.0, "home_altitude_ft": 0.0, "altitude_travel_fatigue": 0.0, "home_three_pt_rate_avg_10": 0.16574902696922955, "home_foul_rate_avg_10": 0.08790333697476829, "home_pbp_tov_rate_avg_10": 0.06437827605465424, "away_three_pt_rate_avg_10": 0.16624776023351095, "away_foul_rate_avg_10": 0.08755111194198516, "away_pbp_tov_rate_avg_10": 0.06419554035702915, "home_q1_pts_avg_10": NaN, "home_q4_pts_avg_10": NaN, "home_first_half_pct_10": NaN, "home_strong_closer_pct_10": NaN, "away_q1_pts_avg_10": NaN, "away_q4_pts_avg_10": NaN, "away_first_half_pct_10": NaN, "away_strong_closer_pct_10": NaN, "attendance": 18175.0, "attendance_pct_capacity": 0.957, "attendance_vs_avg": 1.0, "home_ot_tendency_10": 1.0, "away_ot_tendency_10": 1.0, "crew_avg_fouls_per_game": 39.3, "crew_away_foul_bias": -0.02, "crew_size": 3.0, "h2h_meetings_5": 2.0, "h2h_home_margin_avg5": -0.4, "h2h_home_win_pct5": 0.5, "home_elo": 1502.2984774707413, "away_elo": 1502.1072472933965, "elo_diff": 0.0, "elo_win_prob_home": 0.6400649998028851, "season_days_elapsed": 97.0, "start_hour_utc": 1.0, "start_dow_utc": 4.0, "season_2024-2025-regular": 1.0, "season_2025-2026-regular": 0.0, "home_team_abbr_ATL": 0.0, "home_team_abbr_BOS": 0.0, "home_team_abbr_BRO": 0.0, "home_team_abbr_CHA": 0.0, "home_team_abbr_CHI": 0.0, "home_team_abbr_CLE": 0.0, "home_team_abbr_DAL": 0.0, "home_team_abbr_DEN": 0.0, "home_team_abbr_DET": 0.0, "home_team_abbr_GSW": 0.0, "home_team_abbr_HOU": 0.0, "home_team_abbr_IND": 0.0, "home_team_abbr_LAC": 0.0, "home_team_abbr_LAL": 0.0, "home_team_abbr_MEM": 0.0, "home_team_abbr_MIA": 0.0, "home_team_abbr_MIL": 0.0, "home_team_abbr_MIN": 0.0, "home_team_abbr_NOP": 0.0, "home_team_abbr_NYK": 0.0, "home_team_abbr_OKL": 0.0, "home_team_abbr_ORL": 0.0, "home_team_abbr_PHI": 0.0, "home_team_abbr_PHX": 0.0, "home_team_abbr_POR": 0.0, "home_team_abbr_SAC": 0.0, "home_team_abbr_SAS": 0.0, "home_team_abbr_TOR": 0.0, "home_team_abbr_UTA": 0.0, "home_team_abbr_WAS": 0.0, "away_team_abbr_ATL": 0.0, "away_team_abbr_BOS": 0.0, "away_team_abbr_BRO": 0.0, "away_team_abbr_CHA": 0.0, "away_team_abbr_CHI": 0.0, "away_team_abbr_CLE": 0.0, "away_team_abbr_DAL": 0.0, "away_team_abbr_DEN": 0.0, "away_team_abbr_DET": 0.0, "away_team_abbr_GSW": 0.0, "away_team_abbr_HOU": 0.0, "away_team_abbr_IND": 0.0, "away_team_abbr_LAC": 0.0, "away_team_abbr_LAL": 0.0, "away_team_abbr_MEM": 0.0, "away_team_abbr_MIA": 0.0, "away_team_abbr_MIL": 0.0, "away_team_abbr_MIN": 0.0, "away_team_abbr_NOP": 0.0, "away_team_abbr_NYK": 0.0, "away_team_abbr_OKL": 0.0, "away_team_abbr_ORL": 0.0, "away_team_abbr_PHI": 0.0, "away_team_abbr_PHX": 0.0, "away_team_abbr_POR": 0.0, "away_team_abbr_SAC": 0.0, "away_team_abbr_SAS": 0.0, "away_team_abbr_TOR": 0.0, "away_team_abbr_UTA": 0.0, "away_team_abbr_WAS": 0.0, "home_net_rating_10": 0.0, "away_net_rating_10": 0.20000000000000284, "net_rating_diff_10": -0.09999999999999432, "home_pythag_5": 0.5059169525843032, "away_pythag_5": 0.5,