{"home_rest_days": 2.0, "home_is_b2b": 0.0, "away_rest_days": 2.0, "away_is_b2b": 0.0, "home_is_b2b_away": 0.0, "away_is_b2b_away": 0.0, "home_is_3_in_4": 0.0, "away_is_3_in_4": 0.0, "home_is_4_in_5": 0.0, "away_is_4_in_5": 0.0, "rest_advantage_home": 0.0, "home_pts_for_avg_5": 114.6, "home_pts_against_avg_5": 114.2, "home_pts_for_avg_10": 114.6, "home_pts_against_avg_10": 114.2, "home_pts_for_sd_10": 11.566234381931649, "away_pts_for_avg_5": 114.6, "away_pts_against_avg_5": 114.6, "away_pts_for_avg_10": 114.6, "away_pts_against_avg_10": 114.6, "away_pts_for_sd_10": 11.489125293076057, "home_pace_n_5": 5.0, "home_pace_avg_5": 101.304, "home_pace_avg_10": 101.516, "home_fg_pct_avg_5": 0.4679666021344821, "home_ft_pct_avg_5": 0.7832905982905983, "home_tov_avg_5": 13.6, "home_oreb_avg_5": 11.2, "away_pace_n_5": 5.0, "away_pace_avg_5": 101.48, "away_pace_avg_10": 101.66, "away_fg_pct_avg_5": 0.4683696010038622, "away_ft_pct_avg_5": 0.7836440422322776, "away_tov_avg_5": 13.6, "away_oreb_avg_5": 11.0, "home_off_vs_away_def": -0.1, "away_off_vs_home_def": 0.3, "game_pace_est_5": 101.432, "home_fg3_pct_avg_5": 0.3596457124435848, "home_fg3a_rate_avg_5": 0.41747469000918014, "home_efg_pct_avg_5": 0.5443664562662353, "home_ts_pct_avg_5": 0.5792851278136777, "home_tov_rate_avg_5": 0.121021596937658, "home_efg_pct_avg_10": 0.543757645682559, "home_ts_pct_avg_10": 0.5793344423759343, "away_fg3_pct_avg_5": 0.3585862364585769, "away_fg3a_rate_avg_5": 0.420367884101202, "away_efg_pct_avg_5": 0.5439587480861129, "away_ts_pct_avg_5": 0.5797128816699011, "away_tov_rate_avg_5": 0.12040513561561758, "away_efg_pct_avg_10": 0.5449157242566797, "away_ts_pct_avg_10": 0.5801821202880469, "home_off_rtg_avg_10": 112.73003469849424, "home_def_rtg_avg_10": 112.63931511721309, "home_net_rtg_avg_10": 0.025276594706981514, "away_off_rtg_avg_10": 112.7464713972505, "away_def_rtg_avg_10": 112.85225105610822, "away_net_rtg_avg_10": 0.18774977350748306, "net_rtg_diff_10": -0.05043349997562989, "home_sos_def_10": 112.84759175526348, "away_sos_def_10": 112.88730818408956, "home_win_pct": 0.521, "away_win_pct": 0.521, "home_conf_rank": 8.0, "away_conf_rank": 9.0, "win_pct_diff": 0.0, "home_home_win_pct_10": 0.5555555555555556, "home_home_pts_for_avg_5": 115.4, "home_home_pts_for_avg_20": 115.65833333333333, "home_home_pts_against_avg_5": 113.63333333333333, "home_home_pts_against_avg_20": 113.56349206349206, "home_home_win_pct_5": 0.6, "home_home_win_pct_20": 0.5555555555555556, "away_away_win_pct_10": 0.5, "away_away_pts_for_avg_5": 113.8, "away_away_pts_for_avg_20": 113.69375, "away_away_pts_against_avg_5": 115.2, "away_away_pts_against_avg_20": 115.42261904761905, "away_away_win_pct_5": 0.4, "away_away_win_pct_20": 0.45, "home_injured_pts_lost": 54.58, "away_injured_pts_lost": 54.58, "home_injured_min_lost": 107.43966666666667, "away_injured_min_lost": 107.43966666666667, "home_injured_out_count": 3.0, "away_injured_out_count": 3.0, "injury_pts_advantage_home": -0.31, "home_clutch_net_avg_10": NaN, "away_clutch_net_avg_10": NaN, "market_spread_home": -2.5, "market_total": 228.5, "market_open_spread_home": -2.5, "market_open_total": 228.5, "market_line_move_margin": 0.0, "market_line_move_total": 0.0, "home_implied_score": 115.5, "away_implied_score": 113.5, "consensus_spread_home": -2.5, "consensus_total": 228.5, "spread_book_disagreement": 0.3535533905932738, "total_book_disagreement": 0.3535533905932738, "dk_vs_consensus_spread": 0.0, "dk_vs_consensus_total": 0.0, "home_top8_min_avg_5": NaN, "home_top8_min_avg_10": NaN, "home_rotation_depth_5": NaN, "home_rotation_depth_10": NaN, "home_top3_pts_avg_5": NaN, "home_top3_pts_avg_10": NaN, "away_top8_min_avg_5": NaN, "away_top8_min_avg_10": NaN, "away_rotation_depth_5": NaN, "away_rotation_depth_10": NaN, "away_top3_pts_avg_5": NaN, "away_top3_pts_avg_10": NaN, "dk_spread_home_juice": NaN, "dk_spread_away_juice": NaN, "dk_total_over_juice": NaN, "dk_total_under_juice": NaN, "dk_spread_juice_move": NaN, "dk_total_over_juice_move": NaN, "avg_spread_home_juice": NaN, "avg_total_over_juice": NaN, "spread_juice_skew": NaN, "total_juice_skew": NaN, "spread_home_implied_prob": NaN, "total_over_implied_prob": NaN, "home_stl_avg_10": 8.2, "home_blk_avg_10": 4.8, "home_ast_avg_10": 26.3, "home_pts_fast_break_avg_10": NaN, "home_pts_paint_avg_10": NaN, "home_pts_bench_avg_10": NaN, "home_fouls_avg_10": 19.8, "home_stocks_avg_10": 13.1, "home_ast_tov_ratio_10": 1.9319727891156464, "home_fast_break_pct_10": NaN, "home_paint_pct_10": NaN, "home_bench_pct_10": NaN, "home_stl_avg_20": 8.25, "home_blk_avg_20": 4.875, "home_pts_fast_break_avg_20": NaN, "home_pts_paint_avg_20": NaN, "home_pts_bench_avg_20": NaN, "home_fouls_avg_20": 19.95, "home_plus_minus_avg_20": -0.05, "away_stl_avg_10": 8.2, "away_blk_avg_10": 4.8, "away_ast_avg_10": 26.4, "away_pts_fast_break_avg_10": NaN, "away_pts_paint_avg_10": NaN, "away_pts_bench_avg_10": NaN, "away_fouls_avg_10": 19.8, "away_stocks_avg_10": 13.1, "away_ast_tov_ratio_10": 1.9402985074626866, "away_fast_break_pct_10": NaN, "away_paint_pct_10": NaN, "away_bench_pct_10": NaN, "away_stl_avg_20": 8.25, "away_blk_avg_20": 4.85, "away_pts_fast_break_avg_20": NaN, "away_pts_paint_avg_20": NaN, "away_pts_bench_avg_20": NaN, "away_fouls_avg_20": 19.95, "away_plus_minus_avg_20": 0.2, "home_efg_pct_avg_20": 0.5427601531091343, "home_ts_pct_avg_20": 0.578134583887227, "home_tov_rate_avg_20": 0.1220584016007041, "home_fg3_pct_avg_20": 0.3569165142986897, "away_efg_pct_avg_20": 0.5439909696639148, "away_ts_pct_avg_20": 0.578607014840752, "away_tov_rate_avg_20": 0.12159689114905517, "away_fg3_pct_avg_20": 0.35781015501364005, "home_off_rtg_avg_20": 112.57439082677756, "home_def_rtg_avg_20": 112.46906154482781, "home_net_rtg_avg_20": 0.04449090985737373, "away_off_rtg_avg_20": 112.64414326561388, "away_def_rtg_avg_20": 112.5248574864772, "away_net_rtg_avg_20": 0.2706441443337494, "home_pts_for_avg_20": 114.75, "home_pts_against_avg_20": 114.3, "away_pts_for_avg_20": 114.7, "away_pts_against_avg_20": 114.45, "home_pace_avg_20": 101.71, "away_pace_avg_20": 101.7129411764706, "home_starter_continuity": 0.8, "home_bench_count": 5.0, "home_scratch_count": 0.0, "home_starter_continuity_avg_10": 0.8666666666666667, "away_starter_continuity": 0.8, "away_bench_count": 5.0, "away_scratch_count": 0.0, "away_starter_continuity_avg_10": 0.86, "home_home_record_pct": NaN, "home_away_record_pct": NaN, "home_home_away_split": NaN, "home_streak": 0.0, "home_last10_pct": NaN, "away_home_record_pct": NaN, "away_away_record_pct": NaN, "away_home_away_split": NaN, "away_streak": 0.0, "away_last10_pct": NaN, "travel_distance_miles": 929.0, "is_cross_country": 0.0, "away_prev_leg_miles": 612.0, "away_total_travel_miles_5": 2806.0, "home_altitude_ft": 0.0, "altitude_travel_fatigue": 0.0, "home_three_pt_rate_avg_10": 0.16569346651870703, "home_foul_rate_avg_10": 0.08786168362376034, "home_pbp_tov_rate_avg_10": 0.06426750302864284, "away_three_pt_rate_avg_10": 0.16635926325965406, "away_foul_rate_avg_10": 0.08772770467100083, "away_pbp_tov_rate_avg_10": 0.06414954798087244, "home_q1_pts_avg_10": NaN, "home_q4_pts_avg_10": NaN, "home_first_half_pct_10": NaN, "home_strong_closer_pct_10": NaN, "away_q1_pts_avg_10": NaN, "away_q4_pts_avg_10": NaN, "away_first_half_pct_10": NaN, "away_strong_closer_pct_10": NaN, "attendance": 18175.0, "attendance_pct_capacity": 0.957, "attendance_vs_avg": 1.0, "home_ot_tendency_10": 1.0, "away_ot_tendency_10": 1.0, "crew_avg_fouls_per_game": 39.3, "crew_away_foul_bias": -0.01, "crew_size": 3.0, "h2h_meetings_5": 2.0, "h2h_home_margin_avg5": -0.4, "h2h_home_win_pct5": 0.5, "home_elo": 1503.059202082034, "away_elo": 1502.6693665192392, "elo_diff": 0.0, "elo_win_prob_home": 0.6400649998028851, "season_days_elapsed": 102.0, "start_hour_utc": 1.0, "start_dow_utc": 4.0, "season_2024-2025-regular": 1.0, "season_2025-2026-regular": 0.0, "home_team_abbr_ATL": 0.0, "home_team_abbr_BOS": 0.0, "home_team_abbr_BRO": 0.0,