{"home_rest_days": 2.0, "home_is_b2b": 0.0, "away_rest_days": 2.0, "away_is_b2b": 0.0, "home_is_b2b_away": 0.0, "away_is_b2b_away": 0.0, "home_is_3_in_4": 0.0, "away_is_3_in_4": 0.0, "home_is_4_in_5": 0.0, "away_is_4_in_5": 0.0, "rest_advantage_home": 0.0, "home_pts_for_avg_5": 114.6, "home_pts_against_avg_5": 114.2, "home_pts_for_avg_10": 114.6, "home_pts_against_avg_10": 114.2, "home_pts_for_sd_10": 11.547005223417436, "away_pts_for_avg_5": 114.6, "away_pts_against_avg_5": 114.6, "away_pts_for_avg_10": 114.7, "away_pts_against_avg_10": 114.55, "away_pts_for_sd_10": 11.469767022723502, "home_pace_n_5": 5.0, "home_pace_avg_5": 101.316, "home_pace_avg_10": 101.55199999999999, "home_fg_pct_avg_5": 0.46753160760953866, "home_ft_pct_avg_5": 0.7830508284818629, "home_tov_avg_5": 13.6, "home_oreb_avg_5": 11.2, "away_pace_n_5": 5.0, "away_pace_avg_5": 101.568, "away_pace_avg_10": 101.77199999999999, "away_fg_pct_avg_5": 0.46791373646747375, "away_ft_pct_avg_5": 0.7833429118773947, "away_tov_avg_5": 13.6, "away_oreb_avg_5": 11.0, "home_off_vs_away_def": -0.1, "away_off_vs_home_def": 0.3, "game_pace_est_5": 101.46, "home_fg3_pct_avg_5": 0.35980555555555555, "home_fg3a_rate_avg_5": 0.4173424474999869, "home_efg_pct_avg_5": 0.544162566778425, "home_ts_pct_avg_5": 0.5786963382829476, "home_tov_rate_avg_5": 0.12104541999169229, "home_efg_pct_avg_10": 0.5438476503709223, "home_ts_pct_avg_10": 0.5793344423759343, "away_fg3_pct_avg_5": 0.35855902390685, "away_fg3a_rate_avg_5": 0.4197366789438993, "away_efg_pct_avg_5": 0.5438202325998303, "away_ts_pct_avg_5": 0.5793273411675817, "away_tov_rate_avg_5": 0.12055408120467387, "away_efg_pct_avg_10": 0.5449157242566797, "away_ts_pct_avg_10": 0.5801530268699848, "home_off_rtg_avg_10": 112.65577179701516, "home_def_rtg_avg_10": 112.62972827409476, "home_net_rtg_avg_10": -0.006492523387363964, "away_off_rtg_avg_10": 112.73778699058931, "away_def_rtg_avg_10": 112.73393859208544, "away_net_rtg_avg_10": 0.1951361507443208, "net_rtg_diff_10": -0.06646021551211607, "home_sos_def_10": 112.75610730067261, "away_sos_def_10": 112.80627798935367, "home_win_pct": 0.54, "away_win_pct": 0.521, "home_conf_rank": 8.0, "away_conf_rank": 9.0, "win_pct_diff": 0.0, "home_home_win_pct_10": 0.5, "home_home_pts_for_avg_5": 115.4, "home_home_pts_for_avg_20": 115.73684210526316, "home_home_pts_against_avg_5": 113.6, "home_home_pts_against_avg_20": 113.55555555555556, "home_home_win_pct_5": 0.6, "home_home_win_pct_20": 0.5555555555555556, "away_away_win_pct_10": 0.5, "away_away_pts_for_avg_5": 113.8, "away_away_pts_for_avg_20": 113.7, "away_away_pts_against_avg_5": 115.33333333333333, "away_away_pts_against_avg_20": 115.5, "away_away_win_pct_5": 0.4, "away_away_win_pct_20": 0.45, "home_injured_pts_lost": 45.96, "away_injured_pts_lost": 45.96, "home_injured_min_lost": 90.77166666666666, "away_injured_min_lost": 90.77166666666666, "home_injured_out_count": 2.0, "away_injured_out_count": 2.0, "injury_pts_advantage_home": -0.4, "home_clutch_net_avg_10": NaN, "away_clutch_net_avg_10": NaN, "market_spread_home": -2.5, "market_total": 229.5, "market_open_spread_home": -3.5, "market_open_total": 230.5, "market_line_move_margin": 0.0, "market_line_move_total": 0.0, "home_implied_score": 116.0, "away_implied_score": 114.0, "consensus_spread_home": -2.75, "consensus_total": 230.0, "spread_book_disagreement": 0.3535533905932738, "total_book_disagreement": 0.0, "dk_vs_consensus_spread": 0.0, "dk_vs_consensus_total": 0.0, "home_top8_min_avg_5": NaN, "home_top8_min_avg_10": NaN, "home_rotation_depth_5": NaN, "home_rotation_depth_10": NaN, "home_top3_pts_avg_5": NaN, "home_top3_pts_avg_10": NaN, "away_top8_min_avg_5": NaN, "away_top8_min_avg_10": NaN, "away_rotation_depth_5": NaN, "away_rotation_depth_10": NaN, "away_top3_pts_avg_5": NaN, "away_top3_pts_avg_10": NaN, "dk_spread_home_juice": NaN, "dk_spread_away_juice": NaN, "dk_total_over_juice": NaN, "dk_total_under_juice": NaN, "dk_spread_juice_move": NaN, "dk_total_over_juice_move": NaN, "avg_spread_home_juice": NaN, "avg_total_over_juice": NaN, "spread_juice_skew": NaN, "total_juice_skew": NaN, "spread_home_implied_prob": NaN, "total_over_implied_prob": NaN, "home_stl_avg_10": 8.2, "home_blk_avg_10": 4.8, "home_ast_avg_10": 26.3, "home_pts_fast_break_avg_10": NaN, "home_pts_paint_avg_10": NaN, "home_pts_bench_avg_10": NaN, "home_fouls_avg_10": 19.8, "home_stocks_avg_10": 13.1, "home_ast_tov_ratio_10": 1.93006993006993, "home_fast_break_pct_10": NaN, "home_paint_pct_10": NaN, "home_bench_pct_10": NaN, "home_stl_avg_20": 8.2, "home_blk_avg_20": 4.9, "home_pts_fast_break_avg_20": NaN, "home_pts_paint_avg_20": NaN, "home_pts_bench_avg_20": NaN, "home_fouls_avg_20": 20.0, "home_plus_minus_avg_20": -0.125, "away_stl_avg_10": 8.2, "away_blk_avg_10": 4.8, "away_ast_avg_10": 26.4, "away_pts_fast_break_avg_10": NaN, "away_pts_paint_avg_10": NaN, "away_pts_bench_avg_10": NaN, "away_fouls_avg_10": 19.8, "away_stocks_avg_10": 13.1, "away_ast_tov_ratio_10": 1.9385964912280702, "away_fast_break_pct_10": NaN, "away_paint_pct_10": NaN, "away_bench_pct_10": NaN, "away_stl_avg_20": 8.222222222222221, "away_blk_avg_20": 4.85, "away_pts_fast_break_avg_20": NaN, "away_pts_paint_avg_20": NaN, "away_pts_bench_avg_20": NaN, "away_fouls_avg_20": 19.95, "away_plus_minus_avg_20": 0.2, "home_efg_pct_avg_20": 0.5430582120596557, "home_ts_pct_avg_20": 0.5783278386025773, "home_tov_rate_avg_20": 0.12215915931212748, "home_fg3_pct_avg_20": 0.35753808407996607, "away_efg_pct_avg_20": 0.5440446410193726, "away_ts_pct_avg_20": 0.5787599424475992, "away_tov_rate_avg_20": 0.12161001173229988, "away_fg3_pct_avg_20": 0.3579092421057315, "home_off_rtg_avg_20": 112.54945605995616, "home_def_rtg_avg_20": 112.4583319865568, "home_net_rtg_avg_20": -0.04549159712723039, "away_off_rtg_avg_20": 112.64433008345395, "away_def_rtg_avg_20": 112.49883235732645, "away_net_rtg_avg_20": 0.2517359363854508, "home_pts_for_avg_20": 114.78362573099415, "home_pts_against_avg_20": 114.29411764705883, "away_pts_for_avg_20": 114.77777777777777, "away_pts_against_avg_20": 114.5, "home_pace_avg_20": 101.715, "away_pace_avg_20": 101.76, "home_starter_continuity": 0.8, "home_bench_count": 5.0, "home_scratch_count": 0.0, "home_starter_continuity_avg_10": 0.88, "away_starter_continuity": 0.8, "away_bench_count": 5.0, "away_scratch_count": 0.0, "away_starter_continuity_avg_10": 0.86, "home_home_record_pct": NaN, "home_away_record_pct": NaN, "home_home_away_split": NaN, "home_streak": 0.0, "home_last10_pct": NaN, "away_home_record_pct": NaN, "away_away_record_pct": NaN, "away_home_away_split": NaN, "away_streak": 0.0, "away_last10_pct": NaN, "travel_distance_miles": 925.0, "is_cross_country": 0.0, "away_prev_leg_miles": 624.0, "away_total_travel_miles_5": 2806.0, "home_altitude_ft": 0.0, "altitude_travel_fatigue": 0.0, "home_three_pt_rate_avg_10": 0.16579199056471144, "home_foul_rate_avg_10": 0.08784846844133243, "home_pbp_tov_rate_avg_10": 0.06430320714046302, "away_three_pt_rate_avg_10": 0.16627551628301906, "away_foul_rate_avg_10": 0.08756483376043298, "away_pbp_tov_rate_avg_10": 0.06418876330073833, "home_q1_pts_avg_10": NaN, "home_q4_pts_avg_10": NaN, "home_first_half_pct_10": NaN, "home_strong_closer_pct_10": NaN, "away_q1_pts_avg_10": NaN, "away_q4_pts_avg_10": NaN, "away_first_half_pct_10": NaN, "away_strong_closer_pct_10": NaN, "attendance": 18175.0, "attendance_pct_capacity": 0.957, "attendance_vs_avg": 1.0, "home_ot_tendency_10": 1.0, "away_ot_tendency_10": 1.0, "crew_avg_fouls_per_game": 39.3, "crew_away_foul_bias": -0.02, "crew_size": 3.0, "h2h_meetings_5": 2.0, "h2h_home_margin_avg5": -0.4, "h2h_home_win_pct5": 0.5, "home_elo": 1502.4712024936175, "away_elo": 1502.252284074957, "elo_diff": 0.0, "elo_win_prob_home": 0.6400649998028851, "season_days_elapsed": 98.0, "start_hour_utc": 1.0, "start_dow_utc": 4.0, "season_2024-2025-regular": 1.0, "season_2025-2026-regular": 0.0, "home_team_abbr_ATL": 0.0, "home_team_abbr_BOS": 0.0, "home_team_abbr_BRO": 0.0,