{
  "consensus_spread_home": 0.11753,
  "market_total": 0.0632,
  "away_team_abbr_TOR": 0.046618,
  "consensus_total": 0.044451,
  "home_bench_count": 0.032139,
  "home_team_abbr_TOR": 0.017909,
  "cross_country_b2b": 0.016595,
  "away_team_abbr_MIN": 0.014265,
  "home_team_abbr_HOU": 0.014252,
  "away_bench_count": 0.012991,
  "market_spread_home": 0.01183,
  "away_pythag_rtg_vs_record": 0.010352,
  "home_plus_minus_avg_20": 0.007298,
  "home_team_abbr_WAS": 0.006777,
  "net_rating_diff_20": 0.006478,
  "home_team_abbr_ATL": 0.006346,
  "away_b2b_vs_opp_rest": 0.006317,
  "away_pythag_vs_record": 0.006141,
  "home_net_rating_10": 0.005938,
  "away_pythag_20": 0.005912,
  "home_ts_pct_avg_20": 0.00581,
  "pythag_rtg_diff_20": 0.005745,
  "away_fatigue_score": 0.005457,
  "home_pythag_rtg_vs_record": 0.005428,
  "ts_pct_diff_10": 0.005239,
  "home_fatigue_x_pts5": 0.005149,
  "home_ast_avg_10": 0.00506,
  "home_pythag_20": 0.00479,
  "away_foul_rate_avg_10": 0.004658,
  "efg_pct_diff_5": 0.004643,
  "dk_vs_consensus_spread": 0.004624,
  "streak_diff": 0.004603,
  "b2b_net_disadvantage": 0.004496,
  "home_home_win_pct_5": 0.004482,
  "away_streak": 0.004448,
  "home_tov_rate_avg_20": 0.004405,
  "continuity_diff_10": 0.004347,
  "pythag_record_edge": 0.004249,
  "h2h_home_win_pct5": 0.004213,
  "home_win_pct": 0.004107,
  "home_ast_tov_ratio_10": 0.004068,
  "away_efg_pct_avg_20": 0.004056,
  "away_blk_avg_20": 0.004012,
  "market_line_move_total": 0.004002,
  "away_net_rating_10": 0.003973,
  "home_starter_continuity": 0.003968,
  "away_away_pts_against_avg_5": 0.003939,
  "away_pbp_tov_rate_avg_10": 0.00388,
  "home_off_rtg_avg_20": 0.00386,
  "away_away_win_pct_20": 0.003743,
  "travel_b2b_fatigue": 0.00372,
  "home_off_vs_sos": 0.003683,
  "pythag_rtg_record_edge": 0.003654,
  "home_blk_avg_20": 0.003649,
  "away_fatigue_vs_opp_rest": 0.003585,
  "home_home_pts_for_avg_5": 0.003542,
  "pts_for_diff_20": 0.003541,
  "away_elo": 0.003511,
  "home_streak": 0.00349,
  "three_pt_rate_diff_10": 0.003468,
  "away_efg_pct_avg_5": 0.003459,
  "stocks_diff_10": 0.00335,
  "away_away_pts_against_avg_20": 0.003335,
  "home_tov_rate_avg_5": 0.003274,
  "home_foul_rate_avg_10": 0.003257,
  "away_pythag_5": 0.003243,
  "efg_pct_diff_20": 0.00323,
  "away_ot_tendency_10": 0.003196,
  "away_starter_continuity": 0.003158,
  "away_tov_rate_avg_20": 0.003154,
  "win_pct_diff": 0.003084,
  "start_hour_utc": 0.003059,
  "home_fouls_avg_20": 0.003041,
  "fg3_pct_diff_20": 0.003036,
  "home_team_abbr_CHA": 0.003027,
  "home_home_pts_for_avg_20": 0.003024,
  "away_fg3_pct_avg_5": 0.002989,
  "home_home_pts_against_avg_5": 0.002981,
  "home_team_abbr_SAC": 0.002954,
  "away_last10_pct": 0.002951,
  "away_ast_tov_ratio_10": 0.002944,
  "home_home_win_pct_10": 0.002917,
  "away_team_abbr_DET": 0.002911,
  "away_def_rtg_avg_10": 0.002911,
  "away_fouls_avg_20": 0.002897,
  "home_pts_for_avg_20": 0.002855,
  "home_starter_continuity_avg_10": 0.002849,
  "attendance_vs_avg": 0.002824,
  "home_net_rtg_avg_10": 0.002812,
  "away_ts_pct_avg_5": 0.002775,
  "total_book_disagreement": 0.002772,
  "home_pythag_10": 0.002765,
  "away_blk_avg_10": 0.002742,
  "season_days_elapsed": 0.002695,
  "home_fouls_avg_10": 0.002676,
  "dk_vs_consensus_total": 0.002675,
  "crew_avg_fouls_per_game": 0.002668,
  "away_fouls_avg_10": 0.002666,
  "ast_tov_ratio_diff_10": 0.002647,
  "pythag_diff_5": 0.002607,
  "fatigue_asymmetry": 0.002594,
  "away_team_abbr_LAL": 0.002582,
  "away_prev_leg_miles": 0.002565,
  "away_off_rtg_avg_10": 0.002554,
  "home_off_vs_away_def": 0.002485,
  "away_conf_rank": 0.002478,
  "travel_load_per_rest": 0.002475,
  "away_team_abbr_BRO": 0.002459,
  "home_ts_pct_avg_10": 0.002451,
  "home_implied_score": 0.002449,
  "home_blk_avg_10": 0.002426,
  "travel_distance_miles": 0.002398,
  "home_pbp_tov_rate_avg_10": 0.002393,
  "home_team_abbr_ORL": 0.002389,
  "home_elo": 0.002384,
  "home_sos_def_10": 0.002342,
  "away_pace_avg_20": 0.002318,
  "home_stocks_avg_10": 0.002308,
  "line_move_abs_spread": 0.002302,
  "last10_pct_diff": 0.002301,
  "home_pythag_rtg_20": 0.002294,
  "home_pace_avg_20": 0.002292,
  "away_stocks_avg_10": 0.002284,
  "net_rating_diff_10": 0.002261,
  "home_pts_against_avg_20": 0.002248,
  "away_ast_avg_10": 0.002246,
  "away_starter_continuity_avg_10": 0.002236,
  "tov_rate_diff_20": 0.002202,
  "away_team_abbr_MIL": 0.002198,
  "home_conf_rank": 0.002198,
  "crew_away_foul_bias": 0.002189,
  "home_off_rtg_avg_10": 0.002171,
  "pace_diff_5": 0.002167,
  "home_stl_avg_10": 0.002162,
  "home_net_rtg_avg_20": 0.002112,
  "fg3a_rate_diff_5": 0.002098,
  "home_three_pt_rate_avg_10": 0.002071,
  "home_ts_pct_avg_5": 0.002069,
  "away_off_vs_home_def": 0.002055,
  "away_oreb_avg_5": 0.002055,
  "away_away_win_pct_5": 0.002049,
  "away_total_travel_miles_5": 0.002034,
  "away_off_rtg_avg_20": 0.002018,
  "away_tov_rate_avg_5": 0.002012,
  "away_fatigue_x_pts5": 0.001999,
  "home_fg3_pct_avg_5": 0.001967,
  "market_line_move_margin": 0.001963,
  "elo_diff": 0.001947,
  "ts_pct_diff_5": 0.001943,
  "away_fg3_pct_avg_20": 0.001927,
  "home_ft_pct_avg_5": 0.00192,
  "h2h_home_margin_avg5": 0.001913,
  "away_pace_avg_5": 0.001907,
  "attendance": 0.0019,
  "steam_x_rest": 0.001899,
  "home_def_rtg_avg_20": 0.001898,
  "away_team_abbr_PHI": 0.001868,
  "away_pts_against_avg_5": 0.001867,
  "home_fg3_pct_avg_20": 0.001865,
  "home_efg_pct_avg_10": 0.001863,
  "away_injured_min_lost": 0.001859,
  "away_sos_def_10": 0.001831,
  "away_away_pts_for_avg_5": 0.001774,
  "home_def_rtg_avg_10": 0.001758,
  "pace_diff_20": 0.001743,
  "ts_pct_diff_20": 0.001737,
  "home_pace_avg_5": 0.001733,
  "away_away_win_pct_10": 0.001726,
  "market_open_total": 0.001714,
  "away_fg3a_rate_avg_5": 0.001706,
  "start_dow_utc": 0.001699,
  "away_off_vs_sos": 0.001696,
  "market_open_spread_home": 0.001679,
  "away_efg_pct_avg_10": 0.001677,
  "pythag_diff_10": 0.001672,
  "home_team_abbr_GSW": 0.001654,
  "away_injured_pts_lost": 0.001653,
  "injury_pts_advantage_home": 0.00165,
  "home_tov_avg_5": 0.001634,
  "home_pace_avg_10": 0.001626,
  "away_ts_pct_avg_10": 0.001615,
  "away_pts_for_avg_20": 0.001602,
  "home_pythag_5": 0.001599,
  "home_stl_avg_20": 0.001593,
  "h2h_meetings_5": 0.001574,
  "home_fg3a_rate_avg_5": 0.001522,
  "away_pts_against_avg_20": 0.001517,
  "away_away_pts_for_avg_20": 0.001497,
  "away_three_pt_rate_avg_10": 0.001496,
  "home_oreb_avg_5": 0.001483,
  "home_team_abbr_LAL": 0.001473,
  "away_implied_score": 0.001466,
  "away_stl_avg_10": 0.001463,
  "home_injured_pts_lost": 0.001462,
  "away_pythag_10": 0.00146,
  "away_ft_pct_avg_5": 0.001449,
  "away_pace_avg_10": 0.001418,
  "home_home_pts_against_avg_20": 0.001416,
  "away_pts_against_avg_10": 0.001413,
  "away_ts_pct_avg_20": 0.001408,
  "sos_adjusted_margin": 0.001348,
  "spread_book_disagreement": 0.001345,
  "home_efg_pct_avg_20": 0.001342,
  "ref_foul_ot_signal": 0.001334,
  "home_pythag_rtg_10": 0.001314,
  "home_team_abbr_DAL": 0.001313,
  "fouls_diff_10": 0.001312,
  "away_pts_for_avg_5": 0.001307,
  "away_stl_avg_20": 0.001306,
  "game_pace_est_5": 0.001255,
  "pythag_diff_20": 0.001249,
  "away_team_abbr_CHI": 0.001244,
  "away_team_abbr_LAC": 0.001199,
  "away_pts_for_avg_10": 0.001184,
  "home_injured_out_count": 0.001182,
  "efg_pct_diff_10": 0.001139,
  "away_team_abbr_UTA": 0.001134,
  "home_pythag_vs_record": 0.001118,
  "home_efg_pct_avg_5": 0.001103,
  "away_team_abbr_NYK": 0.0011,
  "home_injured_min_lost": 0.001098,
  "home_team_abbr_POR": 0.001085,
  "home_fg_pct_avg_5": 0.00108,
  "tov_rate_diff_5": 0.001061,
  "home_home_win_pct_20": 0.001006,
  "away_fg_pct_avg_5": 0.000993,
  "fg3_pct_diff_5": 0.000993,
  "away_pythag_rtg_10": 0.000966,