{"home_rest_days": 2.0, "home_is_b2b": 0.0, "away_rest_days": 2.0, "away_is_b2b": 0.0, "home_is_b2b_away": 0.0, "away_is_b2b_away": 0.0, "home_is_3_in_4": 0.0, "away_is_3_in_4": 0.0, "home_is_4_in_5": 0.0, "away_is_4_in_5": 0.0, "rest_advantage_home": 0.0, "home_pts_for_avg_5": 114.6, "home_pts_against_avg_5": 114.2, "home_pts_for_avg_10": 114.6, "home_pts_against_avg_10": 114.2, "home_pts_for_sd_10": 11.55782560923441, "away_pts_for_avg_5": 114.6, "away_pts_against_avg_5": 114.6, "away_pts_for_avg_10": 114.68333333333334, "away_pts_against_avg_10": 114.6, "away_pts_for_sd_10": 11.482353570068387, "home_pace_n_5": 5.0, "home_pace_avg_5": 101.292, "home_pace_avg_10": 101.55199999999999, "home_fg_pct_avg_5": 0.4677462252009075, "home_ft_pct_avg_5": 0.7831789519732263, "home_tov_avg_5": 13.6, "home_oreb_avg_5": 11.2, "away_pace_n_5": 5.0, "away_pace_avg_5": 101.52, "away_pace_avg_10": 101.75577777777778, "away_fg_pct_avg_5": 0.4680573128003953, "away_ft_pct_avg_5": 0.7835777477882742, "away_tov_avg_5": 13.6, "away_oreb_avg_5": 11.0, "home_off_vs_away_def": -0.1, "away_off_vs_home_def": 0.3, "game_pace_est_5": 101.44, "home_fg3_pct_avg_5": 0.3596457124435848, "home_fg3a_rate_avg_5": 0.4172257270278867, "home_efg_pct_avg_5": 0.5442211060669478, "home_ts_pct_avg_5": 0.5787637482522521, "home_tov_rate_avg_5": 0.12076464024693737, "home_efg_pct_avg_10": 0.543757645682559, "home_ts_pct_avg_10": 0.5793344423759343, "away_fg3_pct_avg_5": 0.35840059581995065, "away_fg3a_rate_avg_5": 0.4201146262831188, "away_efg_pct_avg_5": 0.5438202325998303, "away_ts_pct_avg_5": 0.5793273411675817, "away_tov_rate_avg_5": 0.12055408120467387, "away_efg_pct_avg_10": 0.5448884764660004, "away_ts_pct_avg_10": 0.5800611491500572, "home_off_rtg_avg_10": 112.68075132581917, "home_def_rtg_avg_10": 112.62670435542424, "home_net_rtg_avg_10": 0.04980055468729561, "away_off_rtg_avg_10": 112.73025532022858, "away_def_rtg_avg_10": 112.7582562531579, "away_net_rtg_avg_10": 0.18906262091740397, "net_rtg_diff_10": -0.028511758297204447, "home_sos_def_10": 112.81330187458478, "away_sos_def_10": 112.84934867522419, "home_win_pct": 0.529, "away_win_pct": 0.521, "home_conf_rank": 8.0, "away_conf_rank": 9.0, "win_pct_diff": 0.0, "home_home_win_pct_10": 0.5, "home_home_pts_for_avg_5": 115.4, "home_home_pts_for_avg_20": 115.71428571428571, "home_home_pts_against_avg_5": 113.6, "home_home_pts_against_avg_20": 113.57142857142857, "home_home_win_pct_5": 0.6, "home_home_win_pct_20": 0.5555555555555556, "away_away_win_pct_10": 0.5, "away_away_pts_for_avg_5": 113.8, "away_away_pts_for_avg_20": 113.7, "away_away_pts_against_avg_5": 115.2, "away_away_pts_against_avg_20": 115.46666666666667, "away_away_win_pct_5": 0.4, "away_away_win_pct_20": 0.45, "home_injured_pts_lost": 45.5, "away_injured_pts_lost": 45.5, "home_injured_min_lost": 94.86116666666666, "away_injured_min_lost": 94.86116666666666, "home_injured_out_count": 2.0, "away_injured_out_count": 2.0, "injury_pts_advantage_home": -0.16, "home_clutch_net_avg_10": NaN, "away_clutch_net_avg_10": NaN, "market_spread_home": -2.5, "market_total": 228.5, "market_open_spread_home": -2.5, "market_open_total": 228.5, "market_line_move_margin": 0.0, "market_line_move_total": 0.0, "home_implied_score": 115.5, "away_implied_score": 113.5, "consensus_spread_home": -2.5, "consensus_total": 228.5, "spread_book_disagreement": 0.3535533905932738, "total_book_disagreement": 0.3535533905932738, "dk_vs_consensus_spread": 0.0, "dk_vs_consensus_total": 0.0, "home_top8_min_avg_5": NaN, "home_top8_min_avg_10": NaN, "home_rotation_depth_5": NaN, "home_rotation_depth_10": NaN, "home_top3_pts_avg_5": NaN, "home_top3_pts_avg_10": NaN, "away_top8_min_avg_5": NaN, "away_top8_min_avg_10": NaN, "away_rotation_depth_5": NaN, "away_rotation_depth_10": NaN, "away_top3_pts_avg_5": NaN, "away_top3_pts_avg_10": NaN, "dk_spread_home_juice": NaN, "dk_spread_away_juice": NaN, "dk_total_over_juice": NaN, "dk_total_under_juice": NaN, "dk_spread_juice_move": NaN, "dk_total_over_juice_move": NaN, "avg_spread_home_juice": NaN, "avg_total_over_juice": NaN, "spread_juice_skew": NaN, "total_juice_skew": NaN, "spread_home_implied_prob": NaN, "total_over_implied_prob": NaN, "home_stl_avg_10": 8.2, "home_blk_avg_10": 4.833333333333333, "home_ast_avg_10": 26.3, "home_pts_fast_break_avg_10": NaN, "home_pts_paint_avg_10": NaN, "home_pts_bench_avg_10": NaN, "home_fouls_avg_10": 19.8, "home_stocks_avg_10": 13.1, "home_ast_tov_ratio_10": 1.9333333333333333, "home_fast_break_pct_10": NaN, "home_paint_pct_10": NaN, "home_bench_pct_10": NaN, "home_stl_avg_20": 8.214285714285714, "home_blk_avg_20": 4.9, "home_pts_fast_break_avg_20": NaN, "home_pts_paint_avg_20": NaN, "home_pts_bench_avg_20": NaN, "home_fouls_avg_20": 20.0, "home_plus_minus_avg_20": -0.05, "away_stl_avg_10": 8.2, "away_blk_avg_10": 4.8, "away_ast_avg_10": 26.4, "away_pts_fast_break_avg_10": NaN, "away_pts_paint_avg_10": NaN, "away_pts_bench_avg_10": NaN, "away_fouls_avg_10": 19.8, "away_stocks_avg_10": 13.1, "away_ast_tov_ratio_10": 1.9395973154362416, "away_fast_break_pct_10": NaN, "away_paint_pct_10": NaN, "away_bench_pct_10": NaN, "away_stl_avg_20": 8.25, "away_blk_avg_20": 4.85, "away_pts_fast_break_avg_20": NaN, "away_pts_paint_avg_20": NaN, "away_pts_bench_avg_20": NaN, "away_fouls_avg_20": 19.95, "away_plus_minus_avg_20": 0.2, "home_efg_pct_avg_20": 0.5428797498992878, "home_ts_pct_avg_20": 0.5781932613897892, "home_tov_rate_avg_20": 0.1220584016007041, "home_fg3_pct_avg_20": 0.35729489282461324, "away_efg_pct_avg_20": 0.5438868542818001, "away_ts_pct_avg_20": 0.5786837514195661, "away_tov_rate_avg_20": 0.12159689114905517, "away_fg3_pct_avg_20": 0.3581072872340542, "home_off_rtg_avg_20": 112.56605607568841, "home_def_rtg_avg_20": 112.45020164467167, "home_net_rtg_avg_20": -0.0035600124503603913, "away_off_rtg_avg_20": 112.62097900097805, "away_def_rtg_avg_20": 112.5071317264218, "away_net_rtg_avg_20": 0.24843138378952412, "home_pts_for_avg_20": 114.77777777777777, "home_pts_against_avg_20": 114.25, "away_pts_for_avg_20": 114.76470588235294, "away_pts_against_avg_20": 114.5, "home_pace_avg_20": 101.70266666666666, "away_pace_avg_20": 101.75433333333334, "home_starter_continuity": 0.8, "home_bench_count": 5.0, "home_scratch_count": 0.0, "home_starter_continuity_avg_10": 0.875, "away_starter_continuity": 0.8, "away_bench_count": 5.0, "away_scratch_count": 0.0, "away_starter_continuity_avg_10": 0.86, "home_home_record_pct": NaN, "home_away_record_pct": NaN, "home_home_away_split": NaN, "home_streak": 0.0, "home_last10_pct": NaN, "away_home_record_pct": NaN, "away_away_record_pct": NaN, "away_home_away_split": NaN, "away_streak": 0.0, "away_last10_pct": NaN, "travel_distance_miles": 925.0, "is_cross_country": 0.0, "away_prev_leg_miles": 612.0, "away_total_travel_miles_5": 2806.0, "home_altitude_ft": 0.0, "altitude_travel_fatigue": 0.0, "home_three_pt_rate_avg_10": 0.16580223866682003, "home_foul_rate_avg_10": 0.08784237306922635, "home_pbp_tov_rate_avg_10": 0.06422273426704117, "away_three_pt_rate_avg_10": 0.16634165139857857, "away_foul_rate_avg_10": 0.08759293024199294, "away_pbp_tov_rate_avg_10": 0.06417922430328635, "home_q1_pts_avg_10": NaN, "home_q4_pts_avg_10": NaN, "home_first_half_pct_10": NaN, "home_strong_closer_pct_10": NaN, "away_q1_pts_avg_10": NaN, "away_q4_pts_avg_10": NaN, "away_first_half_pct_10": NaN, "away_strong_closer_pct_10": NaN, "attendance": 18175.0, "attendance_pct_capacity": 0.957, "attendance_vs_avg": 1.0, "home_ot_tendency_10": 1.0, "away_ot_tendency_10": 1.0, "crew_avg_fouls_per_game": 39.3, "crew_away_foul_bias": 0.0, "crew_size": 3.0, "h2h_meetings_5": 2.0, "h2h_home_margin_avg5": -0.4, "h2h_home_win_pct5": 0.5, "home_elo": 1503.1120355625433, "away_elo": 1502.2599665302405, "elo_diff": 0.06094099300207745, "elo_win_prob_home": 0.6401458148145639, "season_days_elapsed": 100.0, "start_hour_utc": 1.0, "start_dow_utc": 4.0, "season_2024-2025-regular": 1.0, "season_2025-2026-regular": 0.0, "home_team_abbr_ATL": 0.0,