{
  "spread_params": {
    "max_depth": 6,
    "learning_rate": 0.029205056118983812,
    "subsample": 0.8480752281689359,
    "colsample_bytree": 0.6217492064819535,
    "min_child_weight": 15,
    "gamma": 0.2651429030702816,
    "reg_alpha": 0.23042252719461906,
    "reg_lambda": 9.035004946834553,
    "huber_slope": 2.9668140707501394
  },
  "total_params": {
    "max_depth": 5,
    "learning_rate": 0.02982321950576638,
    "subsample": 0.7359113744853911,
    "colsample_bytree": 0.9203102718548983,
    "min_child_weight": 11,
    "gamma": 0.08387040340056703,
    "reg_alpha": 0.15381790903604023,
    "reg_lambda": 5.27577094963513
  }
}