{
  "spread_params": {
    "max_depth": 3,
    "learning_rate": 0.012055090640197857,
    "subsample": 0.9235372458771031,
    "colsample_bytree": 0.9921119103117106,
    "min_child_weight": 14,
    "gamma": 0.6233805719337955,
    "reg_alpha": 0.014536670330091745,
    "reg_lambda": 1.3278433140886539,
    "huber_slope": 2.0349768012434795
  },
  "total_params": {
    "max_depth": 3,
    "learning_rate": 0.010830896727495938,
    "subsample": 0.995989007202996,
    "colsample_bytree": 0.9718136679419767,
    "min_child_weight": 8,
    "gamma": 0.007232237481554105,
    "reg_alpha": 0.010721236508755838,
    "reg_lambda": 1.1932903157139374
  }
}