{
  "spread_params": {
    "max_depth": 6,
    "learning_rate": 0.09988608761338319,
    "subsample": 0.6273844152906191,
    "colsample_bytree": 0.5636442471321128,
    "min_child_weight": 13,
    "gamma": 0.4940049052030324,
    "reg_alpha": 0.14405318909711395,
    "reg_lambda": 0.6579134075284415,
    "huber_slope": 3.577797766019209
  },
  "total_params": {
    "max_depth": 3,
    "learning_rate": 0.03503802886491721,
    "subsample": 0.8543284293819087,
    "colsample_bytree": 0.572641381137598,
    "min_child_weight": 13,
    "gamma": 0.5026720494918581,
    "reg_alpha": 0.010652675644253025,
    "reg_lambda": 9.163455602108497
  }
}