{
  "spread_params": {
    "max_depth": 3,
    "learning_rate": 0.018580293270428067,
    "subsample": 0.9883695915298155,
    "colsample_bytree": 0.7250794007421761,
    "min_child_weight": 4,
    "gamma": 0.18785390008439043,
    "reg_alpha": 0.9020431272460427,
    "reg_lambda": 0.6798373327136793,
    "huber_slope": 6.13067699462164
  },
  "total_params": {
    "max_depth": 4,
    "learning_rate": 0.03265247829890278,
    "subsample": 0.6839253431685162,
    "colsample_bytree": 0.7949704650668658,
    "min_child_weight": 15,
    "gamma": 0.9041073159536213,
    "reg_alpha": 0.3319362374953385,
    "reg_lambda": 1.8187005444739661
  }
}