{
  "spread_params": {
    "max_depth": 5,
    "learning_rate": 0.032332686205207996,
    "subsample": 0.8524982112281763,
    "colsample_bytree": 0.5993243304799137,
    "min_child_weight": 5,
    "gamma": 0.3276711836279514,
    "reg_alpha": 0.0174683048821967,
    "reg_lambda": 9.419214242173112,
    "huber_slope": 4.352256350695819
  },
  "total_params": {
    "max_depth": 3,
    "learning_rate": 0.09095030010100466,
    "subsample": 0.6011869598842435,
    "colsample_bytree": 0.5079671856872424,
    "min_child_weight": 6,
    "gamma": 0.9971231190154444,
    "reg_alpha": 1.920702397947875,
    "reg_lambda": 1.75034373169388
  }
}