{
  "spread_params": {
    "max_depth": 5,
    "learning_rate": 0.010824167618401364,
    "subsample": 0.6104371456579744,
    "colsample_bytree": 0.5705763321902453,
    "min_child_weight": 4,
    "gamma": 0.8395795567301031,
    "reg_alpha": 1.049979722013173,
    "reg_lambda": 7.6143009612295405,
    "huber_slope": 3.31854034512603
  },
  "total_params": {
    "max_depth": 3,
    "learning_rate": 0.046135900058009494,
    "subsample": 0.6334124984547674,
    "colsample_bytree": 0.50024302153051,
    "min_child_weight": 12,
    "gamma": 0.16644460663201707,
    "reg_alpha": 0.6271594391443157,
    "reg_lambda": 3.4500317673252607
  }
}