{
  "spread_params": {
    "max_depth": 4,
    "learning_rate": 0.03532579580919918,
    "subsample": 0.9520830821504993,
    "colsample_bytree": 0.8113938392098908,
    "min_child_weight": 6,
    "gamma": 0.5485034388730561,
    "reg_alpha": 0.030178696679237855,
    "reg_lambda": 2.089452900372192,
    "huber_slope": 5.8423659041306975
  },
  "total_params": {
    "max_depth": 3,
    "learning_rate": 0.038386167790007204,
    "subsample": 0.7859078799484672,
    "colsample_bytree": 0.591967767340686,
    "min_child_weight": 4,
    "gamma": 0.16583736028443746,
    "reg_alpha": 0.08668178777504033,
    "reg_lambda": 1.2615844952653512
  }
}