{
  "spread_params": {
    "max_depth": 4,
    "learning_rate": 0.021548680167579735,
    "subsample": 0.8105293149158075,
    "colsample_bytree": 0.9940572833229486,
    "min_child_weight": 12,
    "gamma": 0.4552361931376533,
    "reg_alpha": 0.4949397142778956,
    "reg_lambda": 4.951324863026539,
    "huber_slope": 6.43912176142789
  },
  "total_params": {
    "max_depth": 3,
    "learning_rate": 0.06048810258958164,
    "subsample": 0.8088454134955722,
    "colsample_bytree": 0.9917571965630209,
    "min_child_weight": 6,
    "gamma": 0.22403859518976038,
    "reg_alpha": 0.07555666551909919,
    "reg_lambda": 0.5083425008437127
  }
}