{
  "spread_params": {
    "max_depth": 3,
    "learning_rate": 0.05211752135316818,
    "subsample": 0.6586102526292987,
    "colsample_bytree": 0.8008011110065626,
    "min_child_weight": 4,
    "gamma": 0.4937949096532381,
    "reg_alpha": 0.07369716791056358,
    "reg_lambda": 0.5046926865563612,
    "huber_slope": 9.96249474286468
  },
  "total_params": {
    "max_depth": 3,
    "learning_rate": 0.023853624341221114,
    "subsample": 0.6449572601379688,
    "colsample_bytree": 0.5272773890191098,
    "min_child_weight": 9,
    "gamma": 0.36651400568968634,
    "reg_alpha": 0.9395304669258635,
    "reg_lambda": 0.7219537467033333
  }
}