{
  "spread_params": {
    "max_depth": 3,
    "learning_rate": 0.02624905714509089,
    "subsample": 0.9998425691177351,
    "colsample_bytree": 0.9171047529128634,
    "min_child_weight": 11,
    "gamma": 0.9988265678940051,
    "reg_alpha": 0.03915554635114216,
    "reg_lambda": 6.783641646421328,
    "huber_slope": 7.261587778904883
  },
  "total_params": {
    "max_depth": 3,
    "learning_rate": 0.023746718290420733,
    "subsample": 0.7453750589229968,
    "colsample_bytree": 0.6726044805621145,
    "min_child_weight": 10,
    "gamma": 0.2040759729159491,
    "reg_alpha": 1.5455153995862632,
    "reg_lambda": 1.5459458436163973
  }
}