{
  "spread_params": {
    "max_depth": 4,
    "learning_rate": 0.043403126941537994,
    "subsample": 0.9922464003705991,
    "colsample_bytree": 0.8319217324187757,
    "min_child_weight": 3,
    "gamma": 0.0285142375502298,
    "reg_alpha": 0.16439862564416105,
    "reg_lambda": 0.5812152213957369,
    "huber_slope": 5.2788254038532125
  },
  "total_params": {
    "max_depth": 3,
    "learning_rate": 0.0345483170138501,
    "subsample": 0.9912104155835072,
    "colsample_bytree": 0.575709907225338,
    "min_child_weight": 8,
    "gamma": 0.48890144167567906,
    "reg_alpha": 0.7654500156307668,
    "reg_lambda": 2.060315251285335
  }
}