{
  "spread_params": {
    "max_depth": 6,
    "learning_rate": 0.02609000452354481,
    "subsample": 0.6755284864529342,
    "colsample_bytree": 0.5016759855381998,
    "min_child_weight": 7,
    "gamma": 0.3906739708405486,
    "reg_alpha": 0.5604074419772146,
    "reg_lambda": 9.663518781169833,
    "huber_slope": 4.865791938803184
  },
  "total_params": {
    "max_depth": 3,
    "learning_rate": 0.05015648270156714,
    "subsample": 0.6636479241083374,
    "colsample_bytree": 0.5005748884008628,
    "min_child_weight": 15,
    "gamma": 0.11510029601996319,
    "reg_alpha": 1.1451488760333912,
    "reg_lambda": 0.5361949084925289
  }
}