{
  "mae_strikeouts": 1.7436552120434998,
  "ci_strikeouts": 2.1595504263614824,
  "n_rows": 93269,
  "mae_hits": 0.6827767712232948,
  "ci_hits": 0.8968918625068117,
  "mae_total_bases": 1.3077414865034862,
  "ci_total_bases": 1.4569263383268094,
  "mae_home_runs": 0.18517904768080926,
  "ci_home_runs": 0.11699970723003279,
  "mae_walks": 0.42895979843481247,
  "ci_walks": 0.4280577831935176
}