{
  "mae_strikeouts": 1.7372784761415936,
  "ci_strikeouts": 2.166494789389051,
  "n_rows": 92990,
  "mae_hits": 0.683788671582137,
  "ci_hits": 0.890532449476881,
  "mae_total_bases": 1.3080341875999986,
  "ci_total_bases": 1.4571878315940028,
  "mae_home_runs": 0.19629209509200662,
  "ci_home_runs": 0.13463953900734837,
  "mae_walks": 0.4353192670097592,
  "ci_walks": 0.4403215262620179
}