{
  "brier_strikeouts": 0.2569439168612912,
  "auc_strikeouts": 0.5475871911515475,
  "brier_hits": 0.2389302872681084,
  "auc_hits": 0.6005072681790904,
  "brier_total_bases": 0.2474495118534482,
  "auc_total_bases": 0.5739280077300093,
  "brier_home_runs": 0.09243465278516032,
  "auc_home_runs": 0.6761806417482248,
  "brier_walks_batter": 0.2102894337949426,
  "auc_walks_batter": 0.5892828921867903
}