{
  "brier_strikeouts": 0.2598477764050554,
  "auc_strikeouts": 0.5354562483275355,
  "brier_hits": 0.239416150877364,
  "auc_hits": 0.5977540513663723,
  "brier_total_bases": 0.24855942866463224,
  "auc_total_bases": 0.5682401549499604,
  "brier_home_runs": 0.09262192996553296,
  "auc_home_runs": 0.6729797003547182,
  "brier_walks_batter": 0.2119465526084856,
  "auc_walks_batter": 0.5809231222229061
}