{
  "mae_strikeouts": 1.769108569675527,
  "ci_strikeouts": 2.183339054699951,
  "n_rows": 94964,
  "mae_hits": 0.6812014584285844,
  "ci_hits": 0.895473315806772,
  "mae_total_bases": 1.2962009320823387,
  "ci_total_bases": 1.4206932109521493,
  "mae_home_runs": 0.18499950057636905,
  "ci_home_runs": 0.11549197950092872,
  "mae_walks": 0.43649559960748097,
  "ci_walks": 0.44425077979196786
}