{
  "mae_strikeouts": 1.7504587220212582,
  "ci_strikeouts": 2.1717473827254654,
  "n_rows": 96312,
  "mae_hits": 0.6800715929442421,
  "ci_hits": 0.897846759995904,
  "mae_total_bases": 1.2978790448603459,
  "ci_total_bases": 1.4322307789702726,
  "mae_home_runs": 0.19070371917018425,
  "ci_home_runs": 0.12503707272365022,
  "mae_walks": 0.43543165589887173,
  "ci_walks": 0.43975178241166485
}