{
  "brier_strikeouts": 0.2583273928118907,
  "auc_strikeouts": 0.5514813598706809,
  "brier_hits": 0.23912938646734136,
  "auc_hits": 0.5929184079302017,
  "brier_total_bases": 0.2456024264189189,
  "auc_total_bases": 0.5583269729783238,
  "brier_home_runs": 0.04775322786603843,
  "auc_home_runs": 0.7959481716700824
}