{
  "brier_strikeouts_alt": 0.2497526357766456,
  "auc_strikeouts_alt": 0.5836242930907303,
  "brier_hits_alt": 0.14108919754428215,
  "auc_hits_alt": 0.841256382083309,
  "brier_total_bases_alt": 0.15593563231796828,
  "auc_total_bases_alt": 0.7044299499021479
}