{
  "brier_strikeouts": 0.2549938867181255,
  "auc_strikeouts": 0.5582004129879843,
  "brier_hits": 0.2380693178869992,
  "auc_hits": 0.597590555489688,
  "brier_total_bases": 0.24677206135856344,
  "auc_total_bases": 0.5643436819654141,
  "brier_home_runs": 0.0611430160885765,
  "auc_home_runs": 0.7499652497205322
}