{
  "brier_strikeouts_alt": 0.25327314051637184,
  "auc_strikeouts_alt": 0.5725596262601427,
  "brier_hits_alt": 0.13980748298079473,
  "auc_hits_alt": 0.8420199702076754,
  "brier_total_bases_alt": 0.15324069968953746,
  "auc_total_bases_alt": 0.7043357948071902
}