{
  "mae_strikeouts": 1.7942942268273243,
  "ci_strikeouts": 2.2455542504798687,
  "n_rows": 93115,
  "mae_hits": 0.6788908793922567,
  "ci_hits": 0.9326242284255185,
  "mae_total_bases": 1.3055258581098248,
  "ci_total_bases": 1.414247560854506,
  "mae_home_runs": 0.20148602363125323,
  "ci_home_runs": 0.1346005899000041
}