{
  "mae_strikeouts": 1.7914843643572018,
  "ci_strikeouts": 2.243403819590085,
  "n_rows": 104665,
  "mae_hits": 0.6807191169160217,
  "ci_hits": 0.8971340053954014,
  "mae_total_bases": 1.2751748311110642,
  "ci_total_bases": 1.3426417268122701,
  "mae_home_runs": 0.1856691618768996,
  "ci_home_runs": 0.11511059871818373
}