{
  "mae_strikeouts": 1.8123790355944625,
  "ci_strikeouts": 2.260123351740087,
  "mae_hits": 0.6773253486991923,
  "ci_hits": 0.9637753273937351,
  "mae_total_bases": 1.2193704781337198,
  "ci_total_bases": 1.0396566600167751,
  "n_rows_pitchers": 7432,
  "n_rows_batters": 92203
}
