{
  "mae_strikeouts": 1.807586880535185,
  "ci_strikeouts": 2.260825918238179,
  "n_rows": 86703,
  "mae_hits": 0.6898790421928142,
  "ci_hits": 0.9013484503383407,
  "mae_total_bases": 1.3204507306458466,
  "ci_total_bases": 1.4541660664451976,
  "mae_home_runs": 0.20081537033734012,
  "ci_home_runs": 0.1335230515424249,
  "mae_walks": 0.3254674577058942,
  "ci_walks": 0.13095046036586577
}