{
  "mae_strikeouts": 1.7597936729884607,
  "ci_strikeouts": 2.170400192847834,
  "n_rows": 97858,
  "mae_hits": 0.6787993231841396,
  "ci_hits": 0.895825311849448,
  "mae_total_bases": 1.30284817308491,
  "ci_total_bases": 1.4457657248637834,
  "mae_home_runs": 0.19637336529933774,
  "ci_home_runs": 0.13609576445315408,
  "mae_walks": 0.4378021710468359,
  "ci_walks": 0.4491874983789014
}