{
  "mae_strikeouts": 1.7948723820642918,
  "ci_strikeouts": 2.2666457662524553,
  "n_rows": 100944,
  "mae_hits": 0.680637172998256,
  "ci_hits": 0.8948267909668159,
  "mae_total_bases": 1.2876158008726335,
  "ci_total_bases": 1.4011247768512824,
  "mae_home_runs": 0.18530964983479853,
  "ci_home_runs": 0.11676472345074361
}