{
  "mae_strikeouts": 1.7674324250793434,
  "ci_strikeouts": 2.1753902884138734,
  "n_rows": 99761,
  "mae_hits": 0.6841935370625151,
  "ci_hits": 0.8740189757634992,
  "mae_total_bases": 1.292621780247377,
  "ci_total_bases": 1.4175905028369615,
  "mae_home_runs": 0.1923515796723087,
  "ci_home_runs": 0.1283519461721665
}