{
  "mae_strikeouts": 1.807586880535185,
  "ci_strikeouts": 2.260825918238179,
  "n_rows": 87828,
  "mae_hits": 0.6897087567199817,
  "ci_hits": 0.9024837015371524,
  "mae_total_bases": 1.3207062872551618,
  "ci_total_bases": 1.458448387099652,
  "mae_home_runs": 0.20046841530955997,
  "ci_home_runs": 0.13291447240787113,
  "mae_walks": 0.3270657731389365,
  "ci_walks": 0.12409534324712458
}