{
  "brier_strikeouts_alt": 0.2542895080384775,
  "auc_strikeouts_alt": 0.5709734535343334,
  "brier_hits_alt": 0.1401833271416862,
  "auc_hits_alt": 0.8415333633049754,
  "brier_total_bases_alt": 0.15303731365819714,
  "auc_total_bases_alt": 0.7048627512001274
}