{
  "mae_strikeouts": 1.739123518960155,
  "ci_strikeouts": 2.1633717419293546,
  "n_rows": 91161,
  "mae_hits": 0.6846441954261591,
  "ci_hits": 0.8866912994669476,
  "mae_total_bases": 1.3050053997069653,
  "ci_total_bases": 1.4513919136015574,
  "mae_home_runs": 0.20432681197147123,
  "ci_home_runs": 0.14952550930511022,
  "mae_walks": 0.43437931230469284,
  "ci_walks": 0.45336742073414205
}