{
  "brier_strikeouts": 0.2556504183494722,
  "auc_strikeouts": 0.5557452481992748,
  "brier_hits": 0.23849227971327813,
  "auc_hits": 0.5898328446672342,
  "brier_total_bases": 0.2480214371066574,
  "auc_total_bases": 0.564100355398984,
  "brier_home_runs": 0.08869182681674445,
  "auc_home_runs": 0.6760074227803817,
  "brier_walks_batter": 0.21341337220296278,
  "auc_walks_batter": 0.5712791193560425
}