{
  "brier_strikeouts": 0.25718528992089085,
  "auc_strikeouts": 0.5613767895217789,
  "brier_hits": 0.2385289001937999,
  "auc_hits": 0.5945888716468278,
  "brier_total_bases": 0.24655044541895127,
  "auc_total_bases": 0.5642419066499107,
  "brier_home_runs": 0.06123239446987043,
  "auc_home_runs": 0.7507278718175233
}