{
  "brier_strikeouts_alt": 0.25832396205150976,
  "auc_strikeouts_alt": 0.5392344889763134,
  "brier_hits_alt": 0.18214728272550382,
  "auc_hits_alt": 0.781332887983426,
  "brier_total_bases_alt": 0.1862676378825895,
  "auc_total_bases_alt": 0.6694873683743711
}