{
  "brier_strikeouts_alt": 0.249093670428337,
  "auc_strikeouts_alt": 0.5849848373084174,
  "brier_hits_alt": 0.1402430465719681,
  "auc_hits_alt": 0.8409004365100713,
  "brier_total_bases_alt": 0.1528980282707844,
  "auc_total_bases_alt": 0.7068545102125855
}