{
  "brier_strikeouts_alt": 0.25647029808274113,
  "auc_strikeouts_alt": 0.5627807141616417,
  "brier_hits_alt": 0.13162965542218313,
  "auc_hits_alt": 0.8515642892206043,
  "brier_total_bases_alt": 0.15065318669865896,
  "auc_total_bases_alt": 0.7042438691128436
}