{
  "mae_strikeouts": 1.807586880535185,
  "ci_strikeouts": 2.260825918238179,
  "n_rows": 86703,
  "mae_hits": 0.6897973171923049,
  "ci_hits": 0.9014147420351892,
  "mae_total_bases": 1.3204034708505141,
  "ci_total_bases": 1.4540014489283097,
  "mae_home_runs": 0.20078264421039319,
  "ci_home_runs": 0.1331362645478715,
  "mae_walks": 0.32544674675956586,
  "ci_walks": 0.13083752235932303
}