{
  "brier_strikeouts_alt": 0.25647190376341233,
  "auc_strikeouts_alt": 0.5662414743325976,
  "brier_hits_alt": 0.1395285033659217,
  "auc_hits_alt": 0.8427010885854153,
  "brier_total_bases_alt": 0.15322167734708717,
  "auc_total_bases_alt": 0.7046570444509112
}