{
  "mae_strikeouts": 1.7440678301652552,
  "ci_strikeouts": 2.1761898020388295,
  "n_rows": 89458,
  "mae_hits": 0.6820271506074183,
  "ci_hits": 0.9033488960848037,
  "mae_total_bases": 1.3112158864480554,
  "ci_total_bases": 1.4581858558957903,
  "mae_home_runs": 0.18612441726133108,
  "ci_home_runs": 0.11593153852157839,
  "mae_walks": 0.3211935114747175,
  "ci_walks": 0.0836025539778646
}