{
  "mae_strikeouts": 1.797133926628299,
  "ci_strikeouts": 2.262888058117299,
  "n_rows": 100411,
  "mae_hits": 0.6805638034661117,
  "ci_hits": 0.8948988804596897,
  "mae_total_bases": 1.287464243325536,
  "ci_total_bases": 1.401359726014755,
  "mae_home_runs": 0.1855379629393419,
  "ci_home_runs": 0.11704728842724679
}