{
  "mae_strikeouts": 1.7408446780955176,
  "ci_strikeouts": 2.16849847219085,
  "n_rows": 92307,
  "mae_hits": 0.6827018315242314,
  "ci_hits": 0.8969840389155427,
  "mae_total_bases": 1.3071001043070498,
  "ci_total_bases": 1.4570666564480956,
  "mae_home_runs": 0.2010926716612365,
  "ci_home_runs": 0.14553162348841342,
  "mae_walks": 0.4260643023867571,
  "ci_walks": 0.4380956352496903
}