{
  "mae_strikeouts": 1.792173579304637,
  "ci_strikeouts": 2.2274509910098574,
  "n_rows": 100306,
  "mae_hits": 0.6845619791449757,
  "ci_hits": 0.8708335118794334,
  "mae_total_bases": 1.287782427359518,
  "ci_total_bases": 1.4037308108648694,
  "mae_home_runs": 0.1894525053598624,
  "ci_home_runs": 0.12360833285433559
}