{
  "mae_strikeouts": 1.7316072472469461,
  "ci_strikeouts": 2.157651261868692,
  "n_rows": 93504,
  "mae_hits": 0.6843329158411159,
  "ci_hits": 0.8908393259223402,
  "mae_total_bases": 1.3047788022341047,
  "ci_total_bases": 1.4500797552683593,
  "mae_home_runs": 0.1996179536110453,
  "ci_home_runs": 0.14001669647225104,
  "mae_walks": 0.43504343108181115,
  "ci_walks": 0.440320059566666
}