{
  "mae_strikeouts": 1.7534533234222234,
  "ci_strikeouts": 2.180530515256765,
  "n_rows": 94528,
  "mae_hits": 0.6842950575992117,
  "ci_hits": 0.8654342470237701,
  "mae_total_bases": 1.2963767787275275,
  "ci_total_bases": 1.4392337214272368,
  "mae_home_runs": 0.1972576987543698,
  "ci_home_runs": 0.14119804377517162,
  "mae_walks": 0.43043290296350567,
  "ci_walks": 0.44179336944816744
}