{
  "brier_strikeouts": 0.2625654488347147,
  "auc_strikeouts": 0.527071626081527,
  "brier_hits": 0.23993766299416097,
  "auc_hits": 0.5962607674976732,
  "brier_total_bases": 0.24774958133314187,
  "auc_total_bases": 0.5709229228879105,
  "brier_home_runs": 0.09249508275327291,
  "auc_home_runs": 0.6711216690065858,
  "brier_walks_batter": 0.2124172540011221,
  "auc_walks_batter": 0.5761882343546995
}