{
  "mae_strikeouts": 1.7479554392174104,
  "ci_strikeouts": 2.16149308061478,
  "n_rows": 89636,
  "mae_hits": 0.6887286866883792,
  "ci_hits": 0.8699863236925628,
  "mae_total_bases": 1.3083825433668845,
  "ci_total_bases": 1.4508168598308548,
  "mae_home_runs": 0.18270637210138124,
  "ci_home_runs": 0.11130372465027207,
  "mae_walks": 0.4233304646885317,
  "ci_walks": 0.4335212646392322
}