{
  "mae_strikeouts": 1.7943200213933306,
  "ci_strikeouts": 2.2437985272757834,
  "n_rows": 101634,
  "mae_hits": 0.6806317465624233,
  "ci_hits": 0.8952985479539988,
  "mae_total_bases": 1.2877340147531133,
  "ci_total_bases": 1.4026612253852313,
  "mae_home_runs": 0.18527044288096417,
  "ci_home_runs": 0.11666905924703401
}