{
  "brier_strikeouts_alt": 0.2559819594732791,
  "auc_strikeouts_alt": 0.5549217277272356,
  "brier_hits_alt": 0.18144750385797737,
  "auc_hits_alt": 0.7826278269056957,
  "brier_total_bases_alt": 0.1865053692003801,
  "auc_total_bases_alt": 0.6681531267400206
}