{
  "mae_strikeouts": 1.7456295962810011,
  "ci_strikeouts": 2.1633597165462954,
  "n_rows": 90179,
  "mae_hits": 0.6838634818179666,
  "ci_hits": 0.8979990359263846,
  "mae_total_bases": 1.305624028437047,
  "ci_total_bases": 1.4437822744282232,
  "mae_home_runs": 0.19381784002693536,
  "ci_home_runs": 0.13104424436133336,
  "mae_walks": 0.4355490524617164,
  "ci_walks": 0.4532135453148481
}