{
  "brier_strikeouts_alt": 0.25400368335904666,
  "auc_strikeouts_alt": 0.5671174493893943,
  "brier_hits_alt": 0.14004307458704757,
  "auc_hits_alt": 0.8418080393166466,
  "brier_total_bases_alt": 0.1537061239565313,
  "auc_total_bases_alt": 0.7022260803017506
}