{
  "mae_strikeouts": 1.7666596414861453,
  "ci_strikeouts": 2.202528477221321,
  "n_rows": 96204,
  "mae_hits": 0.6800530753250333,
  "ci_hits": 0.8964540255352497,
  "mae_total_bases": 1.2825032839748634,
  "ci_total_bases": 1.3800240738979894,
  "mae_home_runs": 0.19275319919051487,
  "ci_home_runs": 0.12998594136430416,
  "mae_walks": 0.44008551355137193,
  "ci_walks": 0.4536204685029728
}