{
  "brier_strikeouts_alt": 0.25673829528033537,
  "auc_strikeouts_alt": 0.5372361608920749,
  "brier_hits_alt": 0.17333536881129846,
  "auc_hits_alt": 0.7903623026131606,
  "brier_total_bases_alt": 0.1777178873690433,
  "auc_total_bases_alt": 0.6728651623080526
}