{
  "mae_strikeouts": 1.7384000729484528,
  "ci_strikeouts": 2.1675939445766375,
  "n_rows": 92307,
  "mae_hits": 0.6837015266460134,
  "ci_hits": 0.8919604168365437,
  "mae_total_bases": 1.3002166466217573,
  "ci_total_bases": 1.4381061646554278,
  "mae_home_runs": 0.19314610638811047,
  "ci_home_runs": 0.1313823544608354,
  "mae_walks": 0.43815380040112584,
  "ci_walks": 0.4572351748010059
}