{
  "brier_strikeouts": 0.2558306328069776,
  "auc_strikeouts": 0.5674624327342878,
  "brier_hits": 0.23801174247920334,
  "auc_hits": 0.5975216826695127,
  "brier_total_bases": 0.24670650725698703,
  "auc_total_bases": 0.5614944156326884,
  "brier_home_runs": 0.0612730721138769,
  "auc_home_runs": 0.7513810096002881
}