{
  "brier_strikeouts": 0.2593487153969253,
  "auc_strikeouts": 0.5502626793291574,
  "brier_hits": 0.2390923565378352,
  "auc_hits": 0.5926850840226835,
  "brier_total_bases": 0.24608589179400867,
  "auc_total_bases": 0.5542245202468292,
  "brier_home_runs": 0.0476523653544653,
  "auc_home_runs": 0.799560840483751
}