{
  "brier_strikeouts": 0.2605367367228665,
  "auc_strikeouts": 0.5285879939345285,
  "brier_hits": 0.23968268502000173,
  "auc_hits": 0.5961032196125691,
  "brier_total_bases": 0.24710221966968626,
  "auc_total_bases": 0.5737784792693218,
  "brier_home_runs": 0.09248312323728228,
  "auc_home_runs": 0.6693514694013198,
  "brier_walks_batter": 0.21289527924539303,
  "auc_walks_batter": 0.5745117887686879
}