{
  "mae_strikeouts": 1.804401621255014,
  "ci_strikeouts": 2.268964434780653,
  "n_rows": 92231,
  "mae_hits": 0.6755116317457612,
  "ci_hits": 0.9623508446870367,
  "mae_total_bases": 1.2167303869575115,
  "ci_total_bases": 1.0393636642143464
}