{
  "mae_strikeouts": 1.807586880535185,
  "ci_strikeouts": 2.260825918238179,
  "n_rows": 87046,
  "mae_hits": 0.689733930412908,
  "ci_hits": 0.901044048632215,
  "mae_total_bases": 1.3201338193113907,
  "ci_total_bases": 1.4543746041672425,
  "mae_home_runs": 0.2008031528664077,
  "ci_home_runs": 0.13350673787046885,
  "mae_walks": 0.3244486576026586,
  "ci_walks": 0.1140465365825172
}