{
  "mae_strikeouts": 1.754614200706627,
  "ci_strikeouts": 2.1655500765769577,
  "n_rows": 99548,
  "mae_hits": 0.6815438942669898,
  "ci_hits": 0.8906622452309734,
  "mae_total_bases": 1.2955990149794598,
  "ci_total_bases": 1.4299990137151135,
  "mae_home_runs": 0.19232426297604951,
  "ci_home_runs": 0.12803835635748068
}