{
  "mae_strikeouts": 1.7992854143030201,
  "ci_strikeouts": 2.277743642324781,
  "n_rows": 103566,
  "mae_hits": 0.6813209168523388,
  "ci_hits": 0.8920783575848069,
  "mae_total_bases": 1.287809188546918,
  "ci_total_bases": 1.4069705998581234,
  "mae_home_runs": 0.19218836205707873,
  "ci_home_runs": 0.12836590804029266
}