{
  "mae_strikeouts": 1.742036076586337,
  "ci_strikeouts": 2.1692391125354944,
  "n_rows": 90890,
  "mae_hits": 0.6838286098584019,
  "ci_hits": 0.890628263078312,
  "mae_total_bases": 1.3040476316656853,
  "ci_total_bases": 1.44911798120278,
  "mae_home_runs": 0.20453049203487075,
  "ci_home_runs": 0.1501623990358801,
  "mae_walks": 0.43771849791782697,
  "ci_walks": 0.45821041346918695
}