{
  "mae_strikeouts": 1.742122062249044,
  "ci_strikeouts": 2.18269102704623,
  "n_rows": 90355,
  "mae_hits": 0.6826518883434217,
  "ci_hits": 0.9016062315900433,
  "mae_total_bases": 1.2906529196817103,
  "ci_total_bases": 1.3947129982699453,
  "mae_home_runs": 0.20117036939624153,
  "ci_home_runs": 0.14292408176483334,
  "mae_walks": 0.4284032910469694,
  "ci_walks": 0.44085846138028995
}