{
  "mae_strikeouts": 1.7977623198053252,
  "ci_strikeouts": 2.2733161095157497,
  "n_rows": 104665,
  "mae_hits": 0.6884570054281443,
  "ci_hits": 0.8514712501753877,
  "mae_total_bases": 1.292892981505586,
  "ci_total_bases": 1.411119952233155,
  "mae_home_runs": 0.1874912298136794,
  "ci_home_runs": 0.11851039211581593
}