{
  "mae_strikeouts": 1.7582993462843735,
  "ci_strikeouts": 2.1816437781318547,
  "n_rows": 95235,
  "mae_hits": 0.6805618990316413,
  "ci_hits": 0.8952448491356062,
  "mae_total_bases": 1.3031177226846231,
  "ci_total_bases": 1.4482571389008658,
  "mae_home_runs": 0.19490760509780283,
  "ci_home_runs": 0.131641014562235,
  "mae_walks": 0.4396921290470637,
  "ci_walks": 0.44442698225871413
}