{
  "mae_strikeouts": 1.7829464868647917,
  "ci_strikeouts": 2.2523788758487333,
  "n_rows": 99761,
  "mae_hits": 0.6819745346334338,
  "ci_hits": 0.8886799144080968,
  "mae_total_bases": 1.291753194184148,
  "ci_total_bases": 1.409581752291674,
  "mae_home_runs": 0.1971466489811608,
  "ci_home_runs": 0.13570536278316744
}