{
  "mae_strikeouts": 1.7619533847505724,
  "ci_strikeouts": 2.182215323739295,
  "n_rows": 96204,
  "mae_hits": 0.6805758640865228,
  "ci_hits": 0.895171978885372,
  "mae_total_bases": 1.3026014567593422,
  "ci_total_bases": 1.447028626836913,
  "mae_home_runs": 0.19643859157420923,
  "ci_home_runs": 0.13454217197440585,
  "mae_walks": 0.4421020830802388,
  "ci_walks": 0.45927601794150896
}