{
  "batter_hits": {
    "method": "isotonic",
    "x": [
      0.019352830560729978,
      0.02431523064244131,
      0.024333704000296344,
      0.02653963829409161,
      0.026542257680602675,
      0.029241984715844445,
      0.029249608783091394,
      0.029789691928189484,
      0.029790574563743177,
      0.03139755689368967,
      0.03140142500586175,
      0.0438384979013966,
      0.0438708653131476,
      0.055238281291127095,
      0.055618410810543334,
      0.0626665224061128,
      0.06270657758825306,
      0.08431785956306781,
      0.08456323774093666,
      0.0984957525918424,
      0.0985914205721096,
      0.11094497505341344,
      0.11095314053236398,
      0.12066864688587095,
      0.12087692598399295,
      0.19531286754288144,
      0.19535979163793266,
      0.20460247512932908,
      0.20484267038607382,
      0.2514908818646689,
      0.25173512009212984,
      0.2541892372191996,
      0.25420568062283033,
      0.27821484556277043,
      0.27823529223584137,
      0.3127274303982719,
      0.3140131735118817,
      0.3588649878654381,
      0.3605309906348769,
      0.40551800925799164,
      0.4055563847646201,
      0.4777143057265427,
      0.4778010902476637,
      0.5074538729990796,
      0.5076112728181787,
      0.5304079121428871,
      0.5304817303467717,
      0.5483090512001609,
      0.5483332199511795,
      0.6223425009299726,
      0.62271079650256,
      0.6730237807042786,
      0.6732317329950683,
      0.676724678562046,
      0.6768252866034097,
      0.7333101321490507,
      0.7333423099830113,
      0.7680941987316497,
      0.769473890398827,
      0.8735096613135769
    ],
    "y": [
      0.0,
      0.0,
      0.018867924528301886,
      0.018867924528301886,
      0.02127659574468085,
      0.02127659574468085,
      0.037037037037037035,
      0.037037037037037035,
      0.04285714285714286,
      0.04285714285714286,
      0.045563549160671464,
      0.045563549160671464,
      0.06432748538011696,
      0.06432748538011696,
      0.07317073170731707,
      0.07317073170731707,
      0.1,
      0.1,
      0.19672131147540983,
      0.19672131147540983,
      0.20967741935483872,
      0.20967741935483872,
      0.21052631578947367,
      0.21052631578947367,
      0.21686746987951808,
      0.21686746987951808,
      0.22784810126582278,
      0.22784810126582278,
      0.2517482517482518,
      0.2517482517482518,
      0.3333333333333333,
      0.3333333333333333,
      0.33962264150943394,
      0.33962264150943394,
      0.3853211009174312,
      0.3853211009174312,
      0.3916083916083916,
      0.3916083916083916,
      0.4696132596685083,
      0.4696132596685083,
      0.502450980392157,
      0.502450980392157,
      0.5394190871369294,
      0.5394190871369294,
      0.5743589743589745,
      0.5743589743589745,
      0.58125,
      0.58125,
      0.6132686084142392,
      0.6132686084142392,
      0.6450777202072538,
      0.6450777202072538,
      0.6470588235294118,
      0.6470588235294118,
      0.6746031746031746,
      0.6746031746031746,
      0.6842105263157895,
      0.6842105263157895,
      0.6923076923076923,
      0.6923076923076923
    ],
    "n_oof": 6456,
    "brier_raw": 0.18227298085522092,
    "brier_calibrated": 0.17851397314726097,
    "brier_holdout": 0.15019527244435674
  },
  "batter_total_bases": {
    "method": "platt",
    "a": 0.8328265340974342,
    "b": 0.1304725587276,
    "n_oof": 6402,
    "brier_raw": 0.1875809881647307,
    "brier_calibrated": 0.18386450449297065,
    "brier_holdout": 0.16602757038259291
  }
}