{
  "batter_hits": {
    "method": "isotonic",
    "x": [
      0.007513130489716389,
      0.011014000213952619,
      0.011016009976777794,
      0.01238584807001571,
      0.012394358241866672,
      0.01801787786902308,
      0.018026243596087215,
      0.03027696528448003,
      0.030284104147525165,
      0.04079243639032873,
      0.04079712779209551,
      0.05897298655564492,
      0.05900665312537837,
      0.06645665907421965,
      0.0665036109008634,
      0.08779791946446214,
      0.08830696291523121,
      0.09168573884458392,
      0.09175442518603309,
      0.09834387878709981,
      0.09839799703026893,
      0.16504507588458187,
      0.16504705803359168,
      0.20208378338071667,
      0.20210692451452333,
      0.25206788021263477,
      0.25212149159011693,
      0.3145878371149386,
      0.314765099017153,
      0.33899833619026765,
      0.33931596545391973,
      0.34137445761212715,
      0.3413815587315347,
      0.37544734517696987,
      0.37552611960206894,
      0.39799289679844063,
      0.39809080785674944,
      0.41396001845897556,
      0.4139933389220352,
      0.4231438556725734,
      0.42331692855503344,
      0.47654899535040357,
      0.4765941357442047,
      0.5279537775127894,
      0.5280582026108547,
      0.5334485716081435,
      0.5335026717889126,
      0.5382102818778822,
      0.5383481185729423,
      0.5742169953321004,
      0.5742430494563004,
      0.6412861703435713,
      0.6412925006576502,
      0.6742902157301782,
      0.6742905605078957,
      0.6860133286691872,
      0.686042258825949,
      0.6974070144600478,
      0.6974140667026731,
      0.7044615057737891,
      0.7044984435740183,
      0.8275999959690243,
      0.8280227964059111,
      0.857969096052503,
      0.8581927546952828,
      0.8854574587151252
    ],
    "y": [
      0.0,
      0.0,
      0.006514657980456026,
      0.006514657980456026,
      0.009825327510917031,
      0.009825327510917031,
      0.022321428571428572,
      0.022321428571428572,
      0.038606403013182675,
      0.038606403013182675,
      0.05339805825242718,
      0.05339805825242718,
      0.0594059405940594,
      0.0594059405940594,
      0.07924528301886792,
      0.07924528301886792,
      0.13513513513513514,
      0.13513513513513514,
      0.14583333333333334,
      0.14583333333333334,
      0.15954773869346733,
      0.15954773869346733,
      0.18962962962962962,
      0.18962962962962962,
      0.22441860465116278,
      0.22441860465116278,
      0.28240740740740744,
      0.28240740740740744,
      0.2935779816513761,
      0.2935779816513761,
      0.29411764705882354,
      0.29411764705882354,
      0.354978354978355,
      0.354978354978355,
      0.36423841059602646,
      0.36423841059602646,
      0.3739130434782609,
      0.3739130434782609,
      0.4727272727272727,
      0.4727272727272727,
      0.49428571428571444,
      0.49428571428571444,
      0.5357142857142858,
      0.5357142857142858,
      0.5645161290322581,
      0.5645161290322581,
      0.5692307692307692,
      0.5692307692307692,
      0.5697674418604651,
      0.5697674418604651,
      0.6048210372534698,
      0.6048210372534698,
      0.6140089418777943,
      0.6140089418777943,
      0.6169154228855721,
      0.6169154228855721,
      0.6547619047619048,
      0.6547619047619048,
      0.6756756756756757,
      0.6756756756756757,
      0.6905055487053021,
      0.6905055487053021,
      0.75,
      0.75,
      0.8571428571428571,
      0.8571428571428571
    ],
    "n_oof": 17692,
    "brier_raw": 0.14014534804408574,
    "brier_calibrated": 0.13896756375577995,
    "brier_holdout": 0.11487954671903682
  },
  "batter_total_bases": {
    "method": "isotonic",
    "x": [
      0.013099552027972073,
      0.020884391715623757,
      0.020892340458011024,
      0.027575339362855143,
      0.02761991553117317,
      0.03915249618017429,
      0.03923673230951899,
      0.04060652620601037,
      0.04061353511959588,
      0.0424081168964819,
      0.04241940372945599,
      0.04310892690275624,
      0.04314060456224793,
      0.05882523545967959,
      0.058836704095415825,
      0.08304023296920089,
      0.083070944042444,
      0.09523146018784866,
      0.09530992873293587,
      0.09574465350936374,
      0.09577376576478751,
      0.10357510523713866,
      0.10358390507569007,
      0.11215882029598265,
      0.11220600881627482,
      0.11253705823489123,
      0.11253826433248774,
      0.13798696149068498,
      0.1380374704060841,
      0.1402573994074736,
      0.1402664900031477,
      0.1528836247540587,
      0.15295200078313792,
      0.16889693262816186,
      0.1689633983946953,
      0.17277439685217794,
      0.17278502301389814,
      0.2268144748024304,
      0.226839622619267,
      0.2317371270900966,
      0.23175948941263746,
      0.25540533680969824,
      0.255409366544479,
      0.2710441173216976,
      0.2710469239555823,
      0.31045568495098874,
      0.31046785446077757,
      0.3107253956406667,
      0.3107877960898286,
      0.35348510431293656,
      0.35352757122771983,
      0.36254669212980006,
      0.36256565557775317,
      0.42668088673770593,
      0.4267344969427493,
      0.436092079680666,
      0.4362263384859547,
      0.4936381691086526,
      0.49390377499922994,
      0.5422811265632472,
      0.5425727594395225,
      0.5468406628701142,
      0.5475070332265882,
      0.618422418521369,
      0.6200131514496056,
      0.6465633179113798,
      0.6485690479886763,
      0.649149063813037
    ],
    "y": [
      0.0,
      0.0,
      0.01818181818181818,
      0.01818181818181818,
      0.03253796095444685,
      0.03253796095444685,
      0.04411764705882353,
      0.04411764705882353,
      0.046511627906976744,
      0.046511627906976744,
      0.05263157894736842,
      0.05263157894736842,
      0.06416464891041163,
      0.06416464891041163,
      0.08942457231726283,
      0.08942457231726283,
      0.0898876404494382,
      0.0898876404494382,
      0.10714285714285714,
      0.10714285714285714,
      0.13583815028901733,
      0.13583815028901733,
      0.14016172506738547,
      0.14016172506738547,
      0.14285714285714285,
      0.14285714285714285,
      0.1457142857142857,
      0.1457142857142857,
      0.15151515151515152,
      0.15151515151515152,
      0.16371681415929204,
      0.16371681415929204,
      0.18330308529945555,
      0.18330308529945555,
      0.2018348623853211,
      0.2018348623853211,
      0.20828471411901983,
      0.20828471411901983,
      0.2361111111111111,
      0.2361111111111111,
      0.27034482758620687,
      0.27034482758620687,
      0.30406852248394006,
      0.30406852248394006,
      0.30710172744721687,
      0.30710172744721687,
      0.3333333333333333,
      0.3333333333333333,
      0.34862385321100925,
      0.34862385321100925,
      0.355,
      0.355,
      0.38746908491343773,
      0.38746908491343773,
      0.4,
      0.4,
      0.40407470288624786,
      0.40407470288624786,
      0.4253731343283582,
      0.4253731343283582,
      0.42857142857142855,
      0.42857142857142855,
      0.5471698113207548,
      0.5471698113207548,
      0.7272727272727273,
      0.7272727272727273,
      1.0,
      1.0
    ],
    "n_oof": 17898,
    "brier_raw": 0.1534286002743175,
    "brier_calibrated": 0.1524074657759676,
    "brier_holdout": 0.13135501402053495
  }
}