{
  "pitcher_strikeouts": {
    "method": "platt",
    "a": 0.3665704708562537,
    "b": 0.027535391778429494,
    "n_oof": 794,
    "brier_raw": 0.2558306328069776,
    "brier_calibrated": 0.24687571549639714,
    "brier_holdout": 0.24805995220265079
  }
}