{
  "pitcher_strikeouts": {
    "method": "platt",
    "a": 0.38277365798156177,
    "b": 0.022484725613653875,
    "n_oof": 794,
    "brier_raw": 0.2555856031616374,
    "brier_calibrated": 0.24743966804067147,
    "brier_holdout": 0.25010057573980543
  }
}