{
  "batter_hits": {
    "method": "isotonic",
    "x": [
      0.14975367286207517,
      0.18878898616764983,
      0.2685526366456355,
      0.26866388805201735,
      0.279063032604639,
      0.2800996757043512,
      0.2836008202854853,
      0.28416304888391053,
      0.3389368954523537,
      0.33900496667053726,
      0.3390845659747583,
      0.33915934433875694,
      0.4109910655838457,
      0.4111039291621901,
      0.4156127777130935,
      0.415670320009495,
      0.4238999005852969,
      0.4239944013601686,
      0.4242746728507195,
      0.4243711434688775,
      0.5251688913661829,
      0.5251905045269805,
      0.5738865471256847,
      0.574042932446952,
      0.6113605055616756,
      0.6114242862403421,
      0.6540690465611654,
      0.6540914928877073,
      0.6813494257525723,
      0.6813629648138976,
      0.7209374726013748,
      0.7209455064716579,
      0.7432583236807451,
      0.7432761227821281,
      0.7624189709542324,
      0.7625350394189517,
      0.8157373179397479,
      0.8199780052380149,
      0.8276428245538252
    ],
    "y": [
      0.0,
      0.2268041237113402,
      0.2268041237113402,
      0.23076923076923078,
      0.23076923076923078,
      0.26666666666666666,
      0.26666666666666666,
      0.31506849315068497,
      0.31506849315068497,
      0.3333333333333333,
      0.3333333333333333,
      0.35311572700296734,
      0.35311572700296734,
      0.4230769230769231,
      0.4230769230769231,
      0.4722222222222222,
      0.4722222222222222,
      0.5,
      0.5,
      0.5028506271379702,
      0.5028506271379702,
      0.578371810449575,
      0.578371810449575,
      0.5920398009950251,
      0.5920398009950251,
      0.6025862068965515,
      0.6025862068965515,
      0.6377622377622378,
      0.6377622377622378,
      0.6695005313496282,
      0.6695005313496282,
      0.6766304347826086,
      0.6766304347826086,
      0.6777251184834123,
      0.6777251184834123,
      0.6842105263157895,
      0.6842105263157895,
      1.0,
      1.0
    ],
    "n_oof": 8547,
    "brier_raw": 0.23764772511875254,
    "brier_calibrated": 0.23523641408264384,
    "brier_holdout": 0.24351818007716106
  },
  "batter_total_bases": {
    "method": "isotonic",
    "x": [
      0.2161649782346803,
      0.2193637198335259,
      0.28613275674383754,
      0.2865704172253152,
      0.2881381081487429,
      0.2882123090302424,
      0.3405622250990486,
      0.3408069066017521,
      0.34540114185116594,
      0.3455316092102282,
      0.3630275081689901,
      0.36333689723793755,
      0.4000113468045839,
      0.4000463159006874,
      0.4078208264005382,
      0.40788575057966125,
      0.40868398515981097,
      0.4087542916698803,
      0.4990942266344867,
      0.49930421850432094,
      0.5041271386045968,
      0.5043208257600009,
      0.5698129464761192,
      0.5700032254546058,
      0.6428845328403786,
      0.643369337352971,
      0.6669326072460611,
      0.6671157849085572,
      0.6703950673914946,
      0.6707531734987173,
      0.7023335490948168,
      0.7032868147224579,
      0.7886590061948973
    ],
    "y": [
      0.0,
      0.36082474226804123,
      0.36082474226804123,
      0.375,
      0.375,
      0.3829787234042553,
      0.3829787234042553,
      0.38461538461538464,
      0.38461538461538464,
      0.390625,
      0.390625,
      0.4063157894736842,
      0.4063157894736842,
      0.4152542372881356,
      0.4152542372881356,
      0.42857142857142855,
      0.42857142857142855,
      0.43537414965986393,
      0.43537414965986393,
      0.4642857142857143,
      0.4642857142857143,
      0.4882108183079057,
      0.4882108183079057,
      0.5232774674115456,
      0.5232774674115456,
      0.5620437956204379,
      0.5620437956204379,
      0.5714285714285714,
      0.5714285714285714,
      0.5970149253731343,
      0.5970149253731343,
      0.6382978723404256,
      0.6382978723404256
    ],
    "n_oof": 5246,
    "brier_raw": 0.2471303017512579,
    "brier_calibrated": 0.24270283232500636,
    "brier_holdout": 0.23675576279740448
  },
  "batter_home_runs": {
    "method": "platt",
    "a": 0.8972133763199328,
    "b": 0.043923576404475646,
    "n_oof": 8611,
    "brier_raw": 0.06130884662989706,
    "brier_calibrated": 0.06116658601701941,
    "brier_holdout": 0.007358637648481438
  }
}