{
  "batter_hits": {
    "method": "isotonic",
    "x": [
      0.19630875036109302,
      0.19999590779976797,
      0.2204361478135855,
      0.22143962248088572,
      0.31725738550246557,
      0.31780699807459356,
      0.37933458651565155,
      0.3797557807118413,
      0.3890319369764614,
      0.3891322489420578,
      0.39385947057240134,
      0.3941296294721428,
      0.40359499250150055,
      0.4036930460043301,
      0.45370974879206993,
      0.45391654331298226,
      0.47065356652356816,
      0.4707051596960264,
      0.4715864291612113,
      0.4719798432089304,
      0.5048053440962629,
      0.5048684449049026,
      0.5563493126386413,
      0.5563528089183674,
      0.5920383966064243,
      0.5920448185730649,
      0.6172855244770867,
      0.6173340802979741,
      0.626734542313875,
      0.6267540575244008,
      0.6466913539082084,
      0.6467205741205571,
      0.6547288442950889,
      0.6547715326876125,
      0.6561451781506578,
      0.6561654190437367,
      0.7078228735831111,
      0.7078334759434215,
      0.7384595690216389,
      0.7385136622241224,
      0.7465756218005366,
      0.7465916027944393,
      0.7532761093372382,
      0.7533232778134256,
      0.8096251420204112,
      0.8104783311312476,
      0.8211740551394042
    ],
    "y": [
      0.0,
      0.2,
      0.2,
      0.302158273381295,
      0.302158273381295,
      0.32388663967611336,
      0.32388663967611336,
      0.325,
      0.325,
      0.35294117647058826,
      0.35294117647058826,
      0.35714285714285715,
      0.35714285714285715,
      0.4568345323741007,
      0.4568345323741007,
      0.46825396825396826,
      0.46825396825396826,
      0.5,
      0.5,
      0.5153583617747439,
      0.5153583617747439,
      0.5630136986301367,
      0.5630136986301367,
      0.5757997218358831,
      0.5757997218358831,
      0.598984771573604,
      0.598984771573604,
      0.6062992125984252,
      0.6062992125984252,
      0.6103646833013435,
      0.6103646833013435,
      0.6310679611650486,
      0.6310679611650486,
      0.6363636363636364,
      0.6363636363636364,
      0.6433358153387939,
      0.6433358153387939,
      0.6552795031055901,
      0.6552795031055901,
      0.6607142857142857,
      0.6607142857142857,
      0.6753246753246753,
      0.6753246753246753,
      0.7016129032258065,
      0.7016129032258065,
      0.75,
      0.75
    ],
    "n_oof": 8547,
    "brier_raw": 0.23808964191422652,
    "brier_calibrated": 0.23568052617807786,
    "brier_holdout": 0.24170843553369836
  },
  "batter_total_bases": {
    "method": "platt",
    "a": 0.4291509119721956,
    "b": -0.12709073207525595,
    "n_oof": 5246,
    "brier_raw": 0.2475049127710434,
    "brier_calibrated": 0.24389797974107685,
    "brier_holdout": 0.2362809808175416
  },
  "batter_home_runs": {
    "method": "platt",
    "a": 0.9419211706460814,
    "b": 0.14845270468193575,
    "n_oof": 8611,
    "brier_raw": 0.06126744425627212,
    "brier_calibrated": 0.061119056762480986,
    "brier_holdout": 0.0072107251297195
  }
}