{
  "pitcher_strikeouts": {
    "method": "platt",
    "a": 0.40387900415058503,
    "b": -0.011502517166765036,
    "n_oof": 801,
    "brier_raw": 0.2542895080384775,
    "brier_calibrated": 0.24637738069211707,
    "brier_holdout": 0.2473928256693366
  }
}