{
  "batter_hits": {
    "method": "isotonic",
    "x": [
      0.18850642333317158,
      0.1910104631943139,
      0.29586251407270225,
      0.2964096203419607,
      0.33491739552401667,
      0.33531200576505205,
      0.3907720535985515,
      0.39101881569862995,
      0.40105363900981555,
      0.40108304155964153,
      0.40226381201339034,
      0.4026551465382005,
      0.424745957582372,
      0.4253051900776944,
      0.43730887842658805,
      0.43735564998314924,
      0.4483282892593976,
      0.44839225904445756,
      0.4484962346705303,
      0.44851358704156663,
      0.48273786126486923,
      0.4827720308790597,
      0.5010479115340635,
      0.5012613802326835,
      0.5043035628710228,
      0.5043431079168704,
      0.5066580059368194,
      0.5067094167093429,
      0.5160038152521162,
      0.5160726156024568,
      0.5706018531475547,
      0.5706654061287135,
      0.6090851428373896,
      0.6091556587963014,
      0.6894466246216944,
      0.6895406375271949,
      0.7102782413906839,
      0.710455195240487,
      0.723493591336765,
      0.7235713541992741,
      0.7432547235923443,
      0.7433428253925258,
      0.7724186697054045,
      0.7725297695767682,
      0.8269238595583859,
      0.8270746344542159
    ],
    "y": [
      0.0,
      0.27179487179487183,
      0.27179487179487183,
      0.29931972789115646,
      0.29931972789115646,
      0.3514644351464435,
      0.3514644351464435,
      0.375,
      0.375,
      0.4,
      0.4,
      0.4019607843137255,
      0.4019607843137255,
      0.4473684210526316,
      0.4473684210526316,
      0.45,
      0.45,
      0.5,
      0.5,
      0.5018587360594795,
      0.5018587360594795,
      0.5112359550561798,
      0.5112359550561798,
      0.5365853658536586,
      0.5365853658536586,
      0.56,
      0.56,
      0.5673076923076923,
      0.5673076923076923,
      0.5743162901307964,
      0.5743162901307964,
      0.5983701979045402,
      0.5983701979045402,
      0.6190476190476188,
      0.6190476190476188,
      0.6472945891783568,
      0.6472945891783568,
      0.6596491228070176,
      0.6596491228070176,
      0.6687697160883281,
      0.6687697160883281,
      0.6721854304635762,
      0.6721854304635762,
      0.7068965517241379,
      0.7068965517241379,
      1.0
    ],
    "n_oof": 8547,
    "brier_raw": 0.23838538384117694,
    "brier_calibrated": 0.2356615694763993,
    "brier_holdout": 0.24177513227585049
  },
  "batter_total_bases": {
    "method": "isotonic",
    "x": [
      0.21267894123086709,
      0.21703748210973944,
      0.2195157231723147,
      0.242089170423308,
      0.24394024801448377,
      0.2748015858216915,
      0.27500220176190315,
      0.3185326302056288,
      0.3187677555497709,
      0.36893247611651103,
      0.3690145286748248,
      0.43140122584550733,
      0.4314298731771896,
      0.432732533244081,
      0.4327461251575624,
      0.45097851073906564,
      0.4510056526059174,
      0.4656602682926807,
      0.46586189138882667,
      0.4896534558672498,
      0.48974017405269527,
      0.535417610180894,
      0.5354576354715439,
      0.5371586503011195,
      0.5375889371199927,
      0.5669771927093263,
      0.5670197324576082,
      0.5934432095985691,
      0.593520091674159,
      0.6460269498385832,
      0.6461624416611413,
      0.6928984123929587,
      0.69301351714337,
      0.78751117201535
    ],
    "y": [
      0.0,
      0.0,
      0.2857142857142857,
      0.2857142857142857,
      0.3442622950819672,
      0.3442622950819672,
      0.3918918918918919,
      0.3918918918918919,
      0.4100418410041841,
      0.4100418410041841,
      0.4204946996466431,
      0.4204946996466431,
      0.42105263157894735,
      0.42105263157894735,
      0.43548387096774194,
      0.43548387096774194,
      0.4429223744292237,
      0.4429223744292237,
      0.44510385756676557,
      0.44510385756676557,
      0.4528985507246377,
      0.4528985507246377,
      0.5,
      0.5,
      0.5093632958801498,
      0.5093632958801498,
      0.5167464114832538,
      0.5167464114832538,
      0.5204359673024525,
      0.5204359673024525,
      0.5570776255707763,
      0.5570776255707763,
      0.6349206349206349,
      0.6349206349206349
    ],
    "n_oof": 5246,
    "brier_raw": 0.24802024153147254,
    "brier_calibrated": 0.2432108658734072,
    "brier_holdout": 0.23653459013924838
  },
  "batter_home_runs": {
    "method": "platt",
    "a": 0.9161508997677558,
    "b": 0.08054921486081411,
    "n_oof": 8611,
    "brier_raw": 0.061219925826954416,
    "brier_calibrated": 0.06107911173110258,
    "brier_holdout": 0.007073389791335053
  }
}