{
  "batter_hits": {
    "method": "platt",
    "a": 0.6940427689068159,
    "b": 0.05293411532153323,
    "n_oof": 6719,
    "brier_raw": 0.2392574743640222,
    "brier_calibrated": 0.23802290645070184
  },
  "batter_total_bases": {
    "method": "platt",
    "a": 0.4969404396341863,
    "b": -0.10547510971705067,
    "n_oof": 4800,
    "brier_raw": 0.2477023799998328,
    "brier_calibrated": 0.24415267044100622
  },
  "batter_home_runs": {
    "method": "platt",
    "a": 0.7932127476628593,
    "b": -0.019108643355693178,
    "n_oof": 5603,
    "brier_raw": 0.09237779675311543,
    "brier_calibrated": 0.09083501275559272
  },
  "batter_walks": {
    "method": "platt",
    "a": 0.5401643385149845,
    "b": -0.2964110298663391,
    "n_oof": 3367,
    "brier_raw": 0.21079539996178254,
    "brier_calibrated": 0.20790794442957022
  }
}