{
  "pitcher_strikeouts": {
    "method": "platt",
    "a": 0.4033821048775088,
    "b": -0.044858076576597856,
    "n_oof": 496,
    "brier_raw": 0.2554227193462894,
    "brier_calibrated": 0.24715824866147665,
    "brier_holdout": 0.25040125320437867
  }
}