{
  "batter_hits": {
    "method": "isotonic",
    "x": [
      0.17980756051160476,
      0.2056141887172197,
      0.21113818394178485,
      0.33257772609200026,
      0.3327328354563653,
      0.3415731023409678,
      0.34164952172307445,
      0.4229689153902246,
      0.42316892435443515,
      0.4306807741973034,
      0.4308760590503786,
      0.4588341714693841,
      0.45903772263481357,
      0.5123602022831415,
      0.5124468382476708,
      0.5287993428477236,
      0.5288086518970723,
      0.5308168442454859,
      0.53082745695024,
      0.5489553383056364,
      0.5490174401720178,
      0.5854574184909455,
      0.5854581388868737,
      0.5972382765642026,
      0.5972560692828923,
      0.6501750386159855,
      0.6502022997856843,
      0.6658693535498795,
      0.6658933701415098,
      0.6735724605821525,
      0.673615468696906,
      0.7132199197824072,
      0.7132403460981667,
      0.7132582256705242,
      0.713273219193078,
      0.7847493321076573,
      0.7847629700252488,
      0.8086723846692121,
      0.8092748200715731,
      0.8157396462719674,
      0.8216638984272255
    ],
    "y": [
      0.0,
      0.0,
      0.2718894009216592,
      0.2718894009216592,
      0.3333333333333333,
      0.3333333333333333,
      0.37303370786516854,
      0.37303370786516854,
      0.42105263157894735,
      0.42105263157894735,
      0.48792270531400966,
      0.48792270531400966,
      0.5015479876160991,
      0.5015479876160991,
      0.5123674911660777,
      0.5123674911660777,
      0.5348837209302325,
      0.5348837209302325,
      0.5529100529100529,
      0.5529100529100529,
      0.5585106382978723,
      0.5585106382978723,
      0.5941644562334217,
      0.5941644562334217,
      0.5989304812834226,
      0.5989304812834226,
      0.6000000000000002,
      0.6000000000000002,
      0.6153846153846155,
      0.6153846153846155,
      0.6228003060443763,
      0.6228003060443763,
      0.6666666666666666,
      0.6666666666666666,
      0.668149466192171,
      0.668149466192171,
      0.75,
      0.75,
      0.8,
      0.8,
      1.0
    ],
    "n_oof": 11315,
    "brier_raw": 0.23913536202438063,
    "brier_calibrated": 0.23641564865120696,
    "brier_holdout": 0.23670321760769217
  },
  "batter_total_bases": {
    "method": "isotonic",
    "x": [
      0.20251996915163478,
      0.22508104551874292,
      0.22680835334773833,
      0.303820509497732,
      0.30387797380359305,
      0.39862748422323757,
      0.3987458034910241,
      0.4216426855885388,
      0.42166365346740203,
      0.4264523334629202,
      0.4264674168309944,
      0.4290629489960155,
      0.4290634090869655,
      0.4692723241438671,
      0.4692876238777603,
      0.4750180624312868,
      0.4750222463777863,
      0.4752643527660162,
      0.47543069569957686,
      0.5029206793871936,
      0.503013999685801,
      0.5067304924568283,
      0.5069668727823344,
      0.5458419687681564,
      0.5458482798597506,
      0.5935861268447388,
      0.5937851466768449,
      0.6033327021510391,
      0.6035295930790645,
      0.6044445289380489,
      0.6047105006731543,
      0.6218470782731804,
      0.6219433359768649,
      0.6304328171248339,
      0.63059883279819,
      0.6584022593053079,
      0.6584655825427176,
      0.6828066820213553,
      0.6828833775293603,
      0.7176458074244918,
      0.7178822257837809,
      0.7441238679262642,
      0.7468380637836922,
      0.7889691900360074,
      0.789410411957155
    ],
    "y": [
      0.36363636363636365,
      0.36363636363636365,
      0.3929824561403509,
      0.3929824561403509,
      0.3978181818181818,
      0.3978181818181818,
      0.4032258064516129,
      0.4032258064516129,
      0.40384615384615385,
      0.40384615384615385,
      0.4166666666666667,
      0.4166666666666667,
      0.4200278164116829,
      0.4200278164116829,
      0.42452830188679247,
      0.42452830188679247,
      0.42857142857142855,
      0.42857142857142855,
      0.4393939393939394,
      0.4393939393939394,
      0.4444444444444444,
      0.4444444444444444,
      0.45180722891566266,
      0.45180722891566266,
      0.461864406779661,
      0.461864406779661,
      0.47761194029850745,
      0.47761194029850745,
      0.5,
      0.5,
      0.5153846153846153,
      0.5153846153846153,
      0.5217391304347826,
      0.5217391304347826,
      0.5789473684210527,
      0.5789473684210527,
      0.5833333333333334,
      0.5833333333333334,
      0.59375,
      0.59375,
      0.6086956521739131,
      0.6086956521739131,
      0.6774193548387096,
      0.6774193548387096,
      1.0
    ],
    "n_oof": 6547,
    "brier_raw": 0.24782414505537276,
    "brier_calibrated": 0.24262434101128005,
    "brier_holdout": 0.2410533004254229
  },
  "batter_home_runs": {
    "method": "platt",
    "a": 1.069345515332118,
    "b": 0.37885271227564393,
    "n_oof": 11445,
    "brier_raw": 0.0477372354133866,
    "brier_calibrated": 0.0476028449695957,
    "brier_holdout": 0.006077304760962671
  }
}