{
  "pitcher_strikeouts": {
    "method": "platt",
    "a": 0.6173465422525143,
    "b": -0.12785170061491088,
    "n_oof": 201,
    "brier_raw": 0.24742671306822298,
    "brier_calibrated": 0.24336385663926335,
    "brier_holdout": 0.26225970722071673
  }
}