{
  "pitcher_strikeouts": {
    "method": "isotonic",
    "x": [
      0.2561461834352854,
      0.25914320361226395,
      0.275307903735894,
      0.27913084960339724,
      0.31027263933693705,
      0.31264860273877293,
      0.32817632573789346,
      0.33389467812731755,
      0.42761828707867944,
      0.4307197023555276,
      0.6970003129020499,
      0.7006233360584091,
      0.7439110958057027
    ],
    "y": [
      0.0,
      0.2,
      0.2,
      0.4,
      0.4,
      0.42857142857142855,
      0.42857142857142855,
      0.43243243243243246,
      0.43243243243243246,
      0.47474747474747475,
      0.47474747474747475,
      0.9,
      0.9
    ],
    "n_oof": 212,
    "brier_raw": 0.25826346970207636,
    "brier_calibrated": 0.2368744637970915,
    "brier_holdout": 0.24732908936620712
  }
}