{
  "batter_hits": {
    "method": "platt",
    "a": 0.7121088087388925,
    "b": 0.03174922726302586,
    "n_oof": 8547,
    "brier_raw": 0.23886172587075374,
    "brier_calibrated": 0.2374740249397936,
    "brier_holdout": 0.24280669456004494
  },
  "batter_total_bases": {
    "method": "isotonic",
    "x": [
      0.2216715294885734,
      0.25204173164910953,
      0.2523690447047872,
      0.27328103572573614,
      0.27331496963176016,
      0.30039157006313244,
      0.3004823632915975,
      0.3992844395731808,
      0.39930327155971407,
      0.48811419206908013,
      0.488198163151159,
      0.49021752747362946,
      0.49023458874629205,
      0.5084747669075236,
      0.5085177616883696,
      0.5087900332118325,
      0.5089226912582969,
      0.6161234574598926,
      0.6164080555561686,
      0.6625435234193926,
      0.6626537728848827,
      0.6946290820892184,
      0.6946371442777779,
      0.7624844085591207,
      0.7626754783369092,
      0.7994816828479516
    ],
    "y": [
      0.3076923076923077,
      0.3076923076923077,
      0.3170731707317073,
      0.3170731707317073,
      0.3904761904761905,
      0.3904761904761905,
      0.4,
      0.4,
      0.41624790619765495,
      0.41624790619765495,
      0.47368421052631576,
      0.47368421052631576,
      0.4909090909090909,
      0.4909090909090909,
      0.5,
      0.5,
      0.5029469548133594,
      0.5029469548133594,
      0.5447761194029851,
      0.5447761194029851,
      0.5906040268456376,
      0.5906040268456376,
      0.6268656716417911,
      0.6268656716417911,
      0.6666666666666666,
      0.6666666666666666
    ],
    "n_oof": 5246,
    "brier_raw": 0.24698984003106134,
    "brier_calibrated": 0.24228992570373134,
    "brier_holdout": 0.2360104062543546
  },
  "batter_home_runs": {
    "method": "platt",
    "a": 0.9115636317174954,
    "b": 0.06901996539520054,
    "n_oof": 8611,
    "brier_raw": 0.0613372223130146,
    "brier_calibrated": 0.06121780416696351,
    "brier_holdout": 0.007499109649176427
  }
}