{
  "batter_hits": {
    "method": "isotonic",
    "x": [
      0.013938375820394129,
      0.020480147427167066,
      0.02063518569501149,
      0.023624229602031165,
      0.023716307572369952,
      0.026206638638978583,
      0.026211716379772005,
      0.028851323136844215,
      0.02895242657726762,
      0.03544857884106651,
      0.03548740412247238,
      0.03638776097763956,
      0.03639107763804744,
      0.04398636141659226,
      0.04405837984761975,
      0.05733397335868313,
      0.05736571636089896,
      0.0585089269994531,
      0.058585087296515403,
      0.06934403813138429,
      0.0695016282571167,
      0.08264111857057552,
      0.08355824281611672,
      0.08588159748337806,
      0.08591918922479205,
      0.11461000947541283,
      0.11465713942899837,
      0.13610227473572106,
      0.1361206242422252,
      0.14100158047348407,
      0.14110212051843266,
      0.17562996885352467,
      0.1757066753477517,
      0.23478353513246908,
      0.23500672483429963,
      0.25234575086328115,
      0.2526586360889964,
      0.258538776504319,
      0.25855316270782436,
      0.33999164567877943,
      0.3401067829804334,
      0.3454985319039964,
      0.34574914342092733,
      0.3822593905476011,
      0.38226751907807,
      0.389458519671829,
      0.3895950152633998,
      0.41362162089635157,
      0.41369703498980803,
      0.43931620469044963,
      0.4394471821240833,
      0.4957121143213651,
      0.4957304994600431,
      0.5262117050880408,
      0.52638418993641,
      0.5294383792768242,
      0.5294631528931122,
      0.5623240755746465,
      0.5624185186202981,
      0.5639962876161132,
      0.5640852534976666,
      0.5773865929081239,
      0.5773965618242962,
      0.5788345531708867,
      0.5788937357385431,
      0.6430260419426062,
      0.643055041042415,
      0.7235437381757337,
      0.7238611632576312,
      0.7282787327273723,
      0.7284505587050805,
      0.7434942027707878,
      0.7438255189889895,
      0.7562477237946499,
      0.7565631852105426,
      0.8741976253082515
    ],
    "y": [
      0.0,
      0.0,
      0.0196078431372549,
      0.0196078431372549,
      0.02702702702702703,
      0.02702702702702703,
      0.033707865168539325,
      0.033707865168539325,
      0.03968253968253968,
      0.03968253968253968,
      0.05,
      0.05,
      0.0582010582010582,
      0.0582010582010582,
      0.05851063829787234,
      0.05851063829787234,
      0.09090909090909091,
      0.09090909090909091,
      0.10909090909090909,
      0.10909090909090909,
      0.13333333333333333,
      0.13333333333333333,
      0.14285714285714285,
      0.14285714285714285,
      0.15447154471544716,
      0.15447154471544716,
      0.1897810218978102,
      0.1897810218978102,
      0.2,
      0.2,
      0.2204724409448819,
      0.2204724409448819,
      0.23404255319148937,
      0.23404255319148937,
      0.25,
      0.25,
      0.3055555555555556,
      0.3055555555555556,
      0.3076923076923077,
      0.3076923076923077,
      0.40625,
      0.40625,
      0.40869565217391307,
      0.40869565217391307,
      0.4444444444444444,
      0.4444444444444444,
      0.47572815533980584,
      0.47572815533980584,
      0.5,
      0.5,
      0.5063694267515925,
      0.5063694267515925,
      0.5555555555555556,
      0.5555555555555556,
      0.56,
      0.56,
      0.5785714285714286,
      0.5785714285714286,
      0.5789473684210527,
      0.5789473684210527,
      0.5806451612903226,
      0.5806451612903226,
      0.6,
      0.6,
      0.6060606060606061,
      0.6060606060606061,
      0.6341911764705882,
      0.6341911764705882,
      0.6470588235294118,
      0.6470588235294118,
      0.6714285714285714,
      0.6714285714285714,
      0.6739130434782609,
      0.6739130434782609,
      0.7528089887640449,
      0.7528089887640449
    ],
    "n_oof": 6456,
    "brier_raw": 0.18113337148185074,
    "brier_calibrated": 0.17865296832539523,
    "brier_holdout": 0.14971181178587267
  },
  "batter_total_bases": {
    "method": "isotonic",
    "x": [
      0.016649681178228154,
      0.023905753178216478,
      0.024025707770202694,
      0.044562774451150686,
      0.0446416675745752,
      0.05129545728123107,
      0.05131121773199298,
      0.0752679844778001,
      0.07532486564917532,
      0.07800773517574902,
      0.07807939826182958,
      0.0912555100906193,
      0.09127131747965264,
      0.09653464738019016,
      0.09663404019474395,
      0.10396997449477224,
      0.10408600042079412,
      0.13279829747219987,
      0.13280132835671019,
      0.17093017110256026,
      0.1710033420944837,
      0.17275161699358438,
      0.17287670404102123,
      0.18106638685381388,
      0.1811116743006202,
      0.19928099987703404,
      0.19930029431530016,
      0.25134909812122996,
      0.2514311257214394,
      0.26253628131641904,
      0.26266871944539877,
      0.3122550152465655,
      0.3123004452849099,
      0.3740136778120373,
      0.3740409253390413,
      0.4712000541949525,
      0.4713620244760672,
      0.514791318080005,
      0.5155712678622599,
      0.596559074115385,
      0.6049458264209961,
      0.6165459235598892,
      0.6237487999213224,
      0.6400948830306231,
      0.640700822399309,
      0.6624921234692209
    ],
    "y": [
      0.0,
      0.0,
      0.046357615894039736,
      0.046357615894039736,
      0.08235294117647059,
      0.08235294117647059,
      0.10163934426229508,
      0.10163934426229508,
      0.10714285714285714,
      0.10714285714285714,
      0.1242603550295858,
      0.1242603550295858,
      0.125,
      0.125,
      0.16091954022988506,
      0.16091954022988506,
      0.16369047619047622,
      0.16369047619047622,
      0.18444444444444444,
      0.18444444444444444,
      0.2,
      0.2,
      0.23232323232323232,
      0.23232323232323232,
      0.2690355329949239,
      0.2690355329949239,
      0.27107438016528923,
      0.27107438016528923,
      0.3422818791946309,
      0.3422818791946309,
      0.35555555555555557,
      0.35555555555555557,
      0.3642756680731365,
      0.3642756680731365,
      0.39592430858806404,
      0.39592430858806404,
      0.4539877300613497,
      0.4539877300613497,
      0.4752475247524752,
      0.4752475247524752,
      0.5,
      0.5,
      0.75,
      0.75,
      1.0,
      1.0
    ],
    "n_oof": 6402,
    "brier_raw": 0.1866493302585937,
    "brier_calibrated": 0.18363330586919446,
    "brier_holdout": 0.16771027377588898
  }
}