{
  "pitcher_strikeouts": {
    "method": "platt",
    "a": 0.5759260312025646,
    "b": -0.13734293283392257,
    "n_oof": 201,
    "brier_raw": 0.24696967818781285,
    "brier_calibrated": 0.24297099764929286,
    "brier_holdout": 0.25309310322909206
  }
}