{
  "batter_hits": {
    "method": "platt",
    "a": 0.7403540910361284,
    "b": 0.025772594711630323,
    "n_oof": 8547,
    "brier_raw": 0.2380693178869992,
    "brier_calibrated": 0.23680072550790093,
    "brier_holdout": 0.24282259245728519
  },
  "batter_total_bases": {
    "method": "isotonic",
    "x": [
      0.20851438026398,
      0.33879916052437997,
      0.3388380380026502,
      0.3442947841881874,
      0.3445089152265541,
      0.37857816320969817,
      0.3786747317714398,
      0.4252241508194967,
      0.4252626256067948,
      0.4877401596511048,
      0.4878566325546392,
      0.5383343610306575,
      0.5384112703497855,
      0.5740078043224282,
      0.5741514511396881,
      0.5748665739047286,
      0.574959052622044,
      0.5779133061151217,
      0.5780345773859205,
      0.5965094213964888,
      0.5965326239942829,
      0.6476582700619429,
      0.6479185060571759,
      0.6820189321745391,
      0.6821203034980918,
      0.7403715867216303,
      0.7409861099860239,
      0.7967419162355847
    ],
    "y": [
      0.3806706114398422,
      0.3806706114398422,
      0.3829787234042553,
      0.3829787234042553,
      0.3975609756097561,
      0.3975609756097561,
      0.4256,
      0.4256,
      0.4268440145102781,
      0.4268440145102781,
      0.4770992366412214,
      0.4770992366412214,
      0.49415204678362573,
      0.49415204678362573,
      0.5,
      0.5,
      0.5172413793103449,
      0.5172413793103449,
      0.5222929936305732,
      0.5222929936305732,
      0.5411764705882353,
      0.5411764705882353,
      0.5449735449735449,
      0.5449735449735449,
      0.6181818181818183,
      0.6181818181818183,
      0.6666666666666666,
      0.6666666666666666
    ],
    "n_oof": 5246,
    "brier_raw": 0.24677206135856344,
    "brier_calibrated": 0.2425318780943007,
    "brier_holdout": 0.23604098038178634
  },
  "batter_home_runs": {
    "method": "platt",
    "a": 0.9552329117920707,
    "b": 0.18359486953343937,
    "n_oof": 8611,
    "brier_raw": 0.0611430160885765,
    "brier_calibrated": 0.06098477376510334,
    "brier_holdout": 0.007185777313503115
  }
}