{
  "pitcher_strikeouts": {
    "method": "platt",
    "a": 0.41678230859713566,
    "b": -0.02032620341274481,
    "n_oof": 496,
    "brier_raw": 0.25439809291175336,
    "brier_calibrated": 0.2476865556681852,
    "brier_holdout": 0.25253844706259887
  }
}