{
  "batter_hits": {
    "method": "isotonic",
    "x": [
      0.17836038203024973,
      0.1915292342680078,
      0.1943908923758595,
      0.22719234299760782,
      0.22737464234519766,
      0.3071136056916146,
      0.3072447198819026,
      0.30851968672872787,
      0.3088733710457344,
      0.3433550762359666,
      0.3434217303312071,
      0.3757913695377554,
      0.3758587883421428,
      0.39998136286667285,
      0.4000030499844418,
      0.44221126210356604,
      0.4423870122181749,
      0.45802628557906166,
      0.4580873140429747,
      0.45820988716368205,
      0.4583575385061561,
      0.5140549408213326,
      0.5141718168985947,
      0.5233270369808781,
      0.5233737359873383,
      0.5338567794806397,
      0.5339186007730043,
      0.5818828043210177,
      0.5819484781528861,
      0.5938618749106919,
      0.5938661794638771,
      0.6142826109830721,
      0.6142879352291053,
      0.6613034204288424,
      0.661341303056032,
      0.6705362676564621,
      0.6705495282800612,
      0.7030287063251658,
      0.7030369899103543,
      0.7084077826999293,
      0.7084616788285694,
      0.7302244023030664,
      0.7302737962535475,
      0.8173952739367462,
      0.8174032809893115,
      0.8205942119892518,
      0.8212962945376878,
      0.8277876642597559
    ],
    "y": [
      0.0,
      0.0,
      0.21739130434782608,
      0.21739130434782608,
      0.24637681159420297,
      0.24637681159420297,
      0.3333333333333333,
      0.3333333333333333,
      0.3602941176470588,
      0.3602941176470588,
      0.36231884057971014,
      0.36231884057971014,
      0.3652173913043478,
      0.3652173913043478,
      0.42358078602620086,
      0.42358078602620086,
      0.49137931034482757,
      0.49137931034482757,
      0.5,
      0.5,
      0.5342205323193914,
      0.5342205323193914,
      0.5526315789473684,
      0.5526315789473684,
      0.5578231292517006,
      0.5578231292517006,
      0.578271028037383,
      0.578271028037383,
      0.5803921568627451,
      0.5803921568627451,
      0.5947136563876652,
      0.5947136563876652,
      0.6107226107226108,
      0.6107226107226108,
      0.6153846153846154,
      0.6153846153846154,
      0.635593220338983,
      0.635593220338983,
      0.6396396396396397,
      0.6396396396396397,
      0.6577669902912622,
      0.6577669902912622,
      0.7056962025316454,
      0.7056962025316454,
      0.75,
      0.75,
      1.0,
      1.0
    ],
    "n_oof": 8547,
    "brier_raw": 0.23779329527877313,
    "brier_calibrated": 0.23531749296123186,
    "brier_holdout": 0.2415169244573539
  },
  "batter_total_bases": {
    "method": "platt",
    "a": 0.4446513885624504,
    "b": -0.1251980740902482,
    "n_oof": 5246,
    "brier_raw": 0.24723557804667334,
    "brier_calibrated": 0.24362741019291956,
    "brier_holdout": 0.23642395514235784
  },
  "batter_home_runs": {
    "method": "platt",
    "a": 0.8670732960921391,
    "b": -0.04646953168918801,
    "n_oof": 8611,
    "brier_raw": 0.061327439557530235,
    "brier_calibrated": 0.06120814670668046,
    "brier_holdout": 0.007339731518337909
  }
}