{
  "pitcher_strikeouts": {
    "method": "platt",
    "a": 0.32627736520691786,
    "b": -0.10368828062924093,
    "n_oof": 212,
    "brier_raw": 0.2625654488347147,
    "brier_calibrated": 0.24940265958402866,
    "brier_holdout": 0.25964344599965083
  }
}