{
  "batter_hits": {
    "method": "platt",
    "a": 0.9328919073077739,
    "b": -0.009796894080878563,
    "n_oof": 17692,
    "brier_raw": 0.14004307458704757,
    "brier_calibrated": 0.13986432871757554,
    "brier_holdout": 0.11496701211174154
  },
  "batter_total_bases": {
    "method": "isotonic",
    "x": [
      0.011865361181621209,
      0.02063886559315324,
      0.02065011863664161,
      0.028486826967834354,
      0.02849154651804133,
      0.03778730363132684,
      0.037805641073539974,
      0.03861249816525736,
      0.038634154076802756,
      0.04652718806376367,
      0.04652808900147326,
      0.05015021758729231,
      0.050170865589832365,
      0.06464068281327055,
      0.0646506538087865,
      0.06848899220152123,
      0.06851771997336092,
      0.07387830144709782,
      0.07390612733482989,
      0.08254533373215463,
      0.08254649140685996,
      0.08340108330911919,
      0.08340569200969364,
      0.09168904122132822,
      0.09171374968302876,
      0.09434321174330051,
      0.09435601886554285,
      0.10226114339507558,
      0.10227700982718069,
      0.11053593996119705,
      0.11054606813529547,
      0.1256394571349824,
      0.1256720516598564,
      0.13753439015779215,
      0.13753582522398233,
      0.139135668974724,
      0.13915007934424492,
      0.15739463121542302,
      0.15751427448023658,
      0.15931279195471754,
      0.15939553261525596,
      0.1861441621516478,
      0.18616126831311314,
      0.19803101499549508,
      0.19817887358231054,
      0.21648376913540282,
      0.2164929263867276,
      0.21668004363935475,
      0.21672320970579834,
      0.22380428928037222,
      0.22380453214162,
      0.23106241549294051,
      0.23110199883529794,
      0.2811202937297185,
      0.2811439000201925,
      0.2870137695263898,
      0.2870159954831425,
      0.28946643111300885,
      0.2894920374152586,
      0.3020315104197308,
      0.302086305615565,
      0.3022583021517324,
      0.3023694059290204,
      0.36774315873808366,
      0.3678838123101347,
      0.3952947773752319,
      0.39532331252929753,
      0.43853700982114796,
      0.4385504669983806,
      0.44062107547636736,
      0.4406412617555994,
      0.4449896010846198,
      0.4450520933559647,
      0.5308260413196586,
      0.5309550566401892,
      0.5310414872789969,
      0.5319299371492057,
      0.5894078987706547,
      0.5909683016330117,
      0.6373116327105273,
      0.6390712935062297,
      0.6587595243075749
    ],
    "y": [
      0.0,
      0.0,
      0.02512562814070352,
      0.02512562814070352,
      0.04336734693877551,
      0.04336734693877551,
      0.045454545454545456,
      0.045454545454545456,
      0.04819277108433735,
      0.04819277108433735,
      0.056338028169014086,
      0.056338028169014086,
      0.075,
      0.075,
      0.0873015873015873,
      0.0873015873015873,
      0.09539473684210527,
      0.09539473684210527,
      0.1038374717832957,
      0.1038374717832957,
      0.10810810810810811,
      0.10810810810810811,
      0.1111111111111111,
      0.1111111111111111,
      0.12857142857142856,
      0.12857142857142856,
      0.13131313131313133,
      0.13131313131313133,
      0.1352112676056338,
      0.1352112676056338,
      0.14264264264264265,
      0.14264264264264265,
      0.14680851063829786,
      0.14680851063829786,
      0.1506849315068493,
      0.1506849315068493,
      0.17711598746081503,
      0.17711598746081503,
      0.18518518518518517,
      0.18518518518518517,
      0.19620958751393533,
      0.19620958751393533,
      0.2,
      0.2,
      0.21771217712177124,
      0.21771217712177124,
      0.2222222222222222,
      0.2222222222222222,
      0.24630541871921183,
      0.24630541871921183,
      0.255,
      0.255,
      0.2889048991354467,
      0.2889048991354467,
      0.29518072289156627,
      0.29518072289156627,
      0.30434782608695654,
      0.30434782608695654,
      0.3127035830618892,
      0.3127035830618892,
      0.3333333333333333,
      0.3333333333333333,
      0.3512714370195151,
      0.3512714370195151,
      0.36059479553903345,
      0.36059479553903345,
      0.3761969904240766,
      0.3761969904240766,
      0.38461538461538464,
      0.38461538461538464,
      0.43137254901960786,
      0.43137254901960786,
      0.4339908952959029,
      0.4339908952959029,
      0.5,
      0.5,
      0.5039999999999999,
      0.5039999999999999,
      0.6,
      0.6,
      1.0,
      1.0
    ],
    "n_oof": 17898,
    "brier_raw": 0.1537061239565313,
    "brier_calibrated": 0.15269700508805095,
    "brier_holdout": 0.1317210543809394
  }
}