{
  "batter_hits": {
    "method": "isotonic",
    "x": [
      0.19166680588575816,
      0.2951018198021911,
      0.2952373307979102,
      0.3228734270080863,
      0.3230466032094793,
      0.38438006896729493,
      0.3845595054536926,
      0.4130905336761077,
      0.4131613526936025,
      0.44589692576514917,
      0.4459380560361758,
      0.4486624876430143,
      0.44877090809659576,
      0.4794600007671259,
      0.4795421981207282,
      0.5156228922470708,
      0.5158095521028767,
      0.5515600472416551,
      0.5515851008654202,
      0.55323323863177,
      0.5532852359997054,
      0.6084345584981374,
      0.6085160910729601,
      0.6493969378604318,
      0.6494276587884897,
      0.655788472389162,
      0.655879467772232,
      0.6597543114280408,
      0.6598629156694117,
      0.6845419008003093,
      0.6845508460228429,
      0.6854561071521847,
      0.6855153151777298,
      0.6958794316659969,
      0.6960049841123265,
      0.7151308125403641,
      0.7151323727235414,
      0.7572575384115987,
      0.7572829665491418,
      0.7626421966885246,
      0.7626679986095659,
      0.7636692754026153,
      0.7638257171438108,
      0.8360895750090717,
      0.8363646872779353,
      0.8539710533404739
    ],
    "y": [
      0.28415300546448086,
      0.28415300546448086,
      0.3333333333333333,
      0.3333333333333333,
      0.3524590163934426,
      0.3524590163934426,
      0.3722627737226277,
      0.3722627737226277,
      0.3782051282051282,
      0.3782051282051282,
      0.5,
      0.5,
      0.5157894736842106,
      0.5157894736842106,
      0.5224358974358975,
      0.5224358974358975,
      0.5374149659863947,
      0.5374149659863947,
      0.5714285714285714,
      0.5714285714285714,
      0.60343087790111,
      0.60343087790111,
      0.6038834951456311,
      0.6038834951456311,
      0.6066666666666667,
      0.6066666666666667,
      0.6111111111111112,
      0.6111111111111112,
      0.6430635838150289,
      0.6430635838150289,
      0.6451612903225806,
      0.6451612903225806,
      0.6666666666666666,
      0.6666666666666666,
      0.6707818930041153,
      0.6707818930041153,
      0.6827956989247311,
      0.6827956989247311,
      0.6842105263157895,
      0.6842105263157895,
      0.7,
      0.7,
      0.7019607843137254,
      0.7019607843137254,
      1.0,
      1.0
    ],
    "n_oof": 8278,
    "brier_raw": 0.23567669689622409,
    "brier_calibrated": 0.23343892919957818,
    "brier_holdout": 0.2409862148221328
  },
  "batter_total_bases": {
    "method": "isotonic",
    "x": [
      0.19636621117749714,
      0.34555432673617925,
      0.34574159080142497,
      0.37833222366024033,
      0.3785887278126059,
      0.37978536577599,
      0.37995999411083836,
      0.44142160288742416,
      0.4415050466770362,
      0.4463692273857828,
      0.4463978713188241,
      0.4902325504318834,
      0.49030378140214637,
      0.5017135052363308,
      0.5018608380351529,
      0.5521715552257002,
      0.5523370022860922,
      0.5886400003490322,
      0.588659569886444,
      0.5887781866737599,
      0.5890319130235866,
      0.5961279315584649,
      0.5963864756776607,
      0.6882692338388788,
      0.6883998738705124,
      0.6908031904350598,
      0.6909571864112876,
      0.7196177304502235,
      0.7199751775488112,
      0.8147753017833268,
      0.8147782063666393
    ],
    "y": [
      0.39337474120082816,
      0.39337474120082816,
      0.3988919667590028,
      0.3988919667590028,
      0.4,
      0.4,
      0.4226190476190476,
      0.4226190476190476,
      0.42857142857142855,
      0.42857142857142855,
      0.45698924731182794,
      0.45698924731182794,
      0.46874999999999994,
      0.46874999999999994,
      0.4806949806949807,
      0.4806949806949807,
      0.4983277591973244,
      0.4983277591973244,
      0.5,
      0.5,
      0.5094339622641509,
      0.5094339622641509,
      0.5631768953068592,
      0.5631768953068592,
      0.5714285714285714,
      0.5714285714285714,
      0.6116504854368932,
      0.6116504854368932,
      0.6336633663366337,
      0.6336633663366337,
      1.0
    ],
    "n_oof": 5119,
    "brier_raw": 0.24755084980952968,
    "brier_calibrated": 0.24334659957668137,
    "brier_holdout": 0.2378915967236449
  },
  "batter_home_runs": {
    "method": "platt",
    "a": 0.9041941079889989,
    "b": 0.05885792364800093,
    "n_oof": 8345,
    "brier_raw": 0.06255918257393779,
    "brier_calibrated": 0.06240965622210386,
    "brier_holdout": 0.007574279151081663
  }
}