{
  "batter_hits": {
    "method": "isotonic",
    "x": [
      0.01217160640292404,
      0.018372532422479312,
      0.01889790330189656,
      0.025003376510616057,
      0.02500489813759959,
      0.027126755416101028,
      0.02713955254943161,
      0.027976295375729543,
      0.028004079158171456,
      0.030900663101406763,
      0.030907465729278973,
      0.0350868649420018,
      0.03512418330777259,
      0.04237204425193873,
      0.04238527853627893,
      0.04587697181570485,
      0.04588460310891759,
      0.0618292763540344,
      0.062016919433852874,
      0.0732725296562262,
      0.07332475068505026,
      0.09281425409599742,
      0.09283674086033578,
      0.11234416875983622,
      0.11250917245625647,
      0.15665328397491268,
      0.1568419088717819,
      0.21313723041020927,
      0.21317769200876002,
      0.21566381484954267,
      0.21601672244079362,
      0.24953718055799073,
      0.2502494620666689,
      0.2715022029432554,
      0.2718419049195896,
      0.3216591450250465,
      0.3218097084730871,
      0.3384557406583314,
      0.33868425553352666,
      0.3571188463538618,
      0.35740769474259776,
      0.3652072537985518,
      0.3655346257523171,
      0.4434804505900865,
      0.44358614030621557,
      0.527693272335359,
      0.5277994500075033,
      0.5359758772320309,
      0.5361846652162351,
      0.5639291510494597,
      0.5639427167281734,
      0.5978093457743384,
      0.5978137372362148,
      0.6934620871156212,
      0.6941221938180714,
      0.7138133720502134,
      0.7138270596731981,
      0.7142917831912794,
      0.7143994718207254,
      0.7167663050723593,
      0.7170626961470035,
      0.803375451204339,
      0.8045068498325503,
      0.8609973686347434
    ],
    "y": [
      0.0,
      0.0,
      0.018867924528301886,
      0.018867924528301886,
      0.025974025974025976,
      0.025974025974025976,
      0.02631578947368421,
      0.02631578947368421,
      0.04316546762589928,
      0.04316546762589928,
      0.05371900826446281,
      0.05371900826446281,
      0.05555555555555555,
      0.05555555555555555,
      0.06741573033707865,
      0.06741573033707865,
      0.07335907335907337,
      0.07335907335907337,
      0.08333333333333333,
      0.08333333333333333,
      0.1134020618556701,
      0.1134020618556701,
      0.16666666666666666,
      0.16666666666666666,
      0.18873239436619718,
      0.18873239436619718,
      0.19708029197080293,
      0.19708029197080293,
      0.2,
      0.2,
      0.22826086956521738,
      0.22826086956521738,
      0.23958333333333334,
      0.23958333333333334,
      0.30158730158730157,
      0.30158730158730157,
      0.35135135135135137,
      0.35135135135135137,
      0.3673469387755102,
      0.3673469387755102,
      0.391304347826087,
      0.391304347826087,
      0.4821428571428572,
      0.4821428571428572,
      0.4894366197183099,
      0.4894366197183099,
      0.54,
      0.54,
      0.5681818181818182,
      0.5681818181818182,
      0.5930232558139535,
      0.5930232558139535,
      0.621181262729124,
      0.621181262729124,
      0.6626506024096386,
      0.6626506024096386,
      0.6666666666666666,
      0.6666666666666666,
      0.6875,
      0.6875,
      0.7005347593582888,
      0.7005347593582888,
      0.7857142857142857,
      0.7857142857142857
    ],
    "n_oof": 5638,
    "brier_raw": 0.1738447064637249,
    "brier_calibrated": 0.1712422181744729,
    "brier_holdout": 0.23679700990038952
  },
  "batter_total_bases": {
    "method": "isotonic",
    "x": [
      0.01947396996200885,
      0.026671872181927788,
      0.026686617464272665,
      0.0289453124320119,
      0.02901509023099674,
      0.038669053790991954,
      0.03875928260012855,
      0.05102856577924397,
      0.05103382552500721,
      0.057117668853000333,
      0.05722835100117955,
      0.06621452591218299,
      0.06621655698680347,
      0.09004964283023079,
      0.09006178695278487,
      0.14454043305920775,
      0.14456713819541475,
      0.1482967356449591,
      0.14831335632596848,
      0.1486712435812383,
      0.14867351721067518,
      0.17660880645387567,
      0.17661649907068566,
      0.18669259582951228,
      0.1867474770759952,
      0.22741881508306255,
      0.22748355547581442,
      0.2290783345625793,
      0.2291274507399304,
      0.2396991263260223,
      0.23975167698955027,
      0.2545421360097375,
      0.2546045578129532,
      0.3233712328499947,
      0.32357315883925686,
      0.3239041793685514,
      0.3243309164238186,
      0.3589307576001295,
      0.3591392303016066,
      0.36642613030066684,
      0.36670564377834425,
      0.3773708689374649,
      0.3774126497292658,
      0.39530624360008265,
      0.39596143665871714,
      0.40181834708530173,
      0.4024700973384069,
      0.44255767880989694,
      0.4426147105537929,
      0.5213716794556563,
      0.5219551049422525,
      0.5221761259357385,
      0.5229851085123688,
      0.5393844857815125,
      0.5403070837445316,
      0.5616009353894174,
      0.5632735874854573,
      0.6679975801188933
    ],
    "y": [
      0.0,
      0.0,
      0.029411764705882353,
      0.029411764705882353,
      0.039603960396039604,
      0.039603960396039604,
      0.08695652173913043,
      0.08695652173913043,
      0.1,
      0.1,
      0.1005586592178771,
      0.1005586592178771,
      0.1271551724137931,
      0.1271551724137931,
      0.1551528878822197,
      0.1551528878822197,
      0.16071428571428573,
      0.16071428571428573,
      0.2,
      0.2,
      0.21246458923512748,
      0.21246458923512748,
      0.21929824561403508,
      0.21929824561403508,
      0.22524752475247525,
      0.22524752475247525,
      0.2608695652173913,
      0.2608695652173913,
      0.2631578947368421,
      0.2631578947368421,
      0.3103448275862069,
      0.3103448275862069,
      0.3326959847036329,
      0.3326959847036329,
      0.3333333333333333,
      0.3333333333333333,
      0.3389121338912134,
      0.3389121338912134,
      0.35,
      0.35,
      0.3770491803278688,
      0.3770491803278688,
      0.4,
      0.4,
      0.4090909090909091,
      0.4090909090909091,
      0.421875,
      0.421875,
      0.4557823129251702,
      0.4557823129251702,
      0.5,
      0.5,
      0.5333333333333333,
      0.5333333333333333,
      0.6,
      0.6,
      0.6190476190476191,
      0.6190476190476191
    ],
    "n_oof": 5575,
    "brier_raw": 0.17764267457128602,
    "brier_calibrated": 0.17446712724925362,
    "brier_holdout": 0.22987846262479925
  }
}