{
  "pitcher_strikeouts": {
    "method": "platt",
    "a": 0.4161189369586301,
    "b": -0.02572292592251499,
    "n_oof": 496,
    "brier_raw": 0.2563823625786871,
    "brier_calibrated": 0.24765534508359358,
    "brier_holdout": 0.25439180687189095
  }
}