{
  "pitcher_strikeouts": {
    "method": "platt",
    "a": 0.43857716895640253,
    "b": -0.09245857827584895,
    "n_oof": 212,
    "brier_raw": 0.25475903776669856,
    "brier_calibrated": 0.24728936291068282,
    "brier_holdout": 0.2557327971190739
  }
}