{
  "batter_hits": {
    "method": "isotonic",
    "x": [
      0.19247126540919868,
      0.19607557622165708,
      0.1966838317817721,
      0.20343969584105842,
      0.20441769481528554,
      0.23452990554420344,
      0.23528964888196802,
      0.2694208204860872,
      0.2696111988668671,
      0.32872459085674954,
      0.3293191358619521,
      0.34751754143875657,
      0.34770771524767907,
      0.34940298668103936,
      0.34947808584192797,
      0.373182291288469,
      0.37339473141282475,
      0.3864215551354919,
      0.3866856177435334,
      0.448036163391354,
      0.4480388126503373,
      0.4509037037861654,
      0.45093646200667636,
      0.517523213114386,
      0.5175954569884464,
      0.518722179802911,
      0.5187411557458426,
      0.538568496065198,
      0.5386025684518363,
      0.5641258997967412,
      0.5641520689842255,
      0.5758412901767256,
      0.575873965858391,
      0.5806526991721068,
      0.5806547489826837,
      0.5982059847760816,
      0.5982449276411467,
      0.5985475132096869,
      0.5985961498697367,
      0.6044018056105943,
      0.604403694782516,
      0.627836847469428,
      0.6278427810927176,
      0.6548144133982863,
      0.6548159764268047,
      0.660083492025767,
      0.660084012291225,
      0.6983649085569539,
      0.6984389378200934,
      0.7294870650213858,
      0.7295045953275424,
      0.7568379793791485,
      0.756918736005027,
      0.7824687337123544,
      0.78268742854509,
      0.7999702991990278,
      0.8002118648811356,
      0.8232863631086182
    ],
    "y": [
      0.0,
      0.0,
      0.16666666666666666,
      0.16666666666666666,
      0.2631578947368421,
      0.2631578947368421,
      0.27450980392156865,
      0.27450980392156865,
      0.2775665399239543,
      0.2775665399239543,
      0.29591836734693877,
      0.29591836734693877,
      0.3333333333333333,
      0.3333333333333333,
      0.3391304347826087,
      0.3391304347826087,
      0.3896103896103896,
      0.3896103896103896,
      0.4087193460490463,
      0.4087193460490463,
      0.41379310344827586,
      0.41379310344827586,
      0.49936628643852976,
      0.49936628643852976,
      0.5,
      0.5,
      0.5382513661202186,
      0.5382513661202186,
      0.56,
      0.56,
      0.5735294117647057,
      0.5735294117647057,
      0.5789473684210527,
      0.5789473684210527,
      0.5796064400715564,
      0.5796064400715564,
      0.5833333333333334,
      0.5833333333333334,
      0.595,
      0.595,
      0.6,
      0.6,
      0.6055226824457594,
      0.6055226824457594,
      0.6103286384976526,
      0.6103286384976526,
      0.6195652173913043,
      0.6195652173913043,
      0.6436107854630716,
      0.6436107854630716,
      0.6513026052104208,
      0.6513026052104208,
      0.6681415929203537,
      0.6681415929203537,
      0.7090909090909091,
      0.7090909090909091,
      0.7857142857142857,
      0.7857142857142857
    ],
    "n_oof": 11315,
    "brier_raw": 0.2390923565378352,
    "brier_calibrated": 0.2365175733885308,
    "brier_holdout": 0.23686801619530287
  },
  "batter_total_bases": {
    "method": "platt",
    "a": 0.4950637756678385,
    "b": -0.17266188685405193,
    "n_oof": 6547,
    "brier_raw": 0.24608589179400867,
    "brier_calibrated": 0.2430015917701351,
    "brier_holdout": 0.24141885836881213
  },
  "batter_home_runs": {
    "method": "platt",
    "a": 1.071775640880713,
    "b": 0.385292344513146,
    "n_oof": 11445,
    "brier_raw": 0.0476523653544653,
    "brier_calibrated": 0.0475247056848877,
    "brier_holdout": 0.006077659017475111
  }
}