{
  "pitcher_strikeouts": {
    "method": "platt",
    "a": 0.5520403734472854,
    "b": -0.14202159937867118,
    "n_oof": 201,
    "brier_raw": 0.24545336973770743,
    "brier_calibrated": 0.2413646097153384,
    "brier_holdout": 0.24926928426968958
  }
}