{
  "pitcher_strikeouts": {
    "method": "platt",
    "a": 0.539893731187302,
    "b": -0.04099587672018799,
    "n_oof": 494,
    "brier_raw": 0.2497526357766456,
    "brier_calibrated": 0.24517164548569698,
    "brier_holdout": 0.25142952564514853
  }
}