{
  "batter_hits": {
    "method": "isotonic",
    "x": [
      0.1587315854654005,
      0.19088974347475565,
      0.20941892130187004,
      0.21031359794611434,
      0.2798771228521545,
      0.2799764096938074,
      0.2871906069186634,
      0.28762422669042675,
      0.32099159089673357,
      0.3210691046179439,
      0.3759068170273496,
      0.3759617606682638,
      0.4257842206936806,
      0.4258306254761445,
      0.42799147628060086,
      0.42845302658707984,
      0.5058103305353364,
      0.5058973414728907,
      0.5397137419646473,
      0.5397429926504553,
      0.5788776971540648,
      0.5788898140409785,
      0.5956296383251674,
      0.5956401459522473,
      0.5962778098358601,
      0.5962885483709064,
      0.6212733098313992,
      0.6213219468634654,
      0.6372465622865675,
      0.6372519859340462,
      0.6860681767242349,
      0.6860747013542723,
      0.6910532537758798,
      0.6911001200893672,
      0.7006224148129034,
      0.7007065257608764,
      0.7007625207008037,
      0.7007855117780891,
      0.7536479881488742,
      0.7536626645085347,
      0.7576637307701088,
      0.7577017031357327,
      0.7990196247853372,
      0.7991473068218424,
      0.8255836328729375
    ],
    "y": [
      0.0,
      0.25,
      0.25,
      0.25000000000000006,
      0.25000000000000006,
      0.26666666666666666,
      0.26666666666666666,
      0.3247863247863248,
      0.3247863247863248,
      0.32751091703056767,
      0.32751091703056767,
      0.4,
      0.4,
      0.47619047619047616,
      0.47619047619047616,
      0.5101088646967343,
      0.5101088646967343,
      0.5584988962472405,
      0.5584988962472405,
      0.5596072931276299,
      0.5596072931276299,
      0.5833333333333334,
      0.5833333333333334,
      0.6,
      0.6,
      0.6096774193548387,
      0.6096774193548387,
      0.6169265033407573,
      0.6169265033407573,
      0.6176250933532487,
      0.6176250933532487,
      0.6434108527131783,
      0.6434108527131783,
      0.6446280991735537,
      0.6446280991735537,
      0.6666666666666666,
      0.6666666666666666,
      0.6801801801801802,
      0.6801801801801802,
      0.6875,
      0.6875,
      0.6956521739130435,
      0.6956521739130435,
      0.7142857142857143,
      0.7142857142857143
    ],
    "n_oof": 8547,
    "brier_raw": 0.23840691362420494,
    "brier_calibrated": 0.23596408934271346,
    "brier_holdout": 0.24230063295350565
  },
  "batter_total_bases": {
    "method": "isotonic",
    "x": [
      0.23043038726447507,
      0.36383634627738726,
      0.3639799284631907,
      0.45766420519796097,
      0.45803737885383233,
      0.4750373197132487,
      0.475077060446602,
      0.5244193643620036,
      0.5245744211066007,
      0.5455387655341175,
      0.5455661578086322,
      0.5841437778941644,
      0.5841985583912184,
      0.6142013279371532,
      0.6143260112521727,
      0.6639982853568878,
      0.6641676104299636,
      0.6947937471961377,
      0.6951526279145525,
      0.7936878914681362
    ],
    "y": [
      0.3855421686746988,
      0.3855421686746988,
      0.41283676703645006,
      0.41283676703645006,
      0.41630901287553645,
      0.41630901287553645,
      0.49243697478991605,
      0.49243697478991605,
      0.4954545454545455,
      0.4954545454545455,
      0.5072046109510085,
      0.5072046109510085,
      0.5135135135135135,
      0.5135135135135135,
      0.546979865771812,
      0.546979865771812,
      0.5766423357664232,
      0.5766423357664232,
      0.5925925925925926,
      0.5925925925925926
    ],
    "n_oof": 5246,
    "brier_raw": 0.24748120258278955,
    "brier_calibrated": 0.24284508524095583,
    "brier_holdout": 0.23684608839709942
  },
  "batter_home_runs": {
    "method": "platt",
    "a": 0.900146491978568,
    "b": 0.057831097203091146,
    "n_oof": 8611,
    "brier_raw": 0.06137008370096743,
    "brier_calibrated": 0.06121188669657337,
    "brier_holdout": 0.007365190321274343
  }
}