{
  "batter_hits": {
    "method": "isotonic",
    "x": [
      0.1899890875565038,
      0.21235981445782007,
      0.2133595465312781,
      0.358100531305928,
      0.35812018613866786,
      0.37338570877554955,
      0.3736055142471517,
      0.3749042833828101,
      0.37507581163724735,
      0.4111664971095519,
      0.4115235949623549,
      0.4155628364176355,
      0.41561166082181655,
      0.4435582273861518,
      0.44372622915677107,
      0.44687098898170186,
      0.44688586334847163,
      0.49611746823681335,
      0.4962467103931907,
      0.4962673740361895,
      0.4964039135706493,
      0.5659929706103597,
      0.5660105286424342,
      0.5784863618456597,
      0.5785609554993718,
      0.5819459395047144,
      0.5819492148161052,
      0.5837037078023304,
      0.5837340906099506,
      0.5842764035614335,
      0.5843288314848061,
      0.6245696551403883,
      0.6245977113494889,
      0.659223684817614,
      0.6592344265085073,
      0.6626789584736308,
      0.6626893321613033,
      0.6693801743591157,
      0.6694246182447305,
      0.678134082760435,
      0.6781633541344758,
      0.7650342439378981,
      0.7651217510274132,
      0.7962957958650958,
      0.7968915070934333,
      0.8271340515464302,
      0.8488415051152693
    ],
    "y": [
      0.09090909090909091,
      0.09090909090909091,
      0.2980251346499102,
      0.2980251346499102,
      0.3076923076923077,
      0.3076923076923077,
      0.3333333333333333,
      0.3333333333333333,
      0.3595505617977528,
      0.3595505617977528,
      0.3793103448275862,
      0.3793103448275862,
      0.41379310344827586,
      0.41379310344827586,
      0.41935483870967744,
      0.41935483870967744,
      0.4907597535934292,
      0.4907597535934292,
      0.5,
      0.5,
      0.5444126074498569,
      0.5444126074498569,
      0.5543766578249337,
      0.5543766578249337,
      0.5591397849462366,
      0.5591397849462366,
      0.5636363636363636,
      0.5636363636363636,
      0.5714285714285714,
      0.5714285714285714,
      0.5923423423423422,
      0.5923423423423422,
      0.6029532403609513,
      0.6029532403609513,
      0.6044776119402985,
      0.6044776119402985,
      0.6245059288537549,
      0.6245059288537549,
      0.634304207119741,
      0.634304207119741,
      0.6465517241379309,
      0.6465517241379309,
      0.6867469879518072,
      0.6867469879518072,
      0.7777777777777778,
      0.7777777777777778,
      1.0
    ],
    "n_oof": 11315,
    "brier_raw": 0.2387046940632522,
    "brier_calibrated": 0.2361326249920536,
    "brier_holdout": 0.2364114800907385
  },
  "batter_total_bases": {
    "method": "isotonic",
    "x": [
      0.2026103132696235,
      0.21946213912632498,
      0.21996680316250758,
      0.37761671230624383,
      0.3776426524030647,
      0.42476255149644637,
      0.42484412884154665,
      0.4879257431990226,
      0.48807444481949364,
      0.5175240683289102,
      0.5175686135408,
      0.5632660740389493,
      0.5632693689922084,
      0.5791595794858936,
      0.5796364939493489,
      0.587418480462311,
      0.58745705197023,
      0.6739649895486595,
      0.6739759528253227,
      0.6907252163188626,
      0.6913264797133379,
      0.6979690522205602,
      0.6980496366955526,
      0.7010723700120172,
      0.7011683411338101,
      0.7014339442425417,
      0.7015204347964887,
      0.7952352865045926
    ],
    "y": [
      0.0,
      0.0,
      0.37351308485329104,
      0.37351308485329104,
      0.41431670281995664,
      0.41431670281995664,
      0.43324250681198917,
      0.43324250681198917,
      0.4357682619647355,
      0.4357682619647355,
      0.47079646017699106,
      0.47079646017699106,
      0.4723926380368098,
      0.4723926380368098,
      0.5066666666666667,
      0.5066666666666667,
      0.5344202898550725,
      0.5344202898550725,
      0.5423728813559322,
      0.5423728813559322,
      0.5555555555555556,
      0.5555555555555556,
      0.5625,
      0.5625,
      0.6666666666666666,
      0.6666666666666666,
      0.6831683168316832,
      0.6831683168316832
    ],
    "n_oof": 6547,
    "brier_raw": 0.2471517708625318,
    "brier_calibrated": 0.2424149804088422,
    "brier_holdout": 0.24220492410624897
  },
  "batter_home_runs": {
    "method": "platt",
    "a": 1.0518947431923886,
    "b": 0.33268248163689723,
    "n_oof": 11445,
    "brier_raw": 0.04760908067974325,
    "brier_calibrated": 0.04747505261963802,
    "brier_holdout": 0.0060776726253910915
  }
}