{
  "batter_hits": {
    "method": "platt",
    "a": 0.9438636507291195,
    "b": -0.04401153191964921,
    "n_oof": 17692,
    "brier_raw": 0.13997385146203886,
    "brier_calibrated": 0.1398075249020555,
    "brier_holdout": 0.11476499686573786
  },
  "batter_total_bases": {
    "method": "isotonic",
    "x": [
      0.01360331276779003,
      0.027119290329813948,
      0.02713352157330396,
      0.030376613948446655,
      0.030409912447449228,
      0.037425243927067746,
      0.03745967945540809,
      0.040766432987138945,
      0.040774740921124805,
      0.057593574521654624,
      0.05761208469856612,
      0.06844518464454313,
      0.06847046317037948,
      0.07341422894087489,
      0.07342551537724043,
      0.084325425846068,
      0.08434235176496864,
      0.09486292086652948,
      0.09489321835996078,
      0.11264189237972473,
      0.11264521359328143,
      0.1162937454802624,
      0.1163351452329498,
      0.11857749152439875,
      0.11860026860835973,
      0.13258135771693624,
      0.13258825628558313,
      0.1376456018977058,
      0.13764706075206928,
      0.17842268613858558,
      0.17842736540894044,
      0.19539847362559531,
      0.19541762825463174,
      0.20300973517483845,
      0.2030166902876262,
      0.20787262470603457,
      0.2078995368097032,
      0.20897640285289054,
      0.20899448341578059,
      0.23457126028834457,
      0.23463604322260243,
      0.23488807349037832,
      0.23489817144368613,
      0.2479418429338318,
      0.24794264594508397,
      0.2736495109935055,
      0.273653250548659,
      0.29242083078527503,
      0.29243376458323095,
      0.2958212906292155,
      0.2959918761106347,
      0.3196809669442504,
      0.31971742211049387,
      0.3460958659334964,
      0.3461105787277593,
      0.4340510113023511,
      0.43412114638176824,
      0.4420043481318512,
      0.4420184204508513,
      0.46282780733032775,
      0.4628422007479132,
      0.47183787915075703,
      0.4719825395164251,
      0.4759662943424198,
      0.4760684234300809,
      0.4995125161778375,
      0.4995199093614369,
      0.5152833551759566,
      0.5155159689882007,
      0.5351758427610566,
      0.5352106331509436,
      0.5890149057328097,
      0.5894205249159172,
      0.7033201910653445
    ],
    "y": [
      0.0,
      0.0,
      0.029411764705882353,
      0.029411764705882353,
      0.03728813559322034,
      0.03728813559322034,
      0.0410958904109589,
      0.0410958904109589,
      0.05593607305936073,
      0.05593607305936073,
      0.08576051779935275,
      0.08576051779935275,
      0.0912280701754386,
      0.0912280701754386,
      0.09747292418772562,
      0.09747292418772562,
      0.1083844580777096,
      0.1083844580777096,
      0.12269938650306748,
      0.12269938650306748,
      0.125,
      0.125,
      0.13186813186813187,
      0.13186813186813187,
      0.1378737541528239,
      0.1378737541528239,
      0.15425531914893617,
      0.15425531914893617,
      0.17960837272113436,
      0.17960837272113436,
      0.189873417721519,
      0.189873417721519,
      0.22040816326530613,
      0.22040816326530613,
      0.23178807947019867,
      0.23178807947019867,
      0.2413793103448276,
      0.2413793103448276,
      0.2421875,
      0.2421875,
      0.25,
      0.25,
      0.2737752161383285,
      0.2737752161383285,
      0.28732394366197184,
      0.28732394366197184,
      0.2916666666666667,
      0.2916666666666667,
      0.3263157894736842,
      0.3263157894736842,
      0.33865814696485624,
      0.33865814696485624,
      0.3492753623188406,
      0.3492753623188406,
      0.3747779751332149,
      0.3747779751332149,
      0.3865546218487395,
      0.3865546218487395,
      0.4166666666666667,
      0.4166666666666667,
      0.41836734693877553,
      0.41836734693877553,
      0.42857142857142855,
      0.42857142857142855,
      0.436046511627907,
      0.436046511627907,
      0.4380952380952381,
      0.4380952380952381,
      0.45614035087719296,
      0.45614035087719296,
      0.4596774193548387,
      0.4596774193548387,
      0.5263157894736842,
      0.5263157894736842
    ],
    "n_oof": 17898,
    "brier_raw": 0.1536284069395181,
    "brier_calibrated": 0.1526585553847419,
    "brier_holdout": 0.13186552255023176
  }
}