{
  "batter_hits": {
    "method": "isotonic",
    "x": [
      0.006277234994870292,
      0.008905542413967354,
      0.008909259804480757,
      0.01017005734783356,
      0.010172349328941638,
      0.017182010500059144,
      0.01719841133960785,
      0.02824277294438596,
      0.028254186369631503,
      0.030145076087378857,
      0.030149722471694722,
      0.03173467442145403,
      0.03174252560206212,
      0.0350380051700257,
      0.03504931293452187,
      0.035447110125460334,
      0.03544766919808734,
      0.036993016246485384,
      0.036998683273259635,
      0.041701360876679375,
      0.041708799490547024,
      0.055323630220061724,
      0.05533919357853608,
      0.05821299655678312,
      0.05828312147646686,
      0.06747087120459098,
      0.06749437476310156,
      0.10599007862791834,
      0.10607866424790102,
      0.1275456655085071,
      0.12754706472394794,
      0.13616420780415547,
      0.13621668064915282,
      0.158112712964692,
      0.158122988414381,
      0.1631954944215144,
      0.1631957509763241,
      0.18438451875208922,
      0.1844220856747364,
      0.21164314446195814,
      0.2116559178140828,
      0.21701501264448225,
      0.21702864920804732,
      0.2520205726919379,
      0.252091496610958,
      0.33180028794786,
      0.33185828284225793,
      0.33388754628536277,
      0.3339041659193039,
      0.3340206383998714,
      0.3340682614270741,
      0.3373600835160784,
      0.33774875950157873,
      0.373906894139591,
      0.37406752992392395,
      0.4038047137300589,
      0.40395373802642126,
      0.40838545929830383,
      0.408485531496241,
      0.4100915290295734,
      0.41027337640942063,
      0.49466411801323235,
      0.4948415608509895,
      0.49523124149290887,
      0.49539316155338053,
      0.4985018999366807,
      0.4985504587454206,
      0.548999835325128,
      0.5490500917968473,
      0.563466531057135,
      0.5635095254488345,
      0.5976631120362041,
      0.5977594496017514,
      0.6230834107651598,
      0.6232948474008513,
      0.678377554323581,
      0.678475606431328,
      0.6894139877545671,
      0.6894494466894243,
      0.7033345777412205,
      0.7035273811717824,
      0.7149461191394424,
      0.7149605925731155,
      0.7925146943115068,
      0.7931439666769083,
      0.8147784291647708,
      0.8171234836722472,
      0.8626208309825335
    ],
    "y": [
      0.0,
      0.0,
      0.006968641114982578,
      0.006968641114982578,
      0.008712487899322363,
      0.008712487899322363,
      0.01643835616438356,
      0.01643835616438356,
      0.021164021164021163,
      0.021164021164021163,
      0.0374331550802139,
      0.0374331550802139,
      0.041884816753926704,
      0.041884816753926704,
      0.0425531914893617,
      0.0425531914893617,
      0.043689320388349516,
      0.043689320388349516,
      0.04424778761061947,
      0.04424778761061947,
      0.05636978579481398,
      0.05636978579481398,
      0.06060606060606061,
      0.06060606060606061,
      0.08,
      0.08,
      0.09667673716012085,
      0.09667673716012085,
      0.1593625498007968,
      0.1593625498007968,
      0.17307692307692307,
      0.17307692307692307,
      0.17783505154639176,
      0.17783505154639176,
      0.18333333333333332,
      0.18333333333333332,
      0.19464720194647203,
      0.19464720194647203,
      0.1958955223880597,
      0.1958955223880597,
      0.21,
      0.21,
      0.23958333333333334,
      0.23958333333333334,
      0.27168949771689493,
      0.27168949771689493,
      0.2777777777777778,
      0.2777777777777778,
      0.3333333333333333,
      0.3333333333333333,
      0.36,
      0.36,
      0.39461883408071746,
      0.39461883408071746,
      0.43258426966292135,
      0.43258426966292135,
      0.43333333333333335,
      0.43333333333333335,
      0.5,
      0.5,
      0.5287187039764359,
      0.5287187039764359,
      0.5555555555555556,
      0.5555555555555556,
      0.5675675675675675,
      0.5675675675675675,
      0.5844875346260389,
      0.5844875346260389,
      0.588,
      0.588,
      0.5884353741496599,
      0.5884353741496599,
      0.5891181988742964,
      0.5891181988742964,
      0.6294896030245747,
      0.6294896030245747,
      0.6306818181818182,
      0.6306818181818182,
      0.6313131313131314,
      0.6313131313131314,
      0.6622516556291391,
      0.6622516556291391,
      0.6853932584269663,
      0.6853932584269663,
      0.7666666666666667,
      0.7666666666666667,
      0.7692307692307693,
      0.7692307692307693
    ],
    "n_oof": 17692,
    "brier_raw": 0.1401831927586097,
    "brier_calibrated": 0.138772788657092,
    "brier_holdout": 0.11544347592907649
  },
  "batter_total_bases": {
    "method": "platt",
    "a": 0.8459807694282464,
    "b": -0.11081886243932781,
    "n_oof": 17898,
    "brier_raw": 0.15360462272075773,
    "brier_calibrated": 0.1532128378455124,
    "brier_holdout": 0.13162648178889047
  }
}