{
  "pitcher_strikeouts": {
    "method": "platt",
    "a": 0.5433924509963015,
    "b": -0.03252133324064167,
    "n_oof": 494,
    "brier_raw": 0.249093670428337,
    "brier_calibrated": 0.24487312461173544,
    "brier_holdout": 0.24965246852079637
  }
}