{
  "batter_hits": {
    "method": "isotonic",
    "x": [
      0.1973192918758287,
      0.22681260216468876,
      0.2278496643671801,
      0.24845088588155811,
      0.24991263376577405,
      0.28985720518120794,
      0.29000511384590577,
      0.29165224896264824,
      0.29176250302825374,
      0.3489670427694114,
      0.349123505874375,
      0.3723868098017273,
      0.3729641228779699,
      0.38590239476799937,
      0.38619754325330824,
      0.39206813839685606,
      0.39258741616125503,
      0.395586244957186,
      0.3957700338358293,
      0.42130646186022336,
      0.4213181104235025,
      0.46663800261195715,
      0.4666390355335208,
      0.5669548229993309,
      0.5670101619236683,
      0.603204313561392,
      0.6032396943176566,
      0.6109579886378967,
      0.6110789797086789,
      0.7207767255684197,
      0.7208538384687178,
      0.7214948840940925,
      0.7215460303384591,
      0.7531579226786329,
      0.7532486343296179,
      0.8114688447697638,
      0.8137202661406164,
      0.8167252318143438,
      0.8169243178588624,
      0.8400134977297827
    ],
    "y": [
      0.15384615384615385,
      0.15384615384615385,
      0.2727272727272727,
      0.2727272727272727,
      0.32142857142857145,
      0.32142857142857145,
      0.3333333333333333,
      0.3333333333333333,
      0.3588235294117647,
      0.3588235294117647,
      0.38749999999999996,
      0.38749999999999996,
      0.40625,
      0.40625,
      0.4074074074074074,
      0.4074074074074074,
      0.4166666666666667,
      0.4166666666666667,
      0.4336283185840708,
      0.4336283185840708,
      0.48058252427184467,
      0.48058252427184467,
      0.5283687943262411,
      0.5283687943262411,
      0.5647773279352226,
      0.5647773279352226,
      0.5873015873015873,
      0.5873015873015873,
      0.6236498010233087,
      0.6236498010233087,
      0.625,
      0.625,
      0.6540697674418605,
      0.6540697674418605,
      0.6606334841628959,
      0.6606334841628959,
      0.6666666666666666,
      0.6666666666666666,
      1.0,
      1.0
    ],
    "n_oof": 5695,
    "brier_raw": 0.2387759357774988,
    "brier_calibrated": 0.2357815025853201,
    "brier_holdout": 0.2288297449620758
  },
  "batter_total_bases": {
    "method": "isotonic",
    "x": [
      0.2032985000451624,
      0.2148780509594435,
      0.21563286034111856,
      0.22219717788115145,
      0.2223598557740996,
      0.3330886685426364,
      0.3331079225646524,
      0.4229306427814983,
      0.42293478511824323,
      0.43047584561882185,
      0.430666730096698,
      0.4692397656497012,
      0.4700592818107078,
      0.5271070621781736,
      0.5271151791632991,
      0.5487862522640886,
      0.5490247258814771,
      0.5490427549744386,
      0.5490500649497692,
      0.6322239757888832,
      0.632306776682402,
      0.707291068684384,
      0.707343312203705,
      0.7305836864938352,
      0.7311755288373687,
      0.7936268626643623,
      0.8063615175562215,
      0.8083284655677241
    ],
    "y": [
      0.25,
      0.25,
      0.3333333333333333,
      0.3333333333333333,
      0.4,
      0.4,
      0.4147651006711409,
      0.4147651006711409,
      0.42424242424242425,
      0.42424242424242425,
      0.4460227272727273,
      0.4460227272727273,
      0.46265560165975106,
      0.46265560165975106,
      0.4935897435897436,
      0.4935897435897436,
      0.5,
      0.5,
      0.5303643724696354,
      0.5303643724696354,
      0.5488958990536279,
      0.5488958990536279,
      0.6190476190476191,
      0.6190476190476191,
      0.6610169491525424,
      0.6610169491525424,
      1.0,
      1.0
    ],
    "n_oof": 3875,
    "brier_raw": 0.250041698205068,
    "brier_calibrated": 0.24425001142631064,
    "brier_holdout": 0.2412688766283749
  },
  "batter_home_runs": {
    "method": "platt",
    "a": 0.7939972628474921,
    "b": -0.08765220669036626,
    "n_oof": 5737,
    "brier_raw": 0.08846912002898598,
    "brier_calibrated": 0.0875235061528914,
    "brier_holdout": 0.07403338789182545
  },
  "batter_walks": {
    "method": "isotonic",
    "x": [
      0.07352157009712704,
      0.08227036226941098,
      0.08415278579942011,
      0.12558721321934785,
      0.1258704656789449,
      0.12932898364689524,
      0.1300359170082634,
      0.18037635548945286,
      0.18038690056686388,
      0.26012339797176975,
      0.26024317903287175,
      0.2882054727332094,
      0.2883193260053204,
      0.2990413703116523,
      0.2993185041904002,
      0.307756758746378,
      0.30798734229221636,
      0.42076537971881445,
      0.4207680055515113,
      0.5067430262331554,
      0.5076688322017973,
      0.5699019654487014,
      0.572101860033678,
      0.6362003902476479,
      0.6525723001455104,
      0.6991298252875698,
      0.7131458548843758
    ],
    "y": [
      0.0,
      0.0,
      0.2191780821917808,
      0.2191780821917808,
      0.23529411764705882,
      0.23529411764705882,
      0.24253731343283583,
      0.24253731343283583,
      0.26275992438563334,
      0.26275992438563334,
      0.2974683544303797,
      0.2974683544303797,
      0.3064516129032258,
      0.3064516129032258,
      0.34146341463414637,
      0.34146341463414637,
      0.349009900990099,
      0.349009900990099,
      0.38775510204081626,
      0.38775510204081626,
      0.4166666666666667,
      0.4166666666666667,
      0.48148148148148145,
      0.48148148148148145,
      0.8,
      0.8,
      1.0
    ],
    "n_oof": 2230,
    "brier_raw": 0.21285731038997285,
    "brier_calibrated": 0.20730355033259668,
    "brier_holdout": 0.21011795615890122
  }
}