{
  "pitcher_strikeouts": {
    "method": "platt",
    "a": 0.536120738785662,
    "b": -0.03568587544717934,
    "n_oof": 494,
    "brier_raw": 0.25040681015300825,
    "brier_calibrated": 0.24568050728206534,
    "brier_holdout": 0.252516487944851
  }
}