{
  "batter_hits": {
    "method": "isotonic",
    "x": [
      0.011786533922243238,
      0.018826084172824054,
      0.018836190104765328,
      0.021834717315067118,
      0.021838492346765548,
      0.02657323325767675,
      0.026577177166244123,
      0.027790909758071556,
      0.027792529986494258,
      0.028130114039074096,
      0.028147821980600354,
      0.02893386489560283,
      0.028939737985158774,
      0.03112446621778163,
      0.031146075129993886,
      0.036645615385918665,
      0.03664784671525972,
      0.04066526909085745,
      0.04066767215303027,
      0.053854888806399874,
      0.05385936349086547,
      0.0777448172412606,
      0.07780997284202582,
      0.08947253230469668,
      0.08949215821236109,
      0.10547932706328039,
      0.10547935702343286,
      0.11646534606592417,
      0.11647599731401813,
      0.1573670940505197,
      0.15749965543420302,
      0.15865696960806236,
      0.15868345455824207,
      0.1618844862314916,
      0.1619008445311693,
      0.2007002926374415,
      0.20080640762079743,
      0.20884675136922,
      0.20896858156731568,
      0.258164599705209,
      0.25883737607096075,
      0.28740753389196677,
      0.2877117840495347,
      0.314106849725336,
      0.3141487532654752,
      0.31688809000811,
      0.31703772799310703,
      0.3421442615272712,
      0.3424875704114584,
      0.3839526436299662,
      0.38405312879287545,
      0.4398510883408282,
      0.43998667319416707,
      0.44571401600047544,
      0.44573430131975755,
      0.5593276113910708,
      0.5594843561157867,
      0.5829214643773486,
      0.5830287916731143,
      0.587118192912436,
      0.5871840498789849,
      0.6334592755612487,
      0.6335269274980039,
      0.6989236507736196,
      0.6990788801177139,
      0.7181963888997205,
      0.7182939943544032,
      0.8638022409405652,
      0.8650731762200474,
      0.8765145755100341
    ],
    "y": [
      0.0,
      0.0,
      0.004016064257028112,
      0.004016064257028112,
      0.01761252446183953,
      0.01761252446183953,
      0.021739130434782608,
      0.021739130434782608,
      0.025,
      0.025,
      0.03418803418803419,
      0.03418803418803419,
      0.035856573705179286,
      0.035856573705179286,
      0.04436860068259386,
      0.04436860068259386,
      0.0456140350877193,
      0.0456140350877193,
      0.07262569832402235,
      0.07262569832402235,
      0.0992063492063492,
      0.0992063492063492,
      0.15294117647058825,
      0.15294117647058825,
      0.1830065359477124,
      0.1830065359477124,
      0.18620689655172415,
      0.18620689655172415,
      0.20730117340286833,
      0.20730117340286833,
      0.2222222222222222,
      0.2222222222222222,
      0.22727272727272727,
      0.22727272727272727,
      0.23165467625899272,
      0.23165467625899272,
      0.26086956521739135,
      0.26086956521739135,
      0.28107074569789675,
      0.28107074569789675,
      0.32075471698113206,
      0.32075471698113206,
      0.3734939759036145,
      0.3734939759036145,
      0.4,
      0.4,
      0.4154929577464789,
      0.4154929577464789,
      0.5042735042735044,
      0.5042735042735044,
      0.5248226950354611,
      0.5248226950354611,
      0.5409836065573771,
      0.5409836065573771,
      0.5967514124293786,
      0.5967514124293786,
      0.6012084592145017,
      0.6012084592145017,
      0.6140350877192983,
      0.6140350877192983,
      0.6348484848484849,
      0.6348484848484849,
      0.6457055214723927,
      0.6457055214723927,
      0.6503496503496502,
      0.6503496503496502,
      0.708,
      0.708,
      1.0,
      1.0
    ],
    "n_oof": 13075,
    "brier_raw": 0.15570276401059907,
    "brier_calibrated": 0.1517753590601402,
    "brier_holdout": 0.11248914343367153
  },
  "batter_total_bases": {
    "method": "isotonic",
    "x": [
      0.014267185485284755,
      0.017795901270422455,
      0.01825214226541961,
      0.03366457754861763,
      0.03367014493298338,
      0.03418065786296767,
      0.03421947138516866,
      0.03488570925719318,
      0.03491127931477218,
      0.036023719288314306,
      0.036023883391560735,
      0.03955703424392137,
      0.03961513023482827,
      0.05556021787164463,
      0.05556302400527704,
      0.0722578431184167,
      0.07228781597981176,
      0.0812484735190598,
      0.0813185557016939,
      0.08693082792321288,
      0.08705624126215493,
      0.08978791427453651,
      0.08979626897410406,
      0.09581424467739849,
      0.09581988394010198,
      0.1073470327217092,
      0.10742067035631203,
      0.10839884824981347,
      0.1084325064993727,
      0.1109317834919456,
      0.11096412501695113,
      0.11448894105537019,
      0.11452523160954639,
      0.1620162464686258,
      0.1620517219957609,
      0.1658858999782353,
      0.16589565477318824,
      0.1673909803819923,
      0.16741535246978115,
      0.1697121393452032,
      0.16972975997125056,
      0.18058367562978053,
      0.18065266434217428,
      0.19285767526803932,
      0.19292659533273987,
      0.1988057579199393,
      0.19893320726915892,
      0.23933623570304668,
      0.23935888398494662,
      0.2405345301929286,
      0.24053853128058428,
      0.25088515374180376,
      0.25088538502786284,
      0.2520512687595807,
      0.25205978288060454,
      0.26258485465222575,
      0.26259880927231405,
      0.2714661910854822,
      0.27147153793913703,
      0.3093357938260406,
      0.30933783474602383,
      0.3120503654667569,
      0.3120974840670349,
      0.32007474516644363,
      0.32023606352023115,
      0.32359758494248947,
      0.3236732484237619,
      0.339199328608894,
      0.3392703323625465,
      0.4155665754904624,
      0.41556750229641093,
      0.43104489994728923,
      0.4311140217037671,
      0.4388247545464862,
      0.43883831559641495,
      0.48511603535004755,
      0.48632678061264534,
      0.5315502443176747,
      0.533535178683342,
      0.594123189364758,
      0.5975721827665341,
      0.6979849076033153
    ],