{
  "batter_hits": {
    "method": "isotonic",
    "x": [
      0.011188353244007253,
      0.019510765234963652,
      0.019547806421176164,
      0.025685723686677455,
      0.02570872953352465,
      0.029848619521038927,
      0.029867684699637118,
      0.0301944762652943,
      0.030202889284388093,
      0.040998187878318174,
      0.04101049352308138,
      0.04702707093263813,
      0.04713852682104281,
      0.05263715682096802,
      0.05264779942064045,
      0.07643227387409328,
      0.07702498719137221,
      0.08073267319784089,
      0.08074878269719954,
      0.08410979770154205,
      0.08421802619196224,
      0.0984383586452025,
      0.09860970968841076,
      0.10838281578046795,
      0.10876802759389675,
      0.10917508936338441,
      0.1092721519330839,
      0.11869735820258027,
      0.11891763441566139,
      0.12040917361158425,
      0.1205271647802341,
      0.20670385075660103,
      0.2070423623714154,
      0.20743557007931576,
      0.2076649308383721,
      0.21684052103759255,
      0.216930841232402,
      0.24924454462947604,
      0.24958401271794134,
      0.27106987187165815,
      0.27111710727933086,
      0.2757439414841933,
      0.2757955729209042,
      0.3375285182309564,
      0.338619327328013,
      0.3787354074074242,
      0.3788400363344839,
      0.4353302023983431,
      0.43547914486954875,
      0.45459291358417536,
      0.4546477685753334,
      0.5001765549784396,
      0.500897352596329,
      0.5833225802012642,
      0.583581667592961,
      0.5888315281522432,
      0.5892160017842858,
      0.589513525142493,
      0.5897241549482581,
      0.6453752037233206,
      0.645418969479675,
      0.6493994159041423,
      0.6494962872244077,
      0.6617091334970387,
      0.6622422276585973,
      0.6853062956443212,
      0.6856245979681947,
      0.7741344139333485,
      0.7749217962436744,
      0.8654318110527779
    ],
    "y": [
      0.0,
      0.0,
      0.007518796992481203,
      0.007518796992481203,
      0.026881720430107527,
      0.026881720430107527,
      0.05555555555555555,
      0.05555555555555555,
      0.056179775280898875,
      0.056179775280898875,
      0.060109289617486336,
      0.060109289617486336,
      0.06451612903225806,
      0.06451612903225806,
      0.08374384236453201,
      0.08374384236453201,
      0.125,
      0.125,
      0.14285714285714285,
      0.14285714285714285,
      0.14457831325301204,
      0.14457831325301204,
      0.16176470588235295,
      0.16176470588235295,
      0.16666666666666666,
      0.16666666666666666,
      0.17333333333333334,
      0.17333333333333334,
      0.1875,
      0.1875,
      0.18962962962962962,
      0.18962962962962962,
      0.2,
      0.2,
      0.24528301886792453,
      0.24528301886792453,
      0.25280898876404495,
      0.25280898876404495,
      0.2948717948717949,
      0.2948717948717949,
      0.3,
      0.3,
      0.3105590062111801,
      0.3105590062111801,
      0.32926829268292684,
      0.32926829268292684,
      0.45255474452554745,
      0.45255474452554745,
      0.49122807017543857,
      0.49122807017543857,
      0.5,
      0.5,
      0.5593667546174144,
      0.5593667546174144,
      0.5882352941176471,
      0.5882352941176471,
      0.6,
      0.6,
      0.6156462585034014,
      0.6156462585034014,
      0.625,
      0.625,
      0.639344262295082,
      0.639344262295082,
      0.6666666666666666,
      0.6666666666666666,
      0.6791808873720137,
      0.6791808873720137,
      0.7105263157894737,
      0.7105263157894737
    ],
    "n_oof": 5638,
    "brier_raw": 0.17346291906052,
    "brier_calibrated": 0.17106226545104378,
    "brier_holdout": 0.236724669854608
  },
  "batter_total_bases": {
    "method": "platt",
    "a": 0.758830999238899,
    "b": -0.11465249912829331,
    "n_oof": 5575,
    "brier_raw": 0.17772332016493744,
    "brier_calibrated": 0.17583385190332246,
    "brier_holdout": 0.23128302017962352
  }
}