{
  "pitcher_strikeouts": {
    "method": "platt",
    "a": 0.5150903749785457,
    "b": -0.010730604465511585,
    "n_oof": 496,
    "brier_raw": 0.2515150548308255,
    "brier_calibrated": 0.24630638849848993,
    "brier_holdout": 0.25395943823238354
  }
}