{
  "batter_hits": {
    "method": "platt",
    "a": 0.6516143082089975,
    "b": 0.052404910260776684,
    "n_oof": 6719,
    "brier_raw": 0.23941095972347143,
    "brier_calibrated": 0.2380961809322562,
    "brier_holdout": 0.23578355260803663
  },
  "batter_total_bases": {
    "method": "platt",
    "a": 0.5342705527317733,
    "b": -0.08138583519165538,
    "n_oof": 4800,
    "brier_raw": 0.2477821580042395,
    "brier_calibrated": 0.24442376326193538,
    "brier_holdout": 0.243895604784786
  },
  "batter_home_runs": {
    "method": "isotonic",
    "x": [
      0.007793728042860843,
      0.011847063793638372,
      0.01188461387344054,
      0.013847469244491104,
      0.013870071354484247,
      0.015062307888125992,
      0.01506769718790679,
      0.017765356746611553,
      0.01777276599066832,
      0.02382413917699119,
      0.023826312506879298,
      0.026552220993259604,
      0.02660673973828806,
      0.02717408413026724,
      0.027182518573380256,
      0.03115677346051232,
      0.03118194560389447,
      0.04262028011411655,
      0.04268200973203748,
      0.04334418807652582,
      0.043351397987856234,
      0.07028964954793379,
      0.07031458235613913,
      0.07239964760317129,
      0.07241406959965545,
      0.09188631131926989,
      0.09192156178187796,
      0.1010558792369248,
      0.10107516016287368,
      0.12839545806728586,
      0.12844336719682453,
      0.13754524007222985,
      0.13761570588685418,
      0.36154422407746406,
      0.36252421196777174,
      0.40768644543319804,
      0.4172594811590036,
      0.5280078743160166
    ],
    "y": [
      0.0,
      0.0,
      0.011627906976744186,
      0.011627906976744186,
      0.02,
      0.02,
      0.02127659574468085,
      0.02127659574468085,
      0.02881844380403458,
      0.02881844380403458,
      0.03571428571428571,
      0.03571428571428571,
      0.045454545454545456,
      0.045454545454545456,
      0.05384615384615385,
      0.05384615384615385,
      0.062337662337662345,
      0.062337662337662345,
      0.09090909090909091,
      0.09090909090909091,
      0.10186915887850467,
      0.10186915887850467,
      0.11904761904761904,
      0.11904761904761904,
      0.12087912087912088,
      0.12087912087912088,
      0.14948453608247422,
      0.14948453608247422,
      0.15914489311163896,
      0.15914489311163896,
      0.18947368421052632,
      0.18947368421052632,
      0.19285714285714287,
      0.19285714285714287,
      0.3333333333333333,
      0.3333333333333333,
      0.5714285714285714,
      0.5714285714285714
    ],
    "n_oof": 5603,
    "brier_raw": 0.092575473903714,
    "brier_calibrated": 0.09014468090792734,
    "brier_holdout": 0.10892559447522848
  },
  "batter_walks": {
    "method": "platt",
    "a": 0.4502927211869812,
    "b": -0.4170630091818779,
    "n_oof": 3367,
    "brier_raw": 0.21166736774544737,
    "brier_calibrated": 0.20861094969381783,
    "brier_holdout": 0.21623823731630062
  }
}