{
  "batter_hits": {
    "method": "isotonic",
    "x": [
      0.20256600971184774,
      0.21894882277347427,
      0.21970044216333495,
      0.24436861399297058,
      0.24440484320647982,
      0.25150496462467065,
      0.25161586559156046,
      0.30506945059547125,
      0.3053396811093557,
      0.35704624931756634,
      0.3574077210299547,
      0.42929255189587123,
      0.4298321475826,
      0.43062870121421437,
      0.43170341472566287,
      0.4613057488716754,
      0.4613117495619451,
      0.5025753821086942,
      0.5027178070127801,
      0.5912423823181128,
      0.5913786592979404,
      0.6178306908068452,
      0.6179448962094543,
      0.6513523146955404,
      0.6513847023286663,
      0.6611492510929369,
      0.6611561605732914,
      0.7513796123273719,
      0.751888569121852,
      0.7720227607300872,
      0.7721159275152607,
      0.7820270526888087,
      0.7828614040486366,
      0.8114961362627029
    ],
    "y": [
      0.0,
      0.0,
      0.23529411764705882,
      0.23529411764705882,
      0.25,
      0.25,
      0.3333333333333333,
      0.3333333333333333,
      0.35294117647058826,
      0.35294117647058826,
      0.3857677902621723,
      0.3857677902621723,
      0.5,
      0.5,
      0.5067567567567568,
      0.5067567567567568,
      0.5357142857142857,
      0.5357142857142857,
      0.5611052072263549,
      0.5611052072263549,
      0.5971896955503513,
      0.5971896955503513,
      0.6107491856677525,
      0.6107491856677525,
      0.6176470588235294,
      0.6176470588235294,
      0.6224328593996842,
      0.6224328593996842,
      0.7155172413793104,
      0.7155172413793104,
      0.7241379310344828,
      0.7241379310344828,
      0.7272727272727273,
      0.7272727272727273
    ],
    "n_oof": 5695,
    "brier_raw": 0.2387431223740806,
    "brier_calibrated": 0.23584140693350678,
    "brier_holdout": 0.2295310090277296
  },
  "batter_total_bases": {
    "method": "isotonic",
    "x": [
      0.2350015698153553,
      0.23729658938245032,
      0.25675394917312344,
      0.2571501362220683,
      0.26371677742072097,
      0.2641290950161668,
      0.33272647505666264,
      0.33289678851585985,
      0.34163764359973975,
      0.3418090399667773,
      0.46362766849518766,
      0.46391073393681614,
      0.483777264327981,
      0.4839171398956227,
      0.4890321225423503,
      0.4891014584126951,
      0.5035195910192396,
      0.5035945624599352,
      0.5156023268214993,
      0.5156644859973738,
      0.566181457020384,
      0.5662151795772816,
      0.6175514413695291,
      0.617867502675117,
      0.6880460531066772,
      0.6882268889311081,
      0.7580688576083321
    ],
    "y": [
      0.0,
      0.25,
      0.25,
      0.2857142857142857,
      0.2857142857142857,
      0.4,
      0.4,
      0.40625,
      0.40625,
      0.42287234042553185,
      0.42287234042553185,
      0.4358974358974359,
      0.4358974358974359,
      0.44,
      0.44,
      0.4586466165413533,
      0.4586466165413533,
      0.49,
      0.49,
      0.49999999999999983,
      0.49999999999999983,
      0.5288753799392097,
      0.5288753799392097,
      0.5835866261398176,
      0.5835866261398176,
      0.616822429906542,
      0.616822429906542
    ],
    "n_oof": 3875,
    "brier_raw": 0.24806368655038064,
    "brier_calibrated": 0.2439656846539898,
    "brier_holdout": 0.24066195787228462
  },
  "batter_home_runs": {
    "method": "platt",
    "a": 0.7873466634474726,
    "b": -0.09777417103329013,
    "n_oof": 5737,
    "brier_raw": 0.08848081656770244,
    "brier_calibrated": 0.08755465362126838,
    "brier_holdout": 0.07391994077224398
  },
  "batter_walks": {
    "method": "platt",
    "a": 0.3979614410986796,
    "b": -0.43712464413822744,
    "n_oof": 2230,
    "brier_raw": 0.2138673860957505,
    "brier_calibrated": 0.20898007391306817,
    "brier_holdout": 0.2104777679188664
  }
}