{
  "pitcher_strikeouts": {
    "method": "platt",
    "a": 0.3648107903150687,
    "b": -0.14104002412973465,
    "n_oof": 201,
    "brier_raw": 0.2579214847536376,
    "brier_calibrated": 0.24804304063478627,
    "brier_holdout": 0.26009561320028285
  }
}