{
  "pitcher_strikeouts": {
    "method": "platt",
    "a": 0.21201779903262793,
    "b": -0.015218168295153694,
    "n_oof": 1119,
    "brier_raw": 0.2617094130308053,
    "brier_calibrated": 0.24879831979999867,
    "brier_holdout": 0.2489353480226981
  }
}