{
  "pitcher_strikeouts": {
    "method": "isotonic",
    "x": [
      0.2525049968687265,
      0.33143407390452245,
      0.3320889831304835,
      0.5593824731443917,
      0.5599357465336465,
      0.6567190577154256,
      0.6581990028539417,
      0.6681595115378145,
      0.6681803338188491,
      0.6806302647934628,
      0.682671812437911,
      0.7438765702189938,
      0.7465340273627922
    ],
    "y": [
      0.4,
      0.4,
      0.43902439024390244,
      0.43902439024390244,
      0.5,
      0.5,
      0.5833333333333334,
      0.5833333333333334,
      0.625,
      0.625,
      0.7674418604651163,
      0.7674418604651163,
      1.0
    ],
    "n_oof": 494,
    "brier_raw": 0.2559819594732791,
    "brier_calibrated": 0.24124593788384147,
    "brier_holdout": 0.25577376934596036
  }
}