{
  "pitcher_strikeouts": {
    "method": "isotonic",
    "x": [
      0.23653440885702295,
      0.28962334198959006,
      0.29003203007000666,
      0.34160356846560713,
      0.3424720264616211,
      0.5433539844200301,
      0.546023909746121,
      0.661588871503306,
      0.6620695460160019,
      0.7444424692030467,
      0.7468503157883865,
      0.763270826306409
    ],
    "y": [
      0.2857142857142857,
      0.2857142857142857,
      0.34146341463414637,
      0.34146341463414637,
      0.4022346368715084,
      0.4022346368715084,
      0.46788990825688076,
      0.46788990825688076,
      0.5428571428571428,
      0.5428571428571428,
      1.0,
      1.0
    ],
    "n_oof": 487,
    "brier_raw": 0.24830818456526593,
    "brier_calibrated": 0.23752098535404867,
    "brier_holdout": 0.2378067171093541
  }
}