{
  "batter_hits": {
    "method": "isotonic",
    "x": [
      0.01789959033044103,
      0.020954819976041775,
      0.0209944180455965,
      0.02423741466480403,
      0.024275431597914853,
      0.03814627087685415,
      0.038165184350155174,
      0.041909481531065995,
      0.04191103293722362,
      0.051383390907216955,
      0.05149255742567538,
      0.05545789384947494,
      0.05546007521128886,
      0.0662670760623136,
      0.0663352974856826,
      0.08872365300609676,
      0.08887744159738745,
      0.1024902079621922,
      0.10277609308897753,
      0.11223014555222105,
      0.1122959799530264,
      0.14559996659059815,
      0.1462949953476587,
      0.15635060744234608,
      0.15638630303887613,
      0.1909551556140847,
      0.19097598380663663,
      0.22314496608530812,
      0.2232192162551198,
      0.2711986831658796,
      0.2713091635437778,
      0.32725171513343826,
      0.32756560830588743,
      0.32908467179860135,
      0.3292332831161574,
      0.3300237953170642,
      0.330333185982891,
      0.37304000519625313,
      0.3732199896948182,
      0.40933836116634564,
      0.40935624467288356,
      0.409408230626537,
      0.40951222305938134,
      0.4388754907785212,
      0.438885781519574,
      0.4765401354401117,
      0.47659441329375646,
      0.528403885019322,
      0.5284696179992356,
      0.6249875276553318,
      0.6251056951279663,
      0.6254711207665464,
      0.6255877285127922,
      0.6331107125544463,
      0.6333345757120379,
      0.6606744925253117,
      0.6608964853711992,
      0.7102810812733273,
      0.7104153960625188,
      0.7126327665546133,
      0.7126800256790953,
      0.8085790724339363,
      0.80884853070485,
      0.8663685005141251,
      0.8807994675966806
    ],
    "y": [
      0.0,
      0.0,
      0.014084507042253521,
      0.014084507042253521,
      0.04073319755600815,
      0.04073319755600815,
      0.05405405405405406,
      0.05405405405405406,
      0.07228915662650602,
      0.07228915662650602,
      0.07692307692307693,
      0.07692307692307693,
      0.09230769230769231,
      0.09230769230769231,
      0.1076923076923077,
      0.1076923076923077,
      0.14545454545454545,
      0.14545454545454545,
      0.14893617021276595,
      0.14893617021276595,
      0.19730941704035873,
      0.19730941704035873,
      0.2,
      0.2,
      0.22137404580152673,
      0.22137404580152673,
      0.2570093457943925,
      0.2570093457943925,
      0.26337448559670784,
      0.26337448559670784,
      0.31759656652360513,
      0.31759656652360513,
      0.3333333333333333,
      0.3333333333333333,
      0.4,
      0.4,
      0.425531914893617,
      0.425531914893617,
      0.43708609271523186,
      0.43708609271523186,
      0.5,
      0.5,
      0.5069444444444444,
      0.5069444444444444,
      0.5097087378640778,
      0.5097087378640778,
      0.547008547008547,
      0.547008547008547,
      0.5819774718397999,
      0.5819774718397999,
      0.6,
      0.6,
      0.6029411764705882,
      0.6029411764705882,
      0.6126482213438735,
      0.6126482213438735,
      0.638095238095238,
      0.638095238095238,
      0.6470588235294118,
      0.6470588235294118,
      0.6910299003322258,
      0.6910299003322258,
      0.8666666666666667,
      0.8666666666666667,
      1.0
    ],
    "n_oof": 6456,
    "brier_raw": 0.18144750385797737,
    "brier_calibrated": 0.17885265526590677,
    "brier_holdout": 0.14991007109961954
  },
  "batter_total_bases": {
    "method": "isotonic",
    "x": [
      0.014934843360326371,
      0.02602287477849718,
      0.026688902242802483,
      0.05027494171801393,
      0.050319563833661096,
      0.05139032920889215,
      0.05139466666747907,
      0.07073321338644888,
      0.070844977223779,
      0.1173610721246103,
      0.11743698042449682,
      0.13527719131333402,
      0.13533566900110586,
      0.14768021822833588,
      0.14769764614099573,
      0.1858514254690995,
      0.18590335690617654,
      0.1979463972258689,
      0.19800114176786404,
      0.20204303374918478,
      0.20237554805035862,
      0.21386232161368737,
      0.21394681644380553,
      0.22856625202187592,
      0.22857121787003892,
      0.23550165917955396,
      0.23563287244982978,
      0.24157216416443206,
      0.24158519690701996,
      0.3267151970294647,
      0.3270273015277473,
      0.339886175664607,
      0.3400617645653514,
      0.4166728398779638,
      0.4167093847822084,
      0.524345573995264,
      0.5246429353281823,
      0.5276370791912297,
      0.5278644793926931,
      0.5349228618461093,
      0.5351393234590418,
      0.6011734245542589,
      0.602119869044841,
      0.6433519637471954
    ],
    "y": [
      0.0,
      0.0,
      0.06829268292682927,
      0.06829268292682927,
      0.1,
      0.1,
      0.10266159695817491,
      0.10266159695817491,
      0.12417218543046357,
      0.12417218543046357,
      0.19689119170984457,
      0.19689119170984457,
      0.20833333333333334,
      0.20833333333333334,
      0.21962616822429906,
      0.21962616822429906,
      0.2222222222222222,
      0.2222222222222222,
      0.225,
      0.225,
      0.22962962962962957,
      0.22962962962962957,
      0.2817679558011049,
      0.2817679558011049,
      0.29347826086956524,
      0.29347826086956524,
      0.3037974683544304,
      0.3037974683544304,
      0.33986928104575165,
      0.33986928104575165,
      0.3424657534246575,
      0.3424657534246575,
      0.3939393939393939,
      0.3939393939393939,
      0.4095238095238095,
      0.4095238095238095,
      0.5,
      0.5,
      0.5714285714285714,
      0.5714285714285714,
      0.5806451612903226,
      0.5806451612903226,
      0.7142857142857143,
      0.7142857142857143
    ],
    "n_oof": 6402,
    "brier_raw": 0.1865053692003801,
    "brier_calibrated": 0.18338155723918906,
    "brier_holdout": 0.16803288853417003
  }
}