{
  "batter_hits": {
    "method": "isotonic",
    "x": [
      0.17073240416572125,
      0.25033054416486056,
      0.25045612790231464,
      0.296302923928977,
      0.2964316058405948,
      0.3018714833928989,
      0.3020692212531576,
      0.3852325054576372,
      0.3856491808432255,
      0.39829618973634895,
      0.39830200797338666,
      0.4344897238505122,
      0.4345987437173664,
      0.43930630274557936,
      0.43934855434720027,
      0.47876156334930775,
      0.4787712456968096,
      0.5060848986668192,
      0.5061266512477446,
      0.6022390441464558,
      0.6022606984351988,
      0.602377609626503,
      0.6024211037532947,
      0.6216064585587537,
      0.6216495673973851,
      0.6467813065885223,
      0.6469335207570828,
      0.6733717630170281,
      0.673385626492468,
      0.6862846409829366,
      0.6863930917901448,
      0.8431953798649608,
      0.8564164937656182
    ],
    "y": [
      0.24050632911392406,
      0.24050632911392406,
      0.25735294117647056,
      0.25735294117647056,
      0.38095238095238093,
      0.38095238095238093,
      0.4084507042253521,
      0.4084507042253521,
      0.4117647058823529,
      0.4117647058823529,
      0.43349753694581283,
      0.43349753694581283,
      0.5,
      0.5,
      0.5211267605633803,
      0.5211267605633803,
      0.5297805642633228,
      0.5297805642633228,
      0.5657015590200446,
      0.5657015590200446,
      0.6,
      0.6,
      0.6088235294117647,
      0.6088235294117647,
      0.6122004357298475,
      0.6122004357298475,
      0.6166281755196305,
      0.6166281755196305,
      0.6420454545454546,
      0.6420454545454546,
      0.6495956873315364,
      0.6495956873315364,
      1.0
    ],
    "n_oof": 6719,
    "brier_raw": 0.23993766299416097,
    "brier_calibrated": 0.23685651921338965,
    "brier_holdout": 0.23541197177001075
  },
  "batter_total_bases": {
    "method": "platt",
    "a": 0.5560349693443203,
    "b": -0.07483720957772379,
    "n_oof": 4800,
    "brier_raw": 0.24774958133314187,
    "brier_calibrated": 0.2443914613017288,
    "brier_holdout": 0.244464467386678
  },
  "batter_home_runs": {
    "method": "platt",
    "a": 0.7609551977279979,
    "b": -0.18384417236759604,
    "n_oof": 5603,
    "brier_raw": 0.09249508275327291,
    "brier_calibrated": 0.09099704436413071,
    "brier_holdout": 0.1095139027085467
  },
  "batter_walks": {
    "method": "platt",
    "a": 0.40118185696861974,
    "b": -0.45962045073541247,
    "n_oof": 3367,
    "brier_raw": 0.2124172540011221,
    "brier_calibrated": 0.2089593615512092,
    "brier_holdout": 0.21607660394046183
  }
}