{
  "batter_hits": {
    "method": "platt",
    "a": 0.8392331338672364,
    "b": 0.02019479226697163,
    "n_oof": 6456,
    "brier_raw": 0.18069030642070869,
    "brier_calibrated": 0.17995151677153892,
    "brier_holdout": 0.14867910385033375
  },
  "batter_total_bases": {
    "method": "isotonic",
    "x": [
      0.016228768800623725,
      0.02299736849987726,
      0.02367832761018967,
      0.03698767784362964,
      0.03734635119490164,
      0.05531888784184573,
      0.055333952997556925,
      0.08596479591700151,
      0.08601188743754924,
      0.09513011536867155,
      0.09517376918406525,
      0.11093699725416815,
      0.1110294923470722,
      0.14913566368543862,
      0.14931497380246034,
      0.17035840019887316,
      0.1706340707208161,
      0.17077295876940585,
      0.17080814313001713,
      0.17673458092962052,
      0.17694591332686951,
      0.24557819021046412,
      0.24562112437244354,
      0.27845736446166275,
      0.2784642785858469,
      0.31089289846670654,
      0.31090505157892645,
      0.31391236159185903,
      0.31394359409969724,
      0.41019593359239415,
      0.41020703124829144,
      0.4677472814047012,
      0.46845689857924927,
      0.5185732418928451,
      0.518917019346488,
      0.5737059003034556,
      0.5737618767400434,
      0.5761399693330721,
      0.5766689419585066,
      0.6308558108570328,
      0.6326081770504861,
      0.6978252690859785
    ],
    "y": [
      0.0,
      0.0,
      0.038461538461538464,
      0.038461538461538464,
      0.07731958762886598,
      0.07731958762886598,
      0.1108433734939759,
      0.1108433734939759,
      0.11811023622047244,
      0.11811023622047244,
      0.11855670103092783,
      0.11855670103092783,
      0.1631578947368421,
      0.1631578947368421,
      0.1842105263157895,
      0.1842105263157895,
      0.25,
      0.25,
      0.25396825396825395,
      0.25396825396825395,
      0.2740447957839262,
      0.2740447957839262,
      0.27912621359223305,
      0.27912621359223305,
      0.3574766355140187,
      0.3574766355140187,
      0.38095238095238093,
      0.38095238095238093,
      0.38813229571984437,
      0.38813229571984437,
      0.4030612244897959,
      0.4030612244897959,
      0.42574257425742573,
      0.42574257425742573,
      0.4951456310679611,
      0.4951456310679611,
      0.5,
      0.5,
      0.5416666666666666,
      0.5416666666666666,
      0.75,
      0.75
    ],
    "n_oof": 6402,
    "brier_raw": 0.18575842706423945,
    "brier_calibrated": 0.1827016549056631,
    "brier_holdout": 0.16770446625950536
  }
}