{
  "batter_hits": {
    "method": "isotonic",
    "x": [
      0.17752247174883598,
      0.19538248470446112,
      0.1987816512875224,
      0.23128615377402287,
      0.23383242369281465,
      0.2650586138259437,
      0.2655132705157548,
      0.29314921784440634,
      0.2940232397322364,
      0.3282083784411708,
      0.3284476714389585,
      0.3375285498641689,
      0.33784100696009234,
      0.3655253915614809,
      0.36564213792829015,
      0.44674262885623134,
      0.447002593734103,
      0.45853423521482517,
      0.45887981980415526,
      0.45891050338388556,
      0.4589958788929668,
      0.504353208791327,
      0.5046662532412229,
      0.5112336822033496,
      0.5112848211727736,
      0.5734411991495494,
      0.5734452188584754,
      0.5851868064372705,
      0.5852624970832403,
      0.5956661224690786,
      0.5957102711996423,
      0.61608345062301,
      0.6161634832305489,
      0.6476766093101257,
      0.6476906854525011,
      0.7014672375313398,
      0.7015287262217011,
      0.7371361088525917,
      0.7372503630913314,
      0.7391780698192729,
      0.7392093419333712,
      0.8304086321569798,
      0.8304359986015672,
      0.8451041968236803
    ],
    "y": [
      0.0,
      0.0,
      0.23529411764705882,
      0.23529411764705882,
      0.27272727272727276,
      0.27272727272727276,
      0.3048780487804878,
      0.3048780487804878,
      0.3333333333333333,
      0.3333333333333333,
      0.3404255319148936,
      0.3404255319148936,
      0.38095238095238093,
      0.38095238095238093,
      0.4574712643678161,
      0.4574712643678161,
      0.4578313253012048,
      0.4578313253012048,
      0.5,
      0.5,
      0.5226244343891403,
      0.5226244343891403,
      0.5294117647058822,
      0.5294117647058822,
      0.5506555423122764,
      0.5506555423122764,
      0.5665024630541872,
      0.5665024630541872,
      0.574585635359116,
      0.574585635359116,
      0.6010928961748634,
      0.6010928961748634,
      0.6014234875444839,
      0.6014234875444839,
      0.621029572836802,
      0.621029572836802,
      0.6644444444444444,
      0.6644444444444444,
      0.68,
      0.68,
      0.6818181818181818,
      0.6818181818181818,
      1.0,
      1.0
    ],
    "n_oof": 6719,
    "brier_raw": 0.23947710842635747,
    "brier_calibrated": 0.2368946078632984,
    "brier_holdout": 0.23550042650807212
  },
  "batter_total_bases": {
    "method": "platt",
    "a": 0.5305870697289559,
    "b": -0.08215081023837717,
    "n_oof": 4800,
    "brier_raw": 0.24807480135573362,
    "brier_calibrated": 0.24461490322833424,
    "brier_holdout": 0.2439780258404771
  },
  "batter_home_runs": {
    "method": "isotonic",
    "x": [
      0.008849000159122317,
      0.011475498987984369,
      0.011484727609948496,
      0.01422892747644021,
      0.014247857136959377,
      0.01690986444666382,
      0.016927692040779575,
      0.0175198469775547,
      0.017530695729362805,
      0.02288044208280439,
      0.022883424133102986,
      0.02475752771172196,
      0.024819660373703964,
      0.029299485534699285,
      0.029334376331510585,
      0.030855184661923232,
      0.030871325194713747,
      0.033579305997941365,
      0.03361096526585918,
      0.041981237590316536,
      0.04205429691804234,
      0.07483627232580094,
      0.07490635579262343,
      0.10422662165868225,
      0.10430430675072291,
      0.10724436774890148,
      0.10734943376545918,
      0.1081786330122866,
      0.10828943156936777,
      0.1285767520100236,
      0.12883686218420837,
      0.23149425392792072,
      0.23267669992694168,
      0.235796930983935,
      0.2359112632252145,
      0.38655267359640744,
      0.38764534493967184,
      0.42903903320867726,
      0.4557310898730917,
      0.49305802896377277,
      0.5312262370682539,
      0.552443835785884
    ],
    "y": [
      0.0,
      0.0,
      0.005319148936170213,
      0.005319148936170213,
      0.016877637130801686,
      0.016877637130801686,
      0.02,
      0.02,
      0.028901734104046242,
      0.028901734104046242,
      0.03125,
      0.03125,
      0.04938271604938271,
      0.04938271604938271,
      0.058823529411764705,
      0.058823529411764705,
      0.0641025641025641,
      0.0641025641025641,
      0.06569343065693431,
      0.06569343065693431,
      0.10477657935285054,
      0.10477657935285054,
      0.1224209078404402,
      0.1224209078404402,
      0.125,
      0.125,
      0.16666666666666666,
      0.16666666666666666,
      0.17006802721088435,
      0.17006802721088435,
      0.18614718614718614,
      0.18614718614718614,
      0.2,
      0.2,
      0.22535211267605634,
      0.22535211267605634,
      0.3333333333333333,
      0.3333333333333333,
      0.5,
      0.5,
      1.0,
      1.0
    ],
    "n_oof": 5603,
    "brier_raw": 0.0924523642645207,
    "brier_calibrated": 0.09023401779416015,
    "brier_holdout": 0.10934606380653085
  },
  "batter_walks": {
    "method": "platt",
    "a": 0.40690939351259164,
    "b": -0.45497449410840657,
    "n_oof": 3367,
    "brier_raw": 0.2120940415439615,
    "brier_calibrated": 0.20884716633574785,
    "brier_holdout": 0.21568810495559784
  }
}