{
  "batter_hits": {
    "method": "isotonic",
    "x": [
      0.007614704371539861,
      0.010757849024360893,
      0.01076155209656913,
      0.011963624709890389,
      0.011965187866990171,
      0.014851019990580888,
      0.014855364959146895,
      0.015293416963059995,
      0.015293828521247093,
      0.020528681893102342,
      0.02053487269864076,
      0.03046051631506816,
      0.030470688709001565,
      0.041497281354803114,
      0.04153295142297132,
      0.04179430802569142,
      0.0417952066952645,
      0.04366749784840213,
      0.04371215731292225,
      0.05483343589566656,
      0.05485875313231485,
      0.05549419422346851,
      0.055495782664685106,
      0.0686426397299382,
      0.06864893838145213,
      0.08901365431844602,
      0.0893693659089754,
      0.1082181332342535,
      0.10822097708374628,
      0.11939510301744169,
      0.11955304994305453,
      0.16112536845063397,
      0.16122221045741184,
      0.16457115859823016,
      0.16470529501716638,
      0.19522412844366932,
      0.1953392141725247,
      0.20164487607414155,
      0.20169867069735145,
      0.20656570172528724,
      0.20672954233725171,
      0.2548841316216398,
      0.25501604263185057,
      0.28639440596789617,
      0.28649824329318985,
      0.29402337613856533,
      0.29403557288016846,
      0.3349078076349177,
      0.3349845871370468,
      0.34458061007966656,
      0.34461364373295433,
      0.3944810208499492,
      0.3945012459827375,
      0.40418213848042894,
      0.40425277725737907,
      0.44704835912259966,
      0.4471299976518346,
      0.4492568450715876,
      0.44944580120032895,
      0.4827753084411393,
      0.4827939175107768,
      0.48894570848246777,
      0.48899613174839607,
      0.4923041537536881,
      0.4923122820392107,
      0.509466037132697,
      0.5095638119947167,
      0.5177709234555528,
      0.5180559213948208,
      0.6135954004711315,
      0.6136202381957416,
      0.6308895319023244,
      0.63092805666857,
      0.7058999003977444,
      0.7060200965959769,
      0.7496067217966118,
      0.7496173410533717,
      0.8327464622218892,
      0.8333026233876223,
      0.8413644945883896,
      0.8415023783482515,
      0.8737704647965616
    ],
    "y": [
      0.0,
      0.0,
      0.008298755186721992,
      0.008298755186721992,
      0.008708272859216255,
      0.008708272859216255,
      0.012345679012345678,
      0.012345679012345678,
      0.01303538175046555,
      0.01303538175046555,
      0.031201248049921998,
      0.031201248049921998,
      0.03386641580432737,
      0.03386641580432737,
      0.037037037037037035,
      0.037037037037037035,
      0.04838709677419355,
      0.04838709677419355,
      0.04964539007092199,
      0.04964539007092199,
      0.06896551724137931,
      0.06896551724137931,
      0.07213930348258707,
      0.07213930348258707,
      0.07983193277310924,
      0.07983193277310924,
      0.11643835616438356,
      0.11643835616438356,
      0.14563106796116507,
      0.14563106796116507,
      0.16498316498316498,
      0.16498316498316498,
      0.16666666666666666,
      0.16666666666666666,
      0.1891348088531187,
      0.1891348088531187,
      0.2047244094488189,
      0.2047244094488189,
      0.24271844660194175,
      0.24271844660194175,
      0.24449594438006955,
      0.24449594438006955,
      0.24669603524229072,
      0.24669603524229072,
      0.26373626373626374,
      0.26373626373626374,
      0.28571428571428575,
      0.28571428571428575,
      0.32894736842105265,
      0.32894736842105265,
      0.38554216867469876,
      0.38554216867469876,
      0.3968253968253968,
      0.3968253968253968,
      0.4051094890510949,
      0.4051094890510949,
      0.47058823529411764,
      0.47058823529411764,
      0.5,
      0.5,
      0.5081967213114754,
      0.5081967213114754,
      0.5151515151515151,
      0.5151515151515151,
      0.5316455696202531,
      0.5316455696202531,
      0.5612244897959184,
      0.5612244897959184,
      0.5815822002472189,
      0.5815822002472189,
      0.6085714285714285,
      0.6085714285714285,
      0.6335714285714283,
      0.6335714285714283,
      0.6730360934182589,
      0.6730360934182589,
      0.70625,
      0.70625,
      0.8333333333333334,
      0.8333333333333334,
      0.9285714285714286,
      0.9285714285714286
    ],
    "n_oof": 17692,
    "brier_raw": 0.140114144893599,
    "brier_calibrated": 0.13896232084937862,
    "brier_holdout": 0.11514315813502429
  },
  "batter_total_bases": {
    "method": "isotonic",
    "x": [
      0.01125147541210657,
      0.022765704538709592,
      0.022885542143166085,
      0.02949559769892489,
      0.029506368891903542,
      0.05171212698419107,
      0.05171917048288997,
      0.05776767969005686,
      0.057775752750107365,
      0.05793887794334595,
      0.05795223479988113,
      0.06110794907443959,
      0.061168474370539336,
      0.06562091225419309,
      0.06563206009630101,
      0.0905093259232133,
      0.09051466497452448,
      0.11325580974324817,
      0.11330510456614491,
      0.11424248432896703,
      0.11424797075841522,
      0.12537339503503994,
      0.12541556104846874,
      0.1325430766274943,
      0.13259054414814267,
      0.17282800128185802,
      0.17283293737629402,
      0.1734320590599223,
      0.17346588266400237,
      0.17658724873929882,
      0.1766339986745056,
      0.18452546454537572,
      0.18452731190180574,
      0.21987270123712382,
      0.21989443300612704,
      0.24158725592398522,
      0.2415938437567488,
      0.26839610508106065,
      0.2684048377871886,
      0.26915778560105696,
      0.269219330992281,
      0.27001940550225056,
      0.2700741386461541,
      0.29935548008912916,
      0.2993819635909635,
      0.35702175770944666,
      0.3571012656588298,
      0.3870453792117414,
      0.3870634217629517,
      0.3886768716739697,
      0.38874500522128164,
      0.40154216444695934,
      0.40159666136527794,
      0.4391719945234754,
      0.43924411627472365,
      0.442162162564324,
      0.442195288505685,
      0.469729894511316,
      0.46973046728658296,
      0.491816882830129,
      0.491914468573926,
      0.5892911999372029,
      0.5896559886801505,
      0.5939282711520123,
      0.5958657250680353,
      0.6616489152910792,
      0.6632140782055214,
      0.6874357859939015
    ],