{
  "pitcher_strikeouts": {
    "method": "platt",
    "a": 0.32144705321378536,
    "b": 0.028304382605967206,
    "n_oof": 794,
    "brier_raw": 0.2591999019460838,
    "brier_calibrated": 0.24825956929042112,
    "brier_holdout": 0.25120335938847876
  }
}