{
  "pitcher_strikeouts": {
    "method": "platt",
    "a": 0.41507911607006215,
    "b": -0.11216182510328532,
    "n_oof": 212,
    "brier_raw": 0.2623420521492389,
    "brier_calibrated": 0.2500113043540292,
    "brier_holdout": 0.26857173351624186
  }
}