{
  "batter_hits": {
    "method": "isotonic",
    "x": [
      0.00577389073363517,
      0.00867627000947944,
      0.008689158441861439,
      0.01104272209150875,
      0.011044060941121286,
      0.014809784641220767,
      0.014819952913877846,
      0.017013977064705803,
      0.01701848747587638,
      0.020047046884620223,
      0.020047149839294585,
      0.025791130124660153,
      0.025801254794973916,
      0.028097950702608745,
      0.02812101031627438,
      0.04845004625654915,
      0.04847432896472623,
      0.05593889922212605,
      0.0559560854327185,
      0.058638529848907356,
      0.05865107905522171,
      0.05943919298503267,
      0.059447577026751616,
      0.0602021629592678,
      0.06022938280434844,
      0.06457239154183986,
      0.0645940749908879,
      0.06677976381140077,
      0.06679342658772706,
      0.10133233740934562,
      0.10137778939720289,
      0.11761895750433957,
      0.11762255826295775,
      0.12183557644725779,
      0.12188365856206299,
      0.18196177305742425,
      0.181978418821042,
      0.18836978283253014,
      0.18846991694790674,
      0.19449340988478553,
      0.1945826639226873,
      0.2017619978566087,
      0.2019473808130385,
      0.23100824854284174,
      0.2310190252255972,
      0.26531977885755975,
      0.2653316795210702,
      0.29478139270315507,
      0.29479754110521983,
      0.32389852046474876,
      0.3239845277948966,
      0.3723060794271589,
      0.3724295389687945,
      0.38671630411767904,
      0.387011169604349,
      0.4021232323766647,
      0.40237340676208977,
      0.40398542150268274,
      0.4040485241043439,
      0.44303510875625246,
      0.44319404250134053,
      0.44718384176924836,
      0.4478446186610756,
      0.4553805186332788,
      0.45550653285788545,
      0.4902885518421821,
      0.49046010160491266,
      0.4911049259860748,
      0.49119087491276014,
      0.5662747346078888,
      0.5662836191212788,
      0.6496527558021303,
      0.6496915793393401,
      0.6644845102614123,
      0.6645923999538927,
      0.724829125338741,
      0.7248874135505957,
      0.7545687856261629,
      0.754581873029765,
      0.7549800295408297,
      0.7551571533254957,
      0.7759220682087717,
      0.7759570112048402,
      0.7777085855197128,
      0.7786295667598009,
      0.7855214974769178,
      0.7856894366458187,
      0.8175583914604185,
      0.818147298762069,
      0.8801017139218814
    ],
    "y": [
      0.0,
      0.0,
      0.0051813471502590676,
      0.0051813471502590676,
      0.008321775312066574,
      0.008321775312066574,
      0.009523809523809525,
      0.009523809523809525,
      0.015873015873015872,
      0.015873015873015872,
      0.01729106628242075,
      0.01729106628242075,
      0.028735632183908046,
      0.028735632183908046,
      0.042400881057268726,
      0.042400881057268726,
      0.04852320675105485,
      0.04852320675105485,
      0.05,
      0.05,
      0.0625,
      0.0625,
      0.06451612903225806,
      0.06451612903225806,
      0.06666666666666667,
      0.06666666666666667,
      0.075,
      0.075,
      0.07600950118764846,
      0.07600950118764846,
      0.15384615384615385,
      0.15384615384615385,
      0.16666666666666666,
      0.16666666666666666,
      0.16943127962085308,
      0.16943127962085308,
      0.17142857142857143,
      0.17142857142857143,
      0.1919191919191919,
      0.1919191919191919,
      0.2,
      0.2,
      0.22684310018903592,
      0.22684310018903592,
      0.23170731707317074,
      0.23170731707317074,
      0.25765306122448983,
      0.25765306122448983,
      0.30116959064327486,
      0.30116959064327486,
      0.3282828282828283,
      0.3282828282828283,
      0.36082474226804123,
      0.36082474226804123,
      0.39,
      0.39,
      0.45454545454545453,
      0.45454545454545453,
      0.4777327935222672,
      0.4777327935222672,
      0.4857142857142857,
      0.4857142857142857,
      0.5,
      0.5,
      0.5244755244755245,
      0.5244755244755245,
      0.5333333333333333,
      0.5333333333333333,
      0.5462962962962963,
      0.5462962962962963,
      0.5986997635933805,
      0.5986997635933805,
      0.6197183098591549,
      0.6197183098591549,
      0.6489583333333333,
      0.6489583333333333,
      0.6666666666666665,
      0.6666666666666665,
      0.6666666666666666,
      0.6666666666666666,
      0.7,
      0.7,
      0.7142857142857143,
      0.7142857142857143,
      0.75,
      0.75,
      0.7654320987654321,
      0.7654320987654321,
      0.8,
      0.8
    ],
    "n_oof": 17692,
    "brier_raw": 0.1401833271416862,
    "brier_calibrated": 0.1390500515003494,
    "brier_holdout": 0.11425924769946023
  },
  "batter_total_bases": {
    "method": "platt",
    "a": 0.8879174253619748,
    "b": -0.0814120521692427,
    "n_oof": 17898,
    "brier_raw": 0.15303731365819714,
    "brier_calibrated": 0.15285868027904267,
    "brier_holdout": 0.1309505675895317
  }
}