{
  "pitcher_strikeouts": {
    "method": "platt",
    "a": 0.49909695339264587,
    "b": -0.03814971355868266,
    "n_oof": 494,
    "brier_raw": 0.2518758941621025,
    "brier_calibrated": 0.2463656719844965,
    "brier_holdout": 0.2531772214002364
  }
}