{
  "pitcher_strikeouts": {
    "method": "isotonic",
    "x": [
      0.23323256512279497,
      0.23662984575606627,
      0.29535715423279674,
      0.2961808499774916,
      0.6368145223706649,
      0.6373523517316704,
      0.6391672858443136,
      0.6399734790033074,
      0.6642093718897806,
      0.6708813848047821,
      0.7267881009870447,
      0.7288316396554424,
      0.7338851772518244,
      0.7355901599818482,
      0.7585763857178502
    ],
    "y": [
      0.0,
      0.3,
      0.3,
      0.46,
      0.46,
      0.5,
      0.5,
      0.6363636363636364,
      0.6363636363636364,
      0.7,
      0.7,
      0.8333333333333334,
      0.8333333333333334,
      1.0,
      1.0
    ],
    "n_oof": 494,
    "brier_raw": 0.2569577751167465,
    "brier_calibrated": 0.23973928197070962,
    "brier_holdout": 0.2558830041892595
  }
}