{
  "batter_hits": {
    "method": "isotonic",
    "x": [
      0.19015669606158356,
      0.22033501783806228,
      0.22193394023327914,
      0.309475179854966,
      0.3095102574023394,
      0.32355386209277837,
      0.32356822905273125,
      0.34305784983842913,
      0.34320517521783944,
      0.35424183160022243,
      0.3543088780805183,
      0.489170121965535,
      0.4894411616238302,
      0.5351747506207161,
      0.535221606711288,
      0.551445410587422,
      0.5514689153885319,
      0.635283196191659,
      0.6353304513359397,
      0.6770300061166015,
      0.6770396832995969,
      0.7572252077284702,
      0.7575715267627307,
      0.8378928286762632
    ],
    "y": [
      0.23529411764705882,
      0.23529411764705882,
      0.28444444444444444,
      0.28444444444444444,
      0.3076923076923077,
      0.3076923076923077,
      0.379746835443038,
      0.379746835443038,
      0.4,
      0.4,
      0.4607390300230947,
      0.4607390300230947,
      0.5450980392156861,
      0.5450980392156861,
      0.5619469026548672,
      0.5619469026548672,
      0.5877605917955615,
      0.5877605917955615,
      0.6250000000000001,
      0.6250000000000001,
      0.6488933601609658,
      0.6488933601609658,
      0.6958762886597938,
      0.6958762886597938
    ],
    "n_oof": 6719,
    "brier_raw": 0.239416150877364,
    "brier_calibrated": 0.2364099937468032,
    "brier_holdout": 0.2341119857936985
  },
  "batter_total_bases": {
    "method": "platt",
    "a": 0.4935431423025035,
    "b": -0.08826447540705666,
    "n_oof": 4800,
    "brier_raw": 0.24855942866463224,
    "brier_calibrated": 0.24471523783699528,
    "brier_holdout": 0.24334822885868104
  },
  "batter_home_runs": {
    "method": "platt",
    "a": 0.7594639455108221,
    "b": -0.1857157963023675,
    "n_oof": 5603,
    "brier_raw": 0.09262192996553296,
    "brier_calibrated": 0.09107323146555434,
    "brier_holdout": 0.10980837841499941
  },
  "batter_walks": {
    "method": "platt",
    "a": 0.45219090025549497,
    "b": -0.4154315039242143,
    "n_oof": 3367,
    "brier_raw": 0.2119465526084856,
    "brier_calibrated": 0.20868745108274084,
    "brier_holdout": 0.21675379678116793
  }
}