{
  "pitcher_strikeouts": {
    "method": "platt",
    "a": 0.48441712334718573,
    "b": -0.030269616849374386,
    "n_oof": 496,
    "brier_raw": 0.2548520818125209,
    "brier_calibrated": 0.24735006763924267,
    "brier_holdout": 0.25725369106262025
  }
}