{
  "pitcher_strikeouts": {
    "method": "platt",
    "a": 0.2583864735904672,
    "b": 0.031770474253772746,
    "n_oof": 796,
    "brier_raw": 0.2593487153969253,
    "brier_calibrated": 0.24840138167568937,
    "brier_holdout": 0.2483966718069654
  }
}