{
  "pitcher_strikeouts": {
    "method": "platt",
    "a": 0.24046456402604235,
    "b": -0.012811763581186202,
    "n_oof": 1119,
    "brier_raw": 0.25823777768031697,
    "brier_calibrated": 0.24840121470596893,
    "brier_holdout": 0.24734592403222094
  }
}