{
  "pitcher_strikeouts": {
    "method": "platt",
    "a": 0.359921204040988,
    "b": -0.03304287732649153,
    "n_oof": 496,
    "brier_raw": 0.2549938867181255,
    "brier_calibrated": 0.24770409144822078,
    "brier_holdout": 0.2492604497282133
  }
}