{
  "pitcher_strikeouts": {
    "method": "platt",
    "a": 0.3556020341974811,
    "b": -0.024299379215576344,
    "n_oof": 496,
    "brier_raw": 0.25732324792757993,
    "brier_calibrated": 0.24842763425310407,
    "brier_holdout": 0.25320391791219454
  }
}