{
  "pitcher_strikeouts": {
    "method": "platt",
    "a": 0.47134449122402955,
    "b": -0.02875157971392233,
    "n_oof": 494,
    "brier_raw": 0.25362617040096214,
    "brier_calibrated": 0.24651608084192678,
    "brier_holdout": 0.2540983603354543
  }
}