{
  "pitcher_strikeouts": {
    "method": "platt",
    "a": 0.4008883497216032,
    "b": -0.030206572463993567,
    "n_oof": 496,
    "brier_raw": 0.2550588895572379,
    "brier_calibrated": 0.24641847189419352,
    "brier_holdout": 0.24911590347213441
  }
}