{
  "batter_hits": {
    "method": "isotonic",
    "x": [
      0.007314112984775861,
      0.01138921735970022,
      0.011391809586111088,
      0.019528831141440876,
      0.019530695839049223,
      0.02188143870135076,
      0.021940247940976047,
      0.025418566575269093,
      0.02544118134933656,
      0.03284177351664762,
      0.032848845528494285,
      0.04521856188287946,
      0.04522687928716328,
      0.0522226914693542,
      0.05222962431911043,
      0.08008154033551533,
      0.0802589385777871,
      0.11277671065576057,
      0.1127971655866166,
      0.11798390178753532,
      0.11800802526013356,
      0.12856884047166617,
      0.1287577517283804,
      0.12926771949614344,
      0.12936489439612953,
      0.1592750371641539,
      0.15937938262926088,
      0.18237774014628322,
      0.18243421606477386,
      0.1826859026072769,
      0.18272846133147458,
      0.19288280489161555,
      0.19294230677837595,
      0.20045357182851686,
      0.2005183347465876,
      0.24454977929936927,
      0.24461667482066052,
      0.29344704903046803,
      0.2934492440770938,
      0.3014283818921597,
      0.30163304072960617,
      0.3586352180205348,
      0.3589062076623287,
      0.36565643386986224,
      0.3662283048554691,
      0.4021977733227743,
      0.4022436818845562,
      0.4580522420500428,
      0.45809193367981615,
      0.4671245990293582,
      0.4671587572901181,
      0.5448086407104651,
      0.5448725028190392,
      0.5543571249678826,
      0.554375894968199,
      0.564049188079025,
      0.5642409523529462,
      0.6258760309336626,
      0.6259071893595078,
      0.6359278896051654,
      0.6359295880449665,
      0.705438923787369,
      0.7056840367426042,
      0.7823208683107168,
      0.782426726128292,
      0.8593970266047946
    ],
    "y": [
      0.0,
      0.0,
      0.008403361344537815,
      0.008403361344537815,
      0.022556390977443608,
      0.022556390977443608,
      0.022598870056497175,
      0.022598870056497175,
      0.027726432532347505,
      0.027726432532347505,
      0.04533565823888405,
      0.04533565823888405,
      0.053859964093357277,
      0.053859964093357277,
      0.055089820359281436,
      0.055089820359281436,
      0.11328125,
      0.11328125,
      0.1590909090909091,
      0.1590909090909091,
      0.16379310344827586,
      0.16379310344827586,
      0.16666666666666666,
      0.16666666666666666,
      0.17366946778711484,
      0.17366946778711484,
      0.17765042979942694,
      0.17765042979942694,
      0.2,
      0.2,
      0.20218579234972678,
      0.20218579234972678,
      0.21052631578947367,
      0.21052631578947367,
      0.24,
      0.24,
      0.2540106951871658,
      0.2540106951871658,
      0.2745098039215686,
      0.2745098039215686,
      0.29098360655737704,
      0.29098360655737704,
      0.3333333333333333,
      0.3333333333333333,
      0.36199095022624433,
      0.36199095022624433,
      0.4444444444444444,
      0.4444444444444444,
      0.47368421052631576,
      0.47368421052631576,
      0.5384615384615387,
      0.5384615384615387,
      0.5846153846153846,
      0.5846153846153846,
      0.5925925925925926,
      0.5925925925925926,
      0.6038077969174978,
      0.6038077969174978,
      0.6173913043478261,
      0.6173913043478261,
      0.634943181818182,
      0.634943181818182,
      0.6805031446540882,
      0.6805031446540882,
      0.7358490566037735,
      0.7358490566037735
    ],
    "n_oof": 17134,
    "brier_raw": 0.14108919754428215,
    "brier_calibrated": 0.13988264553634713,
    "brier_holdout": 0.11575468867873527
  },
  "batter_total_bases": {
    "method": "platt",
    "a": 0.8593571516260207,
    "b": -0.09451436411808498,
    "n_oof": 17324,
    "brier_raw": 0.15593563231796828,
    "brier_calibrated": 0.1555745677203318,
    "brier_holdout": 0.1349299390186305
  }
}