{
  "batter_hits": {
    "method": "isotonic",
    "x": [
      0.19076385589500766,
      0.21136171928526482,
      0.21445073698489045,
      0.2206340219011902,
      0.22227674731425595,
      0.25901707875540725,
      0.2592582641698976,
      0.298595226818531,
      0.2994128464824781,
      0.36413171949493495,
      0.3644708335497273,
      0.3792717155870741,
      0.3793180787789846,
      0.38275926821843076,
      0.38302630092833156,
      0.4758103872942676,
      0.4760148874882167,
      0.6018974814166729,
      0.6019387819637632,
      0.6231419810276588,
      0.6231829421513835,
      0.6234533944179381,
      0.6234587063061676,
      0.6832284508018713,
      0.6832743566827076,
      0.6850006011646986,
      0.6851094424620283,
      0.7688029813672284,
      0.7690432518105932,
      0.817653449138087,
      0.8180250317883648,
      0.8186842650073829
    ],
    "y": [
      0.0,
      0.0,
      0.14285714285714285,
      0.14285714285714285,
      0.30303030303030304,
      0.30303030303030304,
      0.3118279569892473,
      0.3118279569892473,
      0.3130841121495327,
      0.3130841121495327,
      0.38181818181818183,
      0.38181818181818183,
      0.46153846153846156,
      0.46153846153846156,
      0.4792746113989637,
      0.4792746113989637,
      0.5547112462006079,
      0.5547112462006079,
      0.5962732919254659,
      0.5962732919254659,
      0.6,
      0.6,
      0.6156824782187803,
      0.6156824782187803,
      0.6451612903225806,
      0.6451612903225806,
      0.6530825496342738,
      0.6530825496342738,
      0.686046511627907,
      0.686046511627907,
      1.0,
      1.0
    ],
    "n_oof": 5695,
    "brier_raw": 0.23794290583088173,
    "brier_calibrated": 0.2351629010143884,
    "brier_holdout": 0.23024850294137084
  },
  "batter_total_bases": {
    "method": "platt",
    "a": 0.3752492233649515,
    "b": -0.09466746546189053,
    "n_oof": 3875,
    "brier_raw": 0.2499591270770507,
    "brier_calibrated": 0.24569415059282151,
    "brier_holdout": 0.24130062709201447
  },
  "batter_home_runs": {
    "method": "platt",
    "a": 0.791679099220643,
    "b": -0.07955395894190723,
    "n_oof": 5737,
    "brier_raw": 0.0885976951567801,
    "brier_calibrated": 0.08758981112434061,
    "brier_holdout": 0.07366652582006339
  },
  "batter_walks": {
    "method": "platt",
    "a": 0.403065247392222,
    "b": -0.43130427190828713,
    "n_oof": 2230,
    "brier_raw": 0.21379571158208618,
    "brier_calibrated": 0.20889568037943892,
    "brier_holdout": 0.210320157889891
  }
}