{
  "batter_hits": {
    "method": "isotonic",
    "x": [
      0.1731685747430439,
      0.18607268601185667,
      0.300150206864158,
      0.30068184220098015,
      0.3614511096770138,
      0.3615827249157254,
      0.41462858600961017,
      0.4146805402909954,
      0.4252328132008837,
      0.4252602022170726,
      0.4411419854964631,
      0.44119116645069173,
      0.5069209762800493,
      0.506938413019576,
      0.5825156626137951,
      0.5825227651778909,
      0.6273768085668896,
      0.6273960489922572,
      0.6336239159081012,
      0.6336251551646352,
      0.6440704358213623,
      0.644074178293605,
      0.6444751593991542,
      0.6444887359578271,
      0.6660482323675067,
      0.6660607951573534,
      0.7105931097177787,
      0.7106042215192852,
      0.7781796857741885,
      0.7782933463159333,
      0.8316972292785146
    ],
    "y": [
      0.0,
      0.2731707317073171,
      0.2731707317073171,
      0.33984375,
      0.33984375,
      0.37751004016064255,
      0.37751004016064255,
      0.4,
      0.4,
      0.48484848484848486,
      0.48484848484848486,
      0.5059021922428332,
      0.5059021922428332,
      0.5881410256410258,
      0.5881410256410258,
      0.5938325991189427,
      0.5938325991189427,
      0.6136363636363636,
      0.6136363636363636,
      0.6151079136690647,
      0.6151079136690647,
      0.6153846153846154,
      0.6153846153846154,
      0.6307692307692307,
      0.6307692307692307,
      0.6489459211732356,
      0.6489459211732356,
      0.6510480887792849,
      0.6510480887792849,
      0.7631578947368421,
      0.7631578947368421
    ],
    "n_oof": 8547,
    "brier_raw": 0.23918935583267784,
    "brier_calibrated": 0.2363642951189763,
    "brier_holdout": 0.24325894367519624
  },
  "batter_total_bases": {
    "method": "isotonic",
    "x": [
      0.20401916828991457,
      0.21709324612080444,
      0.3853654171565021,
      0.38539706347601355,
      0.38728324758638993,
      0.3873589173257982,
      0.4683854910397057,
      0.4684577023696517,
      0.48165473174959295,
      0.48169124251340384,
      0.526614482119973,
      0.5270264244249341,
      0.6207867012683217,
      0.620948592751321,
      0.6238616145411239,
      0.6240347932251222,
      0.6273518345596967,
      0.6274698176401075,
      0.6317149060828657,
      0.6318177429717491,
      0.6363114657879917,
      0.6363127659832852,
      0.7222443713270463,
      0.7223991652031743,
      0.7698385998989097,
      0.7717055061713275,
      0.8071369269761999
    ],
    "y": [
      0.0,
      0.3951456310679612,
      0.3951456310679612,
      0.4074074074074074,
      0.4074074074074074,
      0.41757246376811596,
      0.41757246376811596,
      0.46078431372549017,
      0.46078431372549017,
      0.4788732394366197,
      0.4788732394366197,
      0.49122807017543857,
      0.49122807017543857,
      0.5,
      0.5,
      0.5263157894736842,
      0.5263157894736842,
      0.5714285714285714,
      0.5714285714285714,
      0.5789473684210527,
      0.5789473684210527,
      0.5967741935483871,
      0.5967741935483871,
      0.6111111111111112,
      0.6111111111111112,
      0.75,
      0.75
    ],
    "n_oof": 5246,
    "brier_raw": 0.24772280660564927,
    "brier_calibrated": 0.24251494967352685,
    "brier_holdout": 0.23642716833960914
  },
  "batter_home_runs": {
    "method": "isotonic",
    "x": [
      0.0037568276296490455,
      0.009847355139376988,
      0.009851012321112733,
      0.015421621762682379,
      0.015426914045829026,
      0.019731312345534636,
      0.01975879194551496,
      0.021197695364769908,
      0.021206795621699758,
      0.022376072895026536,
      0.022388230785258187,
      0.03157285564547195,
      0.03159174182124742,
      0.03483685940633279,
      0.034838811787038966,
      0.03505272079764827,
      0.03506061451995693,
      0.04269539852586175,
      0.04272723391788855,
      0.04345383685759546,
      0.043499997063899024,
      0.044810174342844886,
      0.044827065527665244,
      0.06317346655224267,
      0.06317659245538321,
      0.06328910762416752,
      0.06332566527932033,
      0.07190923776567937,
      0.07193977993055914,
      0.0866789592969133,
      0.08668711413830357,
      0.08788493064942215,
      0.08788712617749446,
      0.09291433889375146,
      0.09300198900658727,
      0.09444791737573144,
      0.09447021677318294,
      0.10488898702202595,
      0.10490336696948822,
      0.11430660097319506,
      0.11445218225235589,
      0.13553200098829213,
      0.13563262461642148,
      0.14021412862693663,
      0.14026783877849092,
      0.18637546806629574,
      0.18650259685521267,
      0.2118363593132587,
      0.21186444877020094,
      0.3535977692685806,
      0.35431498294667707,
      0.4385356065056065
    ],
    "y": [
      0.0,
      0.0,
      0.00589622641509434,
      0.00589622641509434,
      0.016055045871559634,
      0.016055045871559634,
      0.0234375,
      0.0234375,
      0.03409090909090909,
      0.03409090909090909,
      0.040280210157618214,
      0.040280210157618214,
      0.049079754601226995,
      0.049079754601226995,
      0.0625,
      0.0625,
      0.07387862796833773,
      0.07387862796833773,
      0.075,
      0.075,
      0.08695652173913043,
      0.08695652173913043,
      0.08810068649885586,
      0.08810068649885586,
      0.09090909090909091,
      0.09090909090909091,
      0.0975609756097561,
      0.0975609756097561,
      0.12417218543046357,
      0.12417218543046357,
      0.12962962962962962,
      0.12962962962962962,
      0.13043478260869565,
      0.13043478260869565,
      0.13333333333333333,
      0.13333333333333333,
      0.1482758620689655,
      0.1482758620689655,
      0.15748031496062992,
      0.15748031496062992,
      0.1649214659685864,
      0.1649214659685864,
      0.17543859649122806,
      0.17543859649122806,
      0.1845238095238095,
      0.1845238095238095,
      0.2222222222222222,
      0.2222222222222222,
      0.24778761061946905,
      0.24778761061946905,
      0.2857142857142857,
      0.2857142857142857
    ],
    "n_oof": 8611,
    "brier_raw": 0.061184586936481156,
    "brier_calibrated": 0.060165076904602946,
    "brier_holdout": 0.005224197052374641
  },
  "batter_walks": {
    "method": "platt",
    "a": 0.4710726050860806,
    "b": -0.3530657920255727,
    "n_oof": 2869,
    "brier_raw": 0.21180948647434186,
    "brier_calibrated": 0.20806765129858784,
    "brier_holdout": 0.20869673629801505
  }
}