{
  "pitcher_strikeouts": {
    "method": "isotonic",
    "x": [
      0.2579958765243855,
      0.39477304365358096,
      0.39483751641278486,
      0.6345690484626754,
      0.6367225517933757,
      0.6714327006541223,
      0.6728041538234474,
      0.6854867867765124,
      0.685497446341217,
      0.7254105208793621,
      0.7307297215880887,
      0.7428392613343098,
      0.7464270353119336
    ],
    "y": [
      0.41379310344827586,
      0.41379310344827586,
      0.47058823529411764,
      0.47058823529411764,
      0.5384615384615384,
      0.5384615384615384,
      0.6666666666666666,
      0.6666666666666666,
      0.7037037037037037,
      0.7037037037037037,
      0.7777777777777778,
      0.7777777777777778,
      1.0
    ],
    "n_oof": 494,
    "brier_raw": 0.25832396205150976,
    "brier_calibrated": 0.24425659420869164,
    "brier_holdout": 0.2564435028227766
  }
}