{
  "pitcher_strikeouts": {
    "method": "isotonic",
    "x": [
      0.2144530973590445,
      0.2978024512392754,
      0.2980412938915294,
      0.4938383756411375,
      0.4990572002234427,
      0.5403670844352274,
      0.5407960339402449,
      0.6896039048968117,
      0.6899521621460609,
      0.6988245473956263,
      0.6998581803996851,
      0.7870265657992306
    ],
    "y": [
      0.358974358974359,
      0.358974358974359,
      0.40764331210191085,
      0.40764331210191085,
      0.4444444444444444,
      0.4444444444444444,
      0.5645161290322582,
      0.5645161290322582,
      0.625,
      0.625,
      0.7741935483870968,
      0.7741935483870968
    ],
    "n_oof": 494,
    "brier_raw": 0.25327314051637184,
    "brier_calibrated": 0.2395918385495899,
    "brier_holdout": 0.2505663287709114
  }
}