{
  "pitcher_strikeouts": {
    "method": "platt",
    "a": 0.18714751478467462,
    "b": -0.0040135436248702186,
    "n_oof": 1088,
    "brier_raw": 0.2636294961930236,
    "brier_calibrated": 0.24968844383656955,
    "brier_holdout": 0.2516469583711311
  }
}