{
  "batter_hits": {
    "method": "isotonic",
    "x": [
      0.1962755261724992,
      0.20564385412337075,
      0.2068597649612436,
      0.27342900178421325,
      0.27370051917484073,
      0.318692122531404,
      0.31931430633441793,
      0.3226454186799925,
      0.32275713167403997,
      0.3941702984549532,
      0.3941762352681344,
      0.39691189778100144,
      0.39720054608484057,
      0.4014299611929496,
      0.40145822928438835,
      0.42511697052675174,
      0.4253095439951427,
      0.45102872604842803,
      0.4515947896393543,
      0.5083204150028533,
      0.5084127581602422,
      0.5567662741901784,
      0.5569157313017001,
      0.5576061565038541,
      0.5576501557307704,
      0.5747576955399047,
      0.5747601123695925,
      0.5995439998309078,
      0.5996545823758885,
      0.6000092696775848,
      0.600046840086691,
      0.6071392449755939,
      0.6071590541682343,
      0.7152705961034755,
      0.7152798899949272,
      0.7490017419392014,
      0.749329396959357,
      0.7921818340216039,
      0.7924150063471477,
      0.8272330700177024
    ],
    "y": [
      0.0,
      0.0,
      0.23809523809523808,
      0.23809523809523808,
      0.3,
      0.3,
      0.36363636363636365,
      0.36363636363636365,
      0.36585365853658536,
      0.36585365853658536,
      0.4,
      0.4,
      0.42105263157894735,
      0.42105263157894735,
      0.4230769230769231,
      0.4230769230769231,
      0.5044247787610621,
      0.5044247787610621,
      0.5276073619631901,
      0.5276073619631901,
      0.5306930693069306,
      0.5306930693069306,
      0.5833333333333334,
      0.5833333333333334,
      0.5874439461883408,
      0.5874439461883408,
      0.5911764705882353,
      0.5911764705882353,
      0.6,
      0.6,
      0.6057692307692307,
      0.6057692307692307,
      0.6194111232279171,
      0.6194111232279171,
      0.6396396396396395,
      0.6396396396396395,
      0.6844919786096256,
      0.6844919786096256,
      0.7083333333333334,
      0.7083333333333334
    ],
    "n_oof": 5695,
    "brier_raw": 0.23773726617017324,
    "brier_calibrated": 0.23514131464370872,
    "brier_holdout": 0.22995462027675162
  },
  "batter_total_bases": {
    "method": "platt",
    "a": 0.4341455056508289,
    "b": -0.08730892383606213,
    "n_oof": 3875,
    "brier_raw": 0.2486135831839793,
    "brier_calibrated": 0.2449862212969041,
    "brier_holdout": 0.24106104881043042
  },
  "batter_home_runs": {
    "method": "platt",
    "a": 0.806528660642986,
    "b": -0.04791420934057584,
    "n_oof": 5737,
    "brier_raw": 0.08861050508535337,
    "brier_calibrated": 0.08766230591802353,
    "brier_holdout": 0.07398079402434062
  },
  "batter_walks": {
    "method": "isotonic",
    "x": [
      0.0798234447635135,
      0.08963077674214552,
      0.08968304689230196,
      0.10183542021569651,
      0.10186558243650816,
      0.12408157065023426,
      0.12411590639214984,
      0.1814677085934553,
      0.18152550771056525,
      0.1829969239940091,
      0.18316508932507675,
      0.20743084826765795,
      0.20809747699504916,
      0.22499594342421453,
      0.22503930224160512,
      0.2406424512612863,
      0.24100167171202785,
      0.2560440853412429,
      0.25637386230246595,
      0.305009305486184,
      0.3051553714468381,
      0.3185836982764677,
      0.31868040472551495,
      0.5087917015829172,
      0.508905184143942,
      0.5824337850698903,
      0.585547581953315,
      0.6368364019559437,
      0.641088176824339,
      0.6717914997673239,
      0.6731509575027519,
      0.7166787176265728
    ],
    "y": [
      0.0,
      0.0,
      0.09090909090909091,
      0.09090909090909091,
      0.22807017543859648,
      0.22807017543859648,
      0.22929936305732485,
      0.22929936305732485,
      0.23076923076923078,
      0.23076923076923078,
      0.2573099415204678,
      0.2573099415204678,
      0.27102803738317754,
      0.27102803738317754,
      0.2920353982300885,
      0.2920353982300885,
      0.3194444444444444,
      0.3194444444444444,
      0.3258064516129032,
      0.3258064516129032,
      0.3333333333333333,
      0.3333333333333333,
      0.35607675906183367,
      0.35607675906183367,
      0.40816326530612246,
      0.40816326530612246,
      0.47619047619047616,
      0.47619047619047616,
      0.5,
      0.5,
      1.0,
      1.0
    ],
    "n_oof": 2230,
    "brier_raw": 0.21365529466963223,
    "brier_calibrated": 0.20725342531595922,
    "brier_holdout": 0.20923620045281816
  }
}