{
  "pitcher_strikeouts": {
    "method": "platt",
    "a": 0.4479567148105503,
    "b": -0.03928932934445806,
    "n_oof": 496,
    "brier_raw": 0.2556504183494722,
    "brier_calibrated": 0.24787868631244464,
    "brier_holdout": 0.25645393701234775
  }
}