{
  "batter_hits": {
    "method": "platt",
    "a": 0.8367779468898534,
    "b": 0.0745062915556847,
    "n_oof": 6456,
    "brier_raw": 0.18214728272550382,
    "brier_calibrated": 0.1807527641868348,
    "brier_holdout": 0.15153254461113028
  },
  "batter_total_bases": {
    "method": "isotonic",
    "x": [
      0.01523859319007317,
      0.023081879791181908,
      0.02318198954761372,
      0.04303628995810728,
      0.0430600480679877,
      0.07058235765657796,
      0.07058561943924771,
      0.07389504578068479,
      0.07403713710424309,
      0.09997667595221738,
      0.0999820452351203,
      0.10550613501354408,
      0.10552452118985077,
      0.11812568252106956,
      0.11813528969608028,
      0.15013227771295037,
      0.15020665951956097,
      0.18028829816019826,
      0.18032564288802555,
      0.1854855176765829,
      0.18557321162709006,
      0.20849983545227133,
      0.2087578839691448,
      0.21532362238295122,
      0.21535648825954776,
      0.2198860099713918,
      0.21990981839098683,
      0.22408038727624,
      0.22409560028525133,
      0.22597463092104098,
      0.22618874477470519,
      0.23165032553663756,
      0.2316888218125709,
      0.29485202579369674,
      0.29492814004642853,
      0.35426143149741374,
      0.35452641480505365,
      0.3593424437170144,
      0.3594038126616249,
      0.4296635357203109,
      0.4296766054095378,
      0.4493791099978446,
      0.44970052248767267,
      0.4656551561354596,
      0.46589042254991336,
      0.5377372574255501,
      0.5387291635847726,
      0.5492047430697417,
      0.5496291217188187,
      0.6912114704029877
    ],
    "y": [
      0.0,
      0.0,
      0.04294478527607362,
      0.04294478527607362,
      0.09714285714285714,
      0.09714285714285714,
      0.1111111111111111,
      0.1111111111111111,
      0.1196319018404908,
      0.1196319018404908,
      0.14084507042253522,
      0.14084507042253522,
      0.18181818181818182,
      0.18181818181818182,
      0.18478260869565216,
      0.18478260869565216,
      0.2,
      0.2,
      0.20689655172413793,
      0.20689655172413793,
      0.24253731343283583,
      0.24253731343283583,
      0.25,
      0.25,
      0.2777777777777778,
      0.2777777777777778,
      0.2857142857142857,
      0.2857142857142857,
      0.3,
      0.3,
      0.30158730158730157,
      0.30158730158730157,
      0.3270588235294118,
      0.3270588235294118,
      0.37533875338753386,
      0.37533875338753386,
      0.37735849056603776,
      0.37735849056603776,
      0.392,
      0.392,
      0.4051724137931034,
      0.4051724137931034,
      0.40789473684210525,
      0.40789473684210525,
      0.4383561643835616,
      0.4383561643835616,
      0.5,
      0.5,
      0.6571428571428571,
      0.6571428571428571
    ],
    "n_oof": 6402,
    "brier_raw": 0.1862676378825895,
    "brier_calibrated": 0.18320365189936852,
    "brier_holdout": 0.1677179790092123
  }
}