{
  "pitcher_strikeouts": {
    "method": "platt",
    "a": 0.36938392204734033,
    "b": 0.0012731370078865984,
    "n_oof": 803,
    "brier_raw": 0.25647029808274113,
    "brier_calibrated": 0.24708738631603874,
    "brier_holdout": 0.2484425426967736
  }
}