{
  "pitcher_strikeouts": {
    "method": "platt",
    "a": 0.43929077983642917,
    "b": -0.12902535008579474,
    "n_oof": 201,
    "brier_raw": 0.2552348170233993,
    "brier_calibrated": 0.2472781848531063,
    "brier_holdout": 0.26186111054263755
  }
}