{
  "pitcher_strikeouts": {
    "method": "platt",
    "a": 0.38235730077783675,
    "b": -0.036085685108321,
    "n_oof": 496,
    "brier_raw": 0.2544062572821709,
    "brier_calibrated": 0.2469732025556534,
    "brier_holdout": 0.2479731308426789
  }
}