{
  "batter_hits": {
    "method": "isotonic",
    "x": [
      0.17337513729930837,
      0.18645211606350454,
      0.2724724207287124,
      0.27291782805184456,
      0.2948460590932891,
      0.2949076584553191,
      0.29853323615795946,
      0.2990076026133488,
      0.37444274525821547,
      0.3746088693970924,
      0.43284573956345557,
      0.4329400037459119,
      0.4381971294357521,
      0.4383357453563988,
      0.4563336893918124,
      0.45642558409440503,
      0.5026011781330374,
      0.5030883395990369,
      0.595316497865859,
      0.5953605438853016,
      0.6048765813782686,
      0.6049444585498485,
      0.645652085815835,
      0.6457279797878801,
      0.6467366081267919,
      0.6467471624228862,
      0.6553665451761876,
      0.655406045048555,
      0.7301688337504783,
      0.7301707672052832,
      0.7580428764278666,
      0.758154579381791,
      0.77931516652882,
      0.7795230505931374,
      0.7889881238119754,
      0.7891723596047748,
      0.8340846401064124
    ],
    "y": [
      0.0,
      0.2631578947368421,
      0.2631578947368421,
      0.2727272727272727,
      0.2727272727272727,
      0.3333333333333333,
      0.3333333333333333,
      0.35,
      0.35,
      0.3872053872053872,
      0.3872053872053872,
      0.4666666666666667,
      0.4666666666666667,
      0.47706422018348627,
      0.47706422018348627,
      0.4900497512437811,
      0.4900497512437811,
      0.5592020592020588,
      0.5592020592020588,
      0.5936254980079682,
      0.5936254980079682,
      0.6159695817490495,
      0.6159695817490495,
      0.6285714285714286,
      0.6285714285714286,
      0.6384615384615384,
      0.6384615384615384,
      0.650561797752809,
      0.650561797752809,
      0.6657381615598886,
      0.6657381615598886,
      0.6707317073170732,
      0.6707317073170732,
      0.7027027027027027,
      0.7027027027027027,
      0.717948717948718,
      0.717948717948718
    ],
    "n_oof": 8547,
    "brier_raw": 0.23869300464004276,
    "brier_calibrated": 0.2358544488568243,
    "brier_holdout": 0.24123013068583737
  },
  "batter_total_bases": {
    "method": "isotonic",
    "x": [
      0.22115555063434283,
      0.2213190172919593,
      0.22195694860702406,
      0.2717184213516449,
      0.2731416424231241,
      0.28159970136061585,
      0.2817729031397255,
      0.3700428431163052,
      0.3702255889460829,
      0.3742870129112825,
      0.37438840589521627,
      0.46762735947839457,
      0.46770425009155425,
      0.5107950660244195,
      0.510899696266361,
      0.5330823087961947,
      0.5331137980795587,
      0.6333821981230972,
      0.6335287368002669,
      0.6369426658713051,
      0.6370254771655087,
      0.6426408602513416,
      0.642666308352877,
      0.7005545291485189,
      0.700646596729902,
      0.7072351488377548,
      0.7079052397506697,
      0.7574412324988153,
      0.7574623346065925,
      0.8044295726045847
    ],
    "y": [
      0.0,
      0.0,
      0.359375,
      0.359375,
      0.3684210526315789,
      0.3684210526315789,
      0.3775933609958508,
      0.3775933609958508,
      0.4166666666666667,
      0.4166666666666667,
      0.42879019908116384,
      0.42879019908116384,
      0.44854368932038835,
      0.44854368932038835,
      0.4772727272727273,
      0.4772727272727273,
      0.518971848225214,
      0.518971848225214,
      0.5263157894736842,
      0.5263157894736842,
      0.53125,
      0.53125,
      0.5682656826568266,
      0.5682656826568266,
      0.6086956521739131,
      0.6086956521739131,
      0.6090909090909091,
      0.6090909090909091,
      0.6666666666666666,
      0.6666666666666666
    ],
    "n_oof": 5246,
    "brier_raw": 0.24687272099931354,
    "brier_calibrated": 0.24244610421741608,
    "brier_holdout": 0.23610963121065423
  },
  "batter_home_runs": {
    "method": "platt",
    "a": 0.9105652065353121,
    "b": 0.06256049718544439,
    "n_oof": 8611,
    "brier_raw": 0.06120948128887972,
    "brier_calibrated": 0.06108694918419026,
    "brier_holdout": 0.007277143918199987
  }
}