{
  "batter_hits": {
    "method": "isotonic",
    "x": [
      0.008127317632338558,
      0.010884422737559966,
      0.010889257354121334,
      0.01476841968722576,
      0.014768851295299429,
      0.016067451527584143,
      0.016069536218945402,
      0.02409229258760367,
      0.02409308774746548,
      0.03655206367069391,
      0.03655420088737874,
      0.03721628711101277,
      0.037220058049775934,
      0.06466520867242315,
      0.06466718632788067,
      0.06519324934964105,
      0.06520711622815423,
      0.1047801039940078,
      0.10482096896447893,
      0.11166522195432876,
      0.11177009444800354,
      0.11266876529038422,
      0.11309325517522945,
      0.16249907044272743,
      0.1625260679496654,
      0.17830216940549223,
      0.17832171302760277,
      0.18747320283332308,
      0.18748543342061694,
      0.1880986897612402,
      0.18812561969407213,
      0.18882914353745917,
      0.18885331859323407,
      0.19018092688081573,
      0.19030560259781826,
      0.20247424592030838,
      0.20257117853167442,
      0.26418452152428457,
      0.26419188842082986,
      0.3010447087238117,
      0.3010660806524542,
      0.3726678674745817,
      0.37281683520079845,
      0.44179514173484036,
      0.44189106929118077,
      0.44755659383287927,
      0.4475955595374243,
      0.4740567380815661,
      0.4742614271235236,
      0.4788096236523921,
      0.4789451730481657,
      0.5391597201767035,
      0.5392386207950242,
      0.5616657227781147,
      0.561788973348065,
      0.6402558273348917,
      0.6403066061059086,
      0.7137839884622101,
      0.7137888454940249,
      0.7294541006406312,
      0.7294927524168127,
      0.7518335385918723,
      0.7518481323841041,
      0.8279918537580087,
      0.8300377724539636,
      0.8527908271224622
    ],
    "y": [
      0.0,
      0.0,
      0.007142857142857143,
      0.007142857142857143,
      0.009478672985781991,
      0.009478672985781991,
      0.01072961373390558,
      0.01072961373390558,
      0.026859504132231406,
      0.026859504132231406,
      0.029850746268656716,
      0.029850746268656716,
      0.04860759493670886,
      0.04860759493670886,
      0.07692307692307693,
      0.07692307692307693,
      0.09009009009009009,
      0.09009009009009009,
      0.12121212121212122,
      0.12121212121212122,
      0.14285714285714285,
      0.14285714285714285,
      0.15546218487394958,
      0.15546218487394958,
      0.15789473684210525,
      0.15789473684210525,
      0.17105263157894737,
      0.17105263157894737,
      0.18181818181818182,
      0.18181818181818182,
      0.1875,
      0.1875,
      0.19230769230769232,
      0.19230769230769232,
      0.2168141592920354,
      0.2168141592920354,
      0.2393075356415479,
      0.2393075356415479,
      0.2693877551020408,
      0.2693877551020408,
      0.3148450244698205,
      0.3148450244698205,
      0.4189189189189189,
      0.4189189189189189,
      0.4318181818181818,
      0.4318181818181818,
      0.44976076555023925,
      0.44976076555023925,
      0.48484848484848486,
      0.48484848484848486,
      0.5233516483516484,
      0.5233516483516484,
      0.5388739946380697,
      0.5388739946380697,
      0.6084936960849373,
      0.6084936960849373,
      0.6485671191553546,
      0.6485671191553546,
      0.654054054054054,
      0.654054054054054,
      0.7016129032258065,
      0.7016129032258065,
      0.712,
      0.712,
      0.7142857142857143,
      0.7142857142857143
    ],
    "n_oof": 17692,
    "brier_raw": 0.13955874003945162,
    "brier_calibrated": 0.1385574553777349,
    "brier_holdout": 0.11468510450581915
  },
  "batter_total_bases": {
    "method": "isotonic",
    "x": [
      0.013021018811950082,
      0.02569463814637495,
      0.025699235034348875,
      0.02713338877176565,
      0.02718403215029511,
      0.0319158807034311,
      0.03191822415378314,
      0.04424620772216482,
      0.04425313150688094,
      0.05027714598328197,
      0.050304384402688085,
      0.0508533931808708,
      0.05088264081435435,
      0.05171098361050358,
      0.05171122370820558,
      0.06154762961696498,
      0.061556152662337264,
      0.07611740729670124,
      0.07615955247193919,
      0.10317026005731379,
      0.10318541151228053,
      0.10440749295079454,
      0.10441336486849134,
      0.12320479814497948,
      0.12321835516968954,
      0.12866387804622179,
      0.12871006611474287,
      0.14064784183851659,
      0.1406616362478841,
      0.1547244217743511,
      0.15473027074134812,
      0.18568650397168907,
      0.18573302292795013,
      0.19682961703503032,
      0.196862801586835,
      0.22259481416462912,
      0.22270788945378156,
      0.22512323985362892,
      0.22515401999162354,
      0.23105913626503194,
      0.23109726350138765,
      0.2315643612181329,
      0.23157449873678512,
      0.249796239381555,
      0.24996146583509316,
      0.2682972594857892,
      0.2683158724256094,
      0.2825412192930115,
      0.2825595544733225,
      0.28304307623678693,
      0.28308208333764706,
      0.3107065621605484,
      0.31071010770914276,
      0.36563984541042627,
      0.3656589864538095,
      0.38866363415809324,
      0.388686434910011,
      0.4270068928430858,
      0.4270086557106073,
      0.4291945503008898,
      0.42925446167565257,
      0.4330040351954908,
      0.43308415367161057,
      0.47366644289175197,
      0.4736742356680111,
      0.5155329871069144,
      0.5156588893382978,
      0.5472774138427081,
      0.5475453158175502,
      0.5986937176129723,
      0.5989575779852444,
      0.6322763290512528,
      0.6336440684415233,
      0.7001412102780024
    ],
    "y": [
      0.0,
      0.0,
      0.023809523809523808,
      0.023809523809523808,
      0.03773584905660377,
      0.03773584905660377,
      0.04044117647058824,
      0.04044117647058824,
      0.05214723926380368,
      0.05214723926380368,
      0.06896551724137931,
      0.06896551724137931,
      0.06976744186046512,
      0.06976744186046512,
      0.07414104882459313,
      0.07414104882459313,
      0.085219707057257,
      0.085219707057257,
      0.10522151898734178,
      0.10522151898734178,
      0.13333333333333333,
      0.13333333333333333,
      0.1346633416458853,
      0.1346633416458853,
      0.14977973568281938,
      0.14977973568281938,
      0.16075156576200417,
      0.16075156576200417,
      0.16730038022813687,
      0.16730038022813687,
      0.17777777777777778,
      0.17777777777777778,
      0.20285714285714285,
      0.20285714285714285,
      0.21983914209115282,
      0.21983914209115282,
      0.2222222222222222,
      0.2222222222222222,
      0.22929936305732485,
      0.22929936305732485,
      0.25,
      0.25,
      0.272552783109405,
      0.272552783109405,
      0.2765567765567766,
      0.2765567765567766,
      0.2821158690176322,
      0.2821158690176322,
      0.2857142857142857,
      0.2857142857142857,
      0.33333333333333326,
      0.33333333333333326,
      0.3439584877687176,
      0.3439584877687176,
      0.35403726708074534,
      0.35403726708074534,
      0.38591549295774646,
      0.38591549295774646,
      0.3939393939393939,
      0.3939393939393939,
      0.4067796610169492,
      0.4067796610169492,
      0.40816326530612246,
      0.40816326530612246,
      0.4447852760736196,
      0.4447852760736196,
      0.45588235294117646,
      0.45588235294117646,
      0.47,
      0.47,
      0.5,
      0.5,
      0.7,
      0.7
    ],
    "n_oof": 17898,
    "brier_raw": 0.15336762193035933,
    "brier_calibrated": 0.1524565595740668,
    "brier_holdout": 0.1310504994727077
  }
}