{
  "pitcher_strikeouts": {
    "method": "platt",
    "a": 0.38307645880226554,
    "b": -0.009156962051434975,
    "n_oof": 801,
    "brier_raw": 0.25647190376341233,
    "brier_calibrated": 0.24682749545417634,
    "brier_holdout": 0.24956048360693556
  }
}