{
  "pitcher_strikeouts": {
    "method": "platt",
    "a": 0.42096853509398935,
    "b": -0.13861672974988146,
    "n_oof": 201,
    "brier_raw": 0.25673829528033537,
    "brier_calibrated": 0.24771477587826377,
    "brier_holdout": 0.2629705333259793
  }
}