{
  "batter_hits": {
    "method": "isotonic",
    "x": [
      0.19502215605341136,
      0.19721428373743213,
      0.19989161696460728,
      0.2714383559296304,
      0.2718303969989101,
      0.3349287239920834,
      0.3350550651250207,
      0.4222694129552201,
      0.42232158346744103,
      0.4803571604586008,
      0.4803623528788328,
      0.48081734306681856,
      0.4811634266635096,
      0.5086884742031805,
      0.508751116564448,
      0.5270259261082711,
      0.5271095716555046,
      0.6070832243247135,
      0.6071651850603753,
      0.6242584942804932,
      0.6242637235185247,
      0.6374752635011651,
      0.6375593104559818,
      0.6864258483038899,
      0.6864668068941405,
      0.7395927583692583,
      0.7395968558886691,
      0.7784606686987614,
      0.7785022878677423,
      0.8181350768610733
    ],
    "y": [
      0.0,
      0.0,
      0.26373626373626374,
      0.26373626373626374,
      0.37433155080213903,
      0.37433155080213903,
      0.3919308357348703,
      0.3919308357348703,
      0.4742547425474255,
      0.4742547425474255,
      0.5,
      0.5,
      0.5047169811320755,
      0.5047169811320755,
      0.5275229357798165,
      0.5275229357798165,
      0.6081314878892734,
      0.6081314878892734,
      0.6111111111111113,
      0.6111111111111113,
      0.6205357142857142,
      0.6205357142857142,
      0.6304347826086959,
      0.6304347826086959,
      0.6469500924214417,
      0.6469500924214417,
      0.6684210526315791,
      0.6684210526315791,
      0.6842105263157895,
      0.6842105263157895
    ],
    "n_oof": 5695,
    "brier_raw": 0.23749160245136075,
    "brier_calibrated": 0.2344933632800698,
    "brier_holdout": 0.22852431217330005
  },
  "batter_total_bases": {
    "method": "platt",
    "a": 0.5010200037477982,
    "b": -0.060077789006812966,
    "n_oof": 3875,
    "brier_raw": 0.2470753310829536,
    "brier_calibrated": 0.2439594593249493,
    "brier_holdout": 0.23970892902812443
  },
  "batter_home_runs": {
    "method": "platt",
    "a": 0.7902899110713393,
    "b": -0.011553952629949338,
    "n_oof": 5737,
    "brier_raw": 0.08861132654798574,
    "brier_calibrated": 0.08703657144905608,
    "brier_holdout": 0.0720761472908787
  },
  "batter_walks": {
    "method": "platt",
    "a": 0.44373366943968173,
    "b": -0.39750231804521685,
    "n_oof": 2230,
    "brier_raw": 0.21281589969061476,
    "brier_calibrated": 0.20862240844383936,
    "brier_holdout": 0.21048073138522078
  }
}