{
  "batter_hits": {
    "method": "isotonic",
    "x": [
      0.2026310692821972,
      0.3209729371348953,
      0.3215765379121773,
      0.37035370731413364,
      0.3704764828042652,
      0.3839426395791632,
      0.3840478454824491,
      0.38814309327291663,
      0.38844637927287623,
      0.4188520333667415,
      0.4188526281393697,
      0.42272897419167266,
      0.42277861668857164,
      0.4374018226401635,
      0.4377485030429421,
      0.4525028901979584,
      0.452506963229361,
      0.4797148413957564,
      0.4797319661151609,
      0.48896367108163225,
      0.4890332057934546,
      0.5776877644401057,
      0.5778272729310856,
      0.6523867496992777,
      0.6524118055533394,
      0.692664902794953,
      0.6926828649467887,
      0.7173887639223196,
      0.7174499829740713,
      0.7259905679915968,
      0.7260001432112408,
      0.7758628524075379,
      0.7759968181971717,
      0.7895753695022036,
      0.7896922559604298,
      0.8418542585436377
    ],
    "y": [
      0.29508196721311475,
      0.29508196721311475,
      0.30392156862745096,
      0.30392156862745096,
      0.34375,
      0.34375,
      0.391304347826087,
      0.391304347826087,
      0.4,
      0.4,
      0.45454545454545453,
      0.45454545454545453,
      0.4787234042553192,
      0.4787234042553192,
      0.4954954954954955,
      0.4954954954954955,
      0.5114155251141552,
      0.5114155251141552,
      0.5591397849462365,
      0.5591397849462365,
      0.5868081880212281,
      0.5868081880212281,
      0.5971107544141252,
      0.5971107544141252,
      0.6341948310139165,
      0.6341948310139165,
      0.6433962264150943,
      0.6433962264150943,
      0.6666666666666666,
      0.6666666666666666,
      0.6701940035273367,
      0.6701940035273367,
      0.71875,
      0.71875,
      0.7317073170731707,
      0.7317073170731707
    ],
    "n_oof": 8547,
    "brier_raw": 0.23916185898514522,
    "brier_calibrated": 0.23583788696028313,
    "brier_holdout": 0.24164848144532933
  },
  "batter_total_bases": {
    "method": "platt",
    "a": 0.3711310499431731,
    "b": -0.12442697900899607,
    "n_oof": 5246,
    "brier_raw": 0.24849832610340208,
    "brier_calibrated": 0.24430697156571018,
    "brier_holdout": 0.23683078272042432
  },
  "batter_home_runs": {
    "method": "isotonic",
    "x": [
      0.003117125538944572,
      0.009092179520602744,
      0.00909724326662671,
      0.011187857375125267,
      0.011191078543462726,
      0.014966820902305153,
      0.014971685025529164,
      0.022203143098678324,
      0.022235703071268025,
      0.023572462070968435,
      0.023573848396280135,
      0.029241089617020672,
      0.029284587858054784,
      0.03162806954953771,
      0.03163599510616313,
      0.034747659418978824,
      0.034757056456992036,
      0.04597455423419705,
      0.04597485089597012,
      0.049475500511203474,
      0.0494997584913979,
      0.06344821511061498,
      0.06346395831838796,
      0.07271184589423746,
      0.0727351108527456,
      0.07421802786862494,
      0.07421867625784523,
      0.07868840117610158,
      0.07873705788626574,
      0.1074363506184398,
      0.10744749061270001,
      0.10994046227266399,
      0.10996950979226713,
      0.12027278411431488,
      0.1202759579549515,
      0.13229463126768645,
      0.1323267173069252,
      0.13612115402842112,
      0.1362156702720515,
      0.14438073781093674,
      0.1445446532024301,
      0.16938796329916195,
      0.16944228209448475,
      0.2764855130095747,
      0.27846486491798206,
      0.35750240862791804,
      0.36335048425829236,
      0.4057515935765375
    ],
    "y": [
      0.0,
      0.0,
      0.006389776357827476,
      0.006389776357827476,
      0.009689922480620155,
      0.009689922480620155,
      0.0141287284144427,
      0.0141287284144427,
      0.020833333333333332,
      0.020833333333333332,
      0.04838709677419355,
      0.04838709677419355,
      0.05128205128205128,
      0.05128205128205128,
      0.06470588235294118,
      0.06470588235294118,
      0.0661625708884688,
      0.0661625708884688,
      0.07291666666666667,
      0.07291666666666667,
      0.09292035398230089,
      0.09292035398230089,
      0.10769230769230771,
      0.10769230769230771,
      0.1111111111111111,
      0.1111111111111111,
      0.11229946524064172,
      0.11229946524064172,
      0.1346765641569459,
      0.1346765641569459,
      0.140625,
      0.140625,
      0.15948275862068967,
      0.15948275862068967,
      0.16267942583732056,
      0.16267942583732056,
      0.16363636363636364,
      0.16363636363636364,
      0.18478260869565216,
      0.18478260869565216,
      0.19597989949748743,
      0.19597989949748743,
      0.23371647509578544,
      0.23371647509578544,
      0.25,
      0.25,
      0.4,
      0.4
    ],
    "n_oof": 8611,
    "brier_raw": 0.06093207125340255,
    "brier_calibrated": 0.05996442193498971,
    "brier_holdout": 0.005259192957242239
  },
  "batter_walks": {
    "method": "platt",
    "a": 0.41250430752687084,
    "b": -0.4102128299264044,
    "n_oof": 2230,
    "brier_raw": 0.21340128444857903,
    "brier_calibrated": 0.20875002303520732,
    "brier_holdout": 0.2092717727093171
  }
}