{
  "pitcher_strikeouts": {
    "method": "platt",
    "a": 0.4457432468962962,
    "b": -0.03896914138735373,
    "n_oof": 494,
    "brier_raw": 0.25400368335904666,
    "brier_calibrated": 0.24700569565305014,
    "brier_holdout": 0.25435597070854477
  }
}