{
  "pitcher_strikeouts": {
    "method": "platt",
    "a": 0.39094048308263996,
    "b": -0.011330791124421499,
    "n_oof": 801,
    "brier_raw": 0.25606624407086215,
    "brier_calibrated": 0.24734416815430374,
    "brier_holdout": 0.2505030026550651
  }
}