{
  "pitcher_strikeouts": {
    "method": "isotonic",
    "x": [
      0.20459685565933772,
      0.28361981296258865,
      0.2839550228589872,
      0.5257691662083406,
      0.5262786195435314,
      0.5984732766274021,
      0.6023319169677306,
      0.6370527366638332,
      0.6376327785454451,
      0.6856385909521487,
      0.6872872065466973,
      0.7581996253411767,
      0.7640912744437245,
      0.7732867028441932
    ],
    "y": [
      0.40625,
      0.40625,
      0.441747572815534,
      0.441747572815534,
      0.47058823529411764,
      0.47058823529411764,
      0.5217391304347826,
      0.5217391304347826,
      0.5526315789473685,
      0.5526315789473685,
      0.6904761904761905,
      0.6904761904761905,
      1.0,
      1.0
    ],
    "n_oof": 494,
    "brier_raw": 0.26048783953476323,
    "brier_calibrated": 0.2436850426656621,
    "brier_holdout": 0.2529772737073551
  }
}