{
  "pitcher_strikeouts": {
    "method": "isotonic",
    "x": [
      0.24677619854405874,
      0.2957573744598306,
      0.29720524085537237,
      0.2983360498531187,
      0.298844880443822,
      0.5366647136897625,
      0.5370208620662253,
      0.5582219017533467,
      0.5599772874807585,
      0.5708615481394561,
      0.5710228440057351,
      0.6454938423139673,
      0.6455065122406515,
      0.7340119427700855,
      0.7353026057659717,
      0.7423505464155027
    ],
    "y": [
      0.3870967741935484,
      0.3870967741935484,
      0.4,
      0.4,
      0.4325581395348837,
      0.4325581395348837,
      0.4375,
      0.4375,
      0.46153846153846156,
      0.46153846153846156,
      0.5185185185185185,
      0.5185185185185185,
      0.7142857142857143,
      0.7142857142857143,
      1.0,
      1.0
    ],
    "n_oof": 494,
    "brier_raw": 0.2558325882833398,
    "brier_calibrated": 0.2391501961942692,
    "brier_holdout": 0.24984790955766262
  }
}