{
  "batter_hits": {
    "method": "isotonic",
    "x": [
      0.18909310530322254,
      0.19016784078350055,
      0.19755919290284443,
      0.34684089368077153,
      0.34774790288558594,
      0.3924967654275171,
      0.39292730170770773,
      0.40589000046353796,
      0.40599426730734933,
      0.4250984110005529,
      0.42520670057848886,
      0.46495812776292755,
      0.4650009139731478,
      0.4794058512009513,
      0.47957829145761777,
      0.5281443301123435,
      0.5283306599358875,
      0.543300743163989,
      0.5434404532756174,
      0.6039653277677578,
      0.6039827306737788,
      0.6296261232349549,
      0.629638062624837,
      0.6411522318691603,
      0.641191410720527,
      0.675221786166455,
      0.6753536706477824,
      0.6793093308331817,
      0.679381917386473,
      0.7195329602035458,
      0.7196217755938905,
      0.7740916452785197,
      0.7746002182375544,
      0.801044540411191,
      0.801256304386124,
      0.8402831624096923
    ],
    "y": [
      0.0,
      0.0,
      0.2893401015228426,
      0.2893401015228426,
      0.3641025641025641,
      0.3641025641025641,
      0.3793103448275862,
      0.3793103448275862,
      0.4069767441860465,
      0.4069767441860465,
      0.46931407942238257,
      0.46931407942238257,
      0.48,
      0.48,
      0.5376782077393075,
      0.5376782077393075,
      0.5813953488372093,
      0.5813953488372093,
      0.5858585858585857,
      0.5858585858585857,
      0.5968253968253968,
      0.5968253968253968,
      0.6232876712328768,
      0.6232876712328768,
      0.6247334754797441,
      0.6247334754797441,
      0.6371681415929203,
      0.6371681415929203,
      0.6463917525773196,
      0.6463917525773196,
      0.6717241379310346,
      0.6717241379310346,
      0.672566371681416,
      0.672566371681416,
      0.76,
      0.76
    ],
    "n_oof": 8547,
    "brier_raw": 0.23801174247920334,
    "brier_calibrated": 0.23542235741087944,
    "brier_holdout": 0.24067648190727295
  },
  "batter_total_bases": {
    "method": "isotonic",
    "x": [
      0.22137988141565768,
      0.24773742652257094,
      0.24796888142650864,
      0.3034781779814001,
      0.3039225851843272,
      0.3347914814913471,
      0.33486753725065016,
      0.40137015478521343,
      0.40137325569525195,
      0.4440744301922648,
      0.44413932998690975,
      0.470781525370575,
      0.47087741378018916,
      0.5352255230125789,
      0.5352360036053809,
      0.5357607554741164,
      0.5359108511134794,
      0.5751374358174052,
      0.5751446199845862,
      0.6118854124269247,
      0.6122154914694182,
      0.6235114376848611,
      0.6235418092477664,
      0.7051712618518817,
      0.7052773360783904,
      0.7244195365820336,
      0.7250674533485812,
      0.7778880357597311
    ],
    "y": [
      0.25,
      0.25,
      0.36054421768707484,
      0.36054421768707484,
      0.36401673640167365,
      0.36401673640167365,
      0.4025974025974026,
      0.4025974025974026,
      0.43295638126009695,
      0.43295638126009695,
      0.4486486486486487,
      0.4486486486486487,
      0.45995145631067963,
      0.45995145631067963,
      0.5,
      0.5,
      0.505,
      0.505,
      0.5168918918918917,
      0.5168918918918917,
      0.55,
      0.55,
      0.5636856368563685,
      0.5636856368563685,
      0.6444444444444445,
      0.6444444444444445,
      0.68,
      0.68
    ],
    "n_oof": 5246,
    "brier_raw": 0.24670650725698703,
    "brier_calibrated": 0.24290546321268833,
    "brier_holdout": 0.23712866955516237
  },
  "batter_home_runs": {
    "method": "platt",
    "a": 0.9571711401679913,
    "b": 0.1865131523277102,
    "n_oof": 8611,
    "brier_raw": 0.0612730721138769,
    "brier_calibrated": 0.06113293000355063,
    "brier_holdout": 0.007293360239724265
  }
}