{
  "pitcher_strikeouts": {
    "method": "platt",
    "a": 0.25319997161663055,
    "b": 0.00040476072366691344,
    "n_oof": 1088,
    "brier_raw": 0.26059709428889277,
    "brier_calibrated": 0.24904169293733935,
    "brier_holdout": 0.25132507831517387
  }
}