{
  "pitcher_strikeouts": {
    "method": "platt",
    "a": 0.43363575146443756,
    "b": -0.086088110905803,
    "n_oof": 212,
    "brier_raw": 0.2572142599950129,
    "brier_calibrated": 0.24846744299630524,
    "brier_holdout": 0.26232153992717444
  }
}