{
  "pitcher_strikeouts": {
    "method": "platt",
    "a": 0.313592854653611,
    "b": 0.02396349930521683,
    "n_oof": 796,
    "brier_raw": 0.2583273928118907,
    "brier_calibrated": 0.2480645467945625,
    "brier_holdout": 0.24986688943921065
  }
}