{
  "batter_hits": {
    "method": "isotonic",
    "x": [
      0.16004443796429368,
      0.19943937069687137,
      0.20130277406324404,
      0.2436568447073032,
      0.24410531556148538,
      0.30751899028027735,
      0.3076156650794746,
      0.3358806009858074,
      0.33588197105067513,
      0.33656290749042134,
      0.33664599658932615,
      0.4745935386800606,
      0.4746778065440945,
      0.48498924677624533,
      0.48503326823212245,
      0.48975795733167093,
      0.48983238694713127,
      0.5592032769329329,
      0.5592207870923207,
      0.5702199921417114,
      0.5703735875144609,
      0.5776847526824603,
      0.577736076779525,
      0.5836972615420113,
      0.583772975457451,
      0.6015094677755564,
      0.601518094089793,
      0.6295853805715697,
      0.6295950843011536,
      0.6349582409016657,
      0.6349833622426826,
      0.6778348834604415,
      0.677837012490275,
      0.7122955653571461,
      0.7123152223041133,
      0.714150374917072,
      0.714204253600585,
      0.7603124701492088,
      0.7603763867079523,
      0.81614828873089,
      0.8219622601342218,
      0.8309118106826683,
      0.8463601152659179
    ],
    "y": [
      0.0,
      0.0,
      0.24193548387096775,
      0.24193548387096775,
      0.2793522267206478,
      0.2793522267206478,
      0.32894736842105265,
      0.32894736842105265,
      0.3333333333333333,
      0.3333333333333333,
      0.4526967285587975,
      0.4526967285587975,
      0.48507462686567165,
      0.48507462686567165,
      0.5263157894736842,
      0.5263157894736842,
      0.5674281503316139,
      0.5674281503316139,
      0.5693430656934306,
      0.5693430656934306,
      0.5930232558139535,
      0.5930232558139535,
      0.5985915492957746,
      0.5985915492957746,
      0.6041666666666666,
      0.6041666666666666,
      0.6087570621468927,
      0.6087570621468927,
      0.6201550387596899,
      0.6201550387596899,
      0.6234390009606148,
      0.6234390009606148,
      0.639269406392694,
      0.639269406392694,
      0.6399999999999999,
      0.6399999999999999,
      0.6642468239564429,
      0.6642468239564429,
      0.6777251184834123,
      0.6777251184834123,
      0.75,
      0.75,
      1.0
    ],
    "n_oof": 9398,
    "brier_raw": 0.23796549238911324,
    "brier_calibrated": 0.2356939331443385,
    "brier_holdout": 0.23236026517002098
  },
  "batter_total_bases": {
    "method": "isotonic",
    "x": [
      0.19652079486060922,
      0.2061686154909339,
      0.2064060080133729,
      0.24853279325554928,
      0.24854434075130807,
      0.3391032158251568,
      0.33920296719842247,
      0.38313364489363266,
      0.3831727267349265,
      0.4033661703314654,
      0.4033932764333966,
      0.4590042938889588,
      0.4590109286356926,
      0.47896781068001326,
      0.4790402614734156,
      0.5102199553390887,
      0.5103698682510822,
      0.5282392914313072,
      0.5283018070102661,
      0.6032464226651391,
      0.6032581592412836,
      0.6048543603321981,
      0.60492192213477,
      0.6549982848321936,
      0.6550501097217882,
      0.7047811149634987,
      0.7048915856883513,
      0.7072943275256851,
      0.7076570337329722,
      0.7203340874107335,
      0.7209031446523382,
      0.772119238026088,
      0.7873565519776824
    ],
    "y": [
      0.0,
      0.0,
      0.3333333333333333,
      0.3333333333333333,
      0.37516869095816463,
      0.37516869095816463,
      0.39215686274509803,
      0.39215686274509803,
      0.3974358974358974,
      0.3974358974358974,
      0.4383033419023136,
      0.4383033419023136,
      0.4448979591836735,
      0.4448979591836735,
      0.48293963254593175,
      0.48293963254593175,
      0.4951456310679614,
      0.4951456310679614,
      0.5041899441340784,
      0.5041899441340784,
      0.55,
      0.55,
      0.5607235142118864,
      0.5607235142118864,
      0.5875486381322957,
      0.5875486381322957,
      0.6,
      0.6,
      0.6153846153846154,
      0.6153846153846154,
      0.6666666666666666,
      0.6666666666666666,
      1.0
    ],
    "n_oof": 6017,
    "brier_raw": 0.24632133287554694,
    "brier_calibrated": 0.24228278393422922,
    "brier_holdout": 0.23970548716259907
  },
  "batter_home_runs": {
    "method": "isotonic",
    "x": [
      0.00600399678681435,
      0.011540485559929871,
      0.011582253518157115,
      0.013278170749821277,
      0.013283278172692991,
      0.016918610321150312,
      0.01694348268486782,
      0.021432297172987533,
      0.021440118842034204,
      0.025358070641861564,
      0.025414176365626297,
      0.026846129451810478,
      0.026848552976841404,
      0.034044217280563845,
      0.03406080960103688,
      0.03689909790582675,
      0.03690591630390237,
      0.04075335623142313,
      0.040772361130279815,
      0.046029467031921976,
      0.046043264961968734,
      0.05142968869711628,
      0.05144293584822626,
      0.05671338511829378,
      0.05671361769876446,
      0.06579210998665593,
      0.0657991491304089,
      0.07790568498397638,
      0.07790951512904506,
      0.08829547819863123,
      0.08830379209542512,
      0.10502560967426515,
      0.105047652552284,
      0.11061473563586477,
      0.11062615693139467,
      0.11656888561546042,
      0.11666172081186374,
      0.11928441851680194,
      0.11934433859392671,
      0.12600723346492715,
      0.1260468418781449,
      0.12754685125097046,
      0.12755757654449026,
      0.1295550151344279,
      0.12959682255799002,
      0.16929367693179792,
      0.16956394173332576,
      0.24864416277597035,
      0.2488601512850173,
      0.36577622110831254,
      0.37518962993380267,
      0.49536740469397134,
      0.5086225622526404
    ],
    "y": [
      0.0,
      0.0,
      0.008064516129032258,
      0.008064516129032258,
      0.018561484918793503,
      0.018561484918793503,
      0.02040816326530612,
      0.02040816326530612,
      0.04487179487179487,
      0.04487179487179487,
      0.05319148936170213,
      0.05319148936170213,
      0.05483028720626632,
      0.05483028720626632,
      0.072992700729927,
      0.072992700729927,
      0.07727272727272727,
      0.07727272727272727,
      0.08064516129032258,
      0.08064516129032258,
      0.09117647058823529,
      0.09117647058823529,
      0.09511568123393316,
      0.09511568123393316,
      0.11917098445595853,
      0.11917098445595853,
      0.12593703148425786,
      0.12593703148425786,
      0.14414414414414414,
      0.14414414414414414,
      0.1478743068391867,
      0.1478743068391867,
      0.14965986394557823,
      0.14965986394557823,
      0.1513157894736842,
      0.1513157894736842,
      0.1568627450980392,
      0.1568627450980392,
      0.16129032258064516,
      0.16129032258064516,
      0.19230769230769232,
      0.19230769230769232,
      0.2,
      0.2,
      0.2077922077922078,
      0.2077922077922078,
      0.24324324324324326,
      0.24324324324324326,
      0.2459016393442623,
      0.2459016393442623,
      0.3333333333333333,
      0.3333333333333333,
      1.0
    ],
    "n_oof": 8442,
    "brier_raw": 0.07662981034556424,
    "brier_calibrated": 0.07481182925479404,
    "brier_holdout": 0.012475711053251584
  },
  "batter_walks": {
    "method": "platt",
    "a": 0.5131555946851122,
    "b": -0.321268628584673,
    "n_oof": 4178,
    "brier_raw": 0.21211548884824621,
    "brier_calibrated": 0.20877269742562604,
    "brier_holdout": 0.2104071824578569
  }
}