{
  "pitcher_strikeouts": {
    "method": "platt",
    "a": 0.3571444409241526,
    "b": -0.009949733478743991,
    "n_oof": 801,
    "brier_raw": 0.25830029441067004,
    "brier_calibrated": 0.24770164626781893,
    "brier_holdout": 0.25116979808411116
  }
}