{
  "pitcher_strikeouts": {
    "method": "platt",
    "a": 0.38597214356064974,
    "b": -0.08663039081549186,
    "n_oof": 212,
    "brier_raw": 0.25273604666385785,
    "brier_calibrated": 0.24601912806419848
  }
}