{
  "batter_hits": {
    "method": "isotonic",
    "x": [
      0.012300700125749865,
      0.01759257598973053,
      0.017964601946909017,
      0.02409779867780091,
      0.024100145947745653,
      0.028380669783200533,
      0.02845945949988021,
      0.028922270422924307,
      0.028944582274430947,
      0.03967196067357976,
      0.03968143757178245,
      0.051806352878580646,
      0.051808643535082466,
      0.0561036351503188,
      0.05613050456542788,
      0.06952369425880708,
      0.0696216200999702,
      0.08856365210175836,
      0.08876037556125435,
      0.10258604315747058,
      0.10279818743147892,
      0.19644348355194302,
      0.196498246610402,
      0.21517665333267105,
      0.21524186864426118,
      0.24841559102356783,
      0.2485845224922816,
      0.24916516330355437,
      0.24919598337418447,
      0.26556066871977424,
      0.26598750218730666,
      0.2782543983382191,
      0.2782975119812291,
      0.308726793900917,
      0.30883015385753093,
      0.3606911785450879,
      0.36074335976010313,
      0.37044739873024574,
      0.3709984402629851,
      0.4072412374813482,
      0.40751240974283487,
      0.4503214518029308,
      0.4505554308593073,
      0.5378336304868868,
      0.5382099335360295,
      0.5471065725767557,
      0.5471202732372715,
      0.553780443734521,
      0.5542538811430193,
      0.5913379969978574,
      0.5914862688318008,
      0.6000988919671528,
      0.6001081994055719,
      0.6120096317677413,
      0.6125657097515147,
      0.6445621347676478,
      0.6447727818739306,
      0.7331690543540887,
      0.7331814094584204,
      0.7804321370614129,
      0.7812062292323525,
      0.8769757169077463
    ],
    "y": [
      0.0,
      0.0,
      0.016129032258064516,
      0.016129032258064516,
      0.03015075376884422,
      0.03015075376884422,
      0.05,
      0.05,
      0.05656565656565657,
      0.05656565656565657,
      0.06206896551724138,
      0.06206896551724138,
      0.0847457627118644,
      0.0847457627118644,
      0.08737864077669903,
      0.08737864077669903,
      0.09803921568627451,
      0.09803921568627451,
      0.17647058823529413,
      0.17647058823529413,
      0.18119891008174388,
      0.18119891008174388,
      0.20353982300884957,
      0.20353982300884957,
      0.24539877300613497,
      0.24539877300613497,
      0.25,
      0.25,
      0.28,
      0.28,
      0.3157894736842105,
      0.3157894736842105,
      0.31578947368421056,
      0.31578947368421056,
      0.32456140350877194,
      0.32456140350877194,
      0.38095238095238093,
      0.38095238095238093,
      0.42028985507246375,
      0.42028985507246375,
      0.45098039215686275,
      0.45098039215686275,
      0.5058139534883719,
      0.5058139534883719,
      0.55,
      0.55,
      0.5625,
      0.5625,
      0.5851063829787233,
      0.5851063829787233,
      0.6060606060606061,
      0.6060606060606061,
      0.6111111111111112,
      0.6111111111111112,
      0.6432432432432433,
      0.6432432432432433,
      0.6594594594594595,
      0.6594594594594595,
      0.6859504132231405,
      0.6859504132231405,
      0.7435897435897436,
      0.7435897435897436
    ],
    "n_oof": 5638,
    "brier_raw": 0.17311483015217652,
    "brier_calibrated": 0.170739865188331,
    "brier_holdout": 0.23757949063342382
  },
  "batter_total_bases": {
    "method": "isotonic",
    "x": [
      0.01871703252961647,
      0.025690860093422644,
      0.02585528603151831,
      0.034764316551034985,
      0.03485436291547082,
      0.04201736179064036,
      0.042034345420518364,
      0.04934591296790668,
      0.04967194721541246,
      0.06492357929365797,
      0.06497516327480389,
      0.0758528480348516,
      0.07586246459606372,
      0.08372243700425462,
      0.08384343302021918,
      0.08557128240019203,
      0.08567886446479818,
      0.1173521251422116,
      0.11737881260005009,
      0.1291983744023463,
      0.12923711485670403,
      0.13955929320086713,
      0.13962000716067247,
      0.18328606416400398,
      0.18333607967373367,
      0.20371145906161506,
      0.20386086867952147,
      0.20445409987306057,
      0.20454220164858578,
      0.26320152090929305,
      0.2635420558475344,
      0.28845248650080846,
      0.2886225172117663,
      0.3011177963548791,
      0.3011642850645149,
      0.38742106416692057,
      0.38794390235843657,
      0.43766894539833484,
      0.43795953627786144,
      0.5192697432040447,
      0.5213547640907296,
      0.5268283582196878,
      0.52751720140676,
      0.5372318073162279,
      0.5382319453879167,
      0.5772725727090762,
      0.5814307747420684,
      0.5965475037109362,
      0.6009350569744909,
      0.6574176455704721
    ],
    "y": [
      0.0,
      0.0,
      0.02040816326530612,
      0.02040816326530612,
      0.05813953488372093,
      0.05813953488372093,
      0.09322033898305085,
      0.09322033898305085,
      0.09722222222222222,
      0.09722222222222222,
      0.12217194570135746,
      0.12217194570135746,
      0.125,
      0.125,
      0.13043478260869565,
      0.13043478260869565,
      0.14991181657848324,
      0.14991181657848324,
      0.1518324607329843,
      0.1518324607329843,
      0.15254237288135594,
      0.15254237288135594,
      0.2033271719038817,
      0.2033271719038817,
      0.22727272727272727,
      0.22727272727272727,
      0.25,
      0.25,
      0.2725490196078431,
      0.2725490196078431,
      0.28921568627450983,
      0.28921568627450983,
      0.3137254901960784,
      0.3137254901960784,
      0.3671586715867159,
      0.3671586715867159,
      0.4057142857142857,
      0.4057142857142857,
      0.45098039215686275,
      0.45098039215686275,
      0.45454545454545453,
      0.45454545454545453,
      0.5,
      0.5,
      0.5238095238095238,
      0.5238095238095238,
      0.6,
      0.6,
      0.75,
      0.75
    ],
    "n_oof": 5575,
    "brier_raw": 0.1782940525210727,
    "brier_calibrated": 0.17508587764157446,
    "brier_holdout": 0.23167083171304093
  }
}