{
  "batter_hits": {
    "method": "isotonic",
    "x": [
      0.18618402827519237,
      0.19556698466713204,
      0.19608484404013188,
      0.2916910187112739,
      0.2918748988729165,
      0.3310741320756063,
      0.33120572805721754,
      0.37148395683187097,
      0.37175656375129884,
      0.3938039265747714,
      0.39426240970933035,
      0.41119235963015743,
      0.41146945346383745,
      0.45838322207427906,
      0.458666819471621,
      0.47847218504064337,
      0.47863991416371787,
      0.4900750710417984,
      0.4903721334511303,
      0.5116292903995151,
      0.5116860738653721,
      0.5303265953675309,
      0.5303301583578468,
      0.5319285055466262,
      0.53195063143556,
      0.537230058957087,
      0.5372841551252905,
      0.5677518968963509,
      0.567783379004573,
      0.6155307134063756,
      0.6155363002993552,
      0.621824728150002,
      0.6218358132653257,
      0.6881745523384715,
      0.6881762820172748,
      0.6917505857925155,
      0.6917846408770358,
      0.7106649178913345,
      0.7106758645458565,
      0.7269321563666549,
      0.7269931234186546,
      0.7273624368521343,
      0.7273657324404974,
      0.7678498215076341,
      0.7679338277910817,
      0.7705227880474854,
      0.7707023666626351,
      0.8129040549166109,
      0.8179697089757181
    ],
    "y": [
      0.0,
      0.0,
      0.25909090909090904,
      0.25909090909090904,
      0.28571428571428564,
      0.28571428571428564,
      0.3526570048309179,
      0.3526570048309179,
      0.3709677419354839,
      0.3709677419354839,
      0.3917525773195876,
      0.3917525773195876,
      0.4375,
      0.4375,
      0.4656084656084656,
      0.4656084656084656,
      0.5136986301369864,
      0.5136986301369864,
      0.5258064516129034,
      0.5258064516129034,
      0.5290519877675841,
      0.5290519877675841,
      0.5454545454545454,
      0.5454545454545454,
      0.564102564102564,
      0.564102564102564,
      0.5643712574850299,
      0.5643712574850299,
      0.5668233713901947,
      0.5668233713901947,
      0.597457627118644,
      0.597457627118644,
      0.6118284048313204,
      0.6118284048313204,
      0.6197183098591549,
      0.6197183098591549,
      0.6333333333333334,
      0.6333333333333334,
      0.6396396396396397,
      0.6396396396396397,
      0.6666666666666666,
      0.6666666666666666,
      0.6702954898911353,
      0.6702954898911353,
      0.6785714285714286,
      0.6785714285714286,
      0.704225352112676,
      0.704225352112676,
      1.0
    ],
    "n_oof": 11315,
    "brier_raw": 0.23912938646734136,
    "brier_calibrated": 0.2366052624833089,
    "brier_holdout": 0.23643980449575
  },
  "batter_total_bases": {
    "method": "platt",
    "a": 0.5115152718929603,
    "b": -0.16913637856713806,
    "n_oof": 6547,
    "brier_raw": 0.2456024264189189,
    "brier_calibrated": 0.24273812102616188,
    "brier_holdout": 0.24103142668724287
  },
  "batter_home_runs": {
    "method": "platt",
    "a": 1.0654852910985502,
    "b": 0.36496572408941136,
    "n_oof": 11445,
    "brier_raw": 0.04775322786603843,
    "brier_calibrated": 0.0476251215384108,
    "brier_holdout": 0.006074145437088273
  }
}