{
  "batter_hits": {
    "method": "isotonic",
    "x": [
      0.012342100291989302,
      0.01927128462162127,
      0.019282799808964197,
      0.02416955446774672,
      0.024180918578334775,
      0.03036237345094981,
      0.03039612254807717,
      0.03284836391492316,
      0.03287555190551418,
      0.03323504354004059,
      0.03327562917525537,
      0.040218207207668846,
      0.04028488638053978,
      0.0591209133139229,
      0.05921971534940089,
      0.06895527669368948,
      0.06895917902181184,
      0.07067071050320042,
      0.07071795000559587,
      0.09750992646246429,
      0.0976620589259725,
      0.13429449881859137,
      0.1348541890615786,
      0.1937602338383244,
      0.19386882218035587,
      0.19665203910416196,
      0.19677100015533056,
      0.20216076252881504,
      0.20224393752418585,
      0.24111664551141715,
      0.24112487406502597,
      0.2514947389526953,
      0.2516862398679922,
      0.2701710050279277,
      0.27059691385224427,
      0.28137823276442187,
      0.28171163957159906,
      0.35892596536386256,
      0.3590940511207723,
      0.39103754415831105,
      0.3911533078389503,
      0.4211762359047261,
      0.4231153633800756,
      0.46680928298378727,
      0.4673457378810115,
      0.4683353173816591,
      0.46879887768191336,
      0.5318825274018855,
      0.5322578697489457,
      0.5983062860347809,
      0.5983932118332869,
      0.6346749960977832,
      0.6352744432407058,
      0.6854899197720925,
      0.6860333427297829,
      0.7753726028270418,
      0.7754173013198524,
      0.8663092904155376
    ],
    "y": [
      0.0,
      0.0,
      0.012987012987012988,
      0.012987012987012988,
      0.03225806451612903,
      0.03225806451612903,
      0.04225352112676056,
      0.04225352112676056,
      0.043478260869565216,
      0.043478260869565216,
      0.04953560371517028,
      0.04953560371517028,
      0.06807511737089202,
      0.06807511737089202,
      0.08108108108108109,
      0.08108108108108109,
      0.125,
      0.125,
      0.14285714285714285,
      0.14285714285714285,
      0.18050541516245489,
      0.18050541516245489,
      0.19603960396039605,
      0.19603960396039605,
      0.2,
      0.2,
      0.21212121212121213,
      0.21212121212121213,
      0.2146341463414634,
      0.2146341463414634,
      0.23255813953488372,
      0.23255813953488372,
      0.2441860465116279,
      0.2441860465116279,
      0.25,
      0.25,
      0.32820512820512815,
      0.32820512820512815,
      0.4142857142857143,
      0.4142857142857143,
      0.46153846153846156,
      0.46153846153846156,
      0.4885496183206109,
      0.4885496183206109,
      0.5,
      0.5,
      0.5304347826086957,
      0.5304347826086957,
      0.5823170731707317,
      0.5823170731707317,
      0.5990338164251209,
      0.5990338164251209,
      0.6134453781512605,
      0.6134453781512605,
      0.6928104575163399,
      0.6928104575163399,
      0.7352941176470589,
      0.7352941176470589
    ],
    "n_oof": 5638,
    "brier_raw": 0.17340265615961759,
    "brier_calibrated": 0.17077341967696263,
    "brier_holdout": 0.234617496811604
  },
  "batter_total_bases": {
    "method": "isotonic",
    "x": [
      0.016309200271546826,
      0.022983833628436583,
      0.023171077660595306,
      0.03282731446457729,
      0.032835349449535964,
      0.03741243658462969,
      0.037417723115384084,
      0.05905510325384958,
      0.059073036873857315,
      0.060793526471782024,
      0.06084059179828147,
      0.11171532392624936,
      0.1117316296203715,
      0.11199801979119811,
      0.11218896781235924,
      0.11845715593416632,
      0.11849795614895482,
      0.17350354570947307,
      0.1735467344395326,
      0.19103796882232954,
      0.19122705494775583,
      0.2160261408990528,
      0.21621346442289893,
      0.23828224123051867,
      0.23841600003650515,
      0.27284542209642026,
      0.27307485992577896,
      0.2881950251653055,
      0.2886280502823437,
      0.29072524796517396,
      0.29079254936778864,
      0.3214809298403828,
      0.3215917660041677,
      0.4084863508582457,
      0.4085328903919205,
      0.4312959578583536,
      0.43143377984284903,
      0.48904773494363424,
      0.4891929808524928,
      0.5554928034371094,
      0.5620097664215058,
      0.5882983723382708,
      0.5910925802577482,
      0.6618357346962835
    ],
    "y": [
      0.0,
      0.0,
      0.02531645569620253,
      0.02531645569620253,
      0.05263157894736842,
      0.05263157894736842,
      0.07042253521126761,
      0.07042253521126761,
      0.09090909090909091,
      0.09090909090909091,
      0.12579957356076757,
      0.12579957356076757,
      0.14285714285714285,
      0.14285714285714285,
      0.1743119266055046,
      0.1743119266055046,
      0.18311688311688312,
      0.18311688311688312,
      0.23529411764705882,
      0.23529411764705882,
      0.24901185770750994,
      0.24901185770750994,
      0.270935960591133,
      0.270935960591133,
      0.282312925170068,
      0.282312925170068,
      0.29357798165137616,
      0.29357798165137616,
      0.35714285714285715,
      0.35714285714285715,
      0.36283185840707965,
      0.36283185840707965,
      0.37401574803149606,
      0.37401574803149606,
      0.3918918918918919,
      0.3918918918918919,
      0.42276422764227645,
      0.42276422764227645,
      0.5,
      0.5,
      0.5384615384615384,
      0.5384615384615384,
      0.75,
      0.75
    ],
    "n_oof": 5575,
    "brier_raw": 0.1777644230429237,
    "brier_calibrated": 0.17473637148556412,
    "brier_holdout": 0.23178858140891329
  }
}