{
  "pitcher_strikeouts": {
    "method": "isotonic",
    "x": [
      0.18416438930165788,
      0.22070312198865075,
      0.22170259444060755,
      0.2754167925738402,
      0.2757895731520436,
      0.5781111758122672,
      0.5793634015275031,
      0.5841943548119045,
      0.585001648031756,
      0.6347574090234585,
      0.6369093930876355,
      0.7413213176654719,
      0.7449143132209461,
      0.7689782879903326,
      0.7718695656942643,
      0.8155573251650525
    ],
    "y": [
      0.42857142857142855,
      0.42857142857142855,
      0.43243243243243246,
      0.43243243243243246,
      0.448,
      0.448,
      0.5,
      0.5,
      0.59375,
      0.59375,
      0.6111111111111112,
      0.6111111111111112,
      0.8,
      0.8,
      1.0,
      1.0
    ],
    "n_oof": 794,
    "brier_raw": 0.25671256391134417,
    "brier_calibrated": 0.24205861760954323,
    "brier_holdout": 0.2476806990073024
  }
}