{
  "pitcher_strikeouts": {
    "method": "isotonic",
    "x": [
      0.24072061812606355,
      0.24273330296250062,
      0.27717525686108363,
      0.27868765902979187,
      0.5665916382408308,
      0.5673706522946252,
      0.661689345155168,
      0.6617763920712714,
      0.8184851305897987
    ],
    "y": [
      0.0,
      0.2727272727272727,
      0.2727272727272727,
      0.42727272727272725,
      0.42727272727272725,
      0.43209876543209874,
      0.43209876543209874,
      0.48717948717948717,
      0.48717948717948717
    ],
    "n_oof": 489,
    "brier_raw": 0.2652388201748385,
    "brier_calibrated": 0.24686807425194798,
    "brier_holdout": 0.25853656932616037
  }
}