{
  "pitcher_strikeouts": {
    "method": "platt",
    "a": 0.35194979732890747,
    "b": -0.09688348636301618,
    "n_oof": 212,
    "brier_raw": 0.2598477764050554,
    "brier_calibrated": 0.2488595271464181,
    "brier_holdout": 0.2587679365163348
  }
}