{
  "batter_hits": {
    "method": "platt",
    "a": 0.6479508155233289,
    "b": 0.047804023456234614,
    "n_oof": 5695,
    "brier_raw": 0.23849227971327813,
    "brier_calibrated": 0.23728348633077787,
    "brier_holdout": 0.23158103585032946
  },
  "batter_total_bases": {
    "method": "platt",
    "a": 0.4526788266793519,
    "b": -0.08726898467410565,
    "n_oof": 3875,
    "brier_raw": 0.2480214371066574,
    "brier_calibrated": 0.24496970201985363,
    "brier_holdout": 0.24083185194791007
  },
  "batter_home_runs": {
    "method": "isotonic",
    "x": [
      0.007568966505955818,
      0.01027124168391017,
      0.010278034580203732,
      0.013055746023323574,
      0.013090477354636993,
      0.018175818691154002,
      0.01824007180053003,
      0.023870547349806252,
      0.02388840814492965,
      0.02472784391375767,
      0.024733938219466855,
      0.04463540886833826,
      0.04464748162517985,
      0.07437527579414845,
      0.07437709855290019,
      0.08460997471968759,
      0.0846254448406342,
      0.10091604735374135,
      0.10095441092350095,
      0.10243339484496446,
      0.10244976330328921,
      0.1340633910404117,
      0.1340743652273938,
      0.14016258874847115,
      0.14035601921074875,
      0.1731739924221648,
      0.17353971743405636,
      0.18149123157505098,
      0.18152489979326725,
      0.18745553521491187,
      0.18777615613102402,
      0.24609282471017008,
      0.24805071509792065,
      0.3119782718221581,
      0.3120105221220706,
      0.34116643175477335,
      0.3425376174835044,
      0.4470033599641588
    ],
    "y": [
      0.0,
      0.0,
      0.012987012987012988,
      0.012987012987012988,
      0.016,
      0.016,
      0.022222222222222223,
      0.022222222222222223,
      0.05714285714285714,
      0.05714285714285714,
      0.05766871165644172,
      0.05766871165644172,
      0.10314685314685315,
      0.10314685314685315,
      0.10888252148997135,
      0.10888252148997135,
      0.14004376367614876,
      0.14004376367614876,
      0.15,
      0.15,
      0.16377649325626203,
      0.16377649325626203,
      0.1724137931034483,
      0.1724137931034483,
      0.1762295081967213,
      0.1762295081967213,
      0.1951219512195122,
      0.1951219512195122,
      0.23076923076923078,
      0.23076923076923078,
      0.27118644067796605,
      0.27118644067796605,
      0.2857142857142857,
      0.2857142857142857,
      0.3333333333333333,
      0.3333333333333333,
      0.36363636363636365,
      0.36363636363636365
    ],
    "n_oof": 5737,
    "brier_raw": 0.08869182681674445,
    "brier_calibrated": 0.08716538022877333,
    "brier_holdout": 0.07420034156045272
  },
  "batter_walks": {
    "method": "platt",
    "a": 0.42961988493056175,
    "b": -0.3892773446247796,
    "n_oof": 2230,
    "brier_raw": 0.21341337220296278,
    "brier_calibrated": 0.20838316687791014,
    "brier_holdout": 0.20997879598868355
  }
}