{"is_home": 0.0, "rest_days": 1.0, "hits_avg_5": 0.8, "hits_avg_10": 0.9, "hits_avg_20": 0.875, "hits_sd_10": 0.8232726023485646, "hr_avg_5": 0.0, "hr_avg_10": 0.1, "hr_avg_20": 0.1, "tb_avg_5": 1.4, "tb_avg_10": 1.4, "tb_avg_20": 1.4, "tb_sd_10": 1.5670212364724212, "ab_avg_5": 3.6, "ab_avg_10": 3.6, "avg_avg_10": 0.24166666666666664, "k_rate_avg_10": 0.24, "bb_rate_avg_10": 0.075, "iso_avg_10": 0.13333333333333333, "hr_rate_avg_5": 0.0, "hr_rate_avg_10": 0.025, "hr_rate_cumul_5": 0.0, "hr_rate_cumul_10": 0.027777777777777776, "hr_rate_cumul_20": 0.02857142857142857, "n_games_prev_10": 10.0, "obp_avg_10": 0.30833333333333335, "hr_any_last1": 0.0, "hr_count_last3": 0.0, "hr_games_with_hr_last5": 0.0, "bb_avg_5": 0.3333333333333333, "bb_avg_10": 0.3, "bb_avg_20": 0.35, "bb_sd_10": 0.5, "k_avg_5": 0.8, "k_avg_10": 0.8, "hits_home_avg_20": 0.875, "hits_away_avg_20": 0.875, "tb_home_avg_20": 1.3846153846153846, "tb_away_avg_20": 1.3636363636363635, "hr_home_avg_20": 0.1, "hr_away_avg_20": 0.1, "bb_home_avg_20": 0.3333333333333333, "bb_away_avg_20": 0.3333333333333333, "opp_sp_era_5": 4.0269195472621595, "opp_sp_fip_5": 4.115808377566413, "opp_sp_k_pct_5": 0.21149919754083749, "opp_sp_k9_5": 8.227194860813704, "opp_sp_bb_pct_5": 0.08114704446679252, "opp_sp_whip_5": 1.3194493734926032, "opp_sp_ip_avg_5": 5.334, "opp_sp_pitches_est": 88.011, "opp_sp_hr9_5": 1.08, "opp_sp_hr9_10": 1.070588487649335, "opp_sp_fb_velo_avg_5": 94.10766073968706, "opp_sp_fb_velo_trend_5": -0.015000000000000568, "opp_sp_days_since_last_start": 6.0, "opp_sp_is_short_rest": 0.0, "opp_sp_era_home_10": 3.559458933437135, "opp_sp_era_away_10": 4.2, "park_run_factor": 1.012, "park_hr_factor": 1.021, "ump_bb9_avg_10": 3.289118932597193, "ump_k9_avg_10": 8.619938311476803, "temperature_f": 67.0, "wind_speed_mph": 8.0, "wind_sin": -0.45399049973954664, "wind_cos": -0.1564344650402308, "precip_prob_pct": 0.0, "is_dome": 0.0, "is_day_game": 0.0, "market_total": 8.5, "batting_order_avg_5": 4.6, "batting_order_avg_10": 4.6, "hits_avg_40_vs_hand": 0.8846153846153846, "tb_avg_40_vs_hand": 1.4210526315789473, "k_rate_avg_40_vs_hand": 0.24333333333333332, "iso_avg_40_vs_hand": 0.1412280701754386, "hr_avg_40_vs_hand": 0.1, "hits_hand_split_40": -0.0641025641025641, "tb_hand_split_40": -0.15, "hr_hand_split_40": -0.003134796238244514, "n_games_vs_lhp_40": 7.0, "n_games_vs_rhp_40": 20.0, "n_games_prev_10_cs": 10.0, "hits_avg_10_cs": 0.9, "hits_avg_20_cs": 0.85, "tb_avg_10_cs": 1.4, "tb_avg_20_cs": 1.4, "hr_avg_10_cs": 0.1, "hr_rate_avg_10_cs": 0.025, "ab_avg_10_cs": 3.6, "k_rate_avg_10_cs": 0.24, "bb_rate_avg_10_cs": 0.075, "iso_avg_10_cs": 0.13333333333333333, "prev_games": 107.0, "prev_hits_avg": 0.9727, "prev_tb_avg": 1.6014, "prev_hr_avg": 0.1373, "prev_ab_avg": 3.8455, "prev_k_rate": 0.2463, "prev_bb_rate": 0.06, "prev_iso": 0.1618, "prev_hr_rate": 0.0348, "h2h_games": 0.0, "h2h_ba": 0.25, "h2h_obp": 0.2727272727272727, "h2h_slg": 0.3333333333333333, "h2h_k_rate": 0.25, "h2h_iso": 0.0, "h2h_hr": 0.0, "h2h_ab": 0.0, "own_lineup_slg_avg_10": 0.39160534679760955, "own_lineup_iso_avg_10": 0.14515151515151514, "own_top4_slg_avg_10": 0.43459821428571427, "sc_barrel_rate": 8.57194950911641, "sc_hard_hit_pct": 41.73591047812818, "sc_avg_exit_velo": 89.47551020408163, "sc_avg_launch_angle": 13.606113537117903, "sc_sweet_spot_pct": 34.17455197132616, "sc_fb_pct": 36.48476953907816, "sc_gb_pct": 33.959016393442624, "sc_ld_pct": 100.0, "sc_xba": 0.24772632944228276, "sc_xslg": 0.4161075268817204, "sc_xwoba": 0.3217212614445574, "sc_xiso": 0.17130410958904108, "sc_pull_pct": NaN, "sc_opposite_pct": NaN, "sc_popup_pct": NaN, "sc_brl_pa": 5.803896103896103, "sprint_speed": 27.2, "opp_sp_sc_barrel_rate": 8.363945578231293, "opp_sp_sc_hard_hit_pct": 40.726470588235294, "opp_sp_sc_avg_exit_velo": 89.3630890052356, "opp_sp_sc_gb_pct": 32.507706422018344, "opp_sp_sc_fb_pct": 35.141822721598004, "opp_sp_sc_xba": 0.24509158415841584, "opp_sp_sc_xslg": 0.4132788990825689, "opp_sp_sc_xwoba": 0.3190215827338129, "opp_sp_fb_pct": 34.3, "opp_sp_fb_hard_hit_pct": 46.2, "opp_sp_fb_xwoba": 0.35, "opp_sp_fb_run_value_per_100": 0.0, "opp_sp_fb_whiff_pct": 20.0, "opp_sp_fb_k_pct": 20.8, "opp_sp_sl_pct": 20.9, "opp_sp_sl_whiff_pct": 31.7, "opp_sp_sl_k_pct": 24.1, "opp_sp_sl_xwoba": 0.299, "opp_sp_ch_pct": 18.7, "opp_sp_ch_whiff_pct": 30.7, "opp_sp_ch_k_pct": 22.2, "opp_sp_fastball_family_pct": 45.6, "opp_sp_pitch_diversity": 0.638, "opp_sp_si_pct": 19.9, "opp_sp_si_whiff_pct": 12.1, "opp_sp_si_k_pct": 12.5, "opp_sp_si_hard_hit_pct": 46.3, "opp_sp_sl_hard_hit_pct": 39.5, "opp_sp_sl_run_value_per_100": 0.0, "opp_sp_ch_hard_hit_pct": 32.4, "opp_sp_ch_run_value_per_100": 0.5, "sc_b_oz_swing_pct": 29.0, "sc_b_iz_contact_pct": 83.8, "sc_b_oz_contact_pct": 56.3, "sc_b_disc_whiff_pct": 24.9, "sc_b_out_zone_pct": 51.3, "opp_bp_era_5": 3.6, "opp_bp_era_10": 3.9049720096635836, "opp_bp_k9_5": 8.55, "opp_bp_ip_last_7": 22.0, "opp_bp_era_7d": 3.7058823529411766, "opp_bp_relievers_last_1d": 3.0, "opp_bp_relievers_last_2d": 5.0, "book_line": 1.5, "season_2025-regular": 0.0, "season_2026-regular": 1.0, "batter_hand_L": 0.0, "batter_hand_R": 0.0, "batter_hand_S": 0.0, "batter_hand_nan": 0.0, "opp_sp_hand_L": 0.0, "opp_sp_hand_R": 1.0, "opp_sp_hand_nan": 0.0, "hits_trend_5v10": 0.0, "hits_hot_ratio": 1.0, "hits_trend_sig": 0.0, "hits_trend_accel": 0.0, "hr_trend_5v10": 0.0, "hr_hot_ratio": 1.0, "hr_trend_accel": 0.0, "tb_trend_5v10": 0.0, "tb_hot_ratio": 1.0, "tb_trend_sig": 0.0, "tb_trend_accel": 5.551115123125783e-17, "early_season_weight": 1.0, "hr_park_adj_10": 0.10120000000000001, "tb_park_adj_10": 1.4013999999999998, "hr_rate_cumul_trend_5v20": 0.0, "hr_rate_cumul_x_park": 0.02784375, "tb_cv_10": 1.1486707293408518, "tb_power_opportunity": 0.475, "sc_xslg_x_park": 0.4164761042943904, "sc_brl_x_ab": 20.363342618384397, "hits_vs_opp_era": 0.8460533506176413, "tb_vs_opp_fip": 1.370909608683999, "opp_bp_era_adj": -0.6000000000000001, "hits_vs_opp_bp_era": 0.7525841998852606, "tb_vs_opp_bp_era": 1.1852919161676647, "opp_bp_era7_x_ip7": 81.0, "wind_x_park_hr": 7.8374999999999995, "is_cold_game": 0.0, "temp_below_60": 0.0, "bb_trend_5v10": 0.0, "bb_hot_ratio": 1.0, "bb_trend_sig": 0.0, "ump_bb9_x_batter_bb_rate": 0.25341393688205327, "ump_bb9_x_bb_avg_10": 1.0377124952394143, "hits_vs_ump_k9": 0.8821276656390981, "contact_vs_ump_zone": 0.4271693937991813, "is_top_of_order": 0.0, "is_cleanup": 0.0, "hits_cs_delta": 0.0, "tb_cs_delta": 0.0, "hr_cs_delta": 0.0, "hits_cs_vs_prev": -0.06599999999999995, "tb_cs_vs_prev": -0.14999999999999997, "hits_vs_hand_weighted": 0.6499999999999999, "tb_vs_hand_weighted": 1.0, "k_rate_vs_hand_weighted": 0.1641820987654321, "iso_vs_hand_weighted": 0.09791666666666667, "hits_hand_split_weighted": -0.016091954022988506, "tb_hand_split_weighted": -0.03456790123456793, "hr_hand_split_weighted": 0.0, "hr_vs_hand_weighted": 0.05, "h2h_reliability": 0.0, "h2h_ops": 0.0, "h2h_ba_weighted": 0.0, "h2h_ops_weighted": 0.0, "h2h_k_rate_weighted": 0.0, "h2h_iso_weighted": 0.0, "h2h_ops_delta": 0.0, "h2h_k_rate_delta": 0.0, "h2h_has_history": 0.0, "h2h_hr_rate": 0.0, "h2h_hr_rate_weighted": 0.0, "h2h_hr_vs_baseline": 0.0, "hits_venue_adj": 0.875, "hits_home_away_split": 0.0, "tb_venue_adj": 1.3636363636363635, "tb_home_away_split": 0.0, "hr_venue_adj": 0.1, "hr_home_away_split": 0.0, "bb_venue_adj": 0.3333333333333333, "bb_home_away_split": 0.0, "sc_barrel_x_park_hr": 8.575964605543708, "sc_hard_hit_x_fb": 15.266244965277778, "sc_exit_velo_above_avg": 1.4755102040816297, "sc_xslg_vs_iso": 0.2750323137538544, "sc_xwoba_vs_avg": 0.07992316513761466, "sc_xiso_park_adj": 0.17046708296943233, "sc_pull_x_park_hr": 0.4, "sc_oppo_x_park_hr": 0.25, "sc_pull_x_sp_fb_pct": 18.040000000000003, "sc_oppo_x_sp_breaking_pct": -11.025, "sc_spray_arsenal_edge": 29.065000000000005, "sc_sweet_spot_x_velo": 1.516729771271679, "sc_barrel_matchup": 0.19985092426952988, "sc_hard_hit_matchup": 1.1472495948341113,