{"is_home": 1.0, "ip_avg_5": 5.466, "k_pct_5": 0.2120917182452419, "k9_5": 8.109776500826545, "era_5": 3.968070676501762, "whip_5": 1.3146774937646875, "fip_5": 4.107109389865741, "bb_pct_5": 0.07837693957979537, "hr9_5": 1.1027194860813705, "k_pct_10": 0.2131842285000671, "k9_10": 8.160141475472088, "era_10": 4.108110774612934, "whip_10": 1.3220147276477126, "fip_10": 4.134861727135856, "starts_in_window_5": 5.0, "starts_in_window_10": 6.0, "last_start_k": 5.0, "last_start_ip": 5.67, "last_start_bb": 2.0, "sp_days_since_last_start": 6.0, "is_short_rest": 0.0, "era_home_10": 3.4135553470919326, "era_away_10": 4.218192515467397, "k9_home_10": 8.244231286604167, "k9_away_10": 7.7417908464386525, "fip_home_10": 3.8678506774783354, "fip_away_10": 4.110328939868591, "opp_k_pct_avg_10": 0.24573178644179539, "opp_bb_pct_avg_10": 0.08672909529026834, "opp_avg_avg_10": 0.24036182372735332, "opp_hr_avg_10": 1.0, "opp_iso_avg_10": 0.14276271918053118, "opp_slg_avg_10": 0.3835642417927947, "opp_lineup_k_pct_std": 0.10636553187972747, "opp_lineup_k_pct_cv": 0.4305532553689616, "park_run_factor": 1.006, "park_hr_factor": 1.012, "ump_k9_avg_10": 8.578091547702297, "ump_bb9_avg_10": 3.229902611368167, "temperature_f": 68.7, "wind_speed_mph": 7.2, "wind_sin": -0.3172925744160522, "wind_cos": -0.22495105434386525, "precip_prob_pct": 0.0, "is_dome": 0.0, "is_day_game": 0.0, "market_total": 8.5, "pitcher_hand": NaN, "opp_lineup_avg_avg_10": 0.23840277777777777, "opp_lineup_iso_avg_10": 0.14219444444444443, "opp_top4_slg_avg_10": 0.4367799640110853, "sc_barrel_rate": 8.9, "sc_hard_hit_pct": 41.6, "sc_avg_exit_velo": 89.65, "sc_gb_pct": 21.6, "sc_fb_pct": 23.4, "sc_xba": 0.247, "sc_xslg": 0.415, "sc_xwoba": 0.32, "sc_sp_fb_whiff_pct": 20.4, "sc_sp_fb_k_pct": 21.6, "sc_sp_fb_put_away": 16.9, "sc_sp_sl_pct": 20.2, "sc_sp_sl_whiff_pct": 31.8, "sc_sp_sl_k_pct": 24.7, "sc_sp_sl_run_value_per_100": 0.1, "sc_sp_ch_pct": 17.3, "sc_sp_ch_whiff_pct": 29.6, "sc_sp_ch_k_pct": 22.2, "sc_sp_fb_pct": 35.3, "sc_sp_fb_hard_hit_pct": 46.6, "sc_sp_fb_xwoba": 0.348, "sc_sp_fb_run_value_per_100": -0.2, "sc_sp_si_pct": 19.7, "sc_sp_si_whiff_pct": 12.6, "sc_sp_si_k_pct": 14.1, "sc_sp_si_hard_hit_pct": 46.4, "sc_sp_fastball_family_pct": 46.0, "sc_sp_pitch_diversity": 0.626, "sc_sp_oz_swing_pct": 28.6, "sc_sp_iz_contact_pct": 83.75, "sc_sp_oz_contact_pct": 57.5, "sc_sp_disc_whiff_pct": 24.1, "catcher_framing_rv": 0.156834470147432, "catcher_framing_rate": 0.4716981132075472, "book_line": 4.5, "season_2025-regular": 1.0, "season_2026-regular": 0.0, "sc_xslg_x_park": 0.416514, "sp_k_pct_vs_opp_k_rate": 0.051656489206735344, "k9_trend_5v10": 0.0, "k_pct_trend_5v10": 0.0, "era_trend_5v10": 0.0, "fip_trend_5v10": 0.0, "k_pct_x_park_hr": 0.2126728789358984, "wind_x_park_hr": 7.105200000000001, "is_cold_game": 0.0, "temp_below_60": 0.0, "ump_k9_x_sp_k_pct": 1.810409533518028, "ump_k9_x_opp_k_pct": 2.0988707520016057, "sc_barrel_x_park_hr": 8.7513, "sc_hard_hit_x_fb": 10.1248, "sc_exit_velo_above_avg": 1.6499999999999986, "sc_barrel_vs_k_rate": 39.29210666334672, "sc_hard_hit_vs_opp_k": 10.16811787879029, "k9_shrunk": 8.291989206020368, "k_pct_shrunk": 0.21581847288139955, "framing_hand_benefit": 0.46153846153846156, "sp_k_pct_x_opp_cv": 0.303040740983166}