{"is_home": 1.0, "ip_avg_5": 5.466, "k_pct_5": 0.2131040177289914, "k9_5": 8.220301378837963, "era_5": 4.087858900006074, "whip_5": 1.3214879907529755, "fip_5": 4.125046904315196, "bb_pct_5": 0.07855448249191999, "hr9_5": 1.111267237125351, "k_pct_10": 0.2151374475747207, "k9_10": 8.27074028754971, "era_10": 4.141950571165113, "whip_10": 1.3217920355551018, "fip_10": 4.128667792457626, "starts_in_window_5": 5.0, "starts_in_window_10": 7.0, "last_start_k": 5.0, "last_start_ip": 5.67, "last_start_bb": 2.0, "sp_days_since_last_start": 6.0, "is_short_rest": 0.0, "era_home_10": 3.6, "era_away_10": 4.22003432003432, "k9_home_10": 8.4, "k9_away_10": 7.917330533071903, "fip_home_10": 3.7980184374493318, "fip_away_10": 4.155067808708066, "opp_k_pct_avg_10": 0.24523924104342296, "opp_k_pct_avg_5": 0.24392187785332947, "opp_bb_pct_avg_10": 0.08690502717409818, "opp_avg_avg_10": 0.2392546071639866, "opp_hr_avg_10": 1.1, "opp_iso_avg_10": 0.1456634328181317, "opp_slg_avg_10": 0.38405806186743785, "opp_lineup_k_pct_std": 0.10659792339383883, "opp_lineup_k_pct_cv": 0.43130456750982704, "opp_lineup_pct_lhb": 0.36363636363636365, "park_run_factor": 1.006, "park_hr_factor": 1.012, "ump_k9_avg_10": 8.558297445408321, "ump_bb9_avg_10": 3.2929087962795633, "temperature_f": 70.5, "wind_speed_mph": 7.5, "wind_sin": -0.3420201433256686, "wind_cos": -0.18222858652173746, "precip_prob_pct": 0.0, "is_dome": 0.0, "is_day_game": 0.0, "market_total": 8.5, "line_move_total": 1.0, "opp_lineup_avg_avg_10": 0.2375925925925926, "opp_lineup_iso_avg_10": 0.14425925925925925, "opp_top4_slg_avg_10": 0.43644463393380406, "sc_barrel_rate": 8.497597042513863, "sc_hard_hit_pct": 40.993993759750396, "sc_avg_exit_velo": 89.45284313725492, "sc_gb_pct": 28.467614879649894, "sc_fb_pct": 30.83004484304933, "sc_xba": 0.2445907692307692, "sc_xslg": 0.4125927189988624, "sc_xwoba": 0.31743399396516253, "sc_sp_fb_whiff_pct": 19.9, "sc_sp_fb_k_pct": 20.8, "sc_sp_fb_put_away": 17.2, "sc_sp_sl_pct": 18.1, "sc_sp_sl_whiff_pct": 31.7, "sc_sp_sl_k_pct": 25.7, "sc_sp_sl_run_value_per_100": 0.1, "sc_sp_ch_pct": 16.8, "sc_sp_ch_whiff_pct": 29.7, "sc_sp_ch_k_pct": 21.8, "sc_sp_fb_pct": 34.0, "sc_sp_fb_hard_hit_pct": 45.9, "sc_sp_fb_xwoba": 0.35, "sc_sp_fb_run_value_per_100": 0.0, "sc_sp_si_pct": 18.8, "sc_sp_si_whiff_pct": 12.3, "sc_sp_si_k_pct": 12.5, "sc_sp_si_hard_hit_pct": 45.2, "sc_sp_fastball_family_pct": 46.2, "sc_sp_pitch_diversity": 0.634, "sc_sp_oz_swing_pct": 29.4, "sc_sp_iz_contact_pct": 84.3, "sc_sp_oz_contact_pct": 57.9, "sc_sp_disc_whiff_pct": 24.1, "catcher_framing_rv": 0.19697789637114024, "catcher_framing_rate": 0.47406639004149376, "sp_fb_velo_avg_5": 94.11006154624363, "sp_fb_velo_trend_5": 0.03944510074560981, "venue_n_starts": 5.0, "venue_era": 4.024635771784139, "venue_k9": 8.87356697749965, "venue_fip": 3.8239721430725373, "sp_k_pct_vs_lhb_25": 0.25821886093532953, "sp_k_pct_vs_rhb_25": 0.25495049504950495, "sp_k_pct_vs_lhb_10": 0.2564946018893387, "sp_k_pct_vs_rhb_10": 0.2515926151349158, "sp_hr_rate_vs_lhb_25": 0.03345880970039602, "sp_hr_rate_vs_rhb_25": 0.03051643192488263, "sp_hr_rate_vs_lhb_10": 0.03264421710713271, "sp_hr_rate_vs_rhb_10": 0.028169014084507043, "svt_games": 1.0, "svt_era": 3.4615384615384617, "svt_k9": 8.4, "svt_k_pct": 0.4375, "svt_era_last3": 3.4615384615384617, "svt_k9_last3": 8.434864104967199, "sp_lob_pct_career": 62.20793754776722, "sp_lob_pct_10": 63.38028169014085, "park_babip_avg": 0.2864232977850694, "opp_runs_last3": 13.0, "opp_runs_avg3": 4.333333333333333, "opp_runs_last5": 22.0, "sp_babip_against_10": 0.27392897652909864, "sp_babip_against_career": 0.27586206896551724, "sp_babip_starts_10": 10.0, "sp_k_pct_last2": 0.20930232558139536, "opp_team_der_20": 0.7243032227103252, "opp_team_der_career": 0.7233967497211903, "market_k_line": 4.5, "book_line": 4.5, "season_2025-regular": 0.0, "season_2026-regular": 1.0, "sc_xslg_x_park": 0.411805561272217, "sp_k_pct_vs_opp_k_rate": 0.05218703190375856, "opp_team_k_trend_5v10": -0.00020127069279009258, "k9_trend_5v10": 0.0, "k_pct_trend_5v10": 0.0, "era_trend_5v10": 0.0, "fip_trend_5v10": 0.0, "sp_era_fip_gap": -0.031105332925461582, "sp_k_bb_ratio_5": 2.660539980133033, "sp_vs_team_reliability": 0.2, "sp_vs_team_has_history": 0.0, "sp_vs_team_era_adj": 0.510188780291873, "sp_vs_team_era_delta": 0.0, "sp_vs_team_k9_adj": 1.5, "sp_vs_team_k9_delta": 0.0, "k_pct_x_park_hr": 0.21438436246855982, "wind_x_park_hr": 7.486600000000001, "is_cold_game": 0.0, "temp_below_60": 0.0, "sp_k_pct_trend_5v10": 0.0, "sp_k9_trend_5v10": 0.0, "k_trend_x_ump_k9": 0.0, "contact_vs_ump_zone": 0.4253166552053482, "ump_k9_x_sp_k_pct": 1.8205735103220315, "ump_k9_x_opp_k_pct": 2.093699114014263, "ump_k9_x_sp_whiff_pct": 207.19920368382788, "ump_k9_x_sp_sl_whiff_pct": 271.3256143733352, "ump_k9_x_sp_k9_5": 70.20134300282042, "ump_k9_x_sp_opp_k_triple": 0.4480826046710056, "sp_lob_pct_filled": 62.20793754776722, "sp_lob_vs_avg": -8.792062452232777, "sp_lob_trend": 0.0, "sp_lob_era_quality": 0.9120550642750587, "sp_lob_luck_flag": 0.0, "park_babip_factor": 0.2864232977850694, "park_babip_vs_avg": -0.008576702214930565, "opp_runs_last3_filled": 13.0, "opp_hot_offense_flag": 0.0, "opp_cold_offense_flag": 0.0, "opp_runs_last3_vs_avg": 1.0, "sp_babip_against_10_filled": 0.27392897652909864, "sp_babip_vs_avg": -0.021071023470901312, "sp_babip_unlucky_flag": 0.0, "sp_babip_lucky_flag": 0.0, "sp_babip_against_career_filled": 0.27586206896551724, "sp_babip_trend": 0.0, "sp_k_pct_last2_filled": 0.20930232558139536, "sp_k_pct_last2_vs_5": -0.0023792447020915403, "sp_k_trending_up": 0.0, "sp_k_trending_down": 0.0, "opp_der_20_filled": 0.7243032227103252, "opp_der_vs_avg": 0.019303222710325252, "opp_good_defense": 1.0, "opp_poor_defense": 0.0, "line_move_total_filled": 1.0, "line_moved_up": 1.0, "line_moved_down": 0.0, "line_move_abs": 1.0, "market_k_line_filled": 4.5, "market_k_line_vs_avg": 0.0, "market_k_line_known": 1.0, "sc_barrel_x_park_hr": 8.555926402640262, "sc_hard_hit_x_fb": 12.417567118056736, "sc_exit_velo_above_avg": 1.4528431372549164, "sc_barrel_vs_k_rate": 37.64759102524772, "sc_hard_hit_vs_opp_k": 9.938681643137365, "sp_days_from_optimal_rest": 2.0, "sp_is_extended_rest": 0.0, "cold_x_sp_sl_pct": 0.0, "cold_x_sp_offspeed_pct": 0.0, "k9_shrunk": 8.346223635519516, "k_pct_shrunk": 0.21628771388707685, "expected_k_from_ip": 4.964645685992963, "framing_hand_benefit": 0.4666030534351145, "sp_k_pct_x_opp_cv": 0.30540329902599084, "venue_k9_adj": 8.552366396722153, "venue_k9_delta": 0.0, "venue_era_adj": 4.110589813906049, "venue_era_delta": 0.0, "venue_fip_adj": 4.045493580607854, "last_start_dominated": 0.0, "last_start_blowup": 0.0, "last_start_k9": 7.936507936507937, "last_start_k_bb": 1.8, "framing_x_sp_edge_work": 0.0, "framing_x_ump_k9": 0.0, "sp_k_split_advantage": 0.004048332293768414, "sp_k_split_trend_lhb": 0.0, "sp_k_split_trend_rhb": 0.0, "lineup_lhb_pct_x_sp_lhb_adv": 0.0010049096996435783, "opp_sp_hr_rate_split": 0.0030792992082816426, "warm_x_barrel": 0.20875568181817983, "warm_x_park_hr": 0.025150000000000002, "high_total_flag": 0.0, "pitcher_hand_L": 0.0, "pitcher_hand_R": 1.0, "pitcher_hand_nan": 0.0}