{"is_home": 1.0, "rest_days": 1.0, "hits_avg_5": 0.8, "hits_avg_10": 0.8333333333333334, "hits_avg_20": 0.85, "hits_sd_10": 0.816496580927726, "hr_avg_5": 0.0, "hr_avg_10": 0.1, "hr_avg_20": 0.1, "tb_avg_5": 1.3333333333333333, "tb_avg_10": 1.4, "tb_avg_20": 1.4, "tb_sd_10": 1.5670212364724212, "ab_avg_5": 3.6, "ab_avg_10": 3.5, "avg_avg_10": 0.23833333333333334, "k_rate_avg_10": 0.24500000000000002, "bb_rate_avg_10": 0.06999999999999999, "iso_avg_10": 0.13333333333333333, "hr_rate_avg_5": 0.0, "hr_rate_avg_10": 0.025, "n_games_prev_10": 10.0, "opp_sp_era_5": 4.268888888888889, "opp_sp_fip_5": 4.149718574108818, "opp_sp_k_pct_5": 0.21390305346320726, "opp_sp_k9_5": 8.243527204502815, "opp_sp_bb_pct_5": 0.07447623593932043, "opp_sp_whip_5": 1.3290535643102626, "opp_sp_ip_avg_5": 5.4, "opp_sp_days_since_last_start": 6.0, "opp_sp_is_short_rest": 0.0, "opp_sp_era_home_10": 3.83501952119625, "opp_sp_era_away_10": 4.405993140768672, "park_run_factor": 1.006, "park_hr_factor": 1.012, "ump_bb9_avg_10": 3.111920506872555, "ump_k9_avg_10": 8.529180076495024, "temperature_f": 75.6, "wind_speed_mph": 7.0, "wind_sin": -0.17364817766693047, "wind_cos": -0.27563735581699905, "precip_prob_pct": 0.0, "is_dome": 0.0, "batting_order_avg_5": 5.0, "batting_order_avg_10": 5.0, "batter_hand": NaN, "opp_sp_hand": NaN, "hits_avg_40_vs_hand": NaN, "tb_avg_40_vs_hand": NaN, "k_rate_avg_40_vs_hand": NaN, "iso_avg_40_vs_hand": NaN, "hits_hand_split_40": 0.0, "tb_hand_split_40": 0.0, "n_games_vs_lhp_40": 0.0, "n_games_vs_rhp_40": 0.0, "n_games_prev_10_cs": 10.0, "hits_avg_10_cs": 0.8, "hits_avg_20_cs": 0.85, "tb_avg_10_cs": 1.4, "tb_avg_20_cs": 1.4, "hr_avg_10_cs": 0.1, "hr_rate_avg_10_cs": 0.025, "ab_avg_10_cs": 3.5, "k_rate_avg_10_cs": 0.24666666666666665, "bb_rate_avg_10_cs": 0.06999999999999999, "iso_avg_10_cs": 0.13333333333333333, "prev_games": 98.0, "prev_hits_avg": 0.9556, "prev_tb_avg": 1.562, "prev_hr_avg": 0.1333, "prev_ab_avg": 3.8243, "prev_k_rate": 0.2475, "prev_bb_rate": 0.0583, "prev_iso": 0.1576, "prev_hr_rate": 0.0341, "season_2024-regular": 0.0, "season_2025-regular": 0.0, "season_2026-regular": 0.0, "hits_trend_5v10": 0.0, "hits_hot_ratio": 1.0, "hits_trend_sig": 0.0, "hr_trend_5v10": 0.0, "hr_hot_ratio": 1.0, "tb_trend_5v10": 0.0, "tb_hot_ratio": 1.0, "tb_trend_sig": 0.0, "hr_park_adj_10": 0.10120000000000001, "tb_park_adj_10": 1.3552, "hits_vs_opp_era": 0.8623194316984467, "tb_vs_opp_fip": 1.3587440243372446, "wind_x_park_hr": 6.8816, "is_cold_game": 0.0, "temp_below_60": 0.0, "ump_bb9_x_batter_bb_rate": 0.21477272727272725, "is_top_of_order": 0.0, "is_cleanup": 0.0, "hits_cs_delta": 0.0, "tb_cs_delta": 0.0, "hr_cs_delta": 0.0, "hits_cs_vs_prev": 0.0, "tb_cs_vs_prev": 0.0, "hits_vs_hand_weighted": 0.0, "tb_vs_hand_weighted": 0.0, "k_rate_vs_hand_weighted": 0.0, "iso_vs_hand_weighted": 0.0, "hits_hand_split_weighted": 0.0, "tb_hand_split_weighted": 0.0, "is_b2b": 1.0}