{"is_home": 1.0, "ip_avg_5": 5.466, "k_pct_5": 0.21448823645489204, "k9_5": 8.242818217205139, "era_5": 4.294920634920635, "whip_5": 1.3319817999083474, "fip_5": 4.159373859102856, "bb_pct_5": 0.07422551408661451, "hr9_5": 1.2208779443254818, "k_pct_10": 0.21537975238751725, "k9_10": 8.248584991672955, "era_10": 4.401190476190476, "whip_10": 1.3398557133922988, "fip_10": 4.214080176540965, "starts_in_window_5": 5.0, "starts_in_window_10": 10.0, "last_start_k": 5.0, "last_start_ip": 5.67, "last_start_bb": 2.0, "sp_days_since_last_start": 6.0, "is_short_rest": 0.0, "era_home_10": 3.8385553470919325, "era_away_10": 4.444277673545966, "k9_home_10": 8.44277982269519, "k9_away_10": 8.0, "fip_home_10": 3.9165265315024413, "fip_away_10": 4.244961929174176, "opp_k_pct_avg_10": 0.2508361066400594, "opp_bb_pct_avg_10": 0.08163224746150081, "opp_avg_avg_10": 0.23895193688680907, "opp_hr_avg_10": 1.1, "opp_iso_avg_10": 0.15072136798583116, "opp_slg_avg_10": 0.389484791134658, "park_run_factor": 1.006, "park_hr_factor": 1.012, "ump_k9_avg_10": 8.528500658982123, "ump_bb9_avg_10": 3.1121074680607967, "temperature_f": 76.2, "wind_speed_mph": 6.9, "wind_sin": -0.1564344650402311, "wind_cos": -0.2923717047227371, "precip_prob_pct": 0.0, "is_dome": 0.0, "is_day_game": 0.0, "market_total": 8.5, "pitcher_hand": NaN, "opp_lineup_avg_avg_10": 0.23766666666666664, "opp_lineup_iso_avg_10": 0.149, "opp_top4_slg_avg_10": 0.43970495344051186, "sc_barrel_rate": 8.4, "sc_hard_hit_pct": 40.2, "sc_avg_exit_velo": 89.3, "sc_gb_pct": 20.0, "sc_fb_pct": 21.5, "sc_xba": 0.245, "sc_xslg": 0.413, "sc_xwoba": 0.317, "sc_sp_fb_whiff_pct": 20.7, "sc_sp_fb_k_pct": 22.2, "sc_sp_fb_put_away": 17.4, "sc_sp_sl_pct": 21.9, "sc_sp_sl_whiff_pct": 31.1, "sc_sp_sl_k_pct": 25.6, "sc_sp_sl_run_value_per_100": 0.1, "sc_sp_ch_pct": 17.3, "sc_sp_ch_whiff_pct": 29.4, "sc_sp_ch_k_pct": 21.0, "sc_sp_fb_pct": 37.5, "sc_sp_fb_hard_hit_pct": 45.5, "sc_sp_fb_xwoba": 0.339, "sc_sp_fb_run_value_per_100": 0.0, "sc_sp_si_pct": 21.0, "sc_sp_si_whiff_pct": 12.5, "sc_sp_si_k_pct": 13.4, "sc_sp_si_hard_hit_pct": 44.8, "sc_sp_fastball_family_pct": 46.4, "sc_sp_pitch_diversity": 0.617, "sc_sp_oz_swing_pct": 28.6, "sc_sp_iz_contact_pct": 83.5, "sc_sp_oz_contact_pct": 57.4, "sc_sp_disc_whiff_pct": 24.1, "catcher_framing_rv": 0.156834470147432, "catcher_framing_rate": 0.4716981132075472, "season_2024-regular": 0.0, "season_2025-regular": 0.0, "season_2026-regular": 0.0, "sp_k_pct_vs_opp_k_rate": 0.05330316058746037, "k9_trend_5v10": 0.0, "k_pct_trend_5v10": 0.0, "era_trend_5v10": 0.0, "fip_trend_5v10": 0.0, "k_pct_x_park_hr": 0.21422111386187054, "wind_x_park_hr": 6.827999999999999, "is_cold_game": 0.0, "temp_below_60": 0.0, "ump_k9_x_sp_k_pct": 1.8179265189043152, "ump_k9_x_opp_k_pct": 2.1168035761752697, "sc_barrel_x_park_hr": 8.3276, "sc_hard_hit_x_fb": 8.7318, "sc_exit_velo_above_avg": 1.2999999999999972, "sc_barrel_vs_k_rate": 37.236118653700274, "sc_hard_hit_vs_opp_k": 10.064627143102802}