{"is_home": 1.0, "rest_days": 1.0, "hits_avg_5": 0.8, "hits_avg_10": 0.9, "hits_avg_20": 0.875, "hits_sd_10": 0.8232726023485646, "hr_avg_5": 0.0, "hr_avg_10": 0.1, "hr_avg_20": 0.1, "tb_avg_5": 1.4, "tb_avg_10": 1.4, "tb_avg_20": 1.4, "tb_sd_10": 1.5670212364724212, "ab_avg_5": 3.6, "ab_avg_10": 3.6, "avg_avg_10": 0.24, "k_rate_avg_10": 0.24166666666666664, "bb_rate_avg_10": 0.075, "iso_avg_10": 0.13333333333333333, "hr_rate_avg_5": 0.0, "hr_rate_avg_10": 0.025, "hr_rate_cumul_5": 0.0, "hr_rate_cumul_10": 0.02702702702702703, "hr_rate_cumul_20": 0.028169014084507043, "n_games_prev_10": 10.0, "obp_avg_10": 0.305, "hr_any_last1": 0.0, "hr_count_last3": 0.0, "hr_games_with_hr_last5": 0.0, "bb_avg_5": 0.3333333333333333, "bb_avg_10": 0.3, "bb_avg_20": 0.3333333333333333, "bb_sd_10": 0.5, "k_avg_5": 0.8, "k_avg_10": 0.8, "hits_home_avg_20": 0.875, "hits_away_avg_20": 0.875, "tb_home_avg_20": 1.375, "tb_away_avg_20": 1.3333333333333333, "hr_home_avg_20": 0.09090909090909091, "hr_away_avg_20": 0.09090909090909091, "bb_home_avg_20": 0.3333333333333333, "bb_away_avg_20": 0.3333333333333333, "opp_sp_era_5": 3.9287203791469194, "opp_sp_fip_5": 4.100055280085767, "opp_sp_k_pct_5": 0.21288880468068208, "opp_sp_k9_5": 8.175233999300955, "opp_sp_bb_pct_5": 0.07943453486931748, "opp_sp_whip_5": 1.3067343438974697, "opp_sp_ip_avg_5": 5.335, "opp_sp_hr9_5": 1.0497751124437782, "opp_sp_hr9_10": 1.1, "opp_sp_fb_velo_avg_5": 94.04054054054055, "opp_sp_fb_velo_trend_5": -0.011621896115769914, "opp_sp_days_since_last_start": 6.0, "opp_sp_is_short_rest": 0.0, "opp_sp_era_home_10": 3.439285714285714, "opp_sp_era_away_10": 4.2, "park_run_factor": 1.012, "park_hr_factor": 1.021, "ump_bb9_avg_10": 3.2173633367531296, "ump_k9_avg_10": 8.640905313313926, "temperature_f": 66.7, "wind_speed_mph": 7.6, "wind_sin": -0.35836794954530043, "wind_cos": -0.22495105434386525, "precip_prob_pct": 0.0, "is_dome": 0.0, "is_day_game": 0.0, "market_total": 8.0, "batting_order_avg_5": 4.6, "batting_order_avg_10": 4.6, "batter_hand": NaN, "opp_sp_hand": NaN, "hits_avg_40_vs_hand": NaN, "tb_avg_40_vs_hand": NaN, "k_rate_avg_40_vs_hand": NaN, "iso_avg_40_vs_hand": NaN, "hits_hand_split_40": 0.0, "tb_hand_split_40": 0.0, "n_games_vs_lhp_40": 0.0, "n_games_vs_rhp_40": 0.0, "n_games_prev_10_cs": 10.0, "hits_avg_10_cs": 0.9, "hits_avg_20_cs": 0.85, "tb_avg_10_cs": 1.4, "tb_avg_20_cs": 1.4, "hr_avg_10_cs": 0.1, "hr_rate_avg_10_cs": 0.025, "ab_avg_10_cs": 3.6, "k_rate_avg_10_cs": 0.24166666666666664, "bb_rate_avg_10_cs": 0.075, "iso_avg_10_cs": 0.13333333333333333, "prev_games": 106.0, "prev_hits_avg": 0.9681, "prev_tb_avg": 1.6, "prev_hr_avg": 0.1377, "prev_ab_avg": 3.8451, "prev_k_rate": 0.2459, "prev_bb_rate": 0.06, "prev_iso": 0.1612, "prev_hr_rate": 0.0354, "h2h_games": 0.0, "h2h_ba": 0.25, "h2h_obp": 0.25, "h2h_slg": 0.3, "h2h_k_rate": 0.25, "h2h_iso": 0.0, "h2h_hr": 0.0, "h2h_ab": 0.0, "own_lineup_slg_avg_10": 0.3894620938350895, "own_lineup_iso_avg_10": 0.1431666666666667, "own_top4_slg_avg_10": 0.43208939550158476, "sc_barrel_rate": 8.646335078534031, "sc_hard_hit_pct": 41.77341772151898, "sc_avg_exit_velo": 89.49184782608695, "sc_avg_launch_angle": 13.562972972972974, "sc_sweet_spot_pct": 34.12919254658385, "sc_fb_pct": 35.70358306188925, "sc_gb_pct": 33.50206718346253, "sc_ld_pct": 100.0, "sc_xba": 0.24652873563218392, "sc_xslg": 0.4176884576098059, "sc_xwoba": 0.3221354705274043, "sc_xiso": 0.17166083916083918, "sc_pull_pct": NaN, "sc_opposite_pct": NaN, "sc_popup_pct": NaN, "sc_brl_pa": 5.851711378353376, "sprint_speed": 27.2, "opp_sp_sc_barrel_rate": 8.472280334728033, "opp_sp_sc_hard_hit_pct": 40.89815668202765, "opp_sp_sc_avg_exit_velo": 89.45207207207206, "opp_sp_sc_gb_pct": 31.25530821917808, "opp_sp_sc_fb_pct": 33.26627218934911, "opp_sp_sc_xba": 0.24569767441860463, "opp_sp_sc_xslg": 0.41600647668393786, "opp_sp_sc_xwoba": 0.31898579040852576, "opp_sp_fb_pct": 35.6, "opp_sp_fb_hard_hit_pct": 46.7, "opp_sp_fb_xwoba": 0.349, "opp_sp_fb_run_value_per_100": -0.2, "opp_sp_fb_whiff_pct": 20.3, "opp_sp_fb_k_pct": 20.9, "opp_sp_sl_pct": 20.8, "opp_sp_sl_whiff_pct": 31.9, "opp_sp_sl_k_pct": 25.4, "opp_sp_sl_xwoba": 0.298, "opp_sp_ch_pct": 18.3, "opp_sp_ch_whiff_pct": 30.0, "opp_sp_ch_k_pct": 22.6, "opp_sp_fastball_family_pct": 45.900000000000006, "opp_sp_pitch_diversity": 0.626, "opp_sp_si_pct": 20.2, "opp_sp_si_whiff_pct": 12.1, "opp_sp_si_k_pct": 13.4, "opp_sp_si_hard_hit_pct": 46.2, "opp_sp_sl_hard_hit_pct": 39.5, "opp_sp_sl_run_value_per_100": 0.1, "opp_sp_ch_hard_hit_pct": 32.3, "opp_sp_ch_run_value_per_100": 0.4, "sc_b_oz_swing_pct": 28.6, "sc_b_iz_contact_pct": 83.4, "sc_b_oz_contact_pct": 55.8, "sc_b_disc_whiff_pct": 24.9, "sc_b_out_zone_pct": 50.5, "opp_bp_era_5": 3.7213896457765667, "opp_bp_era_10": 3.9583909327778537, "opp_bp_k9_5": 8.73151607877652, "opp_bp_ip_last_7": 21.67, "opp_bp_era_7d": 3.793911007025761, "book_line": 0.5, "season_2025-regular": 1.0, "season_2026-regular": 0.0, "hits_trend_5v10": 0.0, "hits_hot_ratio": 1.0, "hits_trend_sig": 0.0, "hr_trend_5v10": 0.0, "hr_hot_ratio": 1.0, "tb_trend_5v10": 0.0, "tb_hot_ratio": 1.0, "tb_trend_sig": 0.0, "hr_park_adj_10": 0.1003, "tb_park_adj_10": 1.396, "hr_rate_cumul_trend_5v20": 0.0, "hr_rate_cumul_x_park": 0.02759216909216909, "tb_cv_10": 1.1486707293408518, "tb_power_opportunity": 0.4666666666666667, "sc_xslg_x_park": 0.4176884576098059, "sc_brl_x_ab": 20.567905759162304, "hits_vs_opp_era": 0.8220898109002048, "tb_vs_opp_fip": 1.35, "opp_bp_era_adj": -0.47861035422343345, "hits_vs_opp_bp_era": 0.7601158038147139, "tb_vs_opp_bp_era": 1.207549401197605, "opp_bp_era7_x_ip7": 81.0, "wind_x_park_hr": 7.4888, "is_cold_game": 0.0, "temp_below_60": 0.0, "bb_trend_5v10": 0.0, "bb_hot_ratio": 1.0, "bb_trend_sig": 0.0, "ump_bb9_x_batter_bb_rate": 0.24488283429163632, "ump_bb9_x_bb_avg_10": 1.0062159983211088, "is_top_of_order": 0.0, "is_cleanup": 0.0, "hits_cs_delta": 0.0, "tb_cs_delta": 0.0, "hr_cs_delta": 0.0, "hits_cs_vs_prev": -0.06600000000000006, "tb_cs_vs_prev": -0.15325, "hits_vs_hand_weighted": 0.0, "tb_vs_hand_weighted": 0.0, "k_rate_vs_hand_weighted": 0.0, "iso_vs_hand_weighted": 0.0, "hits_hand_split_weighted": 0.0, "tb_hand_split_weighted": 0.0, "h2h_reliability": 0.0, "h2h_ops": 0.0, "h2h_ba_weighted": 0.0, "h2h_ops_weighted": 0.0, "h2h_k_rate_weighted": 0.0, "h2h_iso_weighted": 0.0, "h2h_ops_delta": 0.0, "h2h_k_rate_delta": 0.0, "h2h_has_history": 0.0, "h2h_hr_rate": 0.0, "h2h_hr_rate_weighted": 0.0, "h2h_hr_vs_baseline": 0.0, "hits_venue_adj": 0.875, "hits_home_away_split": 0.0, "tb_venue_adj": 1.3333333333333333, "tb_home_away_split": 0.0, "hr_venue_adj": 0.09090909090909091, "hr_home_away_split": 0.0, "bb_venue_adj": 0.3333333333333333, "bb_home_away_split": 0.0, "sc_barrel_x_park_hr": 8.593209523809522, "sc_hard_hit_x_fb": 15.054243020843307, "sc_exit_velo_above_avg": 1.4918478260869534, "sc_xslg_vs_iso": 0.27853694240391774, "sc_xwoba_vs_avg": 0.08188646704343897, "sc_xiso_park_adj": 0.16977080059970015, "sc_sweet_spot_x_velo": 1.526, "sc_barrel_matchup": 0.19218693583815938, "sc_hard_hit_matchup": 1.009791049660823, "opp_sp_gb_tendency": 0.3125530821917808, "sc_hittability_combo": 0.6393127618117052, "sc_barrel_x_opp_fb": 5.283738351318523, "sc_hard_hit_x_opp": 0.16782159180062067, "sc_xslg_x_opp_xwoba": 0.13165894137930148, "sc_xwoba_x_opp_xwoba": 0.10186800760266909, "opp_sp_hr9_vs_avg": 0.0, "fb_x_opp_hr9": 0.39410102856928086, "barrel_x_opp_hr9": 8.05999430459687, "xiso_x_opp_hr9": 0.1701681579586386, "fb_batter_x_pitcher_fb": 0.12921859244319345, "hr_rate_cumul_x_opp_hr9": 0.015980599647266315, "opp_sp_fb_velo_decline": 0.0, "opp_sp_fb_velo_trend_clipped": 0.0, "opp_sp_fb_velo_vs_league": 0.4097048486512449, "opp_sp_velo_decline_x_barrel": 0.0, "opp_sp_velo_decline_x_hr9": 0.0, "sc_in_hr_la_zone": 0.0, "sc_la_ev_composite": 0.0, "hr_streak_score": 0.0, "hr_recency_vs_avg": 0.0, "is_b2b": 1.0, "is_regular_starter": 1.0, "ab_per_game_played": 0.37, "is_bottom_of_order": 0.0,