{"is_home": 1.0, "ip_avg_5": 5.466, "k_pct_5": 0.2130338966899788, "k9_5": 8.227194860813704, "era_5": 4.124951088648556, "whip_5": 1.3230447601179307, "fip_5": 4.145537918871252, "bb_pct_5": 0.07839042049568365, "hr9_5": 1.125703564727955, "k_pct_10": 0.2147217675639857, "k9_10": 8.26825686083768, "era_10": 4.183309107977264, "whip_10": 1.3227426025524964, "fip_10": 4.140917107583775, "starts_in_window_5": 5.0, "starts_in_window_10": 7.0, "last_start_k": 5.0, "last_start_ip": 5.67, "last_start_bb": 2.0, "sp_days_since_last_start": 6.0, "is_short_rest": 0.0, "era_home_10": 3.611378996523953, "era_away_10": 4.267438692098093, "k9_home_10": 8.392857142857142, "k9_away_10": 7.918101851665856, "fip_home_10": 3.8165103189493434, "fip_away_10": 4.175714285714285, "opp_k_pct_avg_10": 0.24615105469601306, "opp_k_pct_avg_5": 0.24514359860709606, "opp_bb_pct_avg_10": 0.08678768141283441, "opp_avg_avg_10": 0.23951249111492517, "opp_hr_avg_10": 1.1, "opp_iso_avg_10": 0.14745322531858013, "opp_slg_avg_10": 0.3869726139260279, "opp_lineup_k_pct_std": 0.10701909371580891, "opp_lineup_k_pct_cv": 0.43346833884085917, "opp_lineup_pct_lhb": 0.36363636363636365, "park_run_factor": 1.006, "park_hr_factor": 1.012, "ump_k9_avg_10": 8.55435257694409, "ump_bb9_avg_10": 3.3058201058201058, "temperature_f": 71.2, "wind_speed_mph": 7.6, "wind_sin": -0.35836794954530043, "wind_cos": -0.15643446504023104, "precip_prob_pct": 0.0, "is_dome": 0.0, "is_day_game": 0.0, "market_total": 8.5, "line_move_total": 1.0, "opp_lineup_avg_avg_10": 0.23824675324675323, "opp_lineup_iso_avg_10": 0.14565656565656565, "opp_top4_slg_avg_10": 0.43754578754578755, "sc_barrel_rate": 8.478111587982832, "sc_hard_hit_pct": 40.77445652173913, "sc_avg_exit_velo": 89.42401157184185, "sc_gb_pct": 27.553947368421053, "sc_fb_pct": 29.6981072555205, "sc_xba": 0.2441552795031056, "sc_xslg": 0.4128017928286853, "sc_xwoba": 0.3169711155378486, "sc_sp_fb_whiff_pct": 19.9, "sc_sp_fb_k_pct": 20.8, "sc_sp_fb_put_away": 16.9, "sc_sp_sl_pct": 18.1, "sc_sp_sl_whiff_pct": 31.7, "sc_sp_sl_k_pct": 25.9, "sc_sp_sl_run_value_per_100": 0.1, "sc_sp_ch_pct": 16.8, "sc_sp_ch_whiff_pct": 29.5, "sc_sp_ch_k_pct": 21.5, "sc_sp_fb_pct": 33.6, "sc_sp_fb_hard_hit_pct": 45.8, "sc_sp_fb_xwoba": 0.348, "sc_sp_fb_run_value_per_100": 0.0, "sc_sp_si_pct": 19.0, "sc_sp_si_whiff_pct": 12.3, "sc_sp_si_k_pct": 12.5, "sc_sp_si_hard_hit_pct": 44.7, "sc_sp_fastball_family_pct": 46.0, "sc_sp_pitch_diversity": 0.638, "sc_sp_oz_swing_pct": 29.4, "sc_sp_iz_contact_pct": 84.35, "sc_sp_oz_contact_pct": 57.9, "sc_sp_disc_whiff_pct": 24.2, "catcher_framing_rv": 0.19697789637114024, "catcher_framing_rate": 0.47297297297297297, "sp_fb_velo_avg_5": 94.14791666666667, "sp_fb_velo_trend_5": 0.04011256952284725, "venue_n_starts": 5.0, "venue_era": 3.9733102814668624, "venue_k9": 8.898768976255353, "venue_fip": 3.832725592703217, "sp_k_pct_vs_lhb_25": 0.25821596244131456, "sp_k_pct_vs_rhb_25": 0.25495049504950495, "sp_k_pct_vs_lhb_10": 0.25517241379310346, "sp_k_pct_vs_rhb_10": 0.25, "sp_hr_rate_vs_lhb_25": 0.033426183844011144, "sp_hr_rate_vs_rhb_25": 0.030612244897959183, "sp_hr_rate_vs_lhb_10": 0.03289473684210526, "sp_hr_rate_vs_rhb_10": 0.028368794326241134, "svt_games": 1.0, "svt_era": 3.4615384615384617, "svt_k9": 8.442776735459661, "svt_k_pct": 0.4375, "svt_era_last3": 3.4615384615384617, "svt_k9_last3": 8.442776735459661, "sp_lob_pct_career": 62.21198156682028, "sp_lob_pct_10": 63.38028169014085, "park_babip_avg": 0.28603519943397954, "opp_runs_last3": 13.0, "opp_runs_avg3": 4.333333333333333, "opp_runs_last5": 22.0, "sp_babip_against_10": 0.27388535031847133, "sp_babip_against_career": 0.2758169934640523, "sp_babip_starts_10": 10.0, "sp_k_pct_last2": 0.20930232558139536, "bf_est_avg_5": 23.2, "bf_est_avg_10": 22.9, "opp_team_der_20": 0.7245508982035929, "opp_team_der_career": 0.723512497235125, "market_k_line": 4.5, "book_line": 4.5, "season_2025-regular": 0.0, "season_2026-regular": 1.0, "sc_xslg_x_park": 0.4110133333333333, "sp_k_pct_vs_opp_k_rate": 0.05225233257453819, "opp_team_k_trend_5v10": 0.0001405891185302932, "k9_trend_5v10": 0.0, "k_pct_trend_5v10": 0.0, "era_trend_5v10": 0.0, "fip_trend_5v10": 0.0, "sp_era_fip_gap": -0.015920532343296934, "sp_k_bb_ratio_5": 2.6422105008459167, "sp_vs_team_reliability": 0.2, "sp_vs_team_has_history": 0.0, "sp_vs_team_era_adj": 0.45, "sp_vs_team_era_delta": 0.0, "sp_vs_team_k9_adj": 1.5, "sp_vs_team_k9_delta": 0.0, "k_pct_x_park_hr": 0.21430806169728395, "wind_x_park_hr": 7.59, "is_cold_game": 0.0, "temp_below_60": 0.0, "sp_k_pct_trend_5v10": 0.0, "sp_k9_trend_5v10": 0.0, "k_trend_x_ump_k9": 0.0, "contact_vs_ump_zone": 0.4246794709373584, "ump_k9_x_sp_k_pct": 1.814019681464706, "ump_k9_x_opp_k_pct": 2.097300085541759, "ump_k9_x_sp_whiff_pct": 206.89940247791785, "ump_k9_x_sp_sl_whiff_pct": 269.32086001915627, "ump_k9_x_sp_k9_5": 70.08699627971534, "ump_k9_x_sp_opp_k_triple": 0.4465140976922592, "sp_lob_pct_filled": 62.21198156682028, "sp_lob_vs_avg": -8.788018433179722, "sp_lob_trend": 0.0, "sp_lob_era_quality": 1.0950257572635496, "sp_lob_luck_flag": 0.0, "park_babip_factor": 0.28603519943397954, "park_babip_vs_avg": -0.008964800566020448, "opp_runs_last3_filled": 13.0, "opp_hot_offense_flag": 0.0, "opp_cold_offense_flag": 0.0, "opp_runs_last3_vs_avg": 1.0, "sp_babip_against_10_filled": 0.27388535031847133, "sp_babip_vs_avg": -0.021114649681528652, "sp_babip_unlucky_flag": 0.0, "sp_babip_lucky_flag": 0.0, "sp_babip_against_career_filled": 0.2758169934640523, "sp_babip_trend": 0.0, "sp_k_pct_last2_filled": 0.20930232558139536, "sp_k_pct_last2_vs_5": -0.00219967915357816, "sp_k_trending_up": 0.0, "sp_k_trending_down": 0.0, "opp_der_20_filled": 0.7245508982035929, "opp_der_vs_avg": 0.019550898203592904, "opp_good_defense": 1.0, "opp_poor_defense": 0.0, "line_move_total_filled": 1.0, "line_moved_up": 1.0, "line_moved_down": 0.0, "line_move_abs": 1.0, "market_k_line_filled": 4.5, "market_k_line_vs_avg": 0.0, "market_k_line_known": 1.0, "sc_barrel_x_park_hr": 8.456354479418886, "sc_hard_hit_x_fb": 12.099934912949475, "sc_exit_velo_above_avg": 1.4240115718418451, "sc_barrel_vs_k_rate": 37.38370280579473, "sc_hard_hit_vs_opp_k": 9.927086662512734, "sp_days_from_optimal_rest": 2.0, "sp_is_extended_rest": 0.0, "cold_x_sp_sl_pct": 0.0, "cold_x_sp_offspeed_pct": 0.0, "k9_shrunk": 8.35, "k_pct_shrunk": 0.21613830613830615, "expected_k_from_ip": 4.95, "framing_hand_benefit": 0.4673231871083259, "sp_k_pct_x_opp_cv": 0.3053028680523898, "venue_k9_adj": 8.560675381326137, "venue_k9_delta": 0.0, "venue_era_adj": 4.108790369115039, "venue_era_delta": 0.0, "venue_fip_adj": 4.050445182167269, "last_start_dominated": 0.0, "last_start_blowup": 0.0, "last_start_k9": 7.936507936507937, "last_start_k_bb": 1.75, "framing_x_sp_edge_work": 0.0, "framing_x_ump_k9": 0.0, "sp_k_split_advantage": 0.0046619891597113605, "sp_k_split_trend_lhb": 0.0, "sp_k_split_trend_rhb": 0.0, "lineup_lhb_pct_x_sp_lhb_adv": 0.0012445186001285606, "opp_sp_hr_rate_split": 0.002946311654299434, "warm_x_barrel": 0.5111987704918033, "warm_x_park_hr": 0.055080000000000136, "high_total_flag": 0.0, "pitcher_hand_L": 0.0, "pitcher_hand_R": 1.0, "pitcher_hand_nan": 0.0}