{"is_home": 1.0, "ip_avg_5": 5.466, "k_pct_5": 0.21204228302801723, "k9_5": 8.10984126984127, "era_5": 3.984796573875803, "whip_5": 1.3150761809092966, "fip_5": 4.107637710076735, "bb_pct_5": 0.07880838459785829, "hr9_5": 1.1, "k_pct_10": 0.21310704627003707, "k9_10": 8.180315311546986, "era_10": 4.1072700492870755, "whip_10": 1.3211991434689507, "fip_10": 4.128872955497144, "starts_in_window_5": 5.0, "starts_in_window_10": 6.0, "last_start_k": 5.0, "last_start_ip": 5.67, "last_start_bb": 2.0, "sp_days_since_last_start": 6.0, "is_short_rest": 0.0, "era_home_10": 3.439285714285714, "era_away_10": 4.252316076294278, "k9_home_10": 8.25422138836773, "k9_away_10": 7.732695558360153, "fip_home_10": 3.8419663392361465, "fip_away_10": 4.1204005511591735, "opp_k_pct_avg_10": 0.24521083280951705, "opp_bb_pct_avg_10": 0.08694704396910277, "opp_avg_avg_10": 0.2403919053919054, "opp_hr_avg_10": 1.1, "opp_iso_avg_10": 0.14332476271117245, "opp_slg_avg_10": 0.3843656511472497, "opp_lineup_k_pct_std": 0.10636183293913676, "opp_lineup_k_pct_cv": 0.4297542153533449, "park_run_factor": 1.006, "park_hr_factor": 1.012, "ump_k9_avg_10": 8.579411764705883, "ump_bb9_avg_10": 3.2413432298989635, "temperature_f": 68.5, "wind_speed_mph": 7.4, "wind_sin": -0.35836794954530043, "wind_cos": -0.2079116908177598, "precip_prob_pct": 0.0, "is_dome": 0.0, "is_day_game": 0.0, "market_total": 8.5, "pitcher_hand": NaN, "opp_lineup_avg_avg_10": 0.2391666666666666, "opp_lineup_iso_avg_10": 0.14287878787878786, "opp_top4_slg_avg_10": 0.43801665676665674, "sc_barrel_rate": 8.526522327469554, "sc_hard_hit_pct": 40.89815668202765, "sc_avg_exit_velo": 89.45207207207206, "sc_gb_pct": 28.34276315789474, "sc_fb_pct": 30.73773173391494, "sc_xba": 0.24511839530332682, "sc_xslg": 0.4147372781065089, "sc_xwoba": 0.3181052631578947, "sc_sp_fb_whiff_pct": 20.4, "sc_sp_fb_k_pct": 21.4, "sc_sp_fb_put_away": 17.0, "sc_sp_sl_pct": 20.2, "sc_sp_sl_whiff_pct": 31.8, "sc_sp_sl_k_pct": 24.7, "sc_sp_sl_run_value_per_100": 0.1, "sc_sp_ch_pct": 17.6, "sc_sp_ch_whiff_pct": 29.6, "sc_sp_ch_k_pct": 22.4, "sc_sp_fb_pct": 35.3, "sc_sp_fb_hard_hit_pct": 46.7, "sc_sp_fb_xwoba": 0.347, "sc_sp_fb_run_value_per_100": -0.2, "sc_sp_si_pct": 19.5, "sc_sp_si_whiff_pct": 12.2, "sc_sp_si_k_pct": 13.4, "sc_sp_si_hard_hit_pct": 46.2, "sc_sp_fastball_family_pct": 46.0, "sc_sp_pitch_diversity": 0.628, "sc_sp_oz_swing_pct": 28.7, "sc_sp_iz_contact_pct": 83.9, "sc_sp_oz_contact_pct": 57.1, "sc_sp_disc_whiff_pct": 24.1, "catcher_framing_rv": 0.19697789637114024, "catcher_framing_rate": 0.4722222222222222, "book_line": 4.5, "season_2025-regular": 1.0, "season_2026-regular": 0.0, "sc_xslg_x_park": 0.4128597523364486, "sp_k_pct_vs_opp_k_rate": 0.05158086602703014, "k9_trend_5v10": 0.0, "k_pct_trend_5v10": 0.0, "era_trend_5v10": 0.0, "fip_trend_5v10": 0.0, "k_pct_x_park_hr": 0.21202579295010135, "wind_x_park_hr": 7.1536, "is_cold_game": 0.0, "temp_below_60": 0.0, "sp_k_pct_trend_5v10": 0.0, "sp_k9_trend_5v10": 0.0, "k_trend_x_ump_k9": 0.0, "ump_k9_x_sp_k_pct": 1.8124155290662838, "ump_k9_x_opp_k_pct": 2.0973254658444995, "ump_k9_x_sp_whiff_pct": 207.5035818978212, "ump_k9_x_sp_sl_whiff_pct": 271.28774711383227, "ump_k9_x_sp_k9_5": 69.73249666940708, "ump_k9_x_sp_opp_k_triple": 0.441277565267517, "sc_barrel_x_park_hr": 8.544257534246574, "sc_hard_hit_x_fb": 12.190322390915982, "sc_exit_velo_above_avg": 1.4520720720720561, "sc_barrel_vs_k_rate": 37.76224664762911, "sc_hard_hit_vs_opp_k": 9.93294659048188, "k9_shrunk": 8.29241500035455, "k_pct_shrunk": 0.21580105271047123, "framing_hand_benefit": 0.46402877697841727, "sp_k_pct_x_opp_cv": 0.3029418606365688}