{"is_home": 1.0, "ip_avg_5": 5.466, "k_pct_5": 0.2130530049323588, "k9_5": 8.197777777777778, "era_5": 4.086120675208023, "whip_5": 1.3203115814226924, "fip_5": 4.133529621698787, "bb_pct_5": 0.07880838459785829, "hr9_5": 1.125, "k_pct_10": 0.21457458787902678, "k9_10": 8.258047426449535, "era_10": 4.135912638968932, "whip_10": 1.3203115814226924, "fip_10": 4.117511301451344, "starts_in_window_5": 5.0, "starts_in_window_10": 7.0, "last_start_k": 5.0, "last_start_ip": 5.67, "last_start_bb": 2.0, "sp_days_since_last_start": 6.0, "is_short_rest": 0.0, "era_home_10": 3.577886922179421, "era_away_10": 4.240562863260936, "k9_home_10": 8.38112243315374, "k9_away_10": 7.836831415030467, "fip_home_10": 3.8090525328330207, "fip_away_10": 4.122819803062138, "opp_k_pct_avg_10": 0.24579285048724775, "opp_k_pct_avg_5": 0.244372655663916, "opp_bb_pct_avg_10": 0.08685702038291485, "opp_avg_avg_10": 0.23873107840526706, "opp_hr_avg_10": 1.0, "opp_iso_avg_10": 0.1436082003028098, "opp_slg_avg_10": 0.3814530485680073, "opp_lineup_k_pct_std": 0.10646740647717173, "opp_lineup_k_pct_cv": 0.43063870051740477, "opp_lineup_pct_lhb": 0.36363636363636365, "park_run_factor": 1.006, "park_hr_factor": 1.012, "ump_k9_avg_10": 8.582494208232365, "ump_bb9_avg_10": 3.2854326174914403, "temperature_f": 69.3, "wind_speed_mph": 7.6, "wind_sin": -0.34202014332566866, "wind_cos": -0.15643446504023104, "precip_prob_pct": 0.0, "is_dome": 0.0, "is_day_game": 0.0, "market_total": 8.5, "line_move_total": 1.0, "opp_lineup_avg_avg_10": 0.23767676767676765, "opp_lineup_iso_avg_10": 0.14268939393939395, "opp_top4_slg_avg_10": 0.43391516516516515, "sc_barrel_rate": 8.483651804670913, "sc_hard_hit_pct": 40.79754901960784, "sc_avg_exit_velo": 89.42915887850467, "sc_gb_pct": 27.902275189599134, "sc_fb_pct": 30.48785249457701, "sc_xba": 0.24459672386895473, "sc_xslg": 0.41177355371900826, "sc_xwoba": 0.31736956521739135, "sc_sp_fb_whiff_pct": 20.0, "sc_sp_fb_k_pct": 21.3, "sc_sp_fb_put_away": 17.2, "sc_sp_sl_pct": 18.4, "sc_sp_sl_whiff_pct": 31.6, "sc_sp_sl_k_pct": 25.6, "sc_sp_sl_run_value_per_100": 0.1, "sc_sp_ch_pct": 17.0, "sc_sp_ch_whiff_pct": 30.2, "sc_sp_ch_k_pct": 21.9, "sc_sp_fb_pct": 34.6, "sc_sp_fb_hard_hit_pct": 46.3, "sc_sp_fb_xwoba": 0.35, "sc_sp_fb_run_value_per_100": -0.1, "sc_sp_si_pct": 19.0, "sc_sp_si_whiff_pct": 12.4, "sc_sp_si_k_pct": 12.7, "sc_sp_si_hard_hit_pct": 45.5, "sc_sp_fastball_family_pct": 46.0, "sc_sp_pitch_diversity": 0.637, "sc_sp_oz_swing_pct": 29.1, "sc_sp_iz_contact_pct": 84.3, "sc_sp_oz_contact_pct": 57.7, "sc_sp_disc_whiff_pct": 24.1, "catcher_framing_rv": 0.213220927603772, "catcher_framing_rate": 0.473328324567994, "sp_fb_velo_avg_5": 94.07241036792762, "sp_fb_velo_trend_5": 0.03897990914202154, "venue_n_starts": 2.0, "venue_era": 3.6942417295101886, "venue_k9": 8.807086949798776, "venue_fip": 3.7505604106118717, "sp_k_pct_vs_lhb_25": 0.25761772853185594, "sp_k_pct_vs_rhb_25": 0.2548076923076923, "sp_k_pct_vs_lhb_10": 0.2569444444444444, "sp_k_pct_vs_rhb_10": 0.2512315270935961, "sp_hr_rate_vs_lhb_25": 0.03333333333333333, "sp_hr_rate_vs_rhb_25": 0.03051643192488263, "sp_hr_rate_vs_lhb_10": 0.03289473684210526, "sp_hr_rate_vs_rhb_10": 0.028169014084507043, "svt_games": 1.0, "svt_era": 3.4615384615384617, "svt_k9": 8.360086273139746, "svt_k_pct": 0.43478260869565216, "svt_era_last3": 3.4615384615384617, "svt_k9_last3": 8.4, "sp_lob_pct_career": 62.2568093385214, "sp_lob_pct_10": 63.513513513513516, "park_babip_avg": 0.2882190701339638, "opp_runs_last3": 13.0, "opp_runs_avg3": 4.333333333333333, "opp_runs_last5": 21.0, "sp_babip_against_10": 0.2734375, "sp_babip_against_career": 0.2757660167130919, "sp_babip_starts_10": 10.0, "sp_k_pct_last2": 0.20833333333333334, "opp_team_der_20": 0.7239263803680982, "opp_team_der_career": 0.7235166200683443, "market_k_line": 4.5, "book_line": 4.5, "season_2025-regular": 1.0, "season_2026-regular": 0.0, "sc_xslg_x_park": 0.4111017532808399, "sp_k_pct_vs_opp_k_rate": 0.05188190992041812, "opp_team_k_trend_5v10": -0.0003715809462712938, "k9_trend_5v10": 0.0, "k_pct_trend_5v10": 0.0, "era_trend_5v10": 0.0, "fip_trend_5v10": 0.0, "sp_era_fip_gap": -0.049523809523809526, "sp_k_bb_ratio_5": 2.653979499547784, "sp_vs_team_reliability": 0.2, "sp_vs_team_has_history": 0.0, "sp_vs_team_era_adj": 0.4, "sp_vs_team_era_delta": 0.0, "sp_vs_team_k9_adj": 1.5, "sp_vs_team_k9_delta": 0.0, "k_pct_x_park_hr": 0.2134836519871299, "wind_x_park_hr": 7.450399999999999, "is_cold_game": 0.0, "temp_below_60": 0.0, "sp_k_pct_trend_5v10": 0.0, "sp_k9_trend_5v10": 0.0, "k_trend_x_ump_k9": 0.0, "contact_vs_ump_zone": 0.4246162696869098, "ump_k9_x_sp_k_pct": 1.820384775016402, "ump_k9_x_opp_k_pct": 2.104336869855784, "ump_k9_x_sp_whiff_pct": 208.06274364877183, "ump_k9_x_sp_sl_whiff_pct": 268.22530624331716, "ump_k9_x_sp_k9_5": 70.12714073230691, "ump_k9_x_sp_opp_k_triple": 0.44482691698887183, "sp_lob_pct_filled": 62.2568093385214, "sp_lob_vs_avg": -8.7431906614786, "sp_lob_trend": 0.0, "sp_lob_era_quality": 0.7822967986062949, "sp_lob_luck_flag": 0.0, "park_babip_factor": 0.2882190701339638, "park_babip_vs_avg": -0.006780929866036178, "opp_runs_last3_filled": 13.0, "opp_hot_offense_flag": 0.0, "opp_cold_offense_flag": 0.0, "opp_runs_last3_vs_avg": 1.0, "sp_babip_against_10_filled": 0.2734375, "sp_babip_vs_avg": -0.021562499999999984, "sp_babip_unlucky_flag": 0.0, "sp_babip_lucky_flag": 0.0, "sp_babip_against_career_filled": 0.2757660167130919, "sp_babip_trend": 0.0, "sp_k_pct_last2_filled": 0.20833333333333334, "sp_k_pct_last2_vs_5": -0.0017588488472462527, "sp_k_trending_up": 0.0, "sp_k_trending_down": 0.0, "opp_der_20_filled": 0.7239263803680982, "opp_der_vs_avg": 0.01892638036809824, "opp_good_defense": 1.0, "opp_poor_defense": 0.0, "line_move_total_filled": 1.0, "line_moved_up": 1.0, "line_moved_down": 0.0, "line_move_abs": 1.0, "market_k_line_filled": 4.5, "market_k_line_vs_avg": 0.0, "market_k_line_known": 1.0, "sc_barrel_x_park_hr": 8.52867737948084, "sc_hard_hit_x_fb": 12.540084904961809, "sc_exit_velo_above_avg": 1.4291588785046656, "sc_barrel_vs_k_rate": 37.76224664762911, "sc_hard_hit_vs_opp_k": 9.941194313086546, "sp_days_from_optimal_rest": 2.0, "sp_is_extended_rest": 0.0, "cold_x_sp_sl_pct": 0.0, "cold_x_sp_offspeed_pct": 0.0, "k9_shrunk": 8.335907335907336, "k_pct_shrunk": 0.21624081522743763, "expected_k_from_ip": 4.964975528861768, "framing_hand_benefit": 0.46402877697841727, "sp_k_pct_x_opp_cv": 0.3049554540788881, "venue_k9_adj": 8.479836512261581, "venue_k9_delta": 0.0, "venue_era_adj": 4.020328069068864, "venue_era_delta": 0.0, "venue_fip_adj": 4.045607988619049, "last_start_dominated": 0.0, "last_start_blowup": 0.0, "last_start_k9": 7.875, "last_start_k_bb": 1.75, "framing_x_sp_edge_work": 0.0, "framing_x_ump_k9": 0.0, "sp_k_split_advantage": 0.003978779840848767, "sp_k_split_trend_lhb": 0.0, "sp_k_split_trend_rhb": 0.0, "lineup_lhb_pct_x_sp_lhb_adv": 0.0009371562300744772, "opp_sp_hr_rate_split": 0.0031124497991967814, "warm_x_barrel": 0.0, "warm_x_park_hr": 0.0, "high_total_flag": 0.0, "pitcher_hand_L": 0.0, "pitcher_hand_R": 1.0, "pitcher_hand_nan": 0.0}