{"is_home": 1.0, "ip_avg_5": 5.466, "k_pct_5": 0.21308653654363535, "k9_5": 8.207850646156867, "era_5": 4.0869330815624085, "whip_5": 1.3211463089478792, "fip_5": 4.125046904315196, "bb_pct_5": 0.07880636621197262, "hr9_5": 1.11, "k_pct_10": 0.214809031239023, "k9_10": 8.262253665188968, "era_10": 4.125658458244111, "whip_10": 1.3210777831475091, "fip_10": 4.114731540901771, "starts_in_window_5": 5.0, "starts_in_window_10": 7.0, "last_start_k": 5.0, "last_start_ip": 5.67, "last_start_bb": 2.0, "sp_days_since_last_start": 6.0, "is_short_rest": 0.0, "era_home_10": 3.5510974304068523, "era_away_10": 4.240562863260936, "k9_home_10": 8.392857142857142, "k9_away_10": 7.877534067914849, "fip_home_10": 3.7980184374493318, "fip_away_10": 4.114814814814815, "opp_k_pct_avg_10": 0.24555292978277582, "opp_k_pct_avg_5": 0.24379092527699336, "opp_bb_pct_avg_10": 0.08717940512482925, "opp_avg_avg_10": 0.23905507351755628, "opp_hr_avg_10": 1.0, "opp_iso_avg_10": 0.14385563729739037, "opp_slg_avg_10": 0.38178825238002295, "opp_lineup_k_pct_std": 0.10645600717559744, "opp_lineup_k_pct_cv": 0.4303772311919994, "opp_lineup_pct_lhb": 0.36363636363636365, "park_run_factor": 1.006, "park_hr_factor": 1.012, "ump_k9_avg_10": 8.580733771013715, "ump_bb9_avg_10": 3.2814660938109426, "temperature_f": 69.3, "wind_speed_mph": 7.6, "wind_sin": -0.37460659341591235, "wind_cos": -0.20791169081775934, "precip_prob_pct": 0.0, "is_dome": 0.0, "is_day_game": 0.0, "market_total": 8.5, "line_move_total": 1.0, "opp_lineup_avg_avg_10": 0.23772937710437708, "opp_lineup_iso_avg_10": 0.14297138047138047, "opp_top4_slg_avg_10": 0.433735848702954, "sc_barrel_rate": 8.528333333333332, "sc_hard_hit_pct": 40.82948717948719, "sc_avg_exit_velo": 89.40585817060636, "sc_gb_pct": 28.172949946751864, "sc_fb_pct": 30.519463087248322, "sc_xba": 0.2447304625199362, "sc_xslg": 0.4120069444444444, "sc_xwoba": 0.31736956521739135, "sc_sp_fb_whiff_pct": 20.2, "sc_sp_fb_k_pct": 21.3, "sc_sp_fb_put_away": 17.3, "sc_sp_sl_pct": 18.4, "sc_sp_sl_whiff_pct": 31.7, "sc_sp_sl_k_pct": 25.6, "sc_sp_sl_run_value_per_100": 0.1, "sc_sp_ch_pct": 17.3, "sc_sp_ch_whiff_pct": 30.2, "sc_sp_ch_k_pct": 22.4, "sc_sp_fb_pct": 34.8, "sc_sp_fb_hard_hit_pct": 46.2, "sc_sp_fb_xwoba": 0.35, "sc_sp_fb_run_value_per_100": -0.1, "sc_sp_si_pct": 18.8, "sc_sp_si_whiff_pct": 12.2, "sc_sp_si_k_pct": 12.5, "sc_sp_si_hard_hit_pct": 45.5, "sc_sp_fastball_family_pct": 46.3, "sc_sp_pitch_diversity": 0.634, "sc_sp_oz_swing_pct": 29.2, "sc_sp_iz_contact_pct": 84.2, "sc_sp_oz_contact_pct": 57.9, "sc_sp_disc_whiff_pct": 24.1, "catcher_framing_rv": 0.2688977228348713, "catcher_framing_rate": 0.47351524879614765, "sp_fb_velo_avg_5": 94.08246392100395, "sp_fb_velo_trend_5": 0.029307628548508546, "venue_n_starts": 2.0, "venue_era": 3.695405805944663, "venue_k9": 8.799559991398874, "venue_fip": 3.735775141062193, "sp_k_pct_vs_lhb_25": 0.2577840730248662, "sp_k_pct_vs_rhb_25": 0.2548203663647425, "sp_k_pct_vs_lhb_10": 0.25773195876288657, "sp_k_pct_vs_rhb_10": 0.25153374233128833, "sp_hr_rate_vs_lhb_25": 0.03337975858867224, "sp_hr_rate_vs_rhb_25": 0.03047355230180715, "sp_hr_rate_vs_lhb_10": 0.03289473684210526, "sp_hr_rate_vs_rhb_10": 0.028089887640449437, "svt_games": 1.0, "svt_era": 3.4615384615384617, "svt_k9": 8.334620647343947, "svt_k_pct": 0.4375, "svt_era_last3": 3.4615384615384617, "svt_k9_last3": 8.4, "sp_lob_pct_career": 62.22621902478018, "sp_lob_pct_10": 63.492063492063494, "park_babip_avg": 0.2882190701339636, "opp_runs_last3": 13.0, "opp_runs_avg3": 4.333333333333333, "opp_runs_last5": 21.0, "sp_babip_against_10": 0.27413381123058544, "sp_babip_against_career": 0.27600277392510403, "sp_babip_starts_10": 10.0, "sp_k_pct_last2": 0.20930232558139536, "opp_team_der_20": 0.7237795295986738, "opp_team_der_career": 0.7234915100191198, "market_k_line": 4.5, "book_line": 4.5, "season_2025-regular": 1.0, "season_2026-regular": 0.0, "sc_xslg_x_park": 0.4119249215384615, "sp_k_pct_vs_opp_k_rate": 0.05209721372495971, "opp_team_k_trend_5v10": -8.032287687483042e-05, "k9_trend_5v10": 0.0, "k_pct_trend_5v10": 0.0, "era_trend_5v10": 0.0, "fip_trend_5v10": 0.0, "sp_era_fip_gap": -0.041093565984423375, "sp_k_bb_ratio_5": 2.633729890954525, "sp_vs_team_reliability": 0.2, "sp_vs_team_has_history": 0.0, "sp_vs_team_era_adj": 0.45, "sp_vs_team_era_delta": 0.0, "sp_vs_team_k9_adj": 1.5, "sp_vs_team_k9_delta": 0.0, "k_pct_x_park_hr": 0.21434125874125876, "wind_x_park_hr": 7.392, "is_cold_game": 0.0, "temp_below_60": 0.0, "sp_k_pct_trend_5v10": 0.0, "sp_k9_trend_5v10": 0.0, "k_trend_x_ump_k9": 0.0, "contact_vs_ump_zone": 0.4245128195129386, "ump_k9_x_sp_k_pct": 1.8252859528965035, "ump_k9_x_opp_k_pct": 2.098876133346103, "ump_k9_x_sp_whiff_pct": 208.12239553834848, "ump_k9_x_sp_sl_whiff_pct": 268.8875204435817, "ump_k9_x_sp_k9_5": 70.28495238398075, "ump_k9_x_sp_opp_k_triple": 0.4465069747941978, "sp_lob_pct_filled": 62.22621902478018, "sp_lob_vs_avg": -8.773780975219825, "sp_lob_trend": 0.0, "sp_lob_era_quality": 0.7822404763909416, "sp_lob_luck_flag": 0.0, "park_babip_factor": 0.2882190701339636, "park_babip_vs_avg": -0.0067809298660364, "opp_runs_last3_filled": 13.0, "opp_hot_offense_flag": 0.0, "opp_cold_offense_flag": 0.0, "opp_runs_last3_vs_avg": 1.0, "sp_babip_against_10_filled": 0.27413381123058544, "sp_babip_vs_avg": -0.020866188769414568, "sp_babip_unlucky_flag": 0.0, "sp_babip_lucky_flag": 0.0, "sp_babip_against_career_filled": 0.27600277392510403, "sp_babip_trend": 0.0, "sp_k_pct_last2_filled": 0.20930232558139536, "sp_k_pct_last2_vs_5": -0.0021972019074968513, "sp_k_trending_up": 0.0, "sp_k_trending_down": 0.0, "opp_der_20_filled": 0.7237795295986738, "opp_der_vs_avg": 0.01877952959867385, "opp_good_defense": 1.0, "opp_poor_defense": 0.0, "line_move_total_filled": 1.0, "line_moved_up": 1.0, "line_moved_down": 0.0, "line_move_abs": 1.0, "market_k_line_filled": 4.5, "market_k_line_vs_avg": 0.0, "market_k_line_known": 1.0, "sc_barrel_x_park_hr": 8.542890995260663, "sc_hard_hit_x_fb": 12.545982771114387, "sc_exit_velo_above_avg": 1.4058581706063649, "sc_barrel_vs_k_rate": 37.75269092752781, "sc_hard_hit_vs_opp_k": 9.928904257177095, "sp_days_from_optimal_rest": 2.0, "sp_is_extended_rest": 0.0, "cold_x_sp_sl_pct": 0.0, "cold_x_sp_offspeed_pct": 0.0, "k9_shrunk": 8.340772978292483, "k_pct_shrunk": 0.2162736956362214, "expected_k_from_ip": 4.96307532720484, "framing_hand_benefit": 0.4654017857142857, "sp_k_pct_x_opp_cv": 0.30530269482104233, "venue_k9_adj": 8.47951752196132, "venue_k9_delta": 0.0, "venue_era_adj": 4.005646653101566, "venue_era_delta": 0.0, "venue_fip_adj": 4.035814025293449, "last_start_dominated": 0.0, "last_start_blowup": 0.0, "last_start_k9": 7.936507936507937, "last_start_k_bb": 1.75, "framing_x_sp_edge_work": 0.0, "framing_x_ump_k9": 0.0, "sp_k_split_advantage": 0.003747762105926311, "sp_k_split_trend_lhb": 0.0, "sp_k_split_trend_rhb": 0.0, "lineup_lhb_pct_x_sp_lhb_adv": 0.0008200816936033348, "opp_sp_hr_rate_split": 0.0031856183044400802, "warm_x_barrel": 0.0, "warm_x_park_hr": 0.0, "high_total_flag": 0.0, "pitcher_hand_L": 0.0, "pitcher_hand_R": 1.0, "pitcher_hand_nan": 0.0}