{"is_home": 1.0, "ip_avg_5": 5.466, "k_pct_5": 0.2116810305327382, "k9_5": 8.143080568720379, "era_5": 4.020328069068864, "whip_5": 1.3203115814226924, "fip_5": 4.128872955497144, "bb_pct_5": 0.07928135088859321, "hr9_5": 1.1142857142857143, "k_pct_10": 0.2132084305287539, "k9_10": 8.202461785356476, "era_10": 4.109119845399911, "whip_10": 1.3224352246017694, "fip_10": 4.125950370767444, "starts_in_window_5": 5.0, "starts_in_window_10": 6.0, "last_start_k": 5.0, "last_start_ip": 5.67, "last_start_bb": 2.0, "sp_days_since_last_start": 6.0, "is_short_rest": 0.0, "era_home_10": 3.4968115434771425, "era_away_10": 4.248875562218891, "k9_home_10": 8.296360625702501, "k9_away_10": 7.776322912181184, "fip_home_10": 3.8222222222222224, "fip_away_10": 4.136680931199978, "opp_k_pct_avg_10": 0.2456887833924819, "opp_k_pct_avg_5": 0.24438724438724435, "opp_bb_pct_avg_10": 0.08736901138174454, "opp_avg_avg_10": 0.23941161567347527, "opp_hr_avg_10": 1.0, "opp_iso_avg_10": 0.14292977355670852, "opp_slg_avg_10": 0.38178005145886124, "opp_lineup_k_pct_std": 0.10615436872781073, "opp_lineup_k_pct_cv": 0.42968119943087446, "opp_lineup_pct_lhb": 0.36363636363636365, "park_run_factor": 1.006, "park_hr_factor": 1.012, "ump_k9_avg_10": 8.59118619909882, "ump_bb9_avg_10": 3.2593408254294034, "temperature_f": 68.8, "wind_speed_mph": 7.5, "wind_sin": -0.39073112848927355, "wind_cos": -0.22495105434386525, "precip_prob_pct": 0.0, "is_dome": 0.0, "is_day_game": 0.0, "market_total": 8.5, "opp_lineup_avg_avg_10": 0.23866666666666667, "opp_lineup_iso_avg_10": 0.14277777777777778, "opp_top4_slg_avg_10": 0.4360531880044075, "sc_barrel_rate": 8.549999999999999, "sc_hard_hit_pct": 40.94372469635628, "sc_avg_exit_velo": 89.48129649309244, "sc_gb_pct": 27.908599779492835, "sc_fb_pct": 30.30399137001079, "sc_xba": 0.2449448669201521, "sc_xslg": 0.41286729857819904, "sc_xwoba": 0.3170967056323061, "sc_sp_fb_whiff_pct": 20.2, "sc_sp_fb_k_pct": 21.5, "sc_sp_fb_put_away": 17.1, "sc_sp_sl_pct": 19.5, "sc_sp_sl_whiff_pct": 31.6, "sc_sp_sl_k_pct": 25.0, "sc_sp_sl_run_value_per_100": 0.1, "sc_sp_ch_pct": 17.4, "sc_sp_ch_whiff_pct": 30.2, "sc_sp_ch_k_pct": 21.4, "sc_sp_fb_pct": 35.1, "sc_sp_fb_hard_hit_pct": 46.5, "sc_sp_fb_xwoba": 0.349, "sc_sp_fb_run_value_per_100": -0.1, "sc_sp_si_pct": 19.1, "sc_sp_si_whiff_pct": 12.1, "sc_sp_si_k_pct": 13.4, "sc_sp_si_hard_hit_pct": 46.2, "sc_sp_fastball_family_pct": 45.900000000000006, "sc_sp_pitch_diversity": 0.634, "sc_sp_oz_swing_pct": 28.8, "sc_sp_iz_contact_pct": 84.0, "sc_sp_oz_contact_pct": 57.6, "sc_sp_disc_whiff_pct": 24.2, "catcher_framing_rv": 0.156834470147432, "catcher_framing_rate": 0.4722222222222222, "sp_fb_velo_avg_5": 94.01115013262732, "sp_fb_velo_trend_5": 0.031360748741292355, "venue_n_starts": 2.0, "venue_era": 3.75, "venue_k9": 8.899384488127676, "venue_fip": 3.7607358446120656, "sp_k_pct_vs_lhb_25": 0.256198347107438, "sp_k_pct_vs_rhb_25": 0.2548076923076923, "sp_k_pct_vs_lhb_10": 0.2571428571428571, "sp_k_pct_vs_rhb_10": 0.25, "svt_games": 1.0, "svt_era": 3.4615384615384617, "svt_k9": 8.434864104967199, "svt_k_pct": 0.4358974358974359, "svt_era_last3": 3.4615384615384617, "svt_k9_last3": 8.436182052483598, "market_k_line": 4.5, "book_line": 4.5, "season_2025-regular": 1.0, "season_2026-regular": 0.0, "pitcher_hand_L": 0.0, "pitcher_hand_R": 1.0, "pitcher_hand_nan": 0.0, "sc_xslg_x_park": 0.412733003021148, "sp_k_pct_vs_opp_k_rate": 0.0516125667271439, "opp_team_k_trend_5v10": -9.399747977095751e-05, "k9_trend_5v10": 0.0, "k_pct_trend_5v10": 0.0, "era_trend_5v10": 0.0, "fip_trend_5v10": 0.0, "sp_vs_team_reliability": 0.2, "sp_vs_team_has_history": 0.0, "sp_vs_team_era_adj": 0.3377110694183865, "sp_vs_team_era_delta": 0.0, "sp_vs_team_k9_adj": 1.4400000000000002, "sp_vs_team_k9_delta": 0.0, "k_pct_x_park_hr": 0.21262568127590672, "wind_x_park_hr": 7.3298000000000005, "is_cold_game": 0.0, "temp_below_60": 0.0, "sp_k_pct_trend_5v10": 0.0, "sp_k9_trend_5v10": 0.0, "k_trend_x_ump_k9": 0.0, "contact_vs_ump_zone": 0.42387268373240017, "ump_k9_x_sp_k_pct": 1.8138281164749361, "ump_k9_x_opp_k_pct": 2.1038503144582656, "ump_k9_x_sp_whiff_pct": 208.0757521472465, "ump_k9_x_sp_sl_whiff_pct": 268.96000266148747, "ump_k9_x_sp_k9_5": 69.84568915371116, "ump_k9_x_sp_opp_k_triple": 0.4424674093188842, "market_k_line_filled": 4.5, "market_k_line_vs_avg": 0.0, "market_k_line_known": 1.0, "sc_barrel_x_park_hr": 8.578270161290321, "sc_hard_hit_x_fb": 12.199763808012538, "sc_exit_velo_above_avg": 1.4812964930924437, "sc_barrel_vs_k_rate": 37.846682517517294, "sc_hard_hit_vs_opp_k": 9.923960991961088, "sp_days_from_optimal_rest": 2.0, "sp_is_extended_rest": 0.0, "cold_x_sp_sl_pct": 0.0, "cold_x_sp_offspeed_pct": 0.0, "k9_shrunk": 8.309262588666952, "k_pct_shrunk": 0.21546641398157784, "framing_hand_benefit": 0.46402877697841727, "sp_k_pct_x_opp_cv": 0.3027167781276758, "venue_k9_adj": 8.477938374338159, "venue_k9_delta": 0.0, "venue_era_adj": 4.007093368525239, "venue_era_delta": 0.0, "venue_fip_adj": 4.046535402856076, "last_start_dominated": 0.0, "last_start_blowup": 0.0, "last_start_k9": 7.7142857142857135, "last_start_k_bb": 1.75, "framing_x_sp_edge_work": 0.0, "framing_x_ump_k9": 0.0, "sp_k_split_advantage": 0.0035448422545196756, "sp_k_split_trend_lhb": 0.0, "sp_k_split_trend_rhb": 0.0, "lineup_lhb_pct_x_sp_lhb_adv": 0.0006420133538777527}