{"is_home": 0.0, "rest_days": 1.0, "hits_avg_5": 0.8, "hits_avg_10": 0.9, "hits_avg_20": 0.875, "hits_sd_10": 0.8232726023485646, "hr_avg_5": 0.0, "hr_avg_10": 0.1, "hr_avg_20": 0.1, "tb_avg_5": 1.4, "tb_avg_10": 1.4, "tb_avg_20": 1.4, "tb_sd_10": 1.5670212364724212, "ab_avg_5": 3.6, "ab_avg_10": 3.6, "avg_avg_10": 0.24166666666666664, "k_rate_avg_10": 0.24, "bb_rate_avg_10": 0.075, "iso_avg_10": 0.13333333333333333, "hr_rate_avg_5": 0.0, "hr_rate_avg_10": 0.025, "hr_rate_cumul_5": 0.0, "hr_rate_cumul_10": 0.027777777777777776, "hr_rate_cumul_20": 0.02857142857142857, "n_games_prev_10": 10.0, "obp_avg_10": 0.3083333333333333, "hr_any_last1": 0.0, "hr_count_last3": 0.0, "hr_games_with_hr_last5": 0.0, "bb_avg_5": 0.3333333333333333, "bb_avg_10": 0.3, "bb_avg_20": 0.35, "bb_sd_10": 0.5, "k_avg_5": 0.8, "k_avg_10": 0.8, "hits_home_avg_20": 0.875, "hits_away_avg_20": 0.875, "tb_home_avg_20": 1.3846153846153846, "tb_away_avg_20": 1.3636363636363635, "hr_home_avg_20": 0.1, "hr_away_avg_20": 0.1, "bb_home_avg_20": 0.3333333333333333, "bb_away_avg_20": 0.3333333333333333, "opp_sp_era_5": 4.05, "opp_sp_fip_5": 4.127283051595895, "opp_sp_k_pct_5": 0.21068927301434023, "opp_sp_k9_5": 8.207888157581166, "opp_sp_bb_pct_5": 0.08110873677048851, "opp_sp_whip_5": 1.3198624232857117, "opp_sp_ip_avg_5": 5.334, "opp_sp_pitches_est": 88.011, "opp_sp_hr9_5": 1.08, "opp_sp_hr9_10": 1.070877944325482, "opp_sp_fb_velo_avg_5": 94.10629811629812, "opp_sp_fb_velo_trend_5": -0.013294047619055505, "opp_sp_days_since_last_start": 6.0, "opp_sp_is_short_rest": 0.0, "opp_sp_era_home_10": 3.6, "opp_sp_era_away_10": 4.240792291220557, "park_run_factor": 1.006, "park_hr_factor": 1.012, "ump_bb9_avg_10": 3.2885092797187028, "ump_k9_avg_10": 8.618713339702554, "temperature_f": 67.4, "wind_speed_mph": 8.1, "wind_sin": -0.45399049973954664, "wind_cos": -0.15643446504023104, "precip_prob_pct": 0.0, "is_dome": 0.0, "is_day_game": 0.0, "market_total": 8.5, "batting_order_avg_5": 4.6, "batting_order_avg_10": 4.6, "hits_avg_40_vs_hand": 0.8823529411764706, "tb_avg_40_vs_hand": 1.4230769230769231, "k_rate_avg_40_vs_hand": 0.24310344827586208, "iso_avg_40_vs_hand": 0.14166666666666666, "hr_avg_40_vs_hand": 0.1, "hits_hand_split_40": -0.06493506493506493, "tb_hand_split_40": -0.1464558629776021, "hr_hand_split_40": -0.003134796238244514, "n_games_vs_lhp_40": 7.0, "n_games_vs_rhp_40": 20.0, "hits_avg_10_vs_hand": 0.875, "tb_avg_10_vs_hand": 1.375, "hr_avg_10_vs_hand": 0.0, "hits_avg_10_vs_lhp": 1.0, "hits_avg_10_vs_rhp": 0.875, "n_games_vs_lhp_10": 2.0, "n_games_vs_rhp_10": 7.0, "n_games_prev_10_cs": 10.0, "hits_avg_10_cs": 0.9, "hits_avg_20_cs": 0.85, "tb_avg_10_cs": 1.4, "tb_avg_20_cs": 1.4, "hr_avg_10_cs": 0.1, "hr_rate_avg_10_cs": 0.025, "ab_avg_10_cs": 3.6, "k_rate_avg_10_cs": 0.24, "bb_rate_avg_10_cs": 0.075, "iso_avg_10_cs": 0.13333333333333333, "prev_games": 107.0, "prev_hits_avg": 0.9727, "prev_tb_avg": 1.6043, "prev_hr_avg": 0.1373, "prev_ab_avg": 3.8455, "prev_k_rate": 0.2463, "prev_bb_rate": 0.06, "prev_iso": 0.1618, "prev_hr_rate": 0.0348, "h2h_games": 0.0, "h2h_ba": 0.25, "h2h_obp": 0.2777777777777778, "h2h_slg": 0.3333333333333333, "h2h_k_rate": 0.25, "h2h_iso": 0.0, "h2h_hr": 0.0, "h2h_ab": 0.0, "h2h_ba_last3": 0.25, "h2h_slg_last3": 0.3, "h2h_hr_rate_last3": 0.0, "h2h_ab_last3": 0.0, "own_lineup_slg_avg_10": 0.3904554377464594, "own_lineup_iso_avg_10": 0.14476190476190476, "own_top4_slg_avg_10": 0.4327571733821734, "sc_barrel_rate": 8.574146341463415, "sc_hard_hit_pct": 41.76179640718563, "sc_avg_exit_velo": 89.46588628762541, "sc_avg_launch_angle": 13.656679389312975, "sc_sweet_spot_pct": 34.17178571428571, "sc_fb_pct": 36.68206806282722, "sc_gb_pct": 33.918170103092784, "sc_ld_pct": 100.0, "sc_xba": 0.24767160775370578, "sc_xslg": 0.4159722222222222, "sc_xwoba": 0.3217146341463415, "sc_xiso": 0.1721011959521619, "sc_pull_pct": NaN, "sc_opposite_pct": NaN, "sc_popup_pct": NaN, "sc_brl_pa": 5.851321279554938, "sprint_speed": 27.2, "opp_sp_sc_barrel_rate": 8.441685821274024, "opp_sp_sc_hard_hit_pct": 40.711724137931036, "opp_sp_sc_avg_exit_velo": 89.36514657980456, "opp_sp_sc_gb_pct": 31.864165103189492, "opp_sp_sc_fb_pct": 34.88139534883721, "opp_sp_sc_xba": 0.24509158415841584, "opp_sp_sc_xslg": 0.413, "opp_sp_sc_xwoba": 0.31879729729729733, "opp_sp_fb_pct": 34.2, "opp_sp_fb_hard_hit_pct": 46.3, "opp_sp_fb_xwoba": 0.351, "opp_sp_fb_run_value_per_100": 0.0, "opp_sp_fb_whiff_pct": 20.0, "opp_sp_fb_k_pct": 20.8, "opp_sp_sl_pct": 20.5, "opp_sp_sl_whiff_pct": 31.6, "opp_sp_sl_k_pct": 25.0, "opp_sp_sl_xwoba": 0.299, "opp_sp_ch_pct": 18.7, "opp_sp_ch_whiff_pct": 30.7, "opp_sp_ch_k_pct": 22.3, "opp_sp_fastball_family_pct": 45.3, "opp_sp_pitch_diversity": 0.638, "opp_sp_si_pct": 19.7, "opp_sp_si_whiff_pct": 12.1, "opp_sp_si_k_pct": 12.6, "opp_sp_si_hard_hit_pct": 46.0, "opp_sp_sl_hard_hit_pct": 39.7, "opp_sp_sl_run_value_per_100": 0.0, "opp_sp_ch_hard_hit_pct": 31.6, "opp_sp_ch_run_value_per_100": 0.5, "sc_b_oz_swing_pct": 29.1, "sc_b_iz_contact_pct": 83.8, "sc_b_oz_contact_pct": 56.3, "sc_b_disc_whiff_pct": 24.8, "sc_b_out_zone_pct": 51.4, "opp_bp_era_5": 3.6, "opp_bp_era_10": 3.8885974304068522, "opp_bp_k9_5": 8.574027985906609, "opp_bp_ip_last_7": 22.01, "opp_bp_era_7d": 3.678474114441417, "opp_bp_relievers_last_1d": 3.0, "opp_bp_relievers_last_2d": 5.0, "batter_n_games_at_venue": 4.0, "batter_venue_ba": 0.0, "batter_venue_hr_rate": 0.0, "batter_venue_slg": 0.0, "sp_k_pct_vs_lhb_25": 0.2562674094707521, "sp_k_pct_vs_rhb_25": 0.25471698113207547, "sp_k_pct_vs_lhb_10": 0.25742574257425743, "sp_k_pct_vs_rhb_10": 0.25165562913907286, "confirmed_batting_order": NaN, "confirmed_lineup_source": NaN, "book_line": 1.5, "season_2025-regular": 0.0, "season_2026-regular": 1.0, "batter_hand_L": 0.0, "batter_hand_R": 0.0, "batter_hand_S": 0.0, "batter_hand_nan": 0.0, "opp_sp_hand_L": 0.0, "opp_sp_hand_R": 1.0, "opp_sp_hand_nan": 0.0, "hits_trend_5v10": 0.0, "hits_hot_ratio": 1.0, "hits_trend_sig": 0.0, "hits_trend_accel": 0.0, "hr_trend_5v10": 0.0, "hr_hot_ratio": 1.0, "hr_trend_accel": 0.0, "tb_trend_5v10": 0.0, "tb_hot_ratio": 1.0, "tb_trend_sig": 0.0, "tb_trend_accel": 1.1102230246251565e-16, "early_season_weight": 1.0, "hr_park_adj_10": 0.1003, "tb_park_adj_10": 1.388, "hr_rate_cumul_trend_5v20": 0.0, "hr_rate_cumul_x_park": 0.027777777777777776, "tb_cv_10": 1.1486707293408518, "tb_power_opportunity": 0.475, "sc_xslg_x_park": 0.4164407441624365, "sc_brl_x_ab": 20.456200657894737, "hits_vs_opp_era": 0.8475422138836773, "tb_vs_opp_fip": 1.3709858840346645, "opp_bp_era_adj": -0.6000000000000001, "hits_vs_opp_bp_era": 0.75, "tb_vs_opp_bp_era": 1.1797752808988762, "opp_bp_era7_x_ip7": 81.0, "wind_x_park_hr": 7.929900000000001, "is_cold_game": 0.0, "temp_below_60": 0.0, "bb_trend_5v10": 0.0, "bb_hot_ratio": 1.0, "bb_trend_sig": 0.0, "ump_bb9_x_batter_bb_rate": 0.2538536506588569, "ump_bb9_x_bb_avg_10": 1.0387256566463596, "hits_vs_ump_k9": 0.8804947742313607, "contact_vs_ump_zone": 0.42730521834946683, "is_top_of_order": 0.0, "is_cleanup": 0.0, "hits_cs_delta": 0.0, "tb_cs_delta": 0.0, "hr_cs_delta": 0.0, "hits_cs_vs_prev": -0.06669999999999998, "tb_cs_vs_prev": -0.15259999999999996, "hits_vs_hand_weighted": 0.65, "tb_vs_hand_weighted": 1.0416666666666667, "k_rate_vs_hand_weighted": 0.16666666666666666, "iso_vs_hand_weighted": 0.09999999999999999, "hits_hand_split_weighted": -0.016666666666666666, "tb_hand_split_weighted": -0.03529411764705882, "hr_hand_split_weighted": 0.0, "hr_vs_hand_weighted": 0.05, "h2h_reliability": 0.0, "h2h_ops": 0.0, "h2h_ba_weighted": 0.0, "h2h_ops_weighted": 0.0, "h2h_k_rate_weighted": 0.0, "h2h_iso_weighted": 0.0, "h2h_ops_delta": 0.0, "h2h_k_rate_delta": 0.0, "h2h_has_history": 0.0, "h2h_hr_rate": 0.0, "h2h_hr_rate_weighted": 0.0, "h2h_hr_vs_baseline": 0.0, "hits_venue_adj": 0.875, "hits_home_away_split": 0.0, "tb_venue_adj": 1.3636363636363635, "tb_home_away_split": 0.0, "hr_venue_adj": 0.1, "hr_home_away_split": 0.0, "bb_venue_adj": 0.3333333333333333,