{"is_home": 0.0, "rest_days": 1.0, "hits_avg_5": 0.8, "hits_avg_10": 0.9, "hits_avg_20": 0.875, "hits_sd_10": 0.8232726023485646, "hr_avg_5": 0.0, "hr_avg_10": 0.1, "hr_avg_20": 0.1, "tb_avg_5": 1.4, "tb_avg_10": 1.4, "tb_avg_20": 1.4, "tb_sd_10": 1.5776212754932308, "ab_avg_5": 3.6, "ab_avg_10": 3.6, "avg_avg_10": 0.24166666666666664, "k_rate_avg_10": 0.24, "bb_rate_avg_10": 0.075, "iso_avg_10": 0.13333333333333333, "hr_rate_avg_5": 0.0, "hr_rate_avg_10": 0.025, "n_games_prev_10": 10.0, "bb_avg_5": 0.25, "bb_avg_10": 0.3, "bb_avg_20": 0.3333333333333333, "bb_sd_10": 0.48304589153964794, "k_avg_5": 0.8, "k_avg_10": 0.8, "hits_home_avg_20": 0.875, "hits_away_avg_20": 0.875, "tb_home_avg_20": 1.375, "tb_away_avg_20": 1.3636363636363635, "hr_home_avg_20": 0.1, "hr_away_avg_20": 0.1, "bb_home_avg_20": 0.3333333333333333, "bb_away_avg_20": 0.3333333333333333, "opp_sp_era_5": 3.959983918520504, "opp_sp_fip_5": 4.084479717813051, "opp_sp_k_pct_5": 0.21149919754083749, "opp_sp_k9_5": 8.167220450348399, "opp_sp_bb_pct_5": 0.08088005997001499, "opp_sp_whip_5": 1.3095238095238095, "opp_sp_ip_avg_5": 5.334, "opp_sp_hr9_5": 1.0374603174603174, "opp_sp_hr9_10": 1.0674603174603174, "opp_sp_days_since_last_start": 6.0, "opp_sp_is_short_rest": 0.0, "opp_sp_era_home_10": 3.5, "opp_sp_era_away_10": 4.2, "park_run_factor": 1.006, "park_hr_factor": 1.012, "ump_bb9_avg_10": 3.2563485924666447, "ump_k9_avg_10": 8.631248775282273, "temperature_f": 66.7, "wind_speed_mph": 7.9, "wind_sin": -0.3907311284892739, "wind_cos": -0.13917310096006535, "precip_prob_pct": 0.0, "is_dome": 0.0, "is_day_game": 0.0, "market_total": 8.5, "batting_order_avg_5": 4.6, "batting_order_avg_10": 4.7, "batter_hand": NaN, "opp_sp_hand": NaN, "hits_avg_40_vs_hand": NaN, "tb_avg_40_vs_hand": NaN, "k_rate_avg_40_vs_hand": NaN, "iso_avg_40_vs_hand": NaN, "hits_hand_split_40": 0.0, "tb_hand_split_40": 0.0, "n_games_vs_lhp_40": 0.0, "n_games_vs_rhp_40": 0.0, "n_games_prev_10_cs": 10.0, "hits_avg_10_cs": 0.9, "hits_avg_20_cs": 0.85, "tb_avg_10_cs": 1.4, "tb_avg_20_cs": 1.4, "hr_avg_10_cs": 0.1, "hr_rate_avg_10_cs": 0.025, "ab_avg_10_cs": 3.6, "k_rate_avg_10_cs": 0.24166666666666664, "bb_rate_avg_10_cs": 0.075, "iso_avg_10_cs": 0.13333333333333333, "prev_games": 106.0, "prev_hits_avg": 0.97, "prev_tb_avg": 1.5946, "prev_hr_avg": 0.1373, "prev_ab_avg": 3.8438, "prev_k_rate": 0.2463, "prev_bb_rate": 0.0598, "prev_iso": 0.1612, "prev_hr_rate": 0.0348, "h2h_games": 0.0, "h2h_ba": 0.25, "h2h_obp": 0.26666666666666666, "h2h_slg": 0.3076923076923077, "h2h_k_rate": 0.25, "h2h_iso": 0.0, "own_lineup_slg_avg_10": 0.3932715762685988, "own_lineup_iso_avg_10": 0.1451851851851852, "own_top4_slg_avg_10": 0.43786618786618786, "sc_barrel_rate": 8.663788300835655, "sc_hard_hit_pct": 41.67334254143646, "sc_avg_exit_velo": 89.47181818181818, "sc_avg_launch_angle": 13.603516819571864, "sc_sweet_spot_pct": 34.16672535211268, "sc_fb_pct": 36.51147540983606, "sc_gb_pct": 34.14323962516733, "sc_ld_pct": 100.0, "sc_xba": 0.24679638009049776, "sc_xslg": 0.4162358722358723, "sc_xwoba": 0.32175750577367207, "sc_xiso": 0.17172189349112424, "sc_pull_pct": NaN, "sc_opposite_pct": NaN, "sc_popup_pct": NaN, "sc_brl_pa": 5.868337975858867, "sprint_speed": 27.2, "opp_sp_sc_barrel_rate": 8.9, "opp_sp_sc_hard_hit_pct": 41.5, "opp_sp_sc_avg_exit_velo": 89.6, "opp_sp_sc_gb_pct": 56.8, "opp_sp_sc_xba": 0.248, "opp_sp_sc_xslg": 0.418, "opp_sp_sc_xwoba": 0.323, "opp_sp_fb_pct": 35.1, "opp_sp_fb_hard_hit_pct": 46.7, "opp_sp_fb_xwoba": 0.349, "opp_sp_fb_run_value_per_100": -0.2, "opp_sp_fb_whiff_pct": 20.1, "opp_sp_fb_k_pct": 20.8, "opp_sp_sl_pct": 21.5, "opp_sp_sl_whiff_pct": 31.9, "opp_sp_sl_k_pct": 25.6, "opp_sp_sl_xwoba": 0.296, "opp_sp_ch_pct": 19.1, "opp_sp_ch_whiff_pct": 30.2, "opp_sp_ch_k_pct": 22.7, "opp_sp_fastball_family_pct": 45.3, "opp_sp_pitch_diversity": 0.632, "opp_sp_si_pct": 20.2, "opp_sp_si_whiff_pct": 12.1, "opp_sp_si_k_pct": 13.4, "opp_sp_si_hard_hit_pct": 45.8, "opp_sp_sl_hard_hit_pct": 39.3, "opp_sp_sl_run_value_per_100": 0.1, "opp_sp_ch_hard_hit_pct": 31.9, "opp_sp_ch_run_value_per_100": 0.5, "sc_b_oz_swing_pct": 28.8, "sc_b_iz_contact_pct": 83.5, "sc_b_oz_contact_pct": 56.0, "sc_b_disc_whiff_pct": 24.8, "sc_b_out_zone_pct": 50.8, "opp_bp_era_5": 3.7326253774210176, "opp_bp_era_10": 4.05, "opp_bp_k9_5": 8.585558583106266, "opp_bp_ip_last_7": 22.0, "opp_bp_era_7d": 3.857142857142857, "book_line": 1.5, "season_2025-regular": 1.0, "season_2026-regular": 0.0, "hits_trend_5v10": 0.0, "hits_hot_ratio": 1.0, "hits_trend_sig": 0.0, "hr_trend_5v10": 0.0, "hr_hot_ratio": 1.0, "tb_trend_5v10": 0.0, "tb_hot_ratio": 1.0, "tb_trend_sig": 0.0, "hr_park_adj_10": 0.10120000000000001, "tb_park_adj_10": 1.4167999999999998, "tb_cv_10": 1.1486707293408518, "tb_power_opportunity": 0.475, "sc_xslg_x_park": 0.41737356969696965, "sc_brl_x_ab": 20.467543655413273, "hits_vs_opp_era": 0.8372817876575124, "tb_vs_opp_fip": 1.3654938271604937, "opp_bp_era_adj": -0.46737462257898255, "hits_vs_opp_bp_era": 0.7714285714285715, "tb_vs_opp_bp_era": 1.2188571428571429, "opp_bp_era7_x_ip7": 81.00000000000001, "wind_x_park_hr": 7.657499999999999, "is_cold_game": 0.0, "temp_below_60": 0.0, "bb_trend_5v10": 0.0, "bb_hot_ratio": 1.0, "bb_trend_sig": 0.0, "ump_bb9_x_batter_bb_rate": 0.2488069301794792, "ump_bb9_x_bb_avg_10": 1.0167769839453291, "is_top_of_order": 0.0, "is_cleanup": 0.0, "hits_cs_delta": 0.0, "tb_cs_delta": 0.0, "hr_cs_delta": 0.0, "hits_cs_vs_prev": -0.059699999999999864, "tb_cs_vs_prev": -0.14290000000000003, "hits_vs_hand_weighted": 0.0, "tb_vs_hand_weighted": 0.0, "k_rate_vs_hand_weighted": 0.0, "iso_vs_hand_weighted": 0.0, "hits_hand_split_weighted": 0.0, "tb_hand_split_weighted": 0.0, "h2h_reliability": 0.0, "h2h_ops": 0.0, "h2h_ba_weighted": 0.0, "h2h_ops_weighted": 0.0, "h2h_k_rate_weighted": 0.0, "h2h_iso_weighted": 0.0, "h2h_k_rate_delta": 0.0, "h2h_has_history": 0.0, "hits_venue_adj": 0.875, "hits_home_away_split": 0.0, "tb_venue_adj": 1.3636363636363635, "tb_home_away_split": 0.0, "hr_venue_adj": 0.1, "hr_home_away_split": 0.0, "bb_venue_adj": 0.3333333333333333, "bb_home_away_split": 0.0, "sc_barrel_x_park_hr": 8.574123076923078, "sc_hard_hit_x_fb": 15.165661082511178, "sc_exit_velo_above_avg": 1.471818181818179, "sc_xslg_vs_iso": 0.2767121212121212, "sc_xwoba_vs_avg": 0.08000136054421775, "sc_xiso_park_adj": 0.16979720279720278, "sc_sweet_spot_x_velo": 1.5158049149338364, "sc_barrel_matchup": -0.18316633266533078, "sc_hard_hit_matchup": 0.25118259224219486, "opp_sp_gb_tendency": 0.565, "sc_hittability_combo": 0.6430589390962671, "sc_barrel_x_opp_fb": 3.1390282051282052, "sc_hard_hit_x_opp": 0.16865797899649937, "sc_xslg_x_opp_xwoba": 0.13279526675786593, "sc_xwoba_x_opp_xwoba": 0.1029282, "opp_sp_hr9_vs_avg": 0.0, "fb_x_opp_hr9": 0.3996973259793694, "barrel_x_opp_hr9": 7.961805555555555, "xiso_x_opp_hr9": 0.16775409836065572, "sc_in_hr_la_zone": 0.0, "sc_la_ev_composite": 0.0, "is_b2b": 1.0, "is_regular_starter": 1.0, "ab_per_game_played": 0.37, "is_bottom_of_order": 0.0, "pa_frequency_factor": 0.5888888888888889, "top_order_x_weak_bp": 0.0}