{"is_home": 1.0, "ip_avg_5": 5.466, "k_pct_5": 0.2124384723917902, "k9_5": 8.149584440356973, "era_5": 3.96984126984127, "whip_5": 1.31480472297911, "fip_5": 4.097931908501014, "bb_pct_5": 0.07813852813852813, "hr9_5": 1.0883382617857993, "k_pct_10": 0.21340775752308058, "k9_10": 8.180315311546986, "era_10": 4.082371016872516, "whip_10": 1.322689066088775, "fip_10": 4.128462629418108, "starts_in_window_5": 5.0, "starts_in_window_10": 6.0, "last_start_k": 5.0, "last_start_ip": 5.67, "last_start_bb": 2.0, "sp_days_since_last_start": 6.0, "is_short_rest": 0.0, "era_home_10": 3.375, "era_away_10": 4.212301587301587, "k9_home_10": 8.25, "k9_away_10": 7.778250207905637, "fip_home_10": 3.830531148645371, "fip_away_10": 4.1, "opp_k_pct_avg_10": 0.24521083280951705, "opp_bb_pct_avg_10": 0.08694704396910277, "opp_avg_avg_10": 0.2408963071961175, "opp_hr_avg_10": 1.0, "opp_iso_avg_10": 0.14341948682879826, "opp_slg_avg_10": 0.3844016138970198, "opp_lineup_k_pct_std": 0.10632794889420834, "opp_lineup_k_pct_cv": 0.43073585546329235, "park_run_factor": 1.012, "park_hr_factor": 1.021, "ump_k9_avg_10": 8.57643997759983, "ump_bb9_avg_10": 3.2292056918098333, "temperature_f": 68.8, "wind_speed_mph": 7.1, "wind_sin": -0.32556815445715676, "wind_cos": -0.25881904510252063, "precip_prob_pct": 0.0, "is_dome": 0.0, "is_day_game": 0.0, "market_total": 8.5, "pitcher_hand": NaN, "opp_lineup_avg_avg_10": 0.23863636363636365, "opp_lineup_iso_avg_10": 0.14259259259259258, "opp_top4_slg_avg_10": 0.43720760233918127, "sc_barrel_rate": 9.0, "sc_hard_hit_pct": 41.6, "sc_avg_exit_velo": 89.7, "sc_gb_pct": 21.8, "sc_fb_pct": 23.7, "sc_xba": 0.247, "sc_xslg": 0.415, "sc_xwoba": 0.32, "sc_sp_fb_whiff_pct": 20.6, "sc_sp_fb_k_pct": 21.6, "sc_sp_fb_put_away": 16.9, "sc_sp_sl_pct": 20.2, "sc_sp_sl_whiff_pct": 31.8, "sc_sp_sl_k_pct": 24.7, "sc_sp_sl_run_value_per_100": 0.1, "sc_sp_ch_pct": 17.9, "sc_sp_ch_whiff_pct": 29.6, "sc_sp_ch_k_pct": 22.3, "sc_sp_fb_pct": 35.6, "sc_sp_fb_hard_hit_pct": 46.6, "sc_sp_fb_xwoba": 0.348, "sc_sp_fb_run_value_per_100": -0.1, "sc_sp_si_pct": 19.75, "sc_sp_si_whiff_pct": 12.6, "sc_sp_si_k_pct": 13.8, "sc_sp_si_hard_hit_pct": 46.4, "sc_sp_fastball_family_pct": 46.0, "sc_sp_pitch_diversity": 0.625, "sc_sp_oz_swing_pct": 28.6, "sc_sp_iz_contact_pct": 83.7, "sc_sp_oz_contact_pct": 57.5, "sc_sp_disc_whiff_pct": 24.2, "catcher_framing_rv": 0.156834470147432, "catcher_framing_rate": 0.4716981132075472, "book_line": 4.5, "season_2025-regular": 1.0, "season_2026-regular": 0.0, "sc_xslg_x_park": 0.41764599999999996, "sp_k_pct_vs_opp_k_rate": 0.05187271196194884, "k9_trend_5v10": 0.0, "k_pct_trend_5v10": 0.0, "era_trend_5v10": 0.0, "fip_trend_5v10": 0.0, "k_pct_x_park_hr": 0.21352123064744993, "wind_x_park_hr": 7.0784, "is_cold_game": 0.0, "temp_below_60": 0.0, "ump_k9_x_sp_k_pct": 1.815462233983311, "ump_k9_x_opp_k_pct": 2.094963809225954, "sc_barrel_x_park_hr": 8.8172, "sc_hard_hit_x_fb": 10.2024, "sc_exit_velo_above_avg": 1.7000000000000028, "sc_barrel_vs_k_rate": 39.1769150293328, "sc_hard_hit_vs_opp_k": 10.169955510240138, "k9_shrunk": 8.310928081466145, "k_pct_shrunk": 0.21605446638868187, "framing_hand_benefit": 0.4627831715210356, "sp_k_pct_x_opp_cv": 0.30493150330472807}