{"is_home": 0.0, "rest_days": 1.0, "hits_avg_5": 0.8, "hits_avg_10": 0.9, "hits_avg_20": 0.875, "hits_sd_10": 0.8232726023485646, "hr_avg_5": 0.0, "hr_avg_10": 0.1, "hr_avg_20": 0.1, "tb_avg_5": 1.4, "tb_avg_10": 1.4, "tb_avg_20": 1.4, "tb_sd_10": 1.5670212364724212, "ab_avg_5": 3.6, "ab_avg_10": 3.6, "avg_avg_10": 0.24000000000000005, "k_rate_avg_10": 0.24166666666666664, "bb_rate_avg_10": 0.075, "iso_avg_10": 0.13333333333333333, "hr_rate_avg_5": 0.0, "hr_rate_avg_10": 0.025, "hr_rate_cumul_5": 0.0, "hr_rate_cumul_10": 0.02702702702702703, "hr_rate_cumul_20": 0.028169014084507043, "n_games_prev_10": 10.0, "obp_avg_10": 0.305, "hr_any_last1": 0.0, "hr_count_last3": 0.0, "hr_games_with_hr_last5": 0.0, "bb_avg_5": 0.3333333333333333, "bb_avg_10": 0.3, "bb_avg_20": 0.3333333333333333, "bb_sd_10": 0.5, "k_avg_5": 0.8, "k_avg_10": 0.8, "hits_home_avg_20": 0.875, "hits_away_avg_20": 0.875, "tb_home_avg_20": 1.375, "tb_away_avg_20": 1.3333333333333333, "hr_home_avg_20": 0.09090909090909091, "hr_away_avg_20": 0.09090909090909091, "bb_home_avg_20": 0.3333333333333333, "bb_away_avg_20": 0.3333333333333333, "opp_sp_era_5": 3.96, "opp_sp_fip_5": 4.111609953442497, "opp_sp_k_pct_5": 0.2130109917253304, "opp_sp_k9_5": 8.199576799278086, "opp_sp_bb_pct_5": 0.07968025126348163, "opp_sp_whip_5": 1.3081167279342032, "opp_sp_ip_avg_5": 5.335, "opp_sp_pitches_est": 88.0275, "opp_sp_hr9_5": 1.0628517823639776, "opp_sp_hr9_10": 1.0923194183864915, "opp_sp_fb_velo_avg_5": 94.07299145299146, "opp_sp_fb_velo_trend_5": -0.011621896115769914, "opp_sp_days_since_last_start": 6.0, "opp_sp_is_short_rest": 0.0, "opp_sp_era_home_10": 3.45, "opp_sp_era_away_10": 4.159093553633168, "park_run_factor": 1.012, "park_hr_factor": 1.021, "ump_bb9_avg_10": 3.2234811702458757, "ump_k9_avg_10": 8.632778928074405, "temperature_f": 66.8, "wind_speed_mph": 7.6, "wind_sin": -0.39073112848927355, "wind_cos": -0.22495105434386525, "precip_prob_pct": 0.0, "is_dome": 0.0, "is_day_game": 0.0, "market_total": 8.5, "batting_order_avg_5": 4.6, "batting_order_avg_10": 4.6, "hits_avg_40_vs_hand": 0.8823529411764706, "tb_avg_40_vs_hand": 1.4166666666666667, "k_rate_avg_40_vs_hand": 0.24444444444444446, "iso_avg_40_vs_hand": 0.1372549019607843, "hr_avg_40_vs_hand": 0.1, "hits_hand_split_40": -0.08333333333333333, "tb_hand_split_40": -0.2, "hr_hand_split_40": 0.0, "n_games_vs_lhp_40": 6.0, "n_games_vs_rhp_40": 17.0, "n_games_prev_10_cs": 10.0, "hits_avg_10_cs": 0.9, "hits_avg_20_cs": 0.85, "tb_avg_10_cs": 1.4, "tb_avg_20_cs": 1.4, "hr_avg_10_cs": 0.1, "hr_rate_avg_10_cs": 0.025, "ab_avg_10_cs": 3.6, "k_rate_avg_10_cs": 0.24166666666666664, "bb_rate_avg_10_cs": 0.075, "iso_avg_10_cs": 0.13333333333333333, "prev_games": 106.0, "prev_hits_avg": 0.9683, "prev_tb_avg": 1.6014, "prev_hr_avg": 0.1377, "prev_ab_avg": 3.8451, "prev_k_rate": 0.2459, "prev_bb_rate": 0.06, "prev_iso": 0.1616, "prev_hr_rate": 0.0354, "h2h_games": 0.0, "h2h_ba": 0.25, "h2h_obp": 0.25, "h2h_slg": 0.3, "h2h_k_rate": 0.25, "h2h_iso": 0.0, "h2h_hr": 0.0, "h2h_ab": 0.0, "own_lineup_slg_avg_10": 0.38921406955866505, "own_lineup_iso_avg_10": 0.14316666666666666, "own_top4_slg_avg_10": 0.43081767266549875, "sc_barrel_rate": 8.587286063569682, "sc_hard_hit_pct": 41.77252861602498, "sc_avg_exit_velo": 89.48842443729905, "sc_avg_launch_angle": 13.606113537117903, "sc_sweet_spot_pct": 34.15241379310345, "sc_fb_pct": 35.91984435797665, "sc_gb_pct": 33.44831460674157, "sc_ld_pct": 100.0, "sc_xba": 0.24761242603550296, "sc_xslg": 0.4161075268817204, "sc_xwoba": 0.32142857142857145, "sc_xiso": 0.17178078078078077, "sc_pull_pct": NaN, "sc_opposite_pct": NaN, "sc_popup_pct": NaN, "sc_brl_pa": 5.88468309859155, "sprint_speed": 27.2, "opp_sp_sc_barrel_rate": 8.474862385321101, "opp_sp_sc_hard_hit_pct": 40.92426260704091, "opp_sp_sc_avg_exit_velo": 89.47685950413222, "opp_sp_sc_gb_pct": 31.800246913580242, "opp_sp_sc_fb_pct": 33.89899497487437, "opp_sp_sc_xba": 0.24572806171648987, "opp_sp_sc_xslg": 0.4157052631578947, "opp_sp_sc_xwoba": 0.3193364485981308, "opp_sp_fb_pct": 35.2, "opp_sp_fb_hard_hit_pct": 46.3, "opp_sp_fb_xwoba": 0.35, "opp_sp_fb_run_value_per_100": -0.1, "opp_sp_fb_whiff_pct": 20.200000000000003, "opp_sp_fb_k_pct": 21.3, "opp_sp_sl_pct": 20.4, "opp_sp_sl_whiff_pct": 31.7, "opp_sp_sl_k_pct": 24.1, "opp_sp_sl_xwoba": 0.298, "opp_sp_ch_pct": 17.9, "opp_sp_ch_whiff_pct": 30.4, "opp_sp_ch_k_pct": 22.2, "opp_sp_fastball_family_pct": 45.900000000000006, "opp_sp_pitch_diversity": 0.633, "opp_sp_si_pct": 19.8, "opp_sp_si_whiff_pct": 12.2, "opp_sp_si_k_pct": 12.7, "opp_sp_si_hard_hit_pct": 46.3, "opp_sp_sl_hard_hit_pct": 39.5, "opp_sp_sl_run_value_per_100": 0.0, "opp_sp_ch_hard_hit_pct": 32.7, "opp_sp_ch_run_value_per_100": 0.3, "sc_b_oz_swing_pct": 28.9, "sc_b_iz_contact_pct": 83.6, "sc_b_oz_contact_pct": 56.0, "sc_b_disc_whiff_pct": 24.9, "sc_b_out_zone_pct": 50.6, "opp_bp_era_5": 3.642742643240868, "opp_bp_era_10": 3.9049720096635836, "opp_bp_k9_5": 8.70848207451857, "opp_bp_ip_last_7": 21.67, "opp_bp_era_7d": 3.75, "opp_bp_relievers_last_1d": 3.0, "opp_bp_relievers_last_2d": 5.0, "book_line": 0.5, "season_2025-regular": 1.0, "season_2026-regular": 0.0, "batter_hand_L": 0.0, "batter_hand_R": 1.0, "batter_hand_S": 0.0, "batter_hand_nan": 0.0, "opp_sp_hand_L": 0.0, "opp_sp_hand_R": 1.0, "opp_sp_hand_nan": 0.0, "hits_trend_5v10": 0.0, "hits_hot_ratio": 1.0, "hits_trend_sig": 0.0, "hits_trend_accel": 0.0, "hr_trend_5v10": 0.0, "hr_hot_ratio": 1.0, "hr_trend_accel": 0.0, "tb_trend_5v10": 0.0, "tb_hot_ratio": 1.0, "tb_trend_sig": 0.0, "tb_trend_accel": 0.0, "early_season_weight": 1.0, "hr_park_adj_10": 0.1003, "tb_park_adj_10": 1.3734, "hr_rate_cumul_trend_5v20": 0.0, "hr_rate_cumul_x_park": 0.027676470588235292, "tb_cv_10": 1.1486707293408518, "tb_power_opportunity": 0.4666666666666667, "sc_xslg_x_park": 0.4162952062256809, "sc_brl_x_ab": 20.483168316831687, "hits_vs_opp_era": 0.8236111111111111, "tb_vs_opp_fip": 1.35, "opp_bp_era_adj": -0.5572573567591323, "hits_vs_opp_bp_era": 0.756, "tb_vs_opp_bp_era": 1.1969999999999998, "opp_bp_era7_x_ip7": 81.0, "wind_x_park_hr": 7.574400000000001, "is_cold_game": 0.0, "temp_below_60": 0.0, "bb_trend_5v10": 0.0, "bb_hot_ratio": 1.0, "bb_trend_sig": 0.0, "ump_bb9_x_batter_bb_rate": 0.24692831508331384, "ump_bb9_x_bb_avg_10": 1.01120543685776, "hits_vs_ump_k9": 0.878773557174119, "contact_vs_ump_zone": 0.42434217578365735, "is_top_of_order": 0.0, "is_cleanup": 0.0, "hits_cs_delta": 0.0, "tb_cs_delta": 0.0, "hr_cs_delta": 0.0, "hits_cs_vs_prev": -0.06789999999999996, "tb_cs_vs_prev": -0.15679999999999983, "hits_vs_hand_weighted": 0.5499999999999999, "tb_vs_hand_weighted": 0.8500000000000001, "k_rate_vs_hand_weighted": 0.1433333333333333, "iso_vs_hand_weighted": 0.08461538461538462, "hits_hand_split_weighted": -0.01111111111111111, "tb_hand_split_weighted": -0.03157894736842104, "hr_hand_split_weighted": 0.0, "hr_vs_hand_weighted": 0.05, "h2h_reliability": 0.0, "h2h_ops": 0.0, "h2h_ba_weighted": 0.0, "h2h_ops_weighted": 0.0, "h2h_k_rate_weighted": 0.0, "h2h_iso_weighted": 0.0, "h2h_ops_delta": 0.0, "h2h_k_rate_delta": 0.0, "h2h_has_history": 0.0, "h2h_hr_rate": 0.0, "h2h_hr_rate_weighted": 0.0, "h2h_hr_vs_baseline": 0.0, "hits_venue_adj": 0.875, "hits_home_away_split": 0.0, "tb_venue_adj": 1.3333333333333333, "tb_home_away_split": 0.0, "hr_venue_adj": 0.09090909090909091, "hr_home_away_split": 0.0, "bb_venue_adj": 0.3333333333333333, "bb_home_away_split": 0.0, "sc_barrel_x_park_hr": 8.576672312703582, "sc_hard_hit_x_fb": 15.062003120320957, "sc_exit_velo_above_avg": 1.4884244372990452, "sc_xslg_vs_iso": 0.27743851508120654, "sc_xwoba_vs_avg": 0.08190909090909093, "sc_xiso_park_adj": 0.17010299759615385, "sc_pull_x_park_hr": 0.4, "sc_oppo_x_park_hr": 0.25, "sc_pull_x_sp_fb_pct": 18.12, "sc_oppo_x_sp_breaking_pct": -11.075, "sc_spray_arsenal_edge": 29.195, "sc_sweet_spot_x_velo": 1.522248297439185, "sc_barrel_matchup": 0.16458375861760288, "sc_hard_hit_matchup": 1.0312734212352623,