{"is_home": 1.0, "ip_avg_5": 5.466, "k_pct_5": 0.21442689532825954, "k9_5": 8.25, "era_5": 4.281722221999027, "whip_5": 1.33, "fip_5": 4.153626376833802, "bb_pct_5": 0.07465420041289503, "hr9_5": 1.217142857142857, "k_pct_10": 0.21537975238751725, "k9_10": 8.258385467839192, "era_10": 4.375703564727955, "whip_10": 1.3377958276056081, "fip_10": 4.198384903262952, "starts_in_window_5": 5.0, "starts_in_window_10": 10.0, "last_start_k": 5.0, "last_start_ip": 5.67, "last_start_bb": 2.0, "sp_days_since_last_start": 6.0, "is_short_rest": 0.0, "era_home_10": 3.8182977067267068, "era_away_10": 4.429100529100529, "k9_home_10": 8.459845196449395, "k9_away_10": 8.0, "fip_home_10": 3.902401639960882, "fip_away_10": 4.240641805337739, "opp_k_pct_avg_10": 0.25027022340683336, "opp_bb_pct_avg_10": 0.08215856305167639, "opp_avg_avg_10": 0.2390202786754511, "opp_hr_avg_10": 1.1, "opp_iso_avg_10": 0.15070195442406398, "opp_slg_avg_10": 0.389484791134658, "opp_lineup_k_pct_std": 0.10373577546396956, "opp_lineup_k_pct_cv": 0.4106137610109003, "park_run_factor": 1.006, "park_hr_factor": 1.012, "ump_k9_avg_10": 8.534578275754745, "ump_bb9_avg_10": 3.123529411764706, "temperature_f": 75.7, "wind_speed_mph": 7.0, "wind_sin": -0.19080899537654467, "wind_cos": -0.29237170472273666, "precip_prob_pct": 0.0, "is_dome": 0.0, "is_day_game": 0.0, "market_total": 8.5, "pitcher_hand": NaN, "opp_lineup_avg_avg_10": 0.23796296296296301, "opp_lineup_iso_avg_10": 0.14907407407407405, "opp_top4_slg_avg_10": 0.4399505781084728, "sc_barrel_rate": 8.5, "sc_hard_hit_pct": 40.708541392904074, "sc_avg_exit_velo": 89.43009708737864, "sc_gb_pct": 27.280125523012554, "sc_fb_pct": 29.40343213728549, "sc_xba": 0.2458366174055829, "sc_xslg": 0.41729543245869777, "sc_xwoba": 0.3190173410404624, "sc_sp_fb_whiff_pct": 20.6, "sc_sp_fb_k_pct": 22.1, "sc_sp_fb_put_away": 17.4, "sc_sp_sl_pct": 21.9, "sc_sp_sl_whiff_pct": 31.4, "sc_sp_sl_k_pct": 25.6, "sc_sp_sl_run_value_per_100": 0.1, "sc_sp_ch_pct": 17.5, "sc_sp_ch_whiff_pct": 29.6, "sc_sp_ch_k_pct": 21.0, "sc_sp_fb_pct": 37.3, "sc_sp_fb_hard_hit_pct": 45.6, "sc_sp_fb_xwoba": 0.34, "sc_sp_fb_run_value_per_100": 0.0, "sc_sp_si_pct": 20.7, "sc_sp_si_whiff_pct": 12.5, "sc_sp_si_k_pct": 13.4, "sc_sp_si_hard_hit_pct": 44.8, "sc_sp_fastball_family_pct": 46.3, "sc_sp_pitch_diversity": 0.619, "sc_sp_oz_swing_pct": 28.6, "sc_sp_iz_contact_pct": 83.5, "sc_sp_oz_contact_pct": 57.4, "sc_sp_disc_whiff_pct": 24.2, "catcher_framing_rv": 0.19697789637114024, "catcher_framing_rate": 0.4716981132075472, "season_2024-regular": 0.0, "season_2025-regular": 0.0, "season_2026-regular": 0.0, "sc_xslg_x_park": 0.4155105191040843, "sp_k_pct_vs_opp_k_rate": 0.053272698437267126, "k9_trend_5v10": 0.0, "k_pct_trend_5v10": 0.0, "era_trend_5v10": 0.0, "fip_trend_5v10": 0.0, "k_pct_x_park_hr": 0.21410938068285237, "wind_x_park_hr": 6.90995, "is_cold_game": 0.0, "temp_below_60": 0.0, "sp_k_pct_trend_5v10": 0.0, "sp_k9_trend_5v10": 0.0, "k_trend_x_ump_k9": 0.0, "contact_vs_ump_zone": 0.42141866632045244, "ump_k9_x_sp_k_pct": 1.8202456695227331, "ump_k9_x_opp_k_pct": 2.116184775864208, "ump_k9_x_sp_whiff_pct": 205.94842150566208, "ump_k9_x_sp_sl_whiff_pct": 263.7310140437498, "ump_k9_x_sp_k9_5": 69.79689284283985, "ump_k9_x_sp_opp_k_triple": 0.45229404149617436, "sc_barrel_x_park_hr": 8.526522327469554, "sc_hard_hit_x_fb": 11.889142011834316, "sc_exit_velo_above_avg": 1.4300970873786412, "sc_barrel_vs_k_rate": 37.435142218003, "sc_hard_hit_vs_opp_k": 10.062576183865247, "k9_shrunk": 8.358449844698681, "k_pct_shrunk": 0.21693570381133762, "framing_hand_benefit": 0.4567307692307692, "sp_k_pct_x_opp_cv": 0.30431063006283604}