{"is_home": 1.0, "ip_avg_5": 5.466, "k_pct_5": 0.2144500828110918, "k9_5": 8.25, "era_5": 4.29, "whip_5": 1.331981959624236, "fip_5": 4.158570569557147, "bb_pct_5": 0.07493539196449485, "hr9_5": 1.2159626793773135, "k_pct_10": 0.21553337926786437, "k9_10": 8.265961332130143, "era_10": 4.37323314689754, "whip_10": 1.3377362941815472, "fip_10": 4.196399457724219, "starts_in_window_5": 5.0, "starts_in_window_10": 10.0, "last_start_k": 5.0, "last_start_ip": 5.67, "last_start_bb": 2.0, "sp_days_since_last_start": 6.0, "is_short_rest": 0.0, "era_home_10": 3.825, "era_away_10": 4.426120664799726, "k9_home_10": 8.471125019852792, "k9_away_10": 8.016186219686364, "fip_home_10": 3.89976920586043, "fip_away_10": 4.239159861729155, "opp_k_pct_avg_10": 0.2500858035975996, "opp_k_pct_avg_5": 0.24996595219759846, "opp_bb_pct_avg_10": 0.08240374822907685, "opp_avg_avg_10": 0.2386778499278499, "opp_hr_avg_10": 1.1, "opp_iso_avg_10": 0.15009532973929257, "opp_slg_avg_10": 0.3886715276497224, "opp_lineup_k_pct_std": 0.10388666070100117, "opp_lineup_k_pct_cv": 0.4113318371213452, "opp_lineup_pct_lhb": 0.36363636363636365, "park_run_factor": 1.006, "park_hr_factor": 1.012, "ump_k9_avg_10": 8.537430743385817, "ump_bb9_avg_10": 3.135294117647059, "temperature_f": 75.6, "wind_speed_mph": 7.1, "wind_sin": -0.19080899537654472, "wind_cos": -0.27563735581699905, "precip_prob_pct": 0.0, "is_dome": 0.0, "is_day_game": 0.0, "market_total": 8.5, "line_move_total": 0.5, "opp_lineup_avg_avg_10": 0.23759259259259258, "opp_lineup_iso_avg_10": 0.1486363636363636, "opp_top4_slg_avg_10": 0.4387844611528822, "sc_barrel_rate": 8.408196721311475, "sc_hard_hit_pct": 40.85195439739414, "sc_avg_exit_velo": 89.40585817060636, "sc_gb_pct": 27.10148462354189, "sc_fb_pct": 28.892725030826142, "sc_xba": 0.24560377358490568, "sc_xslg": 0.4168232558139535, "sc_xwoba": 0.31811584327086884, "sc_sp_fb_whiff_pct": 20.5, "sc_sp_fb_k_pct": 21.9, "sc_sp_fb_put_away": 17.4, "sc_sp_sl_pct": 21.7, "sc_sp_sl_whiff_pct": 31.1, "sc_sp_sl_k_pct": 25.6, "sc_sp_sl_run_value_per_100": 0.1, "sc_sp_ch_pct": 17.5, "sc_sp_ch_whiff_pct": 29.6, "sc_sp_ch_k_pct": 21.1, "sc_sp_fb_pct": 37.1, "sc_sp_fb_hard_hit_pct": 45.5, "sc_sp_fb_xwoba": 0.34, "sc_sp_fb_run_value_per_100": 0.0, "sc_sp_si_pct": 20.5, "sc_sp_si_whiff_pct": 12.5, "sc_sp_si_k_pct": 13.3, "sc_sp_si_hard_hit_pct": 44.8, "sc_sp_fastball_family_pct": 46.3, "sc_sp_pitch_diversity": 0.62, "sc_sp_oz_swing_pct": 28.7, "sc_sp_iz_contact_pct": 83.5, "sc_sp_oz_contact_pct": 57.4, "sc_sp_disc_whiff_pct": 24.1, "catcher_framing_rv": 0.19697789637114024, "catcher_framing_rate": 0.4716981132075472, "sp_fb_velo_avg_5": 93.89834138628619, "sp_fb_velo_trend_5": 0.01109527022686052, "venue_n_starts": 4.0, "venue_era": 3.9385553470919326, "venue_k9": 8.708763740281869, "venue_fip": 3.8666666666666667, "sp_k_pct_vs_lhb_25": 0.2564102564102564, "sp_k_pct_vs_rhb_25": 0.2508833922261484, "sp_k_pct_vs_lhb_10": 0.256, "sp_k_pct_vs_rhb_10": 0.25, "sp_hr_rate_vs_lhb_25": 0.03225806451612903, "sp_hr_rate_vs_rhb_25": 0.03058823529411765, "sp_hr_rate_vs_lhb_10": 0.031914893617021274, "sp_hr_rate_vs_rhb_10": 0.030303030303030304, "svt_games": 0.0, "svt_era": 3.4615384615384617, "svt_k9": 8.314087759815243, "svt_k_pct": 0.42857142857142855, "svt_era_last3": 3.4615384615384617, "svt_k9_last3": 8.314087759815243, "sp_lob_pct_career": 62.01298701298701, "sp_lob_pct_10": 62.295081967213115, "park_babip_avg": 0.2867943442017508, "opp_runs_last3": 13.0, "opp_runs_avg3": 4.333333333333333, "opp_runs_last5": 22.0, "sp_babip_against_10": 0.27692307692307694, "sp_babip_against_career": 0.27699530516431925, "sp_babip_starts_10": 10.0, "sp_k_pct_last2": 0.2127659574468085, "opp_team_der_20": 0.7223340040241448, "opp_team_der_career": 0.7232715936181918, "market_k_line": 4.5, "season_2024-regular": 0.0, "season_2025-regular": 0.0, "season_2026-regular": 0.0, "pitcher_hand_L": 0.0, "pitcher_hand_R": 1.0, "pitcher_hand_nan": 0.0, "sc_xslg_x_park": 0.4155894063926941, "sp_k_pct_vs_opp_k_rate": 0.0532878450393127, "opp_team_k_trend_5v10": -6.559170077841125e-05, "k9_trend_5v10": 0.0, "k_pct_trend_5v10": 0.0, "era_trend_5v10": 0.0, "fip_trend_5v10": 0.0, "sp_era_fip_gap": 0.1299999999999999, "sp_k_bb_ratio_5": 2.867238979564654, "sp_vs_team_reliability": 0.0, "sp_vs_team_has_history": 0.0, "sp_vs_team_era_adj": 0.0, "sp_vs_team_era_delta": 0.0, "sp_vs_team_k9_adj": 0.0, "sp_vs_team_k9_delta": 0.0, "k_pct_x_park_hr": 0.21429778880351105, "wind_x_park_hr": 6.9768, "is_cold_game": 0.0, "temp_below_60": 0.0, "sp_k_pct_trend_5v10": 0.0, "sp_k9_trend_5v10": 0.0, "k_trend_x_ump_k9": 0.0, "contact_vs_ump_zone": 0.42212992401973154, "ump_k9_x_sp_k_pct": 1.8220772570322705, "ump_k9_x_opp_k_pct": 2.117484408928944, "ump_k9_x_sp_whiff_pct": 206.20151120738032, "ump_k9_x_sp_sl_whiff_pct": 263.7310140437498, "ump_k9_x_sp_k9_5": 69.88244468232185, "ump_k9_x_sp_opp_k_triple": 0.45247337508966845, "sp_lob_pct_filled": 62.01298701298701, "sp_lob_vs_avg": -8.987012987012989, "sp_lob_trend": 0.0, "sp_lob_era_quality": 2.6623680951201374, "sp_lob_luck_flag": 0.0, "park_babip_factor": 0.2867943442017508, "park_babip_vs_avg": -0.008205655798249167, "opp_runs_last3_filled": 13.0, "opp_hot_offense_flag": 0.0, "opp_cold_offense_flag": 0.0, "opp_runs_last3_vs_avg": 1.0, "sp_babip_against_10_filled": 0.27692307692307694, "sp_babip_vs_avg": -0.018076923076923046, "sp_babip_unlucky_flag": 0.0, "sp_babip_lucky_flag": 0.0, "sp_babip_against_career_filled": 0.27699530516431925, "sp_babip_trend": 0.0, "sp_k_pct_last2_filled": 0.2127659574468085, "sp_k_pct_last2_vs_5": -0.0020572611245256722, "sp_k_trending_up": 0.0, "sp_k_trending_down": 0.0, "opp_der_20_filled": 0.7223340040241448, "opp_der_vs_avg": 0.017334004024144867, "opp_good_defense": 1.0, "opp_poor_defense": 0.0, "line_move_total_filled": 0.5, "line_moved_up": 1.0, "line_moved_down": 0.0, "line_move_abs": 0.5, "market_k_line_filled": 4.5, "market_k_line_vs_avg": 0.0, "market_k_line_known": 0.0, "sc_barrel_x_park_hr": 8.522466995073891, "sc_hard_hit_x_fb": 11.71065804812208, "sc_exit_velo_above_avg": 1.4058581706063649, "sc_barrel_vs_k_rate": 37.384578483310904, "sc_hard_hit_vs_opp_k": 10.044738478810723, "sp_days_from_optimal_rest": 2.0, "sp_is_extended_rest": 0.0, "cold_x_sp_sl_pct": 0.0, "cold_x_sp_offspeed_pct": 0.0, "k9_shrunk": 8.361064425770309, "k_pct_shrunk": 0.2169783726464147, "expected_k_from_ip": 4.943456313775787, "framing_hand_benefit": 0.4567307692307692, "sp_k_pct_x_opp_cv": 0.3043629554338676, "venue_k9_adj": 8.440805023422213, "venue_k9_delta": 0.0, "venue_era_adj": 4.2, "venue_era_delta": 0.0, "venue_fip_adj": 4.071476786130292, "last_start_dominated": 0.0, "last_start_blowup": 0.0, "last_start_k9": 8.095952023988005, "last_start_k_bb": 2.0, "framing_x_sp_edge_work": 0.0, "framing_x_ump_k9": 0.0, "sp_k_split_advantage": 0.004317619813949847, "sp_k_split_trend_lhb": 0.0, "sp_k_split_trend_rhb": 0.0, "lineup_lhb_pct_x_sp_lhb_adv": 0.0011313898357087778, "opp_sp_hr_rate_split": 0.0012989824637367406}