{"game_month": 5.0, "is_home": 0.0, "rest_days": 1.0, "hits_avg_5": 0.8, "hits_avg_10": 0.9, "hits_avg_20": 0.85, "hits_sd_10": 0.8232726023485646, "hr_avg_5": 0.0, "hr_avg_10": 0.1, "hr_avg_20": 0.1, "tb_avg_5": 1.4, "tb_avg_10": 1.4, "tb_avg_20": 1.4, "tb_sd_10": 1.5776212754932308, "ab_avg_5": 3.6, "ab_avg_10": 3.6, "avg_avg_10": 0.24166666666666664, "k_rate_avg_10": 0.23666666666666666, "bb_rate_avg_10": 0.075, "iso_avg_10": 0.13333333333333333, "hr_rate_avg_5": 0.0, "hr_rate_avg_10": 0.025, "hr_rate_cumul_5": 0.0, "hr_rate_cumul_10": 0.027777777777777776, "hr_rate_cumul_20": 0.02857142857142857, "n_games_prev_10": 10.0, "obp_avg_10": 0.305, "hr_any_last1": 0.0, "hr_count_last3": 0.0, "hr_games_with_hr_last5": 0.0, "bb_avg_5": 0.2, "bb_avg_10": 0.3, "bb_avg_20": 0.3333333333333333, "bb_sd_10": 0.48304589153964794, "k_avg_5": 0.8, "k_avg_10": 0.8, "hits_home_avg_20": 0.8571428571428571, "hits_away_avg_20": 0.8888888888888888, "tb_home_avg_20": 1.375, "tb_away_avg_20": 1.375, "hr_home_avg_20": 0.1, "hr_away_avg_20": 0.1, "bb_home_avg_20": 0.3333333333333333, "bb_away_avg_20": 0.3333333333333333, "opp_sp_era_5": 4.140844277673546, "opp_sp_fip_5": 4.1380863039399625, "opp_sp_k_pct_5": 0.21209664398569947, "opp_sp_k9_5": 8.25, "opp_sp_bb_pct_5": 0.07996801279488204, "opp_sp_whip_5": 1.3235802469135802, "opp_sp_ip_avg_5": 5.335, "opp_sp_pitches_est": 88.0275, "opp_sp_last_start_ip": 5.33, "opp_sp_hr9_5": 1.08, "opp_sp_hr9_10": 1.0964412281485452, "opp_sp_fb_velo_avg_5": 94.1968214072562, "opp_sp_fb_velo_trend_5": 0.0009451257277248715, "opp_sp_days_since_last_start": 6.0, "opp_sp_is_short_rest": 0.0, "opp_sp_era_home_10": 3.6839935760171305, "opp_sp_era_away_10": 4.240562863260936, "park_run_factor": 1.006, "park_hr_factor": 1.012, "ump_bb9_avg_10": 3.3563261870546826, "ump_k9_avg_10": 8.575206768736859, "temperature_f": 70.6, "wind_speed_mph": 7.8, "wind_sin": -0.34202014332566866, "wind_cos": -0.06975647374412533, "precip_prob_pct": 0.0, "is_dome": 0.0, "is_day_game": 0.0, "market_total": 9.0, "line_move_total": 1.5, "batting_order_avg_5": 4.6, "batting_order_avg_10": 4.6, "is_lhb_batter": 0.0, "hits_avg_40_vs_hand": 0.8823529411764706, "tb_avg_40_vs_hand": 1.4242424242424243, "k_rate_avg_40_vs_hand": 0.24133333333333332, "iso_avg_40_vs_hand": 0.14333333333333334, "hr_avg_40_vs_hand": 0.1, "hits_hand_split_40": -0.05128205128205128, "tb_hand_split_40": -0.1, "hr_hand_split_40": -0.003134796238244514, "n_games_vs_lhp_40": 8.0, "n_games_vs_rhp_40": 24.0, "hits_avg_10_vs_hand": 0.875, "tb_avg_10_vs_hand": 1.375, "hr_avg_10_vs_hand": 0.0, "hits_avg_10_vs_lhp": 1.0, "hits_avg_10_vs_rhp": 0.8571428571428571, "n_games_vs_lhp_10": 2.0, "n_games_vs_rhp_10": 7.0, "n_games_prev_10_cs": 10.0, "hits_avg_10_cs": 0.9, "hits_avg_20_cs": 0.85, "tb_avg_10_cs": 1.4, "tb_avg_20_cs": 1.4, "hr_avg_10_cs": 0.1, "hr_rate_avg_10_cs": 0.025, "ab_avg_10_cs": 3.6, "k_rate_avg_10_cs": 0.23666666666666666, "bb_rate_avg_10_cs": 0.075, "iso_avg_10_cs": 0.13333333333333333, "prev_games": 107.0, "prev_hits_avg": 0.9737, "prev_tb_avg": 1.6014, "prev_hr_avg": 0.1364, "prev_ab_avg": 3.8455, "prev_k_rate": 0.2449, "prev_bb_rate": 0.0606, "prev_iso": 0.1626, "prev_hr_rate": 0.0344, "h2h_games": 0.0, "h2h_ba": 0.25, "h2h_obp": 0.28, "h2h_slg": 0.3333333333333333, "h2h_k_rate": 0.25, "h2h_iso": 0.0, "h2h_hr": 0.0, "h2h_ab": 0.0, "h2h_ba_last3": 0.25, "h2h_slg_last3": 0.3333333333333333, "h2h_hr_rate_last3": 0.0, "h2h_ab_last3": 0.0, "own_lineup_slg_avg_10": 0.3918802885107233, "own_lineup_iso_avg_10": 0.1464814814814815, "own_top4_slg_avg_10": 0.4353146853146853, "sc_barrel_rate": 8.469137466307279, "sc_hard_hit_pct": 41.65213004484305, "sc_avg_exit_velo": 89.38052373158756, "sc_avg_launch_angle": 13.803734939759037, "sc_sweet_spot_pct": 34.106958250497016, "sc_fb_pct": 36.28867924528302, "sc_gb_pct": 33.680392156862744, "sc_ld_pct": 100.0, "sc_xba": 0.24779289340101526, "sc_xslg": 0.4158510911424904, "sc_xwoba": 0.32263888888888886, "sc_xiso": 0.16919738072965387, "sc_pull_pct": NaN, "sc_opposite_pct": NaN, "sc_popup_pct": NaN, "sc_brl_pa": 5.663868065967017, "sprint_speed": 27.3, "opp_sp_sc_barrel_rate": 8.392898052691868, "opp_sp_sc_hard_hit_pct": 40.67208053691275, "opp_sp_sc_avg_exit_velo": 89.44206349206348, "opp_sp_sc_gb_pct": 31.05851318944844, "opp_sp_sc_fb_pct": 33.38009592326139, "opp_sp_sc_xba": 0.24472166538164997, "opp_sp_sc_xslg": 0.4125927189988624, "opp_sp_sc_xwoba": 0.31818644067796614, "opp_sp_fb_pct": 33.2, "opp_sp_fb_hard_hit_pct": 45.3, "opp_sp_fb_xwoba": 0.35, "opp_sp_fb_run_value_per_100": 0.0, "opp_sp_fb_whiff_pct": 19.8, "opp_sp_fb_k_pct": 20.6, "opp_sp_sl_pct": 19.1, "opp_sp_sl_whiff_pct": 31.7, "opp_sp_sl_k_pct": 26.8, "opp_sp_sl_xwoba": 0.296, "opp_sp_ch_pct": 17.3, "opp_sp_ch_whiff_pct": 30.3, "opp_sp_ch_k_pct": 22.2, "opp_sp_fastball_family_pct": 45.8, "opp_sp_pitch_diversity": 0.643, "opp_sp_si_pct": 18.9, "opp_sp_si_whiff_pct": 12.1, "opp_sp_si_k_pct": 11.8, "opp_sp_si_hard_hit_pct": 44.4, "opp_sp_sl_hard_hit_pct": 39.6, "opp_sp_sl_run_value_per_100": 0.3, "opp_sp_ch_hard_hit_pct": 31.3, "opp_sp_ch_run_value_per_100": 0.1, "sc_b_oz_swing_pct": 29.3, "sc_b_iz_contact_pct": 84.1, "sc_b_oz_contact_pct": 56.8, "sc_b_disc_whiff_pct": 24.7, "sc_b_out_zone_pct": 51.7, "opp_bp_era_5": 3.6354098360655738, "opp_bp_era_10": 3.8528175519630485, "opp_bp_k9_5": 8.55462131622627, "opp_bp_ip_last_7": 22.34, "opp_bp_era_7d": 3.7058823529411766, "opp_bp_relievers_last_1d": 3.0, "opp_bp_relievers_last_2d": 5.0, "batter_n_games_at_venue": 10.0, "batter_venue_ba": 0.0, "batter_venue_hr_rate": 0.0, "batter_venue_slg": 0.0, "sp_k_pct_vs_lhb_25": 0.2585669781931464, "sp_k_pct_vs_rhb_25": 0.2541743970315399, "sp_k_pct_vs_lhb_10": 0.2558139534883721, "sp_k_pct_vs_rhb_10": 0.25196850393700787, "sp_hr_rate_vs_lhb_25": 0.03333333333333333, "sp_hr_rate_vs_rhb_25": 0.03103448275862069, "sp_hr_rate_vs_lhb_10": 0.032520325203252036, "sp_hr_rate_vs_rhb_10": 0.02824858757062147, "opp_catcher_framing_rv": 0.31081842599979326, "opp_catcher_framing_rate": 0.47406639004149376, "confirmed_batting_order": NaN, "confirmed_lineup_source": NaN, "btu_games": 2.0, "btu_ba": 0.25, "btu_k_rate": 0.2413793103448276, "btu_bb_rate": 0.05555555555555555, "bvr_games_30": 30.0, "bvr_bp_games_30": 9.0, "bvr_ab_30": 32.0, "bvr_ba_30": 0.2857142857142857, "bvr_hr_rate_30": 0.034482758620689655, "bvr_slg_30": 0.4642857142857143, "bvr_k_rate_30": 0.2222222222222222, "opp_sp_lob_pct_career": 61.76470588235294, "opp_sp_lob_pct_10": 62.745098039215684, "park_babip_avg": 0.2864232977850708, "own_runs_last3": 13.0, "own_runs_avg3": 4.333333333333333, "batter_babip_10": 0.2916666666666667, "batter_babip_career": 0.2971887550200803, "babip_games_10": 10.0, "opp_team_def_der_20": 0.725, "opp_team_def_der_career": 0.7231065244009096, "market_hits_over_price": -186.0, "market_tb_over_price": 140.0, "market_hr_over_price": 710.0, "book_line": 1.5, "season_2025-regular": 0.0, "season_2026-regular": 1.0, "hits_trend_5v10": 0.0, "hits_hot_ratio": 1.0, "hits_trend_sig": 0.0, "hits_trend_accel": 0.0, "hr_trend_5v10": 0.0, "hr_hot_ratio": 1.0, "hr_trend_accel": 0.0, "tb_trend_5v10": 0.0, "tb_hot_ratio": 1.0, "tb_trend_sig": 0.0, "tb_trend_accel": 0.01999999999999993, "early_season_weight": 1.0, "hr_park_adj_10": 0.10120000000000001, "tb_park_adj_10": 1.4040000000000001, "hr_rate_cumul_trend_5v20": 0.0, "hr_rate_cumul_x_park": 0.02831578947368421, "tb_cv_10": 1.1495647062287127, "tb_power_opportunity": 0.4784999999999999, "sc_xslg_x_park": 0.4161599058823529, "sc_brl_x_ab": 20.183170506912443, "hits_vs_opp_era": 0.8531988742964352, "tb_vs_opp_fip": 1.3826631393298061, "opp_bp_era_adj": -0.5645901639344264, "hits_vs_opp_bp_era": 0.7542529348441266, "tb_vs_opp_bp_era": 1.2, "opp_bp_era7_x_ip7": 81.0, "wind_x_park_hr": 7.9032, "is_cold_game": 0.0, "temp_below_60": 0.0, "bb_trend_5v10": 0.0, "bb_hot_ratio": 1.0, "bb_trend_sig": 0.0, "batter_k_trend_5v10": 0.0, "batter_k_hot_ratio": 1.0, "batter_k_rate_x_ump_k9": 2.0299854491659755,