{"game_month": 5.0, "is_home": 0.0, "rest_days": 1.0, "hits_avg_5": 0.8, "hits_avg_10": 0.9, "hits_avg_20": 0.8571428571428571, "hits_sd_10": 0.8232726023485646, "hr_avg_5": 0.0, "hr_avg_10": 0.1, "hr_avg_20": 0.1, "tb_avg_5": 1.4, "tb_avg_10": 1.4, "tb_avg_20": 1.4, "tb_sd_10": 1.5811388300841898, "ab_avg_5": 3.6, "ab_avg_10": 3.6, "avg_avg_10": 0.24166666666666664, "k_rate_avg_10": 0.23666666666666666, "bb_rate_avg_10": 0.075, "iso_avg_10": 0.135, "hr_rate_avg_5": 0.0, "hr_rate_avg_10": 0.025, "hr_rate_cumul_5": 0.0, "hr_rate_cumul_10": 0.027777777777777776, "hr_rate_cumul_20": 0.028985507246376812, "n_games_prev_10": 10.0, "obp_avg_10": 0.30500000000000005, "hr_any_last1": 0.0, "hr_count_last3": 0.0, "hr_games_with_hr_last5": 0.0, "bb_avg_5": 0.2, "bb_avg_10": 0.3, "bb_avg_20": 0.3333333333333333, "bb_sd_10": 0.48304589153964794, "k_avg_5": 0.8, "k_avg_10": 0.8, "hits_home_avg_20": 0.8571428571428571, "hits_away_avg_20": 0.8888888888888888, "tb_home_avg_20": 1.375, "tb_away_avg_20": 1.375, "hr_home_avg_20": 0.1, "hr_away_avg_20": 0.1, "bb_home_avg_20": 0.3333333333333333, "bb_away_avg_20": 0.3333333333333333, "opp_sp_era_5": 4.170844277673546, "opp_sp_fip_5": 4.165026455026455, "opp_sp_k_pct_5": 0.21209664398569947, "opp_sp_k9_5": 8.263440162622723, "opp_sp_bb_pct_5": 0.07964896393770744, "opp_sp_whip_5": 1.3232804232804232, "opp_sp_ip_avg_5": 5.335, "opp_sp_pitches_est": 88.0275, "opp_sp_last_start_ip": 5.33, "opp_sp_hr9_5": 1.0948650674662668, "opp_sp_hr9_10": 1.1137880684423267, "opp_sp_fb_velo_avg_5": 94.23695853269537, "opp_sp_fb_velo_trend_5": -0.003030303030314485, "opp_sp_days_since_last_start": 6.0, "opp_sp_is_short_rest": 0.0, "opp_sp_era_home_10": 3.73388376123083, "opp_sp_era_away_10": 4.25313320825516, "park_run_factor": 1.012, "park_hr_factor": 1.021, "ump_bb9_avg_10": 3.3615703694026196, "ump_k9_avg_10": 8.566287357785576, "temperature_f": 71.8, "wind_speed_mph": 8.0, "wind_sin": -0.40673664307580015, "wind_cos": -0.10452846326765355, "precip_prob_pct": 0.0, "is_dome": 0.0, "is_day_game": 0.0, "market_total": 9.0, "line_move_total": 1.5, "batting_order_avg_5": 4.6, "batting_order_avg_10": 4.6, "is_lhb_batter": 0.0, "hits_avg_40_vs_hand": 0.8823529411764706, "tb_avg_40_vs_hand": 1.4242424242424243, "k_rate_avg_40_vs_hand": 0.24135802469135803, "iso_avg_40_vs_hand": 0.14393939393939392, "hr_avg_40_vs_hand": 0.10344827586206896, "hits_hand_split_40": -0.047619047619047616, "tb_hand_split_40": -0.0966183574879227, "hr_hand_split_40": 0.0, "n_games_vs_lhp_40": 8.0, "n_games_vs_rhp_40": 24.0, "hits_avg_10_vs_hand": 0.875, "tb_avg_10_vs_hand": 1.375, "hr_avg_10_vs_hand": 0.0, "hits_avg_10_vs_lhp": 1.0, "hits_avg_10_vs_rhp": 0.8571428571428571, "n_games_vs_lhp_10": 2.0, "n_games_vs_rhp_10": 7.0, "n_games_prev_10_cs": 10.0, "hits_avg_10_cs": 0.9, "hits_avg_20_cs": 0.85, "tb_avg_10_cs": 1.4, "tb_avg_20_cs": 1.4, "hr_avg_10_cs": 0.1, "hr_rate_avg_10_cs": 0.025, "ab_avg_10_cs": 3.6, "k_rate_avg_10_cs": 0.23833333333333337, "bb_rate_avg_10_cs": 0.075, "iso_avg_10_cs": 0.13333333333333336, "prev_games": 107.0, "prev_hits_avg": 0.9737, "prev_tb_avg": 1.6014, "prev_hr_avg": 0.1361, "prev_ab_avg": 3.8451, "prev_k_rate": 0.2449, "prev_bb_rate": 0.0603, "prev_iso": 0.1624, "prev_hr_rate": 0.0341, "h2h_games": 0.0, "h2h_ba": 0.25, "h2h_obp": 0.2777777777777778, "h2h_slg": 0.3333333333333333, "h2h_k_rate": 0.25, "h2h_iso": 0.0, "h2h_hr": 0.0, "h2h_ab": 0.0, "h2h_ba_last3": 0.25, "h2h_slg_last3": 0.3076923076923077, "h2h_hr_rate_last3": 0.0, "h2h_ab_last3": 0.0, "own_lineup_slg_avg_10": 0.39449582977808784, "own_lineup_iso_avg_10": 0.14733333333333332, "own_top4_slg_avg_10": 0.43767361111111114, "sc_barrel_rate": 8.451923076923077, "sc_hard_hit_pct": 41.61218487394958, "sc_avg_exit_velo": 89.3151912568306, "sc_avg_launch_angle": 13.729756097560978, "sc_sweet_spot_pct": 34.1, "sc_fb_pct": 35.93686224489796, "sc_gb_pct": 33.26851119894598, "sc_ld_pct": 100.0, "sc_xba": 0.24784920634920632, "sc_xslg": 0.4156501901140685, "sc_xwoba": 0.32095768169273226, "sc_xiso": 0.16771013133208254, "sc_pull_pct": NaN, "sc_opposite_pct": NaN, "sc_popup_pct": NaN, "sc_brl_pa": 5.663868065967017, "sprint_speed": 27.3, "opp_sp_sc_barrel_rate": 8.348876404494384, "opp_sp_sc_hard_hit_pct": 40.58783570300158, "opp_sp_sc_avg_exit_velo": 89.42105263157895, "opp_sp_sc_gb_pct": 31.640024183796854, "opp_sp_sc_fb_pct": 33.926139088729016, "opp_sp_sc_xba": 0.244856, "opp_sp_sc_xslg": 0.41332296137339053, "opp_sp_sc_xwoba": 0.31794055944055943, "opp_sp_fb_pct": 33.2, "opp_sp_fb_hard_hit_pct": 45.2, "opp_sp_fb_xwoba": 0.35, "opp_sp_fb_run_value_per_100": 0.1, "opp_sp_fb_whiff_pct": 19.9, "opp_sp_fb_k_pct": 20.4, "opp_sp_sl_pct": 20.0, "opp_sp_sl_whiff_pct": 32.3, "opp_sp_sl_k_pct": 28.0, "opp_sp_sl_xwoba": 0.294, "opp_sp_ch_pct": 17.3, "opp_sp_ch_whiff_pct": 30.1, "opp_sp_ch_k_pct": 21.9, "opp_sp_fastball_family_pct": 46.0, "opp_sp_pitch_diversity": 0.647, "opp_sp_si_pct": 19.0, "opp_sp_si_whiff_pct": 12.0, "opp_sp_si_k_pct": 11.5, "opp_sp_si_hard_hit_pct": 43.8, "opp_sp_sl_hard_hit_pct": 38.9, "opp_sp_sl_run_value_per_100": 0.2, "opp_sp_ch_hard_hit_pct": 31.7, "opp_sp_ch_run_value_per_100": 0.0, "sc_b_oz_swing_pct": 29.5, "sc_b_iz_contact_pct": 84.2, "sc_b_oz_contact_pct": 57.1, "sc_b_disc_whiff_pct": 24.6, "sc_b_out_zone_pct": 51.75, "opp_bp_era_5": 3.662633832976445, "opp_bp_era_10": 3.869774618909567, "opp_bp_k9_5": 8.562123659964044, "opp_bp_ip_last_7": 22.34, "opp_bp_era_7d": 3.75, "opp_bp_relievers_last_1d": 3.0, "opp_bp_relievers_last_2d": 5.0, "batter_n_games_at_venue": 10.0, "batter_venue_ba": 0.0, "batter_venue_hr_rate": 0.0, "batter_venue_slg": 0.0, "sp_k_pct_vs_lhb_25": 0.25882352941176473, "sp_k_pct_vs_rhb_25": 0.2541966426858513, "sp_k_pct_vs_lhb_10": 0.2550335570469799, "sp_k_pct_vs_rhb_10": 0.25153374233128833, "sp_hr_rate_vs_lhb_25": 0.03333333333333333, "sp_hr_rate_vs_rhb_25": 0.031088082901554404, "sp_hr_rate_vs_lhb_10": 0.032679738562091505, "sp_hr_rate_vs_rhb_10": 0.028368794326241134, "opp_catcher_framing_rv": 0.1984211872323346, "opp_catcher_framing_rate": 0.4749763928234183, "confirmed_batting_order": NaN, "confirmed_lineup_source": NaN, "btu_games": 2.0, "btu_ba": 0.25, "btu_k_rate": 0.23809523809523808, "btu_bb_rate": 0.05555555555555555, "bvr_games_30": 30.0, "bvr_bp_games_30": 9.0, "bvr_ab_30": 32.0, "bvr_ba_30": 0.2857142857142857, "bvr_hr_rate_30": 0.034482758620689655, "bvr_slg_30": 0.46511627906976744, "bvr_k_rate_30": 0.2222222222222222, "opp_sp_lob_pct_career": 61.712846347607055, "opp_sp_lob_pct_10": 62.666666666666664, "park_babip_avg": 0.28616368968275213, "own_runs_last3": 13.0, "own_runs_avg3": 4.333333333333333, "batter_babip_10": 0.2916666666666667, "batter_babip_career": 0.29721362229102166, "babip_games_10": 10.0, "opp_team_def_der_20": 0.7252964426877471, "opp_team_def_der_career": 0.7230705736690053, "market_hits_over_price": -185.0, "market_tb_over_price": 145.0, "market_hr_over_price": 750.0, "book_line": 1.5, "season_2025-regular": 0.0, "season_2026-regular": 1.0, "hits_trend_5v10": 0.0, "hits_hot_ratio": 1.0, "hits_trend_sig": 0.0, "hits_trend_accel": 0.0, "hr_trend_5v10": 0.0, "hr_hot_ratio": 1.0, "hr_trend_accel": 0.0, "tb_trend_5v10": 0.0, "tb_hot_ratio": 1.0, "tb_trend_sig": 0.0, "tb_trend_accel": 0.012132352941176455, "early_season_weight": 1.0, "hr_park_adj_10": 0.1021, "tb_park_adj_10": 1.4167999999999998, "hr_rate_cumul_trend_5v20": 0.0, "hr_rate_cumul_x_park": 0.02857142857142857, "tb_cv_10": 1.1495647062287127, "tb_power_opportunity": 0.48, "sc_xslg_x_park": 0.4156686492537313, "sc_brl_x_ab": 20.16, "hits_vs_opp_era": 0.8592857142857144, "tb_vs_opp_fip": 1.388565115907334, "opp_bp_era_adj": -0.537366167023555, "hits_vs_opp_bp_era": 0.7597550438282374, "tb_vs_opp_bp_era": 1.2149999999999999, "opp_bp_era7_x_ip7": 81.0, "wind_x_park_hr": 7.965999999999999, "is_cold_game": 0.0, "temp_below_60": 0.0, "bb_trend_5v10": 0.0, "bb_hot_ratio": 1.0, "bb_trend_sig": 0.0, "batter_k_trend_5v10": 0.0, "batter_k_hot_ratio": 1.0,