{"is_home": 1.0, "ip_avg_5": 5.466, "k_pct_5": 0.2144363524838803, "k9_5": 8.249997948724594, "era_5": 4.281769174651091, "whip_5": 1.3300163904089672, "fip_5": 4.153516307202331, "bb_pct_5": 0.07465498708872714, "hr9_5": 1.2168477481442652, "k_pct_10": 0.21535914592530936, "k9_10": 8.257955988623245, "era_10": 4.376907159857485, "whip_10": 1.3377972419280406, "fip_10": 4.198969563331769, "starts_in_window_5": 5.0, "starts_in_window_10": 10.0, "last_start_k": 5.0, "last_start_ip": 5.67, "last_start_bb": 2.0, "sp_days_since_last_start": 6.0, "is_short_rest": 0.0, "era_home_10": 3.821976610552127, "era_away_10": 4.429100529100529, "k9_home_10": 8.45357142857143, "k9_away_10": 8.0, "fip_home_10": 3.9049909550623325, "fip_away_10": 4.2405549901708675, "opp_k_pct_avg_10": 0.2502758725621664, "opp_bb_pct_avg_10": 0.08216961446947144, "opp_avg_avg_10": 0.23904813764647814, "opp_hr_avg_10": 1.1, "opp_iso_avg_10": 0.15075322987837025, "opp_slg_avg_10": 0.38952156022184814, "opp_lineup_k_pct_std": 0.10373094042431964, "opp_lineup_k_pct_cv": 0.41061779390631387, "park_run_factor": 1.006, "park_hr_factor": 1.012, "ump_k9_avg_10": 8.534667583419013, "ump_bb9_avg_10": 3.123529411764706, "temperature_f": 75.7, "wind_speed_mph": 7.0, "wind_sin": -0.19080899537654467, "wind_cos": -0.29237170472273666, "precip_prob_pct": 0.0, "is_dome": 0.0, "is_day_game": 0.0, "market_total": 8.5, "pitcher_hand": NaN, "opp_lineup_avg_avg_10": 0.23798148148148146, "opp_lineup_iso_avg_10": 0.14907407407407408, "opp_top4_slg_avg_10": 0.44001050420168064, "sc_barrel_rate": 8.5, "sc_hard_hit_pct": 40.82188940092166, "sc_avg_exit_velo": 89.43451219512195, "sc_gb_pct": 27.280125523012554, "sc_fb_pct": 29.40343213728549, "sc_xba": 0.2461062176165803, "sc_xslg": 0.41729543245869777, "sc_xwoba": 0.3193006535947712, "sc_sp_fb_whiff_pct": 20.6, "sc_sp_fb_k_pct": 22.1, "sc_sp_fb_put_away": 17.4, "sc_sp_sl_pct": 21.9, "sc_sp_sl_whiff_pct": 31.4, "sc_sp_sl_k_pct": 25.6, "sc_sp_sl_run_value_per_100": 0.1, "sc_sp_ch_pct": 17.5, "sc_sp_ch_whiff_pct": 29.6, "sc_sp_ch_k_pct": 21.1, "sc_sp_fb_pct": 37.3, "sc_sp_fb_hard_hit_pct": 45.6, "sc_sp_fb_xwoba": 0.34, "sc_sp_fb_run_value_per_100": 0.0, "sc_sp_si_pct": 20.7, "sc_sp_si_whiff_pct": 12.5, "sc_sp_si_k_pct": 13.4, "sc_sp_si_hard_hit_pct": 44.8, "sc_sp_fastball_family_pct": 46.3, "sc_sp_pitch_diversity": 0.619, "sc_sp_oz_swing_pct": 28.6, "sc_sp_iz_contact_pct": 83.5, "sc_sp_oz_contact_pct": 57.4, "sc_sp_disc_whiff_pct": 24.2, "catcher_framing_rv": 0.19697789637114024, "catcher_framing_rate": 0.47191011235955055, "season_2024-regular": 0.0, "season_2025-regular": 0.0, "season_2026-regular": 0.0, "sc_xslg_x_park": 0.4155105191040843, "sp_k_pct_vs_opp_k_rate": 0.05327861477656669, "k9_trend_5v10": 0.0, "k_pct_trend_5v10": 0.0, "era_trend_5v10": 0.0, "fip_trend_5v10": 0.0, "k_pct_x_park_hr": 0.21413622775773203, "wind_x_park_hr": 6.8992, "is_cold_game": 0.0, "temp_below_60": 0.0, "sp_k_pct_trend_5v10": 0.0, "sp_k9_trend_5v10": 0.0, "k_trend_x_ump_k9": 0.0, "ump_k9_x_sp_k_pct": 1.8203152222695675, "ump_k9_x_opp_k_pct": 2.1162487177302958, "ump_k9_x_sp_whiff_pct": 205.85441133963312, "ump_k9_x_sp_sl_whiff_pct": 263.7215852269596, "ump_k9_x_sp_k9_5": 69.79482884524083, "ump_k9_x_sp_opp_k_triple": 0.45232323511523853, "sc_barrel_x_park_hr": 8.526522327469554, "sc_hard_hit_x_fb": 11.889142011834316, "sc_exit_velo_above_avg": 1.434512195121954, "sc_barrel_vs_k_rate": 37.44934440727341, "sc_hard_hit_vs_opp_k": 10.061537110993687, "k9_shrunk": 8.358121026245446, "k_pct_shrunk": 0.21695195063084283, "framing_hand_benefit": 0.4567307692307692, "sp_k_pct_x_opp_cv": 0.30433370544942345}