{"is_home": 1.0, "ip_avg_5": 5.466, "k_pct_5": 0.2122022322172247, "k9_5": 8.171362586605081, "era_5": 4.052027229628429, "whip_5": 1.3222222222222222, "fip_5": 4.127283051595895, "bb_pct_5": 0.07910898081829917, "hr9_5": 1.125, "k_pct_10": 0.2143694030540668, "k9_10": 8.25, "era_10": 4.1116277147120295, "whip_10": 1.3217768380370005, "fip_10": 4.117511301451344, "starts_in_window_5": 5.0, "starts_in_window_10": 6.0, "last_start_k": 5.0, "last_start_ip": 5.67, "last_start_bb": 2.0, "sp_days_since_last_start": 6.0, "is_short_rest": 0.0, "era_home_10": 3.527402046914242, "era_away_10": 4.242857142857143, "k9_home_10": 8.34392895842487, "k9_away_10": 7.822643689881377, "fip_home_10": 3.8180765880461003, "fip_away_10": 4.114285714285714, "opp_k_pct_avg_10": 0.24567863551601263, "opp_k_pct_avg_5": 0.24466661305670598, "opp_bb_pct_avg_10": 0.08725890316254094, "opp_avg_avg_10": 0.23904072932090176, "opp_hr_avg_10": 1.0, "opp_iso_avg_10": 0.14291890031874818, "opp_slg_avg_10": 0.3813709253782784, "opp_lineup_k_pct_std": 0.10632665302198288, "opp_lineup_k_pct_cv": 0.42968119943087446, "opp_lineup_pct_lhb": 0.36363636363636365, "park_run_factor": 1.006, "park_hr_factor": 1.012, "ump_k9_avg_10": 8.581964268217003, "ump_bb9_avg_10": 3.278288059612065, "temperature_f": 68.8, "wind_speed_mph": 7.6, "wind_sin": -0.37460659341591235, "wind_cos": -0.20791169081775934, "precip_prob_pct": 0.0, "is_dome": 0.0, "is_day_game": 0.0, "market_total": 8.5, "line_move_total": 1.0, "opp_lineup_avg_avg_10": 0.23788065843621398, "opp_lineup_iso_avg_10": 0.14251322751322748, "opp_top4_slg_avg_10": 0.4332177572309151, "sc_barrel_rate": 8.542890995260663, "sc_hard_hit_pct": 40.87071129707113, "sc_avg_exit_velo": 89.40751445086705, "sc_gb_pct": 28.051431718061675, "sc_fb_pct": 30.07041564792176, "sc_xba": 0.244852354349561, "sc_xslg": 0.4118944365192582, "sc_xwoba": 0.3171573604060914, "sc_sp_fb_whiff_pct": 20.3, "sc_sp_fb_k_pct": 21.5, "sc_sp_fb_put_away": 17.1, "sc_sp_sl_pct": 19.2, "sc_sp_sl_whiff_pct": 31.1, "sc_sp_sl_k_pct": 25.0, "sc_sp_sl_run_value_per_100": 0.1, "sc_sp_ch_pct": 17.3, "sc_sp_ch_whiff_pct": 30.2, "sc_sp_ch_k_pct": 22.0, "sc_sp_fb_pct": 34.8, "sc_sp_fb_hard_hit_pct": 46.3, "sc_sp_fb_xwoba": 0.348, "sc_sp_fb_run_value_per_100": -0.1, "sc_sp_si_pct": 19.0, "sc_sp_si_whiff_pct": 12.2, "sc_sp_si_k_pct": 13.0, "sc_sp_si_hard_hit_pct": 46.2, "sc_sp_fastball_family_pct": 46.0, "sc_sp_pitch_diversity": 0.638, "sc_sp_oz_swing_pct": 29.0, "sc_sp_iz_contact_pct": 84.1, "sc_sp_oz_contact_pct": 57.4, "sc_sp_disc_whiff_pct": 24.1, "catcher_framing_rv": 0.1629470894302284, "catcher_framing_rate": 0.4722222222222222, "sp_fb_velo_avg_5": 94.0487564542737, "sp_fb_velo_trend_5": 0.047692742726376025, "venue_n_starts": 2.0, "venue_era": 3.7192026366649706, "venue_k9": 8.879897093201233, "venue_fip": 3.757502029341073, "sp_k_pct_vs_lhb_25": 0.2571428571428571, "sp_k_pct_vs_rhb_25": 0.2548076923076923, "sp_k_pct_vs_lhb_10": 0.25757575757575757, "sp_k_pct_vs_rhb_10": 0.25116279069767444, "svt_games": 1.0, "svt_era": 3.477616852169012, "svt_k9": 8.442776735459661, "svt_k_pct": 0.435340022296544, "svt_era_last3": 3.484995159728945, "svt_k9_last3": 8.442776735459661, "sp_lob_pct_career": 62.325581395348834, "sp_lob_pct_10": 63.513513513513516, "park_babip_avg": 0.28842705786471073, "opp_runs_last3": 13.0, "opp_runs_avg3": 4.333333333333333, "opp_runs_last5": 21.0, "sp_babip_against_10": 0.27388535031847133, "sp_babip_against_career": 0.27586206896551724, "sp_babip_starts_10": 10.0, "sp_k_pct_last2": 0.20833333333333334, "opp_team_der_20": 0.7234468937875751, "opp_team_der_career": 0.7237823606845107, "market_k_line": 4.5, "book_line": 4.5, "season_2025-regular": 1.0, "season_2026-regular": 0.0, "pitcher_hand_L": 0.0, "pitcher_hand_R": 1.0, "pitcher_hand_nan": 0.0, "sc_xslg_x_park": 0.4110133333333333, "sp_k_pct_vs_opp_k_rate": 0.05176463895127125, "opp_team_k_trend_5v10": 0.0002512124238878699, "k9_trend_5v10": 0.0, "k_pct_trend_5v10": 0.0, "era_trend_5v10": 0.0, "fip_trend_5v10": 0.0, "sp_era_fip_gap": -0.053708145927036544, "sp_k_bb_ratio_5": 2.635847250560635, "sp_vs_team_reliability": 0.2, "sp_vs_team_has_history": 0.0, "sp_vs_team_era_adj": 0.36000000000000004, "sp_vs_team_era_delta": 0.0, "sp_vs_team_k9_adj": 1.4400000000000002, "sp_vs_team_k9_delta": 0.0, "k_pct_x_park_hr": 0.2130482079095683, "wind_x_park_hr": 7.3698000000000015, "is_cold_game": 0.0, "temp_below_60": 0.0, "sp_k_pct_trend_5v10": 0.0, "sp_k9_trend_5v10": 0.0, "k_trend_x_ump_k9": 0.0, "contact_vs_ump_zone": 0.4236937295632912, "ump_k9_x_sp_k_pct": 1.8172642188876809, "ump_k9_x_opp_k_pct": 2.101825847608247, "ump_k9_x_sp_whiff_pct": 208.2447974553395, "ump_k9_x_sp_sl_whiff_pct": 270.011187346254, "ump_k9_x_sp_k9_5": 70.09395622186483, "ump_k9_x_sp_opp_k_triple": 0.443158004368488, "sp_lob_pct_filled": 62.325581395348834, "sp_lob_vs_avg": -8.674418604651166, "sp_lob_trend": 0.0, "sp_lob_era_quality": 0.7071428571428606, "sp_lob_luck_flag": 0.0, "park_babip_factor": 0.28842705786471073, "park_babip_vs_avg": -0.00657294213528925, "opp_runs_last3_filled": 13.0, "opp_hot_offense_flag": 0.0, "opp_cold_offense_flag": 0.0, "opp_runs_last3_vs_avg": 1.0, "sp_babip_against_10_filled": 0.27388535031847133, "sp_babip_vs_avg": -0.021114649681528652, "sp_babip_unlucky_flag": 0.0, "sp_babip_lucky_flag": 0.0, "sp_babip_against_career_filled": 0.27586206896551724, "sp_babip_trend": 0.0, "sp_k_pct_last2_filled": 0.20833333333333334, "sp_k_pct_last2_vs_5": -0.001625752166736244, "sp_k_trending_up": 0.0, "sp_k_trending_down": 0.0, "opp_der_20_filled": 0.7234468937875751, "opp_der_vs_avg": 0.018446893787575136, "opp_good_defense": 1.0, "opp_poor_defense": 0.0, "line_move_total_filled": 1.0, "line_moved_up": 1.0, "line_moved_down": 0.0, "line_move_abs": 1.0, "market_k_line_filled": 4.5, "market_k_line_vs_avg": 0.0, "market_k_line_known": 1.0, "sc_barrel_x_park_hr": 8.537400000000002, "sc_hard_hit_x_fb": 12.126461002953663, "sc_exit_velo_above_avg": 1.4075144508670547, "sc_barrel_vs_k_rate": 37.732200764723586, "sc_hard_hit_vs_opp_k": 9.920615008007553, "sp_days_from_optimal_rest": 2.0, "sp_is_extended_rest": 0.0, "cold_x_sp_sl_pct": 0.0, "cold_x_sp_offspeed_pct": 0.0, "k9_shrunk": 8.316632400572422, "k_pct_shrunk": 0.21582527933976195, "expected_k_from_ip": 4.941562918540729, "framing_hand_benefit": 0.46586345381526106, "sp_k_pct_x_opp_cv": 0.3033607967404933, "venue_k9_adj": 8.4978672985782, "venue_k9_delta": 0.0, "venue_era_adj": 4.0065643938529725, "venue_era_delta": 0.0, "venue_fip_adj": 4.0425487098472885, "last_start_dominated": 0.0, "last_start_blowup": 0.0, "last_start_k9": 7.875, "last_start_k_bb": 1.75, "framing_x_sp_edge_work": 0.0, "framing_x_ump_k9": 0.0, "sp_k_split_advantage": 0.0038684719535783674, "sp_k_split_trend_lhb": 0.0, "sp_k_split_trend_rhb": 0.0, "lineup_lhb_pct_x_sp_lhb_adv": 0.0008539405799679785}