{"is_home": 1.0, "ip_avg_5": 5.466, "k_pct_5": 0.21231850406770167, "k9_5": 8.15, "era_5": 3.9771428571428573, "whip_5": 1.3145502645502647, "fip_5": 4.095833333333333, "bb_pct_5": 0.0787199900526575, "hr9_5": 1.084150781751981, "k_pct_10": 0.2132084305287539, "k9_10": 8.187301587301587, "era_10": 4.0648497643655235, "whip_10": 1.3208333333333333, "fip_10": 4.115808377566413, "starts_in_window_5": 5.0, "starts_in_window_10": 6.0, "last_start_k": 5.0, "last_start_ip": 5.67, "last_start_bb": 2.0, "sp_days_since_last_start": 6.0, "is_short_rest": 0.0, "era_home_10": 3.3867088380804375, "era_away_10": 4.212301587301587, "k9_home_10": 8.259458124590719, "k9_away_10": 7.785714285714286, "fip_home_10": 3.8180765880461003, "fip_away_10": 4.1, "opp_k_pct_avg_10": 0.2448611488051143, "opp_bb_pct_avg_10": 0.0872333540456059, "opp_avg_avg_10": 0.24110784129002907, "opp_hr_avg_10": 1.1, "opp_iso_avg_10": 0.14403333256359882, "opp_slg_avg_10": 0.38497878085144366, "opp_lineup_k_pct_std": 0.10647221031642436, "opp_lineup_k_pct_cv": 0.43073585546329235, "park_run_factor": 1.006, "park_hr_factor": 1.012, "ump_k9_avg_10": 8.57643997759983, "ump_bb9_avg_10": 3.2377635866432444, "temperature_f": 68.5, "wind_speed_mph": 7.3, "wind_sin": -0.35836794954530043, "wind_cos": -0.24192189559966779, "precip_prob_pct": 0.0, "is_dome": 0.0, "is_day_game": 0.0, "market_total": 8.5, "pitcher_hand": NaN, "opp_lineup_avg_avg_10": 0.23933333333333331, "opp_lineup_iso_avg_10": 0.14333333333333334, "opp_top4_slg_avg_10": 0.43844776539084984, "sc_barrel_rate": 9.0, "sc_hard_hit_pct": 41.6, "sc_avg_exit_velo": 89.6, "sc_gb_pct": 24.4, "sc_fb_pct": 26.0, "sc_xba": 0.247, "sc_xslg": 0.417, "sc_xwoba": 0.32, "sc_sp_fb_whiff_pct": 20.5, "sc_sp_fb_k_pct": 21.55, "sc_sp_fb_put_away": 17.1, "sc_sp_sl_pct": 20.2, "sc_sp_sl_whiff_pct": 31.9, "sc_sp_sl_k_pct": 24.7, "sc_sp_sl_run_value_per_100": 0.1, "sc_sp_ch_pct": 17.9, "sc_sp_ch_whiff_pct": 29.8, "sc_sp_ch_k_pct": 22.6, "sc_sp_fb_pct": 35.3, "sc_sp_fb_hard_hit_pct": 46.6, "sc_sp_fb_xwoba": 0.347, "sc_sp_fb_run_value_per_100": -0.1, "sc_sp_si_pct": 19.5, "sc_sp_si_whiff_pct": 12.2, "sc_sp_si_k_pct": 13.4, "sc_sp_si_hard_hit_pct": 46.2, "sc_sp_fastball_family_pct": 46.0, "sc_sp_pitch_diversity": 0.6255, "sc_sp_oz_swing_pct": 28.8, "sc_sp_iz_contact_pct": 83.8, "sc_sp_oz_contact_pct": 57.1, "sc_sp_disc_whiff_pct": 24.2, "catcher_framing_rv": 0.21711373802431655, "catcher_framing_rate": 0.4722222222222222, "book_line": 4.5, "season_2025-regular": 1.0, "season_2026-regular": 0.0, "sc_xslg_x_park": 0.418696, "sp_k_pct_vs_opp_k_rate": 0.05177329789139815, "k9_trend_5v10": 0.0, "k_pct_trend_5v10": 0.0, "era_trend_5v10": 0.0, "fip_trend_5v10": 0.0, "k_pct_x_park_hr": 0.2130498534428161, "wind_x_park_hr": 7.1536, "is_cold_game": 0.0, "temp_below_60": 0.0, "sp_k_pct_trend_5v10": 0.0, "sp_k9_trend_5v10": 0.0, "k_trend_x_ump_k9": 0.0, "ump_k9_x_sp_k_pct": 1.8158925583523728, "ump_k9_x_opp_k_pct": 2.0935947342941756, "ump_k9_x_sp_whiff_pct": 207.6521072949486, "ump_k9_x_sp_sl_whiff_pct": 271.80499071207436, "ump_k9_x_sp_k9_5": 69.90208357150969, "ump_k9_x_sp_opp_k_triple": 0.44338121850675455, "sc_barrel_x_park_hr": 8.8825, "sc_hard_hit_x_fb": 10.914200000000001, "sc_exit_velo_above_avg": 1.5999999999999943, "sc_barrel_vs_k_rate": 39.16089094379494, "sc_hard_hit_vs_opp_k": 10.137297806813937, "k9_shrunk": 8.312755999457186, "k_pct_shrunk": 0.2159189777150945, "framing_hand_benefit": 0.46283783783783783, "sp_k_pct_x_opp_cv": 0.3049554540788881}