{"is_home": 1.0, "ip_avg_5": 5.466, "k_pct_5": 0.2144500828110918, "k9_5": 8.254744717869976, "era_5": 4.2895952023988, "whip_5": 1.331981959624236, "fip_5": 4.158570569557147, "bb_pct_5": 0.07499975639369119, "hr9_5": 1.2104632152588555, "k_pct_10": 0.21550991764503533, "k9_10": 8.269538980406187, "era_10": 4.375703564727955, "whip_10": 1.3377986562504731, "fip_10": 4.197463971715725, "starts_in_window_5": 5.0, "starts_in_window_10": 10.0, "last_start_k": 5.0, "last_start_ip": 5.67, "last_start_bb": 2.0, "sp_days_since_last_start": 6.0, "is_short_rest": 0.0, "era_home_10": 3.837531079695952, "era_away_10": 4.419580996370835, "k9_home_10": 8.468253968253968, "k9_away_10": 8.028676795486218, "fip_home_10": 3.8932804232804235, "fip_away_10": 4.243803990861712, "opp_k_pct_avg_10": 0.24983397597368184, "opp_k_pct_avg_5": 0.24966131907308378, "opp_bb_pct_avg_10": 0.08240725331114347, "opp_avg_avg_10": 0.23871092139887531, "opp_hr_avg_10": 1.1, "opp_iso_avg_10": 0.15042471813328318, "opp_slg_avg_10": 0.3890700552387859, "opp_lineup_k_pct_std": 0.10406661862053128, "opp_lineup_k_pct_cv": 0.41248905258756036, "opp_lineup_pct_lhb": 0.36363636363636365, "park_run_factor": 1.006, "park_hr_factor": 1.012, "ump_k9_avg_10": 8.53384674492365, "ump_bb9_avg_10": 3.14510804227051, "temperature_f": 75.7, "wind_speed_mph": 7.1, "wind_sin": -0.19080899537654467, "wind_cos": -0.2756373558169989, "precip_prob_pct": 0.0, "is_dome": 0.0, "is_day_game": 0.0, "market_total": 8.5, "line_move_total": 0.5, "opp_lineup_avg_avg_10": 0.23753086419753083, "opp_lineup_iso_avg_10": 0.14866666666666667, "opp_top4_slg_avg_10": 0.438988713988714, "sc_barrel_rate": 8.497597042513863, "sc_hard_hit_pct": 40.89815668202765, "sc_avg_exit_velo": 89.44638124362895, "sc_gb_pct": 26.77271750805585, "sc_fb_pct": 28.779745493107107, "sc_xba": 0.24571285323609848, "sc_xslg": 0.41727555555555557, "sc_xwoba": 0.31918878504672893, "sc_sp_fb_whiff_pct": 20.4, "sc_sp_fb_k_pct": 21.9, "sc_sp_fb_put_away": 17.4, "sc_sp_sl_pct": 21.5, "sc_sp_sl_whiff_pct": 31.4, "sc_sp_sl_k_pct": 25.7, "sc_sp_sl_run_value_per_100": 0.1, "sc_sp_ch_pct": 17.3, "sc_sp_ch_whiff_pct": 29.6, "sc_sp_ch_k_pct": 21.0, "sc_sp_fb_pct": 37.0, "sc_sp_fb_hard_hit_pct": 45.4, "sc_sp_fb_xwoba": 0.341, "sc_sp_fb_run_value_per_100": 0.0, "sc_sp_si_pct": 20.2, "sc_sp_si_whiff_pct": 12.5, "sc_sp_si_k_pct": 13.1, "sc_sp_si_hard_hit_pct": 44.8, "sc_sp_fastball_family_pct": 46.3, "sc_sp_pitch_diversity": 0.62, "sc_sp_oz_swing_pct": 28.8, "sc_sp_iz_contact_pct": 83.7, "sc_sp_oz_contact_pct": 57.5, "sc_sp_disc_whiff_pct": 24.1, "catcher_framing_rv": 0.156834470147432, "catcher_framing_rate": 0.4716981132075472, "sp_fb_velo_avg_5": 93.91613823912364, "sp_fb_velo_trend_5": 0.010666666666665492, "venue_n_starts": 5.0, "venue_era": 3.9964285714285714, "venue_k9": 8.746536929106064, "venue_fip": 3.8809604904632153, "sp_k_pct_vs_lhb_25": 0.25650557620817843, "sp_k_pct_vs_rhb_25": 0.25112107623318386, "sp_k_pct_vs_lhb_10": 0.2556390977443609, "sp_k_pct_vs_rhb_10": 0.25, "sp_hr_rate_vs_lhb_25": 0.032388663967611336, "sp_hr_rate_vs_rhb_25": 0.030612244897959183, "sp_hr_rate_vs_lhb_10": 0.031914893617021274, "sp_hr_rate_vs_rhb_10": 0.030303030303030304, "svt_games": 0.0, "svt_era": 3.4615384615384617, "svt_k9": 8.314087759815243, "svt_k_pct": 0.42857142857142855, "svt_era_last3": 3.436988543371522, "svt_k9_last3": 8.314087759815243, "sp_lob_pct_career": 62.0, "sp_lob_pct_10": 62.295081967213115, "park_babip_avg": 0.2864232977850708, "opp_runs_last3": 13.0, "opp_runs_avg3": 4.333333333333333, "opp_runs_last5": 22.0, "sp_babip_against_10": 0.27672955974842767, "sp_babip_against_career": 0.27696793002915454, "sp_babip_starts_10": 10.0, "sp_k_pct_last2": 0.2127659574468085, "opp_team_der_20": 0.7225672877846792, "opp_team_der_career": 0.7232608029420778, "market_k_line": 4.5, "season_2024-regular": 0.0, "season_2025-regular": 0.0, "season_2026-regular": 0.0, "pitcher_hand_L": 0.0, "pitcher_hand_R": 1.0, "pitcher_hand_nan": 0.0, "sc_xslg_x_park": 0.41600647668393786, "sp_k_pct_vs_opp_k_rate": 0.053268418326043294, "opp_team_k_trend_5v10": -0.00016988493962175055, "k9_trend_5v10": 0.0, "k_pct_trend_5v10": 0.0, "era_trend_5v10": 0.0, "fip_trend_5v10": 0.0, "sp_era_fip_gap": 0.12900473933649348, "sp_k_bb_ratio_5": 2.862102535778905, "sp_vs_team_reliability": 0.0, "sp_vs_team_has_history": 0.0, "sp_vs_team_era_adj": 0.0, "sp_vs_team_era_delta": 0.0, "sp_vs_team_k9_adj": 0.0, "sp_vs_team_k9_delta": 0.0, "k_pct_x_park_hr": 0.21443207006854587, "wind_x_park_hr": 7.020999999999999, "is_cold_game": 0.0, "temp_below_60": 0.0, "sp_k_pct_trend_5v10": 0.0, "sp_k9_trend_5v10": 0.0, "k_trend_x_ump_k9": 0.0, "contact_vs_ump_zone": 0.4229509605736681, "ump_k9_x_sp_k_pct": 1.8210378567155319, "ump_k9_x_opp_k_pct": 2.115213112038572, "ump_k9_x_sp_whiff_pct": 205.86120305615896, "ump_k9_x_sp_sl_whiff_pct": 264.42393522908515, "ump_k9_x_sp_k9_5": 69.87191899797995, "ump_k9_x_sp_opp_k_triple": 0.45279821973647527, "sp_lob_pct_filled": 62.0, "sp_lob_vs_avg": -9.0, "sp_lob_trend": 0.0, "sp_lob_era_quality": 2.622919433144812, "sp_lob_luck_flag": 0.0, "park_babip_factor": 0.2864232977850708, "park_babip_vs_avg": -0.008576702214929177, "opp_runs_last3_filled": 13.0, "opp_hot_offense_flag": 0.0, "opp_cold_offense_flag": 0.0, "opp_runs_last3_vs_avg": 1.0, "sp_babip_against_10_filled": 0.27672955974842767, "sp_babip_vs_avg": -0.018270440251572317, "sp_babip_unlucky_flag": 0.0, "sp_babip_lucky_flag": 0.0, "sp_babip_against_career_filled": 0.27696793002915454, "sp_babip_trend": 0.0, "sp_k_pct_last2_filled": 0.2127659574468085, "sp_k_pct_last2_vs_5": -0.002196871959442126, "sp_k_trending_up": 0.0, "sp_k_trending_down": 0.0, "opp_der_20_filled": 0.7225672877846792, "opp_der_vs_avg": 0.017567287784679197, "opp_good_defense": 1.0, "opp_poor_defense": 0.0, "line_move_total_filled": 0.5, "line_moved_up": 1.0, "line_moved_down": 0.0, "line_move_abs": 0.5, "market_k_line_filled": 4.5, "market_k_line_vs_avg": 0.0, "market_k_line_known": 0.0, "sc_barrel_x_park_hr": 8.555926402640262, "sc_hard_hit_x_fb": 11.572467069177582, "sc_exit_velo_above_avg": 1.4463812436289487, "sc_barrel_vs_k_rate": 37.370716274155974, "sc_hard_hit_vs_opp_k": 10.042961306280011, "sp_days_from_optimal_rest": 2.0, "sp_is_extended_rest": 0.0, "cold_x_sp_sl_pct": 0.0, "cold_x_sp_offspeed_pct": 0.0, "k9_shrunk": 8.363018867924527, "k_pct_shrunk": 0.21697882955296421, "expected_k_from_ip": 4.948571428571428, "framing_hand_benefit": 0.4574898785425101, "sp_k_pct_x_opp_cv": 0.30462732709251167, "venue_k9_adj": 8.456315592583532, "venue_k9_delta": 0.0, "venue_era_adj": 4.2179233629469355, "venue_era_delta": 0.0, "venue_fip_adj": 4.068807113793564, "last_start_dominated": 0.0, "last_start_blowup": 0.0, "last_start_k9": 8.095952023988005, "last_start_k_bb": 2.0, "framing_x_sp_edge_work": 0.0, "framing_x_ump_k9": 0.0, "sp_k_split_advantage": 0.004395468879375641, "sp_k_split_trend_lhb": 0.0, "sp_k_split_trend_rhb": 0.0, "lineup_lhb_pct_x_sp_lhb_adv": 0.0011689430294081389, "opp_sp_hr_rate_split": 0.001340707223060164, "warm_x_barrel": 2.07378868360277, "warm_x_park_hr": 0.2570399999999997, "high_total_flag": 0.0}