{"is_home": 0.0, "rest_days": 1.0, "hits_avg_5": 0.8, "hits_avg_10": 0.8, "hits_avg_20": 0.85, "hits_sd_10": 0.816496580927726, "hr_avg_5": 0.0, "hr_avg_10": 0.1, "hr_avg_20": 0.1, "tb_avg_5": 1.2, "tb_avg_10": 1.3333333333333333, "tb_avg_20": 1.3888888888888888, "tb_sd_10": 1.563471919941143, "ab_avg_5": 3.6, "ab_avg_10": 3.5, "avg_avg_10": 0.23666666666666666, "k_rate_avg_10": 0.24500000000000002, "bb_rate_avg_10": 0.06999999999999999, "iso_avg_10": 0.13333333333333333, "hr_rate_avg_5": 0.0, "hr_rate_avg_10": 0.025, "hr_rate_cumul_5": 0.0, "hr_rate_cumul_10": 0.027777777777777776, "hr_rate_cumul_20": 0.028985507246376812, "n_games_prev_10": 10.0, "obp_avg_10": 0.2983333333333333, "hr_any_last1": 0.0, "hr_count_last3": 0.0, "hr_games_with_hr_last5": 0.0, "bb_avg_5": 0.2, "bb_avg_10": 0.3, "bb_avg_20": 0.3, "bb_sd_10": 0.48304589153964794, "k_avg_5": 0.8, "k_avg_10": 0.8, "hits_home_avg_20": 0.8333333333333334, "hits_away_avg_20": 0.8571428571428571, "tb_home_avg_20": 1.3333333333333333, "tb_away_avg_20": 1.3636363636363635, "hr_home_avg_20": 0.1, "hr_away_avg_20": 0.1, "bb_home_avg_20": 0.3, "bb_away_avg_20": 0.2857142857142857, "opp_sp_era_5": 4.238555347091933, "opp_sp_fip_5": 4.1380863039399625, "opp_sp_k_pct_5": 0.21419974423113258, "opp_sp_k9_5": 8.260080229561215, "opp_sp_bb_pct_5": 0.0753587369225569, "opp_sp_whip_5": 1.3261217075386011, "opp_sp_ip_avg_5": 5.4, "opp_sp_pitches_est": 89.1, "opp_sp_last_start_ip": 5.33, "opp_sp_hr9_5": 1.192063492063492, "opp_sp_hr9_10": 1.2010714285714286, "opp_sp_fb_velo_avg_5": 93.91611051088131, "opp_sp_fb_velo_trend_5": -0.0032953220599978295, "opp_sp_days_since_last_start": 6.0, "opp_sp_is_short_rest": 0.0, "opp_sp_era_home_10": 3.7900226757369615, "opp_sp_era_away_10": 4.35, "park_run_factor": 1.006, "park_hr_factor": 1.012, "ump_bb9_avg_10": 3.1373949579831932, "ump_k9_avg_10": 8.55099884110083, "temperature_f": 74.6, "wind_speed_mph": 7.2, "wind_sin": -0.20791169081775987, "wind_cos": -0.25881904510252063, "precip_prob_pct": 0.0, "is_dome": 0.0, "is_day_game": 0.0, "market_total": 8.5, "line_move_total": 0.5, "batting_order_avg_5": 5.0, "batting_order_avg_10": 5.0, "is_lhb_batter": 0.0, "hits_avg_40_vs_hand": 0.8636363636363636, "tb_avg_40_vs_hand": 1.3888888888888888, "k_rate_avg_40_vs_hand": 0.24681013431013432, "iso_avg_40_vs_hand": 0.1396551724137931, "hr_avg_40_vs_hand": 0.1, "hits_hand_split_40": -0.0625, "tb_hand_split_40": -0.1339031339031339, "hr_hand_split_40": -0.008658008658008658, "n_games_vs_lhp_40": 8.0, "n_games_vs_rhp_40": 26.0, "hits_avg_10_vs_hand": 0.8571428571428571, "tb_avg_10_vs_hand": 1.3333333333333333, "hr_avg_10_vs_hand": 0.0, "hits_avg_10_vs_lhp": 0.8, "hits_avg_10_vs_rhp": 0.8571428571428571, "n_games_vs_lhp_10": 2.0, "n_games_vs_rhp_10": 7.0, "n_games_prev_10_cs": 10.0, "hits_avg_10_cs": 0.8, "hits_avg_20_cs": 0.85, "tb_avg_10_cs": 1.3333333333333333, "tb_avg_20_cs": 1.3888888888888888, "hr_avg_10_cs": 0.1, "hr_rate_avg_10_cs": 0.025, "ab_avg_10_cs": 3.5, "k_rate_avg_10_cs": 0.24500000000000002, "bb_rate_avg_10_cs": 0.06999999999999999, "iso_avg_10_cs": 0.13333333333333333, "prev_games": 100.0, "prev_hits_avg": 0.9589, "prev_tb_avg": 1.5693, "prev_hr_avg": 0.1333, "prev_ab_avg": 3.825, "prev_k_rate": 0.24755, "prev_bb_rate": 0.0588, "prev_iso": 0.1586, "prev_hr_rate": 0.034, "h2h_games": 0.0, "h2h_ba": 0.25, "h2h_obp": 0.25, "h2h_slg": 0.2857142857142857, "h2h_k_rate": 0.25, "h2h_iso": 0.0, "h2h_hr": 0.0, "h2h_ab": 0.0, "h2h_ba_last3": 0.25, "h2h_slg_last3": 0.2857142857142857, "h2h_hr_rate_last3": 0.0, "h2h_ab_last3": 0.0, "own_lineup_slg_avg_10": 0.3938003227213461, "own_lineup_iso_avg_10": 0.14816666666666664, "own_top4_slg_avg_10": 0.4361794993373941, "sc_barrel_rate": 8.12258064516129, "sc_hard_hit_pct": 40.99209677419355, "sc_avg_exit_velo": 89.2, "sc_avg_launch_angle": 13.702373887240356, "sc_sweet_spot_pct": 33.93330206378987, "sc_fb_pct": 36.96555118110236, "sc_gb_pct": 34.750583657587555, "sc_ld_pct": 100.0, "sc_xba": 0.2438270893371758, "sc_xslg": 0.4062790322580645, "sc_xwoba": 0.3173917112299465, "sc_xiso": 0.1669917355371901, "sc_pull_pct": NaN, "sc_opposite_pct": NaN, "sc_popup_pct": NaN, "sc_brl_pa": 5.561918604651162, "sprint_speed": 27.4, "opp_sp_sc_barrel_rate": 8.402544769085768, "opp_sp_sc_hard_hit_pct": 40.752434158020755, "opp_sp_sc_avg_exit_velo": 89.38579409417397, "opp_sp_sc_gb_pct": 28.578159645232816, "opp_sp_sc_fb_pct": 30.943044189852703, "opp_sp_sc_xba": 0.24560377358490568, "opp_sp_sc_xslg": 0.41664874551971326, "opp_sp_sc_xwoba": 0.3190190239867659, "opp_sp_fb_pct": 37.4, "opp_sp_fb_hard_hit_pct": 45.7, "opp_sp_fb_xwoba": 0.341, "opp_sp_fb_run_value_per_100": 0.0, "opp_sp_fb_whiff_pct": 20.6, "opp_sp_fb_k_pct": 21.9, "opp_sp_sl_pct": 22.1, "opp_sp_sl_whiff_pct": 31.1, "opp_sp_sl_k_pct": 25.6, "opp_sp_sl_xwoba": 0.295, "opp_sp_ch_pct": 17.9, "opp_sp_ch_whiff_pct": 30.0, "opp_sp_ch_k_pct": 21.2, "opp_sp_fastball_family_pct": 46.2, "opp_sp_pitch_diversity": 0.619, "opp_sp_si_pct": 20.7, "opp_sp_si_whiff_pct": 12.5, "opp_sp_si_k_pct": 13.3, "opp_sp_si_hard_hit_pct": 44.8, "opp_sp_sl_hard_hit_pct": 37.5, "opp_sp_sl_run_value_per_100": 0.1, "opp_sp_ch_hard_hit_pct": 32.2, "opp_sp_ch_run_value_per_100": 0.1, "sc_b_oz_swing_pct": 28.4, "sc_b_iz_contact_pct": 83.2, "sc_b_oz_contact_pct": 55.6, "sc_b_disc_whiff_pct": 24.9, "sc_b_out_zone_pct": 50.1, "opp_bp_era_5": 3.721615835224851, "opp_bp_era_10": 3.9124192827890703, "opp_bp_k9_5": 8.858567043492473, "opp_bp_ip_last_7": 22.0, "opp_bp_era_7d": 3.7656903765690375, "opp_bp_relievers_last_1d": 3.0, "opp_bp_relievers_last_2d": 5.0, "batter_n_games_at_venue": 5.0, "batter_venue_ba": 0.0, "batter_venue_hr_rate": 0.0, "batter_venue_slg": 0.0, "sp_k_pct_vs_lhb_25": 0.2558139534883721, "sp_k_pct_vs_rhb_25": 0.25, "sp_k_pct_vs_lhb_10": 0.2558139534883721, "sp_k_pct_vs_rhb_10": 0.25, "confirmed_batting_order": NaN, "confirmed_lineup_source": NaN, "btu_games": 1.0, "btu_ba": 0.25, "btu_k_rate": 0.25, "btu_bb_rate": 0.0, "bvr_games_30": 30.0, "bvr_bp_games_30": 8.0, "bvr_ab_30": 29.0, "bvr_ba_30": 0.2857142857142857, "bvr_hr_rate_30": 0.03333333333333333, "bvr_slg_30": 0.46511627906976744, "bvr_k_rate_30": 0.22580645161290322, "opp_sp_lob_pct_career": 62.006079027355625, "opp_sp_lob_pct_10": 62.16216216216216, "park_babip_avg": 0.2867943442017528, "own_runs_last3": 13.0, "own_runs_avg3": 4.333333333333333, "batter_babip_10": 0.2916666666666667, "batter_babip_career": 0.2969543147208122, "babip_games_10": 10.0, "opp_team_def_der_20": 0.72265625, "opp_team_def_der_career": 0.7232053422370618, "market_hits_over_price": -185.0, "market_tb_over_price": 140.0, "market_hr_over_price": 680.0, "season_2024-regular": 0.0, "season_2025-regular": 0.0, "season_2026-regular": 0.0, "batter_hand_L": 0.0, "batter_hand_R": 1.0, "batter_hand_S": 0.0, "batter_hand_nan": 0.0, "opp_sp_hand_L": 0.0, "opp_sp_hand_R": 1.0, "opp_sp_hand_nan": 0.0, "hits_trend_5v10": 0.0, "hits_hot_ratio": 1.0, "hits_trend_sig": 0.0, "hits_trend_accel": 0.0, "hr_trend_5v10": 0.0, "hr_hot_ratio": 1.0, "hr_trend_accel": 0.0, "tb_trend_5v10": 0.0, "tb_hot_ratio": 1.0, "tb_trend_sig": 0.0, "tb_trend_accel": 0.0, "early_season_weight": 1.0, "hr_park_adj_10": 0.1003, "tb_park_adj_10": 1.3494000000000002, "hr_rate_cumul_trend_5v20": 0.0, "hr_rate_cumul_x_park": 0.028105263157894737, "tb_cv_10": 1.1653431646335017, "tb_power_opportunity": 0.45999999999999996, "sc_xslg_x_park": 0.40418592901878914, "sc_brl_x_ab": 19.21331550802139, "hits_vs_opp_era": 0.853969981238274, "tb_vs_opp_fip": 1.345290330345454, "opp_bp_era_adj": -0.4783841647751492, "hits_vs_opp_bp_era": 0.7424999999999999, "tb_vs_opp_bp_era": 1.1764343951581815, "opp_bp_era7_x_ip7": 81.0, "wind_x_park_hr": 7.110799999999999, "is_cold_game": 0.0, "temp_below_60": 0.0, "bb_trend_5v10": 0.0, "bb_hot_ratio": 1.0, "bb_trend_sig": 0.0, "batter_k_trend_5v10": 0.0, "batter_k_hot_ratio": 1.0, "batter_k_rate_x_ump_k9": 2.0846984126984123, "ump_bb9_x_batter_bb_rate": 0.22051402208911816,