{"is_home": 1.0, "rest_days": 1.0, "hits_avg_5": 0.8, "hits_avg_10": 0.9, "hits_avg_20": 0.875, "hits_sd_10": 0.8232726023485646, "hr_avg_5": 0.0, "hr_avg_10": 0.1, "hr_avg_20": 0.1, "tb_avg_5": 1.4, "tb_avg_10": 1.4, "tb_avg_20": 1.4, "tb_sd_10": 1.5670212364724212, "ab_avg_5": 3.6, "ab_avg_10": 3.6, "avg_avg_10": 0.24, "k_rate_avg_10": 0.24166666666666664, "bb_rate_avg_10": 0.075, "iso_avg_10": 0.13333333333333333, "hr_rate_avg_5": 0.0, "hr_rate_avg_10": 0.025, "hr_rate_cumul_5": 0.0, "hr_rate_cumul_10": 0.02702702702702703, "hr_rate_cumul_20": 0.028169014084507043, "n_games_prev_10": 10.0, "obp_avg_10": 0.30500000000000005, "hr_any_last1": 0.0, "hr_count_last3": 0.0, "hr_games_with_hr_last5": 0.0, "bb_avg_5": 0.3333333333333333, "bb_avg_10": 0.3, "bb_avg_20": 0.3333333333333333, "bb_sd_10": 0.5, "k_avg_5": 0.8, "k_avg_10": 0.8, "hits_home_avg_20": 0.875, "hits_away_avg_20": 0.875, "tb_home_avg_20": 1.375, "tb_away_avg_20": 1.3333333333333333, "hr_home_avg_20": 0.09090909090909091, "hr_away_avg_20": 0.09090909090909091, "bb_home_avg_20": 0.3333333333333333, "bb_away_avg_20": 0.3333333333333333, "opp_sp_era_5": 3.930373804387674, "opp_sp_fip_5": 4.099844388399253, "opp_sp_k_pct_5": 0.21288880468068208, "opp_sp_k9_5": 8.187301587301587, "opp_sp_bb_pct_5": 0.07964835164835163, "opp_sp_whip_5": 1.3067343438974697, "opp_sp_ip_avg_5": 5.335, "opp_sp_hr9_5": 1.05, "opp_sp_hr9_10": 1.0928571428571427, "opp_sp_fb_velo_avg_5": 94.05108691553545, "opp_sp_fb_velo_trend_5": -0.011649768622177703, "opp_sp_days_since_last_start": 6.0, "opp_sp_is_short_rest": 0.0, "opp_sp_era_home_10": 3.441416510318949, "opp_sp_era_away_10": 4.192857142857143, "park_run_factor": 1.012, "park_hr_factor": 1.021, "ump_bb9_avg_10": 3.21828989836306, "ump_k9_avg_10": 8.638088529750535, "temperature_f": 66.7, "wind_speed_mph": 7.6, "wind_sin": -0.37460659341591235, "wind_cos": -0.22495105434386525, "precip_prob_pct": 0.0, "is_dome": 0.0, "is_day_game": 0.0, "market_total": 8.5, "batting_order_avg_5": 4.6, "batting_order_avg_10": 4.6, "batter_hand": NaN, "opp_sp_hand": NaN, "hits_avg_40_vs_hand": NaN, "tb_avg_40_vs_hand": NaN, "k_rate_avg_40_vs_hand": NaN, "iso_avg_40_vs_hand": NaN, "hits_hand_split_40": 0.0, "tb_hand_split_40": 0.0, "n_games_vs_lhp_40": 0.0, "n_games_vs_rhp_40": 0.0, "n_games_prev_10_cs": 10.0, "hits_avg_10_cs": 0.9, "hits_avg_20_cs": 0.85, "tb_avg_10_cs": 1.4, "tb_avg_20_cs": 1.4, "hr_avg_10_cs": 0.1, "hr_rate_avg_10_cs": 0.025, "ab_avg_10_cs": 3.6, "k_rate_avg_10_cs": 0.24166666666666664, "bb_rate_avg_10_cs": 0.075, "iso_avg_10_cs": 0.13333333333333333, "prev_games": 106.0, "prev_hits_avg": 0.9683, "prev_tb_avg": 1.6, "prev_hr_avg": 0.1377, "prev_ab_avg": 3.8451, "prev_k_rate": 0.2459, "prev_bb_rate": 0.06, "prev_iso": 0.1613, "prev_hr_rate": 0.0354, "h2h_games": 0.0, "h2h_ba": 0.25, "h2h_obp": 0.25, "h2h_slg": 0.3, "h2h_k_rate": 0.25, "h2h_iso": 0.0, "h2h_hr": 0.0, "h2h_ab": 0.0, "own_lineup_slg_avg_10": 0.38969852956921924, "own_lineup_iso_avg_10": 0.14333333333333334, "own_top4_slg_avg_10": 0.43199968264252986, "sc_barrel_rate": 8.612607449856734, "sc_hard_hit_pct": 41.771646341463416, "sc_avg_exit_velo": 89.4974358974359, "sc_avg_launch_angle": 13.658747300215984, "sc_sweet_spot_pct": 34.1422934648582, "sc_fb_pct": 35.858039215686276, "sc_gb_pct": 33.46980392156863, "sc_ld_pct": 100.0, "sc_xba": 0.2471406619385343, "sc_xslg": 0.416777166437414, "sc_xwoba": 0.3216744759556104, "sc_xiso": 0.17185800604229606, "sc_pull_pct": NaN, "sc_opposite_pct": NaN, "sc_popup_pct": NaN, "sc_brl_pa": 5.867418032786886, "sprint_speed": 27.2, "opp_sp_sc_barrel_rate": 8.526522327469554, "opp_sp_sc_hard_hit_pct": 40.93574397339983, "opp_sp_sc_avg_exit_velo": 89.47239263803681, "opp_sp_sc_gb_pct": 31.83887945670628, "opp_sp_sc_fb_pct": 34.30841463414634, "opp_sp_sc_xba": 0.21457686084142394, "opp_sp_sc_xslg": 0.3593983618763961, "opp_sp_sc_xwoba": 0.27667318982387473, "opp_sp_fb_pct": 35.3, "opp_sp_fb_hard_hit_pct": 46.7, "opp_sp_fb_xwoba": 0.35, "opp_sp_fb_run_value_per_100": -0.1, "opp_sp_fb_whiff_pct": 20.1, "opp_sp_fb_k_pct": 21.2, "opp_sp_sl_pct": 20.4, "opp_sp_sl_whiff_pct": 31.9, "opp_sp_sl_k_pct": 25.4, "opp_sp_sl_xwoba": 0.296, "opp_sp_ch_pct": 18.6, "opp_sp_ch_whiff_pct": 30.0, "opp_sp_ch_k_pct": 22.5, "opp_sp_fastball_family_pct": 45.7, "opp_sp_pitch_diversity": 0.628, "opp_sp_si_pct": 19.8, "opp_sp_si_whiff_pct": 12.4, "opp_sp_si_k_pct": 12.7, "opp_sp_si_hard_hit_pct": 45.9, "opp_sp_sl_hard_hit_pct": 39.5, "opp_sp_sl_run_value_per_100": 0.1, "opp_sp_ch_hard_hit_pct": 31.9, "opp_sp_ch_run_value_per_100": 0.4, "sc_b_oz_swing_pct": 28.6, "sc_b_iz_contact_pct": 83.5, "sc_b_oz_contact_pct": 55.9, "sc_b_disc_whiff_pct": 24.9, "sc_b_out_zone_pct": 50.6, "opp_bp_era_5": 3.6866420960633954, "opp_bp_era_10": 3.949637911082907, "opp_bp_k9_5": 8.717812569331928, "opp_bp_ip_last_7": 21.67, "opp_bp_era_7d": 3.779244151169766, "book_line": 0.5, "season_2025-regular": 1.0, "season_2026-regular": 0.0, "hits_trend_5v10": 0.0, "hits_hot_ratio": 1.0, "hits_trend_sig": 0.0, "hr_trend_5v10": 0.0, "hr_hot_ratio": 1.0, "tb_trend_5v10": 0.0, "tb_hot_ratio": 1.0, "tb_trend_sig": 0.0, "hr_park_adj_10": 0.10120000000000001, "tb_park_adj_10": 1.396, "hr_rate_cumul_trend_5v20": 0.0, "hr_rate_cumul_x_park": 0.027594594594594592, "tb_cv_10": 1.1486707293408518, "tb_power_opportunity": 0.4666666666666667, "sc_xslg_x_park": 0.4172614736842105, "sc_brl_x_ab": 20.523652694610778, "hits_vs_opp_era": 0.8220898109002048, "tb_vs_opp_fip": 1.35, "opp_bp_era_adj": -0.5133579039366047, "hits_vs_opp_bp_era": 0.7587402746638122, "tb_vs_opp_bp_era": 1.2022297297297297, "opp_bp_era7_x_ip7": 81.0, "wind_x_park_hr": 7.532, "is_cold_game": 0.0, "temp_below_60": 0.0, "bb_trend_5v10": 0.0, "bb_hot_ratio": 1.0, "bb_trend_sig": 0.0, "ump_bb9_x_batter_bb_rate": 0.24580992585818334, "ump_bb9_x_bb_avg_10": 1.0083953114606028, "is_top_of_order": 0.0, "is_cleanup": 0.0, "hits_cs_delta": 0.0, "tb_cs_delta": 0.0, "hr_cs_delta": 0.0, "hits_cs_vs_prev": -0.06669999999999998, "tb_cs_vs_prev": -0.15439999999999987, "hits_vs_hand_weighted": 0.0, "tb_vs_hand_weighted": 0.0, "k_rate_vs_hand_weighted": 0.0, "iso_vs_hand_weighted": 0.0, "hits_hand_split_weighted": 0.0, "tb_hand_split_weighted": 0.0, "h2h_reliability": 0.0, "h2h_ops": 0.0, "h2h_ba_weighted": 0.0, "h2h_ops_weighted": 0.0, "h2h_k_rate_weighted": 0.0, "h2h_iso_weighted": 0.0, "h2h_ops_delta": 0.0, "h2h_k_rate_delta": 0.0, "h2h_has_history": 0.0, "h2h_hr_rate": 0.0, "h2h_hr_rate_weighted": 0.0, "h2h_hr_vs_baseline": 0.0, "hits_venue_adj": 0.875, "hits_home_away_split": 0.0, "tb_venue_adj": 1.3571428571428572, "tb_home_away_split": 0.0, "hr_venue_adj": 0.09090909090909091, "hr_home_away_split": 0.0, "bb_venue_adj": 0.3333333333333333, "bb_home_away_split": 0.0, "sc_barrel_x_park_hr": 8.602599227799228, "sc_hard_hit_x_fb": 15.221157249032574, "sc_exit_velo_above_avg": 1.4974358974359063, "sc_xslg_vs_iso": 0.2778648351648352, "sc_xwoba_vs_avg": 0.08161752516281828, "sc_xiso_park_adj": 0.17029726996966632, "sc_sweet_spot_x_velo": 1.5297993314096716, "sc_barrel_matchup": 0.1815238535795558, "sc_hard_hit_matchup": 1.00256983240223, "opp_sp_gb_tendency": 0.3183887945670628, "sc_hittability_combo": 0.594817191387501, "sc_barrel_x_opp_fb": 5.269298106758831, "sc_hard_hit_x_opp": 0.16783968802494403, "sc_xslg_x_opp_xwoba": 0.11263604852570441, "sc_xwoba_x_opp_xwoba": 0.08746239867671503, "opp_sp_hr9_vs_avg": 0.0, "fb_x_opp_hr9": 0.3962241509433962, "barrel_x_opp_hr9": 8.035531135531135, "xiso_x_opp_hr9": 0.17013279002876322, "fb_batter_x_pitcher_fb": 0.13035424220820374, "hr_rate_cumul_x_opp_hr9": 0.01607142857142857, "opp_sp_fb_velo_decline": 0.0, "opp_sp_fb_velo_trend_clipped": 0.0, "opp_sp_fb_velo_vs_league": 0.41967532467533886, "opp_sp_velo_decline_x_barrel": 0.0, "opp_sp_velo_decline_x_hr9": 0.0, "sc_in_hr_la_zone": 0.0, "sc_la_ev_composite": 0.0, "hr_streak_score": 0.0, "hr_recency_vs_avg": 0.0, "is_b2b": 1.0, "is_regular_starter": 1.0, "ab_per_game_played": 0.37,