{"is_home": 1.0, "ip_avg_5": 5.466, "k_pct_5": 0.21209748715632737, "k9_5": 8.175783630620707, "era_5": 4.020164034534432, "whip_5": 1.3194493734926032, "fip_5": 4.112069019396144, "bb_pct_5": 0.0791881420476621, "hr9_5": 1.0919523114645067, "k_pct_10": 0.21343127351818614, "k9_10": 8.211110875691388, "era_10": 4.084701076392621, "whip_10": 1.3237197254906081, "fip_10": 4.115837974020176, "starts_in_window_5": 5.0, "starts_in_window_10": 6.0, "last_start_k": 5.0, "last_start_ip": 5.67, "last_start_bb": 2.0, "sp_days_since_last_start": 6.0, "is_short_rest": 0.0, "era_home_10": 3.449775112443778, "era_away_10": 4.226030774831374, "k9_home_10": 8.30976481740368, "k9_away_10": 7.8, "fip_home_10": 3.8006006006006006, "fip_away_10": 4.110590324309836, "opp_k_pct_avg_10": 0.24494307365796214, "opp_bb_pct_avg_10": 0.08741770120165707, "opp_avg_avg_10": 0.239805479839525, "opp_hr_avg_10": 1.1, "opp_iso_avg_10": 0.1436981144296462, "opp_slg_avg_10": 0.38318349858553846, "opp_lineup_k_pct_std": 0.106147059136394, "opp_lineup_k_pct_cv": 0.4296931619499365, "park_run_factor": 1.012, "park_hr_factor": 1.021, "ump_k9_avg_10": 8.57643997759983, "ump_bb9_avg_10": 3.2450323941109493, "temperature_f": 68.55, "wind_speed_mph": 7.5, "wind_sin": -0.39073112848927355, "wind_cos": -0.24192189559966779, "precip_prob_pct": 0.0, "is_dome": 0.0, "is_day_game": 0.0, "market_total": 8.5, "opp_lineup_avg_avg_10": 0.23928240740740742, "opp_lineup_iso_avg_10": 0.14374579124579126, "opp_top4_slg_avg_10": 0.43749816854655565, "sc_barrel_rate": 8.474862385321101, "sc_hard_hit_pct": 40.89318181818182, "sc_avg_exit_velo": 89.48129649309244, "sc_gb_pct": 28.592070484581495, "sc_fb_pct": 30.817357222844347, "sc_xba": 0.24463249516441005, "sc_xslg": 0.41224949083503054, "sc_xwoba": 0.3170967056323061, "sc_sp_fb_whiff_pct": 20.4, "sc_sp_fb_k_pct": 21.5, "sc_sp_fb_put_away": 17.0, "sc_sp_sl_pct": 19.5, "sc_sp_sl_whiff_pct": 31.7, "sc_sp_sl_k_pct": 24.1, "sc_sp_sl_run_value_per_100": 0.0, "sc_sp_ch_pct": 17.8, "sc_sp_ch_whiff_pct": 30.2, "sc_sp_ch_k_pct": 22.2, "sc_sp_fb_pct": 35.2, "sc_sp_fb_hard_hit_pct": 46.3, "sc_sp_fb_xwoba": 0.348, "sc_sp_fb_run_value_per_100": 0.0, "sc_sp_si_pct": 19.5, "sc_sp_si_whiff_pct": 12.2, "sc_sp_si_k_pct": 12.7, "sc_sp_si_hard_hit_pct": 46.3, "sc_sp_fastball_family_pct": 46.0, "sc_sp_pitch_diversity": 0.633, "sc_sp_oz_swing_pct": 28.8, "sc_sp_iz_contact_pct": 83.9, "sc_sp_oz_contact_pct": 57.6, "sc_sp_disc_whiff_pct": 24.2, "catcher_framing_rv": 0.156834470147432, "catcher_framing_rate": 0.4722222222222222, "sp_fb_velo_avg_5": 94.01339692615814, "sp_fb_velo_trend_5": 0.028569222544405193, "venue_n_starts": 2.0, "venue_era": 3.803139695643229, "venue_k9": 8.897186431629224, "venue_fip": 3.7517391022736746, "book_line": 4.5, "season_2025-regular": 1.0, "season_2026-regular": 0.0, "pitcher_hand_L": 0.0, "pitcher_hand_R": 1.0, "pitcher_hand_nan": 0.0, "sc_xslg_x_park": 0.41301890748898684, "sp_k_pct_vs_opp_k_rate": 0.05176402532459954, "k9_trend_5v10": 0.0, "k_pct_trend_5v10": 0.0, "era_trend_5v10": 0.0, "fip_trend_5v10": 0.0, "k_pct_x_park_hr": 0.2136117243693243, "wind_x_park_hr": 7.2584, "is_cold_game": 0.0, "temp_below_60": 0.0, "sp_k_pct_trend_5v10": 0.0, "sp_k9_trend_5v10": 0.0, "k_trend_x_ump_k9": 0.0, "contact_vs_ump_zone": 0.42283949559618084, "ump_k9_x_sp_k_pct": 1.8164269631467524, "ump_k9_x_opp_k_pct": 2.0957495331252125, "ump_k9_x_sp_whiff_pct": 208.22225184953237, "ump_k9_x_sp_sl_whiff_pct": 269.0133373115783, "ump_k9_x_sp_k9_5": 70.00769291575315, "ump_k9_x_sp_opp_k_triple": 0.4431873273799019, "sc_barrel_x_park_hr": 8.587207506223685, "sc_hard_hit_x_fb": 12.40320297975412, "sc_exit_velo_above_avg": 1.4812964930924437, "sc_barrel_vs_k_rate": 37.81423071750946, "sc_hard_hit_vs_opp_k": 9.930033352912828, "k9_shrunk": 8.32394599857649, "k_pct_shrunk": 0.21586475213934259, "framing_hand_benefit": 0.46402877697841727, "sp_k_pct_x_opp_cv": 0.30360705438188396, "venue_k9_adj": 8.483526957096206, "venue_k9_delta": 0.0, "venue_era_adj": 4.003554932365556, "venue_era_delta": 0.0, "venue_fip_adj": 4.038932380228095, "last_start_dominated": 0.0, "last_start_blowup": 0.0, "last_start_k9": 7.875, "last_start_k_bb": 1.75, "framing_x_sp_edge_work": 0.0}