{"is_home": 1.0, "ip_avg_5": 5.466, "k_pct_5": 0.21288880468068208, "k9_5": 8.164955991875424, "era_5": 3.984796573875803, "whip_5": 1.3145502645502647, "fip_5": 4.098474665141332, "bb_pct_5": 0.07856757561099316, "hr9_5": 1.0883382617857993, "k_pct_10": 0.21340775752308058, "k9_10": 8.187301587301587, "era_10": 4.086193897625768, "whip_10": 1.3222222222222222, "fip_10": 4.125111401407531, "starts_in_window_5": 5.0, "starts_in_window_10": 6.0, "last_start_k": 5.0, "last_start_ip": 5.67, "last_start_bb": 2.0, "sp_days_since_last_start": 6.0, "is_short_rest": 0.0, "era_home_10": 3.397889885963055, "era_away_10": 4.216350710900474, "k9_home_10": 8.27136258660508, "k9_away_10": 7.778250207905637, "fip_home_10": 3.822633744855967, "fip_away_10": 4.103828258403227, "opp_k_pct_avg_10": 0.24496201800064749, "opp_bb_pct_avg_10": 0.0872333540456059, "opp_avg_avg_10": 0.2411708290115751, "opp_hr_avg_10": 1.1, "opp_iso_avg_10": 0.14383876742776336, "opp_slg_avg_10": 0.3847150383141762, "opp_lineup_k_pct_std": 0.10650704202070399, "opp_lineup_k_pct_cv": 0.4327795790532887, "park_run_factor": 1.006, "park_hr_factor": 1.012, "ump_k9_avg_10": 8.571328099686992, "ump_bb9_avg_10": 3.2294942458683855, "temperature_f": 68.5, "wind_speed_mph": 7.2, "wind_sin": -0.34202014332566866, "wind_cos": -0.24192189559966779, "precip_prob_pct": 0.0, "is_dome": 0.0, "is_day_game": 0.0, "market_total": 8.5, "pitcher_hand": NaN, "opp_lineup_avg_avg_10": 0.2390740740740741, "opp_lineup_iso_avg_10": 0.14296296296296299, "opp_top4_slg_avg_10": 0.43786618786618786, "sc_barrel_rate": 9.0, "sc_hard_hit_pct": 41.7, "sc_avg_exit_velo": 89.6, "sc_gb_pct": 23.4, "sc_fb_pct": 25.1, "sc_xba": 0.247, "sc_xslg": 0.416, "sc_xwoba": 0.32, "sc_sp_fb_whiff_pct": 20.6, "sc_sp_fb_k_pct": 21.5, "sc_sp_fb_put_away": 16.9, "sc_sp_sl_pct": 19.9, "sc_sp_sl_whiff_pct": 31.9, "sc_sp_sl_k_pct": 24.7, "sc_sp_sl_run_value_per_100": 0.1, "sc_sp_ch_pct": 17.9, "sc_sp_ch_whiff_pct": 29.7, "sc_sp_ch_k_pct": 22.6, "sc_sp_fb_pct": 35.3, "sc_sp_fb_hard_hit_pct": 46.5, "sc_sp_fb_xwoba": 0.346, "sc_sp_fb_run_value_per_100": -0.1, "sc_sp_si_pct": 19.5, "sc_sp_si_whiff_pct": 12.2, "sc_sp_si_k_pct": 13.4, "sc_sp_si_hard_hit_pct": 46.3, "sc_sp_fastball_family_pct": 46.2, "sc_sp_pitch_diversity": 0.625, "sc_sp_oz_swing_pct": 28.7, "sc_sp_iz_contact_pct": 83.8, "sc_sp_oz_contact_pct": 57.5, "sc_sp_disc_whiff_pct": 24.2, "catcher_framing_rv": 0.19697789637114024, "catcher_framing_rate": 0.4719601677148847, "book_line": 4.5, "season_2025-regular": 1.0, "season_2026-regular": 0.0, "sc_xslg_x_park": 0.417588, "sp_k_pct_vs_opp_k_rate": 0.05181848740027978, "k9_trend_5v10": 0.0, "k_pct_trend_5v10": 0.0, "era_trend_5v10": 0.0, "fip_trend_5v10": 0.0, "k_pct_x_park_hr": 0.21345244032491648, "wind_x_park_hr": 7.1188, "is_cold_game": 0.0, "temp_below_60": 0.0, "ump_k9_x_sp_k_pct": 1.8179265189043152, "ump_k9_x_opp_k_pct": 2.0941726194779555, "ump_k9_x_sp_whiff_pct": 208.08876064572118, "ump_k9_x_sp_sl_whiff_pct": 271.2498798543293, "ump_k9_x_sp_k9_5": 69.94780436794984, "ump_k9_x_sp_opp_k_triple": 0.4443816471698224, "sc_barrel_x_park_hr": 8.864400000000002, "sc_hard_hit_x_fb": 10.726199999999999, "sc_exit_velo_above_avg": 1.5999999999999943, "sc_barrel_vs_k_rate": 39.00337147825905, "sc_hard_hit_vs_opp_k": 10.151126931453758, "k9_shrunk": 8.316291522363047, "k_pct_shrunk": 0.21611951902907375, "framing_hand_benefit": 0.46357615894039733, "sp_k_pct_x_opp_cv": 0.3051231546853011}