{"is_home": 1.0, "ip_avg_5": 5.466, "k_pct_5": 0.21193420827965168, "k9_5": 8.13, "era_5": 3.9873015873015873, "whip_5": 1.3150761809092966, "fip_5": 4.101336041525615, "bb_pct_5": 0.07910326086956522, "hr9_5": 1.1, "k_pct_10": 0.2131009891879457, "k9_10": 8.183571428571428, "era_10": 4.101972466243645, "whip_10": 1.3208333333333333, "fip_10": 4.116147652815697, "starts_in_window_5": 5.0, "starts_in_window_10": 6.0, "last_start_k": 5.0, "last_start_ip": 5.67, "last_start_bb": 2.0, "sp_days_since_last_start": 6.0, "is_short_rest": 0.0, "era_home_10": 3.4458065829945745, "era_away_10": 4.242857142857143, "k9_home_10": 8.268028723709392, "k9_away_10": 7.761447814996733, "fip_home_10": 3.8230452674897117, "fip_away_10": 4.116666666666666, "opp_k_pct_avg_10": 0.24521083280951705, "opp_bb_pct_avg_10": 0.08717446562715105, "opp_avg_avg_10": 0.2403327492926639, "opp_hr_avg_10": 1.1, "opp_iso_avg_10": 0.14363067817465183, "opp_slg_avg_10": 0.3840673356818587, "opp_lineup_k_pct_std": 0.10636923082031816, "opp_lineup_k_pct_cv": 0.42975421535334485, "park_run_factor": 1.006, "park_hr_factor": 1.012, "ump_k9_avg_10": 8.581964268217003, "ump_bb9_avg_10": 3.241850196038798, "temperature_f": 68.5, "wind_speed_mph": 7.4, "wind_sin": -0.374606593415912, "wind_cos": -0.2079116908177598, "precip_prob_pct": 0.0, "is_dome": 0.0, "is_day_game": 0.0, "market_total": 8.5, "pitcher_hand": NaN, "opp_lineup_avg_avg_10": 0.23933333333333334, "opp_lineup_iso_avg_10": 0.14333333333333334, "opp_top4_slg_avg_10": 0.43786618786618786, "sc_barrel_rate": 8.58213058419244, "sc_hard_hit_pct": 40.93574397339983, "sc_avg_exit_velo": 89.47239263803681, "sc_gb_pct": 28.752017448200654, "sc_fb_pct": 30.73773173391494, "sc_xba": 0.21469333333333332, "sc_xslg": 0.3596466165413534, "sc_xwoba": 0.27695234549516007, "sc_sp_fb_whiff_pct": 20.3, "sc_sp_fb_k_pct": 21.5, "sc_sp_fb_put_away": 17.1, "sc_sp_sl_pct": 20.2, "sc_sp_sl_whiff_pct": 31.9, "sc_sp_sl_k_pct": 24.7, "sc_sp_sl_run_value_per_100": 0.1, "sc_sp_ch_pct": 17.55, "sc_sp_ch_whiff_pct": 30.0, "sc_sp_ch_k_pct": 22.3, "sc_sp_fb_pct": 35.2, "sc_sp_fb_hard_hit_pct": 46.6, "sc_sp_fb_xwoba": 0.347, "sc_sp_fb_run_value_per_100": -0.1, "sc_sp_si_pct": 19.5, "sc_sp_si_whiff_pct": 12.5, "sc_sp_si_k_pct": 13.4, "sc_sp_si_hard_hit_pct": 45.9, "sc_sp_fastball_family_pct": 46.0, "sc_sp_pitch_diversity": 0.629, "sc_sp_oz_swing_pct": 28.8, "sc_sp_iz_contact_pct": 83.9, "sc_sp_oz_contact_pct": 57.4, "sc_sp_disc_whiff_pct": 24.2, "catcher_framing_rv": 0.2688977228348713, "catcher_framing_rate": 0.4722222222222222, "book_line": 4.5, "season_2025-regular": 1.0, "season_2026-regular": 0.0, "sc_xslg_x_park": 0.35839982728842834, "sp_k_pct_vs_opp_k_rate": 0.051570107241475954, "k9_trend_5v10": 0.0, "k_pct_trend_5v10": 0.0, "era_trend_5v10": 0.0, "fip_trend_5v10": 0.0, "k_pct_x_park_hr": 0.212297270837856, "wind_x_park_hr": 7.1928, "is_cold_game": 0.0, "temp_below_60": 0.0, "sp_k_pct_trend_5v10": 0.0, "sp_k9_trend_5v10": 0.0, "k_trend_x_ump_k9": 0.0, "ump_k9_x_sp_k_pct": 1.8124155290662838, "ump_k9_x_opp_k_pct": 2.0973254658444995, "ump_k9_x_sp_whiff_pct": 207.64665525924815, "ump_k9_x_sp_sl_whiff_pct": 272.61911764705883, "ump_k9_x_sp_k9_5": 69.72803314047479, "ump_k9_x_sp_opp_k_triple": 0.4413585713395789, "sc_barrel_x_park_hr": 8.544257534246574, "sc_hard_hit_x_fb": 12.211466838362293, "sc_exit_velo_above_avg": 1.4723926380368084, "sc_barrel_vs_k_rate": 37.88554624184358, "sc_hard_hit_vs_opp_k": 9.938556987979682, "k9_shrunk": 8.303969802989286, "k_pct_shrunk": 0.2156180752797731, "framing_hand_benefit": 0.4624277456647399, "sp_k_pct_x_opp_cv": 0.3029418606365688}