{"is_home": 0.0, "rest_days": 1.0, "hits_avg_5": 0.8, "hits_avg_10": 0.9, "hits_avg_20": 0.875, "hits_sd_10": 0.8232726023485646, "hr_avg_5": 0.0, "hr_avg_10": 0.1, "hr_avg_20": 0.1, "tb_avg_5": 1.4, "tb_avg_10": 1.4, "tb_avg_20": 1.4, "tb_sd_10": 1.5670212364724212, "ab_avg_5": 3.6, "ab_avg_10": 3.6, "avg_avg_10": 0.24, "k_rate_avg_10": 0.24166666666666664, "bb_rate_avg_10": 0.075, "iso_avg_10": 0.13333333333333333, "hr_rate_avg_5": 0.0, "hr_rate_avg_10": 0.025, "hr_rate_cumul_5": 0.0, "hr_rate_cumul_10": 0.02702702702702703, "hr_rate_cumul_20": 0.028169014084507043, "n_games_prev_10": 10.0, "obp_avg_10": 0.305, "hr_any_last1": 0.0, "hr_count_last3": 0.0, "hr_games_with_hr_last5": 0.0, "bb_avg_5": 0.3333333333333333, "bb_avg_10": 0.3, "bb_avg_20": 0.3333333333333333, "bb_sd_10": 0.5, "k_avg_5": 0.8, "k_avg_10": 0.8, "hits_home_avg_20": 0.875, "hits_away_avg_20": 0.875, "tb_home_avg_20": 1.375, "tb_away_avg_20": 1.3333333333333333, "hr_home_avg_20": 0.09090909090909091, "hr_away_avg_20": 0.09090909090909091, "bb_home_avg_20": 0.3333333333333333, "bb_away_avg_20": 0.3333333333333333, "opp_sp_era_5": 3.96984126984127, "opp_sp_fip_5": 4.1153439153439155, "opp_sp_k_pct_5": 0.21231850406770167, "opp_sp_k9_5": 8.195097846218125, "opp_sp_bb_pct_5": 0.07968025126348163, "opp_sp_whip_5": 1.3097156398104266, "opp_sp_ip_avg_5": 5.335, "opp_sp_pitches_est": 88.0275, "opp_sp_hr9_5": 1.070877944325482, "opp_sp_hr9_10": 1.0921733993816796, "opp_sp_fb_velo_avg_5": 94.07299145299146, "opp_sp_fb_velo_trend_5": -0.009350649350650997, "opp_sp_days_since_last_start": 6.0, "opp_sp_is_short_rest": 0.0, "opp_sp_era_home_10": 3.4647619047619047, "opp_sp_era_away_10": 4.2, "park_run_factor": 1.006, "park_hr_factor": 1.012, "ump_bb9_avg_10": 3.2235843568692957, "ump_k9_avg_10": 8.632531951831686, "temperature_f": 67.0, "wind_speed_mph": 7.7, "wind_sin": -0.39073112848927355, "wind_cos": -0.22495105434386525, "precip_prob_pct": 0.0, "is_dome": 0.0, "is_day_game": 0.0, "market_total": 8.5, "batting_order_avg_5": 4.6, "batting_order_avg_10": 4.6, "hits_avg_40_vs_hand": 0.8823529411764706, "tb_avg_40_vs_hand": 1.4166666666666667, "k_rate_avg_40_vs_hand": 0.24444444444444446, "iso_avg_40_vs_hand": 0.1375, "hr_avg_40_vs_hand": 0.1, "hits_hand_split_40": -0.08333333333333333, "tb_hand_split_40": -0.19625350140056025, "hr_hand_split_40": 0.0, "n_games_vs_lhp_40": 6.0, "n_games_vs_rhp_40": 18.0, "hits_avg_10_vs_hand": 0.875, "tb_avg_10_vs_hand": 1.3333333333333333, "hr_avg_10_vs_hand": 0.0, "hits_avg_10_vs_lhp": 1.0, "hits_avg_10_vs_rhp": 0.875, "n_games_vs_lhp_10": 2.0, "n_games_vs_rhp_10": 7.0, "n_games_prev_10_cs": 10.0, "hits_avg_10_cs": 0.9, "hits_avg_20_cs": 0.85, "tb_avg_10_cs": 1.4, "tb_avg_20_cs": 1.4, "hr_avg_10_cs": 0.1, "hr_rate_avg_10_cs": 0.025, "ab_avg_10_cs": 3.6, "k_rate_avg_10_cs": 0.24166666666666664, "bb_rate_avg_10_cs": 0.075, "iso_avg_10_cs": 0.13333333333333333, "prev_games": 106.0, "prev_hits_avg": 0.9692, "prev_tb_avg": 1.6014, "prev_hr_avg": 0.1377, "prev_ab_avg": 3.8455, "prev_k_rate": 0.2459, "prev_bb_rate": 0.06, "prev_iso": 0.1616, "prev_hr_rate": 0.0354, "h2h_games": 0.0, "h2h_ba": 0.25, "h2h_obp": 0.25, "h2h_slg": 0.3076923076923077, "h2h_k_rate": 0.25, "h2h_iso": 0.0, "h2h_hr": 0.0, "h2h_ab": 0.0, "h2h_ba_last3": 0.25, "h2h_slg_last3": 0.2857142857142857, "h2h_hr_rate_last3": 0.0, "h2h_ab_last3": 0.0, "own_lineup_slg_avg_10": 0.3887617260787993, "own_lineup_iso_avg_10": 0.14287878787878786, "own_top4_slg_avg_10": 0.42997692814765986, "sc_barrel_rate": 8.601186943620178, "sc_hard_hit_pct": 41.77588495575221, "sc_avg_exit_velo": 89.48842443729905, "sc_avg_launch_angle": 13.656679389312975, "sc_sweet_spot_pct": 34.139807692307684, "sc_fb_pct": 35.930177514792895, "sc_gb_pct": 33.35634517766498, "sc_ld_pct": 100.0, "sc_xba": 0.24756764705882353, "sc_xslg": 0.4160710059171598, "sc_xwoba": 0.32159101844426624, "sc_xiso": 0.1721011959521619, "sc_pull_pct": NaN, "sc_opposite_pct": NaN, "sc_popup_pct": NaN, "sc_brl_pa": 5.8877906976744185, "sprint_speed": 27.3, "opp_sp_sc_barrel_rate": 8.546641074856046, "opp_sp_sc_hard_hit_pct": 40.92426260704091, "opp_sp_sc_avg_exit_velo": 89.47352941176472, "opp_sp_sc_gb_pct": 31.640024183796854, "opp_sp_sc_fb_pct": 34.027217496962336, "opp_sp_sc_xba": 0.24545587044534414, "opp_sp_sc_xslg": 0.4157052631578947, "opp_sp_sc_xwoba": 0.3190635294117647, "opp_sp_fb_pct": 35.2, "opp_sp_fb_hard_hit_pct": 46.5, "opp_sp_fb_xwoba": 0.35, "opp_sp_fb_run_value_per_100": 0.0, "opp_sp_fb_whiff_pct": 20.2, "opp_sp_fb_k_pct": 21.2, "opp_sp_sl_pct": 20.4, "opp_sp_sl_whiff_pct": 31.6, "opp_sp_sl_k_pct": 25.0, "opp_sp_sl_xwoba": 0.298, "opp_sp_ch_pct": 17.9, "opp_sp_ch_whiff_pct": 30.2, "opp_sp_ch_k_pct": 21.9, "opp_sp_fastball_family_pct": 45.7, "opp_sp_pitch_diversity": 0.633, "opp_sp_si_pct": 19.6, "opp_sp_si_whiff_pct": 12.1, "opp_sp_si_k_pct": 12.7, "opp_sp_si_hard_hit_pct": 46.2, "opp_sp_sl_hard_hit_pct": 39.5, "opp_sp_sl_run_value_per_100": -0.1, "opp_sp_ch_hard_hit_pct": 32.4, "opp_sp_ch_run_value_per_100": 0.3, "sc_b_oz_swing_pct": 28.9, "sc_b_iz_contact_pct": 83.6, "sc_b_oz_contact_pct": 55.9, "sc_b_disc_whiff_pct": 24.9, "sc_b_out_zone_pct": 50.7, "opp_bp_era_5": 3.6404632152588556, "opp_bp_era_10": 3.899057109289312, "opp_bp_k9_5": 8.71820376509884, "opp_bp_ip_last_7": 21.67, "opp_bp_era_7d": 3.7247801345059495, "opp_bp_relievers_last_1d": 3.0, "opp_bp_relievers_last_2d": 5.0, "batter_n_games_at_venue": 4.0, "batter_venue_ba": 0.0, "batter_venue_hr_rate": 0.0, "batter_venue_slg": 0.0, "sp_k_pct_vs_lhb_25": 0.2549019607843137, "sp_k_pct_vs_rhb_25": 0.2537313432835821, "sp_k_pct_vs_lhb_10": 0.25663716814159293, "sp_k_pct_vs_rhb_10": 0.25157232704402516, "confirmed_batting_order": NaN, "confirmed_lineup_source": NaN, "book_line": 0.5, "season_2025-regular": 1.0, "season_2026-regular": 0.0, "batter_hand_L": 0.0, "batter_hand_R": 1.0, "batter_hand_S": 0.0, "batter_hand_nan": 0.0, "opp_sp_hand_L": 0.0, "opp_sp_hand_R": 1.0, "opp_sp_hand_nan": 0.0, "hits_trend_5v10": 0.0, "hits_hot_ratio": 1.0, "hits_trend_sig": 0.0, "hits_trend_accel": 0.0, "hr_trend_5v10": 0.0, "hr_hot_ratio": 1.0, "hr_trend_accel": 0.0, "tb_trend_5v10": 0.0, "tb_hot_ratio": 1.0, "tb_trend_sig": 0.0, "tb_trend_accel": 0.0, "early_season_weight": 1.0, "hr_park_adj_10": 0.1003, "tb_park_adj_10": 1.3734, "hr_rate_cumul_trend_5v20": 0.0, "hr_rate_cumul_x_park": 0.027594594594594592, "tb_cv_10": 1.1486707293408518, "tb_power_opportunity": 0.4666666666666667, "sc_xslg_x_park": 0.4162952062256809, "sc_brl_x_ab": 20.527957894736844, "hits_vs_opp_era": 0.825, "tb_vs_opp_fip": 1.3503582683194195, "opp_bp_era_adj": -0.5595367847411445, "hits_vs_opp_bp_era": 0.7541755888650964, "tb_vs_opp_bp_era": 1.193598770877622, "opp_bp_era7_x_ip7": 81.0, "wind_x_park_hr": 7.59, "is_cold_game": 0.0, "temp_below_60": 0.0, "bb_trend_5v10": 0.0, "bb_hot_ratio": 1.0, "bb_trend_sig": 0.0, "ump_bb9_x_batter_bb_rate": 0.2472200205761992, "ump_bb9_x_bb_avg_10": 1.0118695601373893, "hits_vs_ump_k9": 0.877888607988131, "contact_vs_ump_zone": 0.4244237229469223, "is_top_of_order": 0.0, "is_cleanup": 0.0, "hits_cs_delta": 0.0, "tb_cs_delta": 0.0, "hr_cs_delta": 0.0, "hits_cs_vs_prev": -0.06840000000000002, "tb_cs_vs_prev": -0.15739999999999998, "hits_vs_hand_weighted": 0.55, "tb_vs_hand_weighted": 0.8982758620689655, "k_rate_vs_hand_weighted": 0.145, "iso_vs_hand_weighted": 0.085, "hits_hand_split_weighted": -0.011764705882352941, "tb_hand_split_weighted": -0.03282828282828279, "hr_hand_split_weighted": 0.0, "hr_vs_hand_weighted": 0.05, "h2h_reliability": 0.0, "h2h_ops": 0.0, "h2h_ba_weighted": 0.0, "h2h_ops_weighted": 0.0, "h2h_k_rate_weighted": 0.0, "h2h_iso_weighted": 0.0, "h2h_ops_delta": 0.0, "h2h_k_rate_delta": 0.0, "h2h_has_history": 0.0, "h2h_hr_rate": 0.0, "h2h_hr_rate_weighted": 0.0, "h2h_hr_vs_baseline": 0.0, "hits_venue_adj": 0.875, "hits_home_away_split": 0.0, "tb_venue_adj": 1.3333333333333333, "tb_home_away_split": 0.0, "hr_venue_adj": 0.09090909090909091, "hr_home_away_split": 0.0,