{"is_home": 1.0, "ip_avg_5": 5.466, "k_pct_5": 0.2144468112493069, "k9_5": 8.258531837677333, "era_5": 4.2901825277837276, "whip_5": 1.3319817999083474, "fip_5": 4.161306209850107, "bb_pct_5": 0.07499975639369119, "hr9_5": 1.2104632152588555, "k_pct_10": 0.21546061198609792, "k9_10": 8.269538980406187, "era_10": 4.380601942378461, "whip_10": 1.3381057149065625, "fip_10": 4.198266703723809, "starts_in_window_5": 5.0, "starts_in_window_10": 10.0, "last_start_k": 5.0, "last_start_ip": 5.67, "last_start_bb": 2.0, "sp_days_since_last_start": 6.0, "is_short_rest": 0.0, "era_home_10": 3.84, "era_away_10": 4.425422138836773, "k9_home_10": 8.464285714285714, "k9_away_10": 8.038095238095238, "fip_home_10": 3.8932804232804235, "fip_away_10": 4.244686282006823, "opp_k_pct_avg_10": 0.24972199685173896, "opp_k_pct_avg_5": 0.24962869947390068, "opp_bb_pct_avg_10": 0.08253363771943145, "opp_avg_avg_10": 0.23885588421114004, "opp_hr_avg_10": 1.1, "opp_iso_avg_10": 0.1508046944275472, "opp_slg_avg_10": 0.38952022916558676, "opp_lineup_k_pct_std": 0.10413292382774925, "opp_lineup_k_pct_cv": 0.41278023774120615, "opp_lineup_pct_lhb": 0.36363636363636365, "park_run_factor": 1.006, "park_hr_factor": 1.012, "ump_k9_avg_10": 8.532778928074404, "ump_bb9_avg_10": 3.1497510115157175, "temperature_f": 75.8, "wind_speed_mph": 7.1, "wind_sin": -0.19080899537654472, "wind_cos": -0.2756373558169989, "precip_prob_pct": 0.0, "is_dome": 0.0, "is_day_game": 0.0, "market_total": 8.5, "line_move_total": 0.5, "opp_lineup_avg_avg_10": 0.23763888888888887, "opp_lineup_iso_avg_10": 0.14883333333333332, "opp_top4_slg_avg_10": 0.4394175688293335, "sc_barrel_rate": 8.576255707762558, "sc_hard_hit_pct": 40.71032388663968, "sc_avg_exit_velo": 89.42990936555893, "sc_gb_pct": 26.71232323232323, "sc_fb_pct": 28.59373737373737, "sc_xba": 0.24565700483091787, "sc_xslg": 0.4162177419354839, "sc_xwoba": 0.3187390946502058, "sc_sp_fb_whiff_pct": 20.4, "sc_sp_fb_k_pct": 21.7, "sc_sp_fb_put_away": 17.4, "sc_sp_sl_pct": 21.4, "sc_sp_sl_whiff_pct": 31.4, "sc_sp_sl_k_pct": 25.7, "sc_sp_sl_run_value_per_100": 0.1, "sc_sp_ch_pct": 17.3, "sc_sp_ch_whiff_pct": 29.55, "sc_sp_ch_k_pct": 21.0, "sc_sp_fb_pct": 36.8, "sc_sp_fb_hard_hit_pct": 45.4, "sc_sp_fb_xwoba": 0.341, "sc_sp_fb_run_value_per_100": 0.0, "sc_sp_si_pct": 20.4, "sc_sp_si_whiff_pct": 12.5, "sc_sp_si_k_pct": 13.1, "sc_sp_si_hard_hit_pct": 44.7, "sc_sp_fastball_family_pct": 46.3, "sc_sp_pitch_diversity": 0.623, "sc_sp_oz_swing_pct": 28.8, "sc_sp_iz_contact_pct": 83.7, "sc_sp_oz_contact_pct": 57.5, "sc_sp_disc_whiff_pct": 24.1, "catcher_framing_rv": 0.156834470147432, "catcher_framing_rate": 0.4716981132075472, "sp_fb_velo_avg_5": 93.93101686313591, "sp_fb_velo_trend_5": 0.01109527022686052, "venue_n_starts": 5.0, "venue_era": 3.987700274608339, "venue_k9": 8.747312509938542, "venue_fip": 3.8740487386118687, "sp_k_pct_vs_lhb_25": 0.25663716814159293, "sp_k_pct_vs_rhb_25": 0.2511520737327189, "sp_k_pct_vs_lhb_10": 0.25547445255474455, "sp_k_pct_vs_rhb_10": 0.25, "sp_hr_rate_vs_lhb_25": 0.032467532467532464, "sp_hr_rate_vs_rhb_25": 0.030612244897959183, "sp_hr_rate_vs_lhb_10": 0.031914893617021274, "sp_hr_rate_vs_rhb_10": 0.030303030303030304, "svt_games": 0.0, "svt_era": 3.453806882332728, "svt_k9": 8.314087759815243, "svt_k_pct": 0.42857142857142855, "svt_era_last3": 3.436988543371522, "svt_k9_last3": 8.314087759815243, "sp_lob_pct_career": 61.98347107438016, "sp_lob_pct_10": 62.295081967213115, "park_babip_avg": 0.28616368968275213, "opp_runs_last3": 13.0, "opp_runs_avg3": 4.333333333333333, "opp_runs_last5": 22.0, "sp_babip_against_10": 0.27672955974842767, "sp_babip_against_career": 0.27692307692307694, "sp_babip_starts_10": 10.0, "sp_k_pct_last2": 0.2127659574468085, "opp_team_der_20": 0.72265625, "opp_team_der_career": 0.7232606438213915, "market_k_line": 4.5, "season_2024-regular": 0.0, "season_2025-regular": 0.0, "season_2026-regular": 0.0, "pitcher_hand_L": 0.0, "pitcher_hand_R": 1.0, "pitcher_hand_nan": 0.0, "sc_xslg_x_park": 0.41600647668393786, "sp_k_pct_vs_opp_k_rate": 0.053277960209520026, "opp_team_k_trend_5v10": -0.00016962891769903288, "k9_trend_5v10": 0.0, "k_pct_trend_5v10": 0.0, "era_trend_5v10": 0.0, "fip_trend_5v10": 0.0, "sp_era_fip_gap": 0.1299999999999999, "sp_k_bb_ratio_5": 2.859582492186782, "sp_vs_team_reliability": 0.0, "sp_vs_team_has_history": 0.0, "sp_vs_team_era_adj": 0.0, "sp_vs_team_era_delta": 0.0, "sp_vs_team_k9_adj": 0.0, "sp_vs_team_k9_delta": 0.0, "k_pct_x_park_hr": 0.2146064422234939, "wind_x_park_hr": 7.048400000000001, "is_cold_game": 0.0, "temp_below_60": 0.0, "sp_k_pct_trend_5v10": 0.0, "sp_k9_trend_5v10": 0.0, "k_trend_x_ump_k9": 0.0, "contact_vs_ump_zone": 0.4229815081268319, "ump_k9_x_sp_k_pct": 1.8204448664156596, "ump_k9_x_opp_k_pct": 2.1151556829785427, "ump_k9_x_sp_whiff_pct": 205.68463235294115, "ump_k9_x_sp_sl_whiff_pct": 264.75159332479313, "ump_k9_x_sp_k9_5": 69.86907215487851, "ump_k9_x_sp_opp_k_triple": 0.4527416294126367, "sp_lob_pct_filled": 61.98347107438016, "sp_lob_vs_avg": -9.016528925619838, "sp_lob_trend": 0.0, "sp_lob_era_quality": 2.6219801618289686, "sp_lob_luck_flag": 0.0, "park_babip_factor": 0.28616368968275213, "park_babip_vs_avg": -0.008836310317247853, "opp_runs_last3_filled": 13.0, "opp_hot_offense_flag": 0.0, "opp_cold_offense_flag": 0.0, "opp_runs_last3_vs_avg": 1.0, "sp_babip_against_10_filled": 0.27672955974842767, "sp_babip_vs_avg": -0.018270440251572317, "sp_babip_unlucky_flag": 0.0, "sp_babip_lucky_flag": 0.0, "sp_babip_against_career_filled": 0.27692307692307694, "sp_babip_trend": 0.0, "sp_k_pct_last2_filled": 0.2127659574468085, "sp_k_pct_last2_vs_5": -0.0022843196900615426, "sp_k_trending_up": 0.0, "sp_k_trending_down": 0.0, "opp_der_20_filled": 0.72265625, "opp_der_vs_avg": 0.01765625000000004, "opp_good_defense": 1.0, "opp_poor_defense": 0.0, "line_move_total_filled": 0.5, "line_moved_up": 1.0, "line_moved_down": 0.0, "line_move_abs": 0.5, "market_k_line_filled": 4.5, "market_k_line_vs_avg": 0.0, "market_k_line_known": 0.0, "sc_barrel_x_park_hr": 8.480047302158273, "sc_hard_hit_x_fb": 11.566590427455619, "sc_exit_velo_above_avg": 1.4299093655589274, "sc_barrel_vs_k_rate": 37.251522357277366, "sc_hard_hit_vs_opp_k": 10.023187937929132, "sp_days_from_optimal_rest": 2.0, "sp_is_extended_rest": 0.0, "cold_x_sp_sl_pct": 0.0, "cold_x_sp_offspeed_pct": 0.0, "k9_shrunk": 8.363636363636363, "k_pct_shrunk": 0.2169783726464147, "expected_k_from_ip": 4.9474285714285715, "framing_hand_benefit": 0.4574898785425101, "sp_k_pct_x_opp_cv": 0.30472937613955625, "venue_k9_adj": 8.456315592583532, "venue_k9_delta": 0.0, "venue_era_adj": 4.211143683678136, "venue_era_delta": 0.0, "venue_fip_adj": 4.067861695699723, "last_start_dominated": 0.0, "last_start_blowup": 0.0, "last_start_k9": 8.095952023988005, "last_start_k_bb": 2.0, "framing_x_sp_edge_work": 0.0, "framing_x_ump_k9": 0.0, "sp_k_split_advantage": 0.004404626355845875, "sp_k_split_trend_lhb": 0.0, "sp_k_split_trend_rhb": 0.0, "lineup_lhb_pct_x_sp_lhb_adv": 0.0011789740050609633, "opp_sp_hr_rate_split": 0.0013659699303263662, "warm_x_barrel": 2.081519083969464, "warm_x_park_hr": 0.2616600000000003, "high_total_flag": 0.0}