{"is_home": 1.0, "ip_avg_5": 5.466, "k_pct_5": 0.21208679250478432, "k9_5": 8.10984126984127, "era_5": 3.9732362671798356, "whip_5": 1.314139640846958, "fip_5": 4.099844388399253, "bb_pct_5": 0.07880434782608696, "hr9_5": 1.1, "k_pct_10": 0.21310704627003707, "k9_10": 8.17276971606099, "era_10": 4.08984126984127, "whip_10": 1.3201787441956003, "fip_10": 4.121385113932539, "starts_in_window_5": 5.0, "starts_in_window_10": 6.0, "last_start_k": 5.0, "last_start_ip": 5.67, "last_start_bb": 2.0, "sp_days_since_last_start": 6.0, "is_short_rest": 0.0, "era_home_10": 3.4328330206378985, "era_away_10": 4.240792291220557, "k9_home_10": 8.25, "k9_away_10": 7.757043879907621, "fip_home_10": 3.8423982869379016, "fip_away_10": 4.106372165451467, "opp_k_pct_avg_10": 0.24521083280951705, "opp_bb_pct_avg_10": 0.08690187994002195, "opp_avg_avg_10": 0.24048756785592648, "opp_hr_avg_10": 1.1, "opp_iso_avg_10": 0.1436181311181311, "opp_slg_avg_10": 0.3844773674882701, "opp_lineup_k_pct_std": 0.10646740647717173, "opp_lineup_k_pct_cv": 0.43057780386251154, "park_run_factor": 1.006, "park_hr_factor": 1.012, "ump_k9_avg_10": 8.576801941334177, "ump_bb9_avg_10": 3.2404168876150115, "temperature_f": 68.5, "wind_speed_mph": 7.4, "wind_sin": -0.34202014332566866, "wind_cos": -0.22495105434386503, "precip_prob_pct": 0.0, "is_dome": 0.0, "is_day_game": 0.0, "market_total": 8.5, "pitcher_hand": NaN, "opp_lineup_avg_avg_10": 0.23893939393939395, "opp_lineup_iso_avg_10": 0.14277777777777778, "opp_top4_slg_avg_10": 0.43786618786618786, "sc_barrel_rate": 9.0, "sc_hard_hit_pct": 41.6, "sc_avg_exit_velo": 89.6, "sc_gb_pct": 22.5, "sc_fb_pct": 24.4, "sc_xba": 0.247, "sc_xslg": 0.416, "sc_xwoba": 0.32, "sc_sp_fb_whiff_pct": 20.3, "sc_sp_fb_k_pct": 21.5, "sc_sp_fb_put_away": 17.1, "sc_sp_sl_pct": 20.2, "sc_sp_sl_whiff_pct": 31.8, "sc_sp_sl_k_pct": 24.7, "sc_sp_sl_run_value_per_100": 0.1, "sc_sp_ch_pct": 17.450000000000003, "sc_sp_ch_whiff_pct": 29.6, "sc_sp_ch_k_pct": 22.3, "sc_sp_fb_pct": 35.2, "sc_sp_fb_hard_hit_pct": 46.6, "sc_sp_fb_xwoba": 0.347, "sc_sp_fb_run_value_per_100": -0.2, "sc_sp_si_pct": 19.5, "sc_sp_si_whiff_pct": 12.3, "sc_sp_si_k_pct": 13.4, "sc_sp_si_hard_hit_pct": 46.2, "sc_sp_fastball_family_pct": 46.0, "sc_sp_pitch_diversity": 0.6265000000000001, "sc_sp_oz_swing_pct": 28.7, "sc_sp_iz_contact_pct": 83.9, "sc_sp_oz_contact_pct": 56.9, "sc_sp_disc_whiff_pct": 24.1, "catcher_framing_rv": 0.19697789637114024, "catcher_framing_rate": 0.4722222222222222, "book_line": 4.5, "season_2025-regular": 1.0, "season_2026-regular": 0.0, "sc_xslg_x_park": 0.417588, "sp_k_pct_vs_opp_k_rate": 0.05160667740032693, "k9_trend_5v10": 0.0, "k_pct_trend_5v10": 0.0, "era_trend_5v10": 0.0, "fip_trend_5v10": 0.0, "k_pct_x_park_hr": 0.21202735930298167, "wind_x_park_hr": 7.163, "is_cold_game": 0.0, "temp_below_60": 0.0, "sp_k_pct_trend_5v10": 0.0, "sp_k9_trend_5v10": 0.0, "k_trend_x_ump_k9": 0.0, "ump_k9_x_sp_k_pct": 1.811217499978784, "ump_k9_x_opp_k_pct": 2.0969147782979682, "ump_k9_x_sp_whiff_pct": 207.56893897755097, "ump_k9_x_sp_sl_whiff_pct": 271.28774711383227, "ump_k9_x_sp_k9_5": 69.65977487695874, "ump_k9_x_sp_opp_k_triple": 0.4414625217779128, "sc_barrel_x_park_hr": 8.8, "sc_hard_hit_x_fb": 10.6355, "sc_exit_velo_above_avg": 1.5999999999999943, "sc_barrel_vs_k_rate": 39.29588913607794, "sc_hard_hit_vs_opp_k": 10.137297806813937, "k9_shrunk": 8.29241500035455, "k_pct_shrunk": 0.21581166642303712, "framing_hand_benefit": 0.46283783783783783, "sp_k_pct_x_opp_cv": 0.3032356784224106}