{"is_home": 1.0, "ip_avg_5": 5.466, "k_pct_5": 0.21199230504256153, "k9_5": 8.166088221111911, "era_5": 3.9910761621538766, "whip_5": 1.3165796686009386, "fip_5": 4.1039585555901805, "bb_pct_5": 0.07883577520877291, "hr9_5": 1.090251972294444, "k_pct_10": 0.21319343739601854, "k9_10": 8.202461785356476, "era_10": 4.080200523130017, "whip_10": 1.3220147276477126, "fip_10": 4.1081362427310015, "starts_in_window_5": 5.0, "starts_in_window_10": 6.0, "last_start_k": 5.0, "last_start_ip": 5.67, "last_start_bb": 2.0, "sp_days_since_last_start": 6.0, "is_short_rest": 0.0, "era_home_10": 3.418311738864483, "era_away_10": 4.236295046444683, "k9_home_10": 8.291206130905184, "k9_away_10": 7.797246864484552, "fip_home_10": 3.8, "fip_away_10": 4.110328939868591, "opp_k_pct_avg_10": 0.24489884650275878, "opp_bb_pct_avg_10": 0.08740142094078852, "opp_avg_avg_10": 0.2405849237476043, "opp_hr_avg_10": 1.1, "opp_iso_avg_10": 0.1440452202582489, "opp_slg_avg_10": 0.38451103826010413, "opp_lineup_k_pct_std": 0.10634489091667255, "opp_lineup_k_pct_cv": 0.43019540458000244, "park_run_factor": 1.012, "park_hr_factor": 1.021, "ump_k9_avg_10": 8.576620959467004, "ump_bb9_avg_10": 3.2415967129688807, "temperature_f": 68.55, "wind_speed_mph": 7.4, "wind_sin": -0.39073112848927355, "wind_cos": -0.22495105434386525, "precip_prob_pct": 0.0, "is_dome": 0.0, "is_day_game": 0.0, "market_total": 8.5, "opp_lineup_avg_avg_10": 0.23967592592592596, "opp_lineup_iso_avg_10": 0.1438611111111111, "opp_top4_slg_avg_10": 0.43797781876729247, "sc_barrel_rate": 8.58213058419244, "sc_hard_hit_pct": 40.95288580089712, "sc_avg_exit_velo": 89.4526380368098, "sc_gb_pct": 28.825626423690206, "sc_fb_pct": 30.773014145810667, "sc_xba": 0.24461163219758963, "sc_xslg": 0.4139185185185185, "sc_xwoba": 0.31674704276615107, "sc_sp_fb_whiff_pct": 20.6, "sc_sp_fb_k_pct": 21.5, "sc_sp_fb_put_away": 16.9, "sc_sp_sl_pct": 19.2, "sc_sp_sl_whiff_pct": 31.8, "sc_sp_sl_k_pct": 25.0, "sc_sp_sl_run_value_per_100": 0.0, "sc_sp_ch_pct": 17.9, "sc_sp_ch_whiff_pct": 30.0, "sc_sp_ch_k_pct": 22.4, "sc_sp_fb_pct": 35.2, "sc_sp_fb_hard_hit_pct": 46.4, "sc_sp_fb_xwoba": 0.347, "sc_sp_fb_run_value_per_100": -0.1, "sc_sp_si_pct": 19.5, "sc_sp_si_whiff_pct": 12.5, "sc_sp_si_k_pct": 13.4, "sc_sp_si_hard_hit_pct": 46.2, "sc_sp_fastball_family_pct": 46.0, "sc_sp_pitch_diversity": 0.628, "sc_sp_oz_swing_pct": 28.8, "sc_sp_iz_contact_pct": 83.9, "sc_sp_oz_contact_pct": 57.6, "sc_sp_disc_whiff_pct": 24.2, "catcher_framing_rv": 0.19697789637114024, "catcher_framing_rate": 0.47285067873303166, "book_line": 4.5, "season_2025-regular": 1.0, "season_2026-regular": 0.0, "pitcher_hand_L": 0.0, "pitcher_hand_R": 1.0, "pitcher_hand_nan": 0.0, "sc_xslg_x_park": 0.4132277654476671, "sp_k_pct_vs_opp_k_rate": 0.05175161299241043, "k9_trend_5v10": 0.0, "k_pct_trend_5v10": 0.0, "era_trend_5v10": 0.0, "fip_trend_5v10": 0.0, "k_pct_x_park_hr": 0.21333767507612003, "wind_x_park_hr": 7.2226, "is_cold_game": 0.0, "temp_below_60": 0.0, "sp_k_pct_trend_5v10": 0.0, "sp_k9_trend_5v10": 0.0, "k_trend_x_ump_k9": 0.0, "contact_vs_ump_zone": 0.4218436500400195, "ump_k9_x_sp_k_pct": 1.815677396167842, "ump_k9_x_opp_k_pct": 2.0945666787851436, "ump_k9_x_sp_whiff_pct": 208.04245177996614, "ump_k9_x_sp_sl_whiff_pct": 272.1110365235588, "ump_k9_x_sp_k9_5": 69.91534526321709, "ump_k9_x_sp_opp_k_triple": 0.441932769343947, "sc_barrel_x_park_hr": 8.584175973621646, "sc_hard_hit_x_fb": 12.498174015023356, "sc_exit_velo_above_avg": 1.4526380368098017, "sc_barrel_vs_k_rate": 37.7282256826176, "sc_hard_hit_vs_opp_k": 9.931461918995947, "k9_shrunk": 8.316461961467734, "k_pct_shrunk": 0.21581847288139955, "framing_hand_benefit": 0.46301369863013697, "sp_k_pct_x_opp_cv": 0.3046973568692964}