{"is_home": 0.0, "rest_days": 1.0, "hits_avg_5": 0.8, "hits_avg_10": 0.9, "hits_avg_20": 0.875, "hits_sd_10": 0.8232726023485646, "hr_avg_5": 0.0, "hr_avg_10": 0.1, "hr_avg_20": 0.1, "tb_avg_5": 1.4, "tb_avg_10": 1.4, "tb_avg_20": 1.4, "tb_sd_10": 1.5670212364724212, "ab_avg_5": 3.6, "ab_avg_10": 3.6, "avg_avg_10": 0.24, "k_rate_avg_10": 0.24166666666666664, "bb_rate_avg_10": 0.075, "iso_avg_10": 0.13333333333333333, "hr_rate_avg_5": 0.0, "hr_rate_avg_10": 0.025, "n_games_prev_10": 10.0, "bb_avg_5": 0.2, "bb_avg_10": 0.3, "bb_avg_20": 0.3333333333333333, "bb_sd_10": 0.4879500364742666, "k_avg_5": 0.8, "k_avg_10": 0.8, "hits_home_avg_20": 0.875, "hits_away_avg_20": 0.875, "tb_home_avg_20": 1.375, "tb_away_avg_20": 1.3636363636363635, "hr_home_avg_20": 0.09090909090909091, "hr_away_avg_20": 0.1, "bb_home_avg_20": 0.3333333333333333, "bb_away_avg_20": 0.3333333333333333, "opp_sp_era_5": 3.9203867003827786, "opp_sp_fip_5": 4.066931216931217, "opp_sp_k_pct_5": 0.2122766122766123, "opp_sp_k9_5": 8.195396145610278, "opp_sp_bb_pct_5": 0.07921360695333299, "opp_sp_whip_5": 1.30660083587778, "opp_sp_ip_avg_5": 5.335, "opp_sp_days_since_last_start": 6.0, "opp_sp_is_short_rest": 0.0, "opp_sp_era_home_10": 3.4135553470919326, "opp_sp_era_away_10": 4.157043879907621, "park_run_factor": 1.012, "park_hr_factor": 1.021, "ump_bb9_avg_10": 3.226915224982341, "ump_k9_avg_10": 8.644460409237269, "temperature_f": 67.4, "wind_speed_mph": 7.6, "wind_sin": -0.29237170472273677, "wind_cos": -0.2079116908177598, "precip_prob_pct": 0.0, "is_dome": 0.0, "is_day_game": 0.0, "market_total": 8.5, "batting_order_avg_5": 4.6, "batting_order_avg_10": 4.7, "batter_hand": NaN, "opp_sp_hand": NaN, "hits_avg_40_vs_hand": NaN, "tb_avg_40_vs_hand": NaN, "k_rate_avg_40_vs_hand": NaN, "iso_avg_40_vs_hand": NaN, "hits_hand_split_40": 0.0, "tb_hand_split_40": 0.0, "n_games_vs_lhp_40": 0.0, "n_games_vs_rhp_40": 0.0, "n_games_prev_10_cs": 10.0, "hits_avg_10_cs": 0.9, "hits_avg_20_cs": 0.85, "tb_avg_10_cs": 1.4, "tb_avg_20_cs": 1.4, "hr_avg_10_cs": 0.1, "hr_rate_avg_10_cs": 0.025, "ab_avg_10_cs": 3.6, "k_rate_avg_10_cs": 0.24166666666666664, "bb_rate_avg_10_cs": 0.075, "iso_avg_10_cs": 0.13333333333333333, "prev_games": 104.0, "prev_hits_avg": 0.9667, "prev_tb_avg": 1.587, "prev_hr_avg": 0.1377, "prev_ab_avg": 3.8409, "prev_k_rate": 0.2463, "prev_bb_rate": 0.0597, "prev_iso": 0.1603, "prev_hr_rate": 0.0349, "h2h_games": 0.0, "h2h_ba": 0.25, "h2h_obp": 0.25, "h2h_slg": 0.3, "h2h_k_rate": 0.25, "h2h_iso": 0.0, "own_lineup_slg_avg_10": 0.39109318175280383, "own_lineup_iso_avg_10": 0.14333333333333334, "own_top4_slg_avg_10": 0.43459821428571427, "sc_barrel_rate": 8.6, "sc_hard_hit_pct": 42.1, "sc_avg_exit_velo": 89.5, "sc_avg_launch_angle": 13.7, "sc_sweet_spot_pct": 34.3, "sc_fb_pct": 36.05, "sc_gb_pct": 34.2, "sc_ld_pct": NaN, "sc_xba": 0.245, "sc_xslg": 0.41, "sc_xwoba": 0.32, "sc_xiso": 0.16400000000000003, "sc_pull_pct": NaN, "sc_opposite_pct": NaN, "sc_popup_pct": NaN, "sc_brl_pa": 5.9, "sprint_speed": 27.3, "opp_sp_sc_barrel_rate": 9.0, "opp_sp_sc_hard_hit_pct": 41.6, "opp_sp_sc_avg_exit_velo": 89.7, "opp_sp_sc_gb_pct": 30.9, "opp_sp_sc_xba": 0.248, "opp_sp_sc_xslg": 0.415, "opp_sp_sc_xwoba": 0.321, "opp_sp_fb_pct": 35.7, "opp_sp_fb_hard_hit_pct": 46.8, "opp_sp_fb_xwoba": 0.349, "opp_sp_fb_run_value_per_100": -0.2, "opp_sp_fb_whiff_pct": 19.9, "opp_sp_fb_k_pct": 21.2, "opp_sp_sl_pct": 21.9, "opp_sp_sl_whiff_pct": 31.8, "opp_sp_sl_k_pct": 25.4, "opp_sp_sl_xwoba": 0.298, "opp_sp_ch_pct": 18.6, "opp_sp_ch_whiff_pct": 30.2, "opp_sp_ch_k_pct": 22.6, "opp_sp_fastball_family_pct": 45.3, "opp_sp_pitch_diversity": 0.628, "opp_sp_si_pct": 20.2, "opp_sp_si_whiff_pct": 12.2, "opp_sp_si_k_pct": 13.4, "opp_sp_si_hard_hit_pct": 46.3, "opp_sp_sl_hard_hit_pct": 39.5, "opp_sp_sl_run_value_per_100": 0.1, "opp_sp_ch_hard_hit_pct": 32.9, "opp_sp_ch_run_value_per_100": 0.2, "sc_b_oz_swing_pct": 28.5, "sc_b_iz_contact_pct": 83.6, "sc_b_oz_contact_pct": 55.6, "sc_b_disc_whiff_pct": 24.8, "sc_b_out_zone_pct": 50.3, "opp_bp_era_5": 3.782565633657255, "opp_bp_era_10": 4.13851518971898, "opp_bp_k9_5": 8.592857142857143, "opp_bp_ip_last_7": 22.0, "opp_bp_era_7d": 3.9130434782608696, "book_line": 1.5, "season_2025-regular": 1.0, "season_2026-regular": 0.0, "hits_trend_5v10": 0.0, "hits_hot_ratio": 1.0, "hits_trend_sig": 0.0, "hr_trend_5v10": 0.0, "hr_hot_ratio": 1.0, "tb_trend_5v10": 0.0, "tb_hot_ratio": 1.0, "tb_trend_sig": 0.0, "hr_park_adj_10": 0.10120000000000001, "tb_park_adj_10": 1.4013999999999998, "tb_cv_10": 1.1486707293408518, "tb_power_opportunity": 0.46749999999999997, "sc_xslg_x_park": 0.411736, "sc_brl_x_ab": 20.669999999999998, "hits_vs_opp_era": 0.8235, "tb_vs_opp_fip": 1.3448927956516032, "opp_bp_era_adj": -0.4174343663427451, "hits_vs_opp_bp_era": 0.7797336293007769, "tb_vs_opp_bp_era": 1.224847704530207, "opp_bp_era7_x_ip7": 81.00000000000001, "wind_x_park_hr": 7.478599999999999, "is_cold_game": 0.0, "temp_below_60": 0.0, "bb_trend_5v10": 0.0, "bb_hot_ratio": 1.0, "bb_trend_sig": 0.0, "ump_bb9_x_batter_bb_rate": 0.24348908238356287, "ump_bb9_x_bb_avg_10": 0.9997058823529413, "is_top_of_order": 0.0, "is_cleanup": 0.0, "hits_cs_delta": 0.0, "tb_cs_delta": 0.0, "hr_cs_delta": 0.0, "hits_cs_vs_prev": -0.05559999999999998, "tb_cs_vs_prev": -0.14425, "hits_vs_hand_weighted": 0.0, "tb_vs_hand_weighted": 0.0, "k_rate_vs_hand_weighted": 0.0, "iso_vs_hand_weighted": 0.0, "hits_hand_split_weighted": 0.0, "tb_hand_split_weighted": 0.0, "h2h_reliability": 0.0, "h2h_ops": 0.0, "h2h_ba_weighted": 0.0, "h2h_ops_weighted": 0.0, "h2h_k_rate_weighted": 0.0, "h2h_iso_weighted": 0.0, "h2h_k_rate_delta": 0.0, "h2h_has_history": 0.0, "hits_venue_adj": 0.875, "hits_home_away_split": 0.0, "tb_venue_adj": 1.3636363636363635, "tb_home_away_split": 0.0, "hr_venue_adj": 0.1, "hr_home_away_split": 0.0, "bb_venue_adj": 0.3333333333333333, "bb_home_away_split": 0.0, "sc_barrel_x_park_hr": 8.595600000000001, "sc_hard_hit_x_fb": 15.554, "sc_exit_velo_above_avg": 1.5, "sc_xslg_vs_iso": 0.26899999999999996, "sc_xwoba_vs_avg": 0.07833333333333337, "sc_xiso_park_adj": 0.164, "sc_sweet_spot_x_velo": 1.5268000000000022, "sc_barrel_matchup": -0.1999999999999993, "sc_hard_hit_matchup": 0.5, "opp_sp_gb_tendency": 0.309, "sc_hittability_combo": 0.641, "is_b2b": 1.0, "is_regular_starter": 1.0, "ab_per_game_played": 0.37, "is_bottom_of_order": 0.0, "pa_frequency_factor": 0.5888888888888889, "top_order_x_weak_bp": 0.0}