{"is_home": 1.0, "ip_avg_5": 5.466, "k_pct_5": 0.21449304694639554, "k9_5": 8.247619047619047, "era_5": 4.2840452450896755, "whip_5": 1.3297829266865602, "fip_5": 4.1534062375708585, "bb_pct_5": 0.07457047660437491, "hr9_5": 1.217142857142857, "k_pct_10": 0.21540634860371494, "k9_10": 8.254274993299383, "era_10": 4.382101616628176, "whip_10": 1.3377986562504731, "fip_10": 4.203453978159899, "starts_in_window_5": 5.0, "starts_in_window_10": 10.0, "last_start_k": 5.0, "last_start_ip": 5.67, "last_start_bb": 2.0, "sp_days_since_last_start": 6.0, "is_short_rest": 0.0, "era_home_10": 3.8249437781109448, "era_away_10": 4.434660234533768, "k9_home_10": 8.452316076294277, "k9_away_10": 7.997374426549193, "fip_home_10": 3.9067035281727227, "fip_away_10": 4.241269841269841, "opp_k_pct_avg_10": 0.2502968915957139, "opp_bb_pct_avg_10": 0.08208140706860312, "opp_avg_avg_10": 0.2390694177142108, "opp_hr_avg_10": 1.1, "opp_iso_avg_10": 0.15078963105684617, "opp_slg_avg_10": 0.3896181573802541, "opp_lineup_k_pct_std": 0.10372610538466971, "opp_lineup_k_pct_cv": 0.4104822738604833, "park_run_factor": 1.006, "park_hr_factor": 1.012, "ump_k9_avg_10": 8.534756891083282, "ump_bb9_avg_10": 3.122010841244667, "temperature_f": 75.8, "wind_speed_mph": 7.0, "wind_sin": -0.17364817766693047, "wind_cos": -0.29237170472273666, "precip_prob_pct": 0.0, "is_dome": 0.0, "is_day_game": 0.0, "market_total": 8.5, "pitcher_hand": NaN, "opp_lineup_avg_avg_10": 0.23788359788359792, "opp_lineup_iso_avg_10": 0.14907407407407405, "opp_top4_slg_avg_10": 0.44007067815324397, "sc_barrel_rate": 8.472280334728033, "sc_hard_hit_pct": 40.708541392904074, "sc_avg_exit_velo": 89.40686390532545, "sc_gb_pct": 27.280125523012554, "sc_fb_pct": 29.40343213728549, "sc_xba": 0.24590556138509967, "sc_xslg": 0.41729543245869777, "sc_xwoba": 0.31898579040852576, "sc_sp_fb_whiff_pct": 20.6, "sc_sp_fb_k_pct": 22.1, "sc_sp_fb_put_away": 17.5, "sc_sp_sl_pct": 21.9, "sc_sp_sl_whiff_pct": 31.4, "sc_sp_sl_k_pct": 25.6, "sc_sp_sl_run_value_per_100": 0.1, "sc_sp_ch_pct": 17.5, "sc_sp_ch_whiff_pct": 29.6, "sc_sp_ch_k_pct": 21.1, "sc_sp_fb_pct": 37.4, "sc_sp_fb_hard_hit_pct": 45.6, "sc_sp_fb_xwoba": 0.34, "sc_sp_fb_run_value_per_100": 0.0, "sc_sp_si_pct": 20.7, "sc_sp_si_whiff_pct": 12.5, "sc_sp_si_k_pct": 13.4, "sc_sp_si_hard_hit_pct": 44.8, "sc_sp_fastball_family_pct": 46.4, "sc_sp_pitch_diversity": 0.619, "sc_sp_oz_swing_pct": 28.6, "sc_sp_iz_contact_pct": 83.5, "sc_sp_oz_contact_pct": 57.4, "sc_sp_disc_whiff_pct": 24.1, "catcher_framing_rv": 0.19697789637114024, "catcher_framing_rate": 0.4716981132075472, "season_2024-regular": 0.0, "season_2025-regular": 0.0, "season_2026-regular": 0.0, "sc_xslg_x_park": 0.4162801129326047, "sp_k_pct_vs_opp_k_rate": 0.053287947610785445, "k9_trend_5v10": 0.0, "k_pct_trend_5v10": 0.0, "era_trend_5v10": 0.0, "fip_trend_5v10": 0.0, "k_pct_x_park_hr": 0.21398665814403878, "wind_x_park_hr": 6.8816, "is_cold_game": 0.0, "temp_below_60": 0.0, "sp_k_pct_trend_5v10": 0.0, "sp_k9_trend_5v10": 0.0, "k_trend_x_ump_k9": 0.0, "ump_k9_x_sp_k_pct": 1.8204448664156596, "ump_k9_x_opp_k_pct": 2.116149404773055, "ump_k9_x_sp_whiff_pct": 205.83703560801754, "ump_k9_x_sp_sl_whiff_pct": 263.71215641016937, "ump_k9_x_sp_k9_5": 69.80554647511663, "ump_k9_x_sp_opp_k_triple": 0.4524281612288461, "sc_barrel_x_park_hr": 8.526522327469554, "sc_hard_hit_x_fb": 11.917148640744106, "sc_exit_velo_above_avg": 1.4068639053254515, "sc_barrel_vs_k_rate": 37.399819265312054, "sc_hard_hit_vs_opp_k": 10.06873423260782, "k9_shrunk": 8.35768194070081, "k_pct_shrunk": 0.21701112573808942, "framing_hand_benefit": 0.4567307692307692, "sp_k_pct_x_opp_cv": 0.304310630062836}