{"game_month": 5.0, "is_home": 0.0, "rest_days": 1.0, "hits_avg_5": 0.8, "hits_avg_10": 0.9, "hits_avg_20": 0.8571428571428571, "hits_sd_10": 0.8232726023485646, "hr_avg_5": 0.0, "hr_avg_10": 0.1, "hr_avg_20": 0.1, "tb_avg_5": 1.4, "tb_avg_10": 1.4, "tb_avg_20": 1.4, "tb_sd_10": 1.5670212364724212, "ab_avg_5": 3.6, "ab_avg_10": 3.6, "avg_avg_10": 0.24000000000000005, "k_rate_avg_10": 0.24, "bb_rate_avg_10": 0.075, "iso_avg_10": 0.13333333333333333, "hr_rate_avg_5": 0.0, "hr_rate_avg_10": 0.025, "hr_rate_cumul_5": 0.0, "hr_rate_cumul_10": 0.027777777777777776, "hr_rate_cumul_20": 0.02857142857142857, "n_games_prev_10": 10.0, "obp_avg_10": 0.30500000000000005, "hr_any_last1": 0.0, "hr_count_last3": 0.0, "hr_games_with_hr_last5": 0.0, "bb_avg_5": 0.3333333333333333, "bb_avg_10": 0.3, "bb_avg_20": 0.35, "bb_sd_10": 0.5, "k_avg_5": 0.8, "k_avg_10": 0.8, "hits_home_avg_20": 0.875, "hits_away_avg_20": 0.875, "tb_home_avg_20": 1.375, "tb_away_avg_20": 1.375, "hr_home_avg_20": 0.1, "hr_away_avg_20": 0.1, "bb_home_avg_20": 0.3333333333333333, "bb_away_avg_20": 0.3333333333333333, "opp_sp_era_5": 4.125, "opp_sp_fip_5": 4.13685628317481, "opp_sp_k_pct_5": 0.2116810305327382, "opp_sp_k9_5": 8.25, "opp_sp_bb_pct_5": 0.08056806180868212, "opp_sp_whip_5": 1.3230447601179307, "opp_sp_ip_avg_5": 5.334, "opp_sp_pitches_est": 88.011, "opp_sp_last_start_ip": 5.33, "opp_sp_hr9_5": 1.08, "opp_sp_hr9_10": 1.0665960941735215, "opp_sp_fb_velo_avg_5": 94.1439937723446, "opp_sp_fb_velo_trend_5": 0.0005297190831186072, "opp_sp_days_since_last_start": 6.0, "opp_sp_is_short_rest": 0.0, "opp_sp_era_home_10": 3.6, "opp_sp_era_away_10": 4.248875562218891, "park_run_factor": 1.012, "park_hr_factor": 1.021, "ump_bb9_avg_10": 3.3402941176470593, "ump_k9_avg_10": 8.611869424186029, "temperature_f": 67.8, "wind_speed_mph": 8.1, "wind_sin": -0.4067366430758002, "wind_cos": -0.10452846326765355, "precip_prob_pct": 0.0, "is_dome": 0.0, "is_day_game": 0.0, "market_total": 8.5, "line_move_total": 1.0, "batting_order_avg_5": 4.6, "batting_order_avg_10": 4.6, "is_lhb_batter": 0.0, "hits_avg_40_vs_hand": 0.8823529411764706, "tb_avg_40_vs_hand": 1.4230769230769231, "k_rate_avg_40_vs_hand": 0.24218750000000003, "iso_avg_40_vs_hand": 0.14252873563218393, "hr_avg_40_vs_hand": 0.1, "hits_hand_split_40": -0.06060606060606061, "tb_hand_split_40": -0.125, "hr_hand_split_40": 0.0, "n_games_vs_lhp_40": 7.0, "n_games_vs_rhp_40": 22.0, "hits_avg_10_vs_hand": 0.875, "tb_avg_10_vs_hand": 1.3333333333333333, "hr_avg_10_vs_hand": 0.0, "hits_avg_10_vs_lhp": 1.0, "hits_avg_10_vs_rhp": 0.8571428571428571, "n_games_vs_lhp_10": 2.0, "n_games_vs_rhp_10": 7.0, "n_games_prev_10_cs": 10.0, "hits_avg_10_cs": 0.9, "hits_avg_20_cs": 0.85, "tb_avg_10_cs": 1.4, "tb_avg_20_cs": 1.4, "hr_avg_10_cs": 0.1, "hr_rate_avg_10_cs": 0.025, "ab_avg_10_cs": 3.6, "k_rate_avg_10_cs": 0.24, "bb_rate_avg_10_cs": 0.075, "iso_avg_10_cs": 0.13333333333333333, "prev_games": 108.0, "prev_hits_avg": 0.9742, "prev_tb_avg": 1.6065, "prev_hr_avg": 0.1373, "prev_ab_avg": 3.8482, "prev_k_rate": 0.246, "prev_bb_rate": 0.0606, "prev_iso": 0.1626, "prev_hr_rate": 0.0348, "h2h_games": 0.0, "h2h_ba": 0.25, "h2h_obp": 0.2857142857142857, "h2h_slg": 0.3333333333333333, "h2h_k_rate": 0.25, "h2h_iso": 0.0, "h2h_hr": 0.0, "h2h_ab": 0.0, "h2h_ba_last3": 0.25, "h2h_slg_last3": 0.3333333333333333, "h2h_hr_rate_last3": 0.0, "h2h_ab_last3": 0.0, "own_lineup_slg_avg_10": 0.3887058088603672, "own_lineup_iso_avg_10": 0.14425925925925925, "own_top4_slg_avg_10": 0.4291343669250646, "sc_barrel_rate": 8.5, "sc_hard_hit_pct": 41.750257289879926, "sc_avg_exit_velo": 89.41513409961685, "sc_avg_launch_angle": 13.772918660287083, "sc_sweet_spot_pct": 34.090752688172046, "sc_fb_pct": 36.79336734693877, "sc_gb_pct": 33.87779273216689, "sc_ld_pct": 100.0, "sc_xba": 0.2474367026496565, "sc_xslg": 0.41512351543942994, "sc_xwoba": 0.32235643564356437, "sc_xiso": 0.16984594594594593, "sc_pull_pct": NaN, "sc_opposite_pct": NaN, "sc_popup_pct": NaN, "sc_brl_pa": 5.76109693877551, "sprint_speed": 27.3, "opp_sp_sc_barrel_rate": 8.364026958719462, "opp_sp_sc_hard_hit_pct": 40.85195439739414, "opp_sp_sc_avg_exit_velo": 89.36274664561957, "opp_sp_sc_gb_pct": 31.11514084507042, "opp_sp_sc_fb_pct": 34.075937122128174, "opp_sp_sc_xba": 0.245, "opp_sp_sc_xslg": 0.4118944365192582, "opp_sp_sc_xwoba": 0.31788715596330275, "opp_sp_fb_pct": 33.8, "opp_sp_fb_hard_hit_pct": 45.7, "opp_sp_fb_xwoba": 0.348, "opp_sp_fb_run_value_per_100": -0.1, "opp_sp_fb_whiff_pct": 19.9, "opp_sp_fb_k_pct": 21.1, "opp_sp_sl_pct": 20.2, "opp_sp_sl_whiff_pct": 31.5, "opp_sp_sl_k_pct": 25.9, "opp_sp_sl_xwoba": 0.297, "opp_sp_ch_pct": 18.5, "opp_sp_ch_whiff_pct": 31.3, "opp_sp_ch_k_pct": 22.1, "opp_sp_fastball_family_pct": 45.6, "opp_sp_pitch_diversity": 0.641, "opp_sp_si_pct": 19.3, "opp_sp_si_whiff_pct": 12.1, "opp_sp_si_k_pct": 12.1, "opp_sp_si_hard_hit_pct": 45.9, "opp_sp_sl_hard_hit_pct": 40.0, "opp_sp_sl_run_value_per_100": 0.2, "opp_sp_ch_hard_hit_pct": 30.4, "opp_sp_ch_run_value_per_100": 0.2, "sc_b_oz_swing_pct": 29.1, "sc_b_iz_contact_pct": 83.8, "sc_b_oz_contact_pct": 56.6, "sc_b_disc_whiff_pct": 24.7, "sc_b_out_zone_pct": 51.6, "opp_bp_era_5": 3.5687203791469195, "opp_bp_era_10": 3.8106948228882835, "opp_bp_k9_5": 8.50863156511366, "opp_bp_ip_last_7": 22.33, "opp_bp_era_7d": 3.627407075682938, "opp_bp_relievers_last_1d": 3.0, "opp_bp_relievers_last_2d": 5.0, "batter_n_games_at_venue": 4.0, "batter_venue_ba": 0.0, "batter_venue_hr_rate": 0.0, "batter_venue_slg": 0.0, "sp_k_pct_vs_lhb_25": 0.25806451612903225, "sp_k_pct_vs_rhb_25": 0.2545454545454545, "sp_k_pct_vs_lhb_10": 0.25806451612903225, "sp_k_pct_vs_rhb_10": 0.25196850393700787, "sp_hr_rate_vs_lhb_25": 0.03333333333333333, "sp_hr_rate_vs_rhb_25": 0.03098106712564544, "sp_hr_rate_vs_lhb_10": 0.03289473684210526, "sp_hr_rate_vs_rhb_10": 0.028089887640449437, "opp_catcher_framing_rv": 0.316580510017745, "opp_catcher_framing_rate": 0.4727272727272727, "confirmed_batting_order": NaN, "confirmed_lineup_source": NaN, "btu_games": 2.0, "btu_ba": 0.25, "btu_k_rate": 0.25, "btu_bb_rate": 0.05263157894736842, "bvr_games_30": 30.0, "bvr_bp_games_30": 9.0, "bvr_ab_30": 32.0, "bvr_ba_30": 0.2857142857142857, "bvr_hr_rate_30": 0.034482758620689655, "bvr_slg_30": 0.46153846153846156, "bvr_k_rate_30": 0.225, "opp_sp_lob_pct_career": 61.904761904761905, "opp_sp_lob_pct_10": 62.857142857142854, "park_babip_avg": 0.2882190701339636, "own_runs_last3": 13.0, "own_runs_avg3": 4.333333333333333, "batter_babip_10": 0.2916666666666667, "batter_babip_career": 0.2972665148063781, "babip_games_10": 10.0, "opp_team_def_der_20": 0.724202626641651, "opp_team_def_der_career": 0.7231297471647071, "market_hits_over_price": -190.0, "market_tb_over_price": 135.0, "market_hr_over_price": 680.0, "book_line": 1.5, "season_2025-regular": 0.0, "season_2026-regular": 1.0, "hits_trend_5v10": 0.0, "hits_hot_ratio": 1.0, "hits_trend_sig": 0.0, "hits_trend_accel": 0.0, "hr_trend_5v10": 0.0, "hr_hot_ratio": 1.0, "hr_trend_accel": 0.0, "tb_trend_5v10": 0.0, "tb_hot_ratio": 1.0, "tb_trend_sig": 0.0, "tb_trend_accel": 0.020000000000000195, "early_season_weight": 1.0, "hr_park_adj_10": 0.10120000000000001, "tb_park_adj_10": 1.3692, "hr_rate_cumul_trend_5v20": 0.0, "hr_rate_cumul_x_park": 0.02784375, "tb_cv_10": 1.1495647062287127, "tb_power_opportunity": 0.4714999999999999, "sc_xslg_x_park": 0.4160628383349467, "sc_brl_x_ab": 20.442631578947367, "hits_vs_opp_era": 0.8489379194300881, "tb_vs_opp_fip": 1.369641970629677, "opp_bp_era_adj": -0.6312796208530806, "hits_vs_opp_bp_era": 0.7386486486486487, "tb_vs_opp_bp_era": 1.164864864864865, "opp_bp_era7_x_ip7": 81.0, "wind_x_park_hr": 7.8948, "is_cold_game": 0.0, "temp_below_60": 0.0, "bb_trend_5v10": 0.0, "bb_hot_ratio": 1.0, "bb_trend_sig": 0.0, "batter_k_trend_5v10": 0.0, "batter_k_hot_ratio": 1.0, "batter_k_rate_x_ump_k9": 2.048642553441729, "ump_bb9_x_batter_bb_rate": 0.2565472132808471, "ump_bb9_x_bb_avg_10": 1.0525033029254485,