{"is_home": 1.0, "ip_avg_5": 5.466, "k_pct_5": 0.21279579456918402, "k9_5": 8.198677288527932, "era_5": 4.087858900006074, "whip_5": 1.3220539750518339, "fip_5": 4.133079922817075, "bb_pct_5": 0.07880636621197262, "hr9_5": 1.125, "k_pct_10": 0.2147501232583094, "k9_10": 8.26012948172176, "era_10": 4.152943267386446, "whip_10": 1.3217920355551018, "fip_10": 4.1289485374922394, "starts_in_window_5": 5.0, "starts_in_window_10": 7.0, "last_start_k": 5.0, "last_start_ip": 5.67, "last_start_bb": 2.0, "sp_days_since_last_start": 6.0, "is_short_rest": 0.0, "era_home_10": 3.6, "era_away_10": 4.242857142857143, "k9_home_10": 8.368605871933797, "k9_away_10": 7.888095334747354, "fip_home_10": 3.8081110509208136, "fip_away_10": 4.155067808708066, "opp_k_pct_avg_10": 0.2456635504233627, "opp_k_pct_avg_5": 0.24441068382244854, "opp_bb_pct_avg_10": 0.08672909529026834, "opp_avg_avg_10": 0.2390421592854669, "opp_hr_avg_10": 1.1, "opp_iso_avg_10": 0.14492769860365562, "opp_slg_avg_10": 0.3832964698193255, "opp_lineup_k_pct_std": 0.1065901900178091, "opp_lineup_k_pct_cv": 0.4313923717095351, "opp_lineup_pct_lhb": 0.36363636363636365, "park_run_factor": 1.006, "park_hr_factor": 1.012, "ump_k9_avg_10": 8.565862157948498, "ump_bb9_avg_10": 3.292132580586414, "temperature_f": 70.1, "wind_speed_mph": 7.5, "wind_sin": -0.32556815445715676, "wind_cos": -0.15643446504023104, "precip_prob_pct": 0.0, "is_dome": 0.0, "is_day_game": 0.0, "market_total": 8.5, "line_move_total": 1.0, "opp_lineup_avg_avg_10": 0.237645202020202, "opp_lineup_iso_avg_10": 0.1438125, "opp_top4_slg_avg_10": 0.4359662728114478, "sc_barrel_rate": 8.497597042513863, "sc_hard_hit_pct": 40.993993759750396, "sc_avg_exit_velo": 89.45284313725492, "sc_gb_pct": 28.45042735042735, "sc_fb_pct": 30.29808510638298, "sc_xba": 0.2445907692307692, "sc_xslg": 0.41268449682683594, "sc_xwoba": 0.3174984227129337, "sc_sp_fb_whiff_pct": 19.9, "sc_sp_fb_k_pct": 20.8, "sc_sp_fb_put_away": 17.2, "sc_sp_sl_pct": 18.1, "sc_sp_sl_whiff_pct": 31.7, "sc_sp_sl_k_pct": 25.6, "sc_sp_sl_run_value_per_100": 0.1, "sc_sp_ch_pct": 16.8, "sc_sp_ch_whiff_pct": 29.6, "sc_sp_ch_k_pct": 21.5, "sc_sp_fb_pct": 33.9, "sc_sp_fb_hard_hit_pct": 45.9, "sc_sp_fb_xwoba": 0.35, "sc_sp_fb_run_value_per_100": -0.1, "sc_sp_si_pct": 18.8, "sc_sp_si_whiff_pct": 12.3, "sc_sp_si_k_pct": 12.7, "sc_sp_si_hard_hit_pct": 45.2, "sc_sp_fastball_family_pct": 46.1, "sc_sp_pitch_diversity": 0.638, "sc_sp_oz_swing_pct": 29.2, "sc_sp_iz_contact_pct": 84.3, "sc_sp_oz_contact_pct": 57.9, "sc_sp_disc_whiff_pct": 24.1, "catcher_framing_rv": 0.19697789637114024, "catcher_framing_rate": 0.47406639004149376, "sp_fb_velo_avg_5": 94.09485490355057, "sp_fb_velo_trend_5": 0.04081123908949991, "venue_n_starts": 5.0, "venue_era": 3.993603760592815, "venue_k9": 8.899384488127676, "venue_fip": 3.829838431765685, "sp_k_pct_vs_lhb_25": 0.25780143413597734, "sp_k_pct_vs_rhb_25": 0.2548296476240237, "sp_k_pct_vs_lhb_10": 0.25609756097560976, "sp_k_pct_vs_rhb_10": 0.251284212744659, "sp_hr_rate_vs_lhb_25": 0.03343465045592705, "sp_hr_rate_vs_rhb_25": 0.03052749873230364, "sp_hr_rate_vs_lhb_10": 0.03278688524590164, "sp_hr_rate_vs_rhb_10": 0.02824858757062147, "svt_games": 1.0, "svt_era": 3.4615384615384617, "svt_k9": 8.434864104967199, "svt_k_pct": 0.4358974358974359, "svt_era_last3": 3.4615384615384617, "svt_k9_last3": 8.434864104967199, "sp_lob_pct_career": 62.248417300325215, "sp_lob_pct_10": 63.492063492063494, "park_babip_avg": 0.2864232977850703, "opp_runs_last3": 13.0, "opp_runs_avg3": 4.333333333333333, "opp_runs_last5": 21.0, "sp_babip_against_10": 0.2734375, "sp_babip_against_career": 0.27580532212885156, "sp_babip_starts_10": 10.0, "sp_k_pct_last2": 0.20930232558139536, "opp_team_der_20": 0.7245090489025799, "opp_team_der_career": 0.7234644090191535, "market_k_line": 4.5, "book_line": 4.5, "season_2025-regular": 1.0, "season_2026-regular": 0.0, "sc_xslg_x_park": 0.41105963359915143, "sp_k_pct_vs_opp_k_rate": 0.05191785644946034, "opp_team_k_trend_5v10": -0.00015104586809359943, "k9_trend_5v10": 0.0, "k_pct_trend_5v10": 0.0, "era_trend_5v10": 0.0, "fip_trend_5v10": 0.0, "sp_era_fip_gap": -0.043364683405694215, "sp_k_bb_ratio_5": 2.660539980133033, "sp_vs_team_reliability": 0.2, "sp_vs_team_has_history": 0.0, "sp_vs_team_era_adj": 0.4596805736636245, "sp_vs_team_era_delta": 0.0, "sp_vs_team_k9_adj": 1.5, "sp_vs_team_k9_delta": 0.0, "k_pct_x_park_hr": 0.2135170327375543, "wind_x_park_hr": 7.493600000000001, "is_cold_game": 0.0, "temp_below_60": 0.0, "sp_k_pct_trend_5v10": 0.0, "sp_k9_trend_5v10": 0.0, "k_trend_x_ump_k9": 0.0, "contact_vs_ump_zone": 0.42545417995982443, "ump_k9_x_sp_k_pct": 1.8171345329098536, "ump_k9_x_opp_k_pct": 2.097435405236353, "ump_k9_x_sp_whiff_pct": 207.44119371316242, "ump_k9_x_sp_sl_whiff_pct": 270.910192500779, "ump_k9_x_sp_k9_5": 70.09849544171381, "ump_k9_x_sp_opp_k_triple": 0.4464958023306209, "sp_lob_pct_filled": 62.248417300325215, "sp_lob_vs_avg": -8.751582699674781, "sp_lob_trend": 0.0, "sp_lob_era_quality": 0.9120550642750587, "sp_lob_luck_flag": 0.0, "park_babip_factor": 0.2864232977850703, "park_babip_vs_avg": -0.008576702214929677, "opp_runs_last3_filled": 13.0, "opp_hot_offense_flag": 0.0, "opp_cold_offense_flag": 0.0, "opp_runs_last3_vs_avg": 1.0, "sp_babip_against_10_filled": 0.2734375, "sp_babip_vs_avg": -0.021562499999999984, "sp_babip_unlucky_flag": 0.0, "sp_babip_lucky_flag": 0.0, "sp_babip_against_career_filled": 0.27580532212885156, "sp_babip_trend": 0.0, "sp_k_pct_last2_filled": 0.20930232558139536, "sp_k_pct_last2_vs_5": -0.0018929172076673217, "sp_k_trending_up": 0.0, "sp_k_trending_down": 0.0, "opp_der_20_filled": 0.7245090489025799, "opp_der_vs_avg": 0.019509048902579984, "opp_good_defense": 1.0, "opp_poor_defense": 0.0, "line_move_total_filled": 1.0, "line_moved_up": 1.0, "line_moved_down": 0.0, "line_move_abs": 1.0, "market_k_line_filled": 4.5, "market_k_line_vs_avg": 0.0, "market_k_line_known": 1.0, "sc_barrel_x_park_hr": 8.53945422979798, "sc_hard_hit_x_fb": 12.347020742152097, "sc_exit_velo_above_avg": 1.4528431372549164, "sc_barrel_vs_k_rate": 37.71424290167599, "sc_hard_hit_vs_opp_k": 9.943026835510295, "sp_days_from_optimal_rest": 2.0, "sp_is_extended_rest": 0.0, "cold_x_sp_sl_pct": 0.0, "cold_x_sp_offspeed_pct": 0.0, "k9_shrunk": 8.336525096525097, "k_pct_shrunk": 0.21611685409712728, "expected_k_from_ip": 4.964047367075263, "framing_hand_benefit": 0.46623325362518775, "sp_k_pct_x_opp_cv": 0.3047335734101215, "venue_k9_adj": 8.558818528191342, "venue_k9_delta": 0.0, "venue_era_adj": 4.106632883315914, "venue_era_delta": 0.0, "venue_fip_adj": 4.0471184721103075, "last_start_dominated": 0.0, "last_start_blowup": 0.0, "last_start_k9": 7.936507936507937, "last_start_k_bb": 1.8, "framing_x_sp_edge_work": 0.0, "framing_x_ump_k9": 0.0, "sp_k_split_advantage": 0.004333355110229989, "sp_k_split_trend_lhb": 0.0, "sp_k_split_trend_rhb": 0.0, "lineup_lhb_pct_x_sp_lhb_adv": 0.0011108084011783607, "opp_sp_hr_rate_split": 0.0029668671322565527, "warm_x_barrel": 0.044935482462358144, "warm_x_park_hr": 0.004589999999999739, "high_total_flag": 0.0, "pitcher_hand_L": 0.0, "pitcher_hand_R": 1.0, "pitcher_hand_nan": 0.0}