{"is_home": 1.0, "ip_avg_5": 5.466, "k_pct_5": 0.21209833032695524, "k9_5": 8.164955991875424, "era_5": 3.990046643177682, "whip_5": 1.3157043879907622, "fip_5": 4.097931908501014, "bb_pct_5": 0.07880838459785829, "hr9_5": 1.0883382617857993, "k_pct_10": 0.21317844426328314, "k9_10": 8.195396145610278, "era_10": 4.082371016872516, "whip_10": 1.321807233073203, "fip_10": 4.106581069654746, "starts_in_window_5": 5.0, "starts_in_window_10": 6.0, "last_start_k": 5.0, "last_start_ip": 5.67, "last_start_bb": 2.0, "sp_days_since_last_start": 6.0, "is_short_rest": 0.0, "era_home_10": 3.418311738864483, "era_away_10": 4.240562863260936, "k9_home_10": 8.271365885846254, "k9_away_10": 7.786167995095034, "fip_home_10": 3.8038703279602637, "fip_away_10": 4.106372165451467, "opp_k_pct_avg_10": 0.2448611488051143, "opp_bb_pct_avg_10": 0.08741085721561105, "opp_avg_avg_10": 0.24070626972470094, "opp_hr_avg_10": 1.1, "opp_iso_avg_10": 0.144057107952899, "opp_slg_avg_10": 0.3847009213553331, "opp_lineup_k_pct_std": 0.10636183293913676, "opp_lineup_k_pct_cv": 0.42984132139122233, "park_run_factor": 1.012, "park_hr_factor": 1.021, "ump_k9_avg_10": 8.579381154070418, "ump_bb9_avg_10": 3.240224382338385, "temperature_f": 68.5, "wind_speed_mph": 7.4, "wind_sin": -0.39073112848927355, "wind_cos": -0.22495105434386525, "precip_prob_pct": 0.0, "is_dome": 0.0, "is_day_game": 0.0, "market_total": 8.5, "pitcher_hand": NaN, "opp_lineup_avg_avg_10": 0.2397222222222222, "opp_lineup_iso_avg_10": 0.14393939393939392, "opp_top4_slg_avg_10": 0.43844776539084984, "sc_barrel_rate": 8.58213058419244, "sc_hard_hit_pct": 40.90584415584416, "sc_avg_exit_velo": 89.47239263803681, "sc_gb_pct": 28.825626423690206, "sc_fb_pct": 30.773014145810667, "sc_xba": 0.21457686084142394, "sc_xslg": 0.3593983618763961, "sc_xwoba": 0.27667318982387473, "sc_sp_fb_whiff_pct": 20.5, "sc_sp_fb_k_pct": 21.6, "sc_sp_fb_put_away": 17.1, "sc_sp_sl_pct": 20.2, "sc_sp_sl_whiff_pct": 31.9, "sc_sp_sl_k_pct": 25.0, "sc_sp_sl_run_value_per_100": 0.1, "sc_sp_ch_pct": 17.9, "sc_sp_ch_whiff_pct": 30.0, "sc_sp_ch_k_pct": 22.5, "sc_sp_fb_pct": 35.3, "sc_sp_fb_hard_hit_pct": 46.6, "sc_sp_fb_xwoba": 0.3475, "sc_sp_fb_run_value_per_100": -0.1, "sc_sp_si_pct": 19.5, "sc_sp_si_whiff_pct": 12.5, "sc_sp_si_k_pct": 13.4, "sc_sp_si_hard_hit_pct": 46.2, "sc_sp_fastball_family_pct": 46.0, "sc_sp_pitch_diversity": 0.628, "sc_sp_oz_swing_pct": 28.8, "sc_sp_iz_contact_pct": 83.9, "sc_sp_oz_contact_pct": 57.5, "sc_sp_disc_whiff_pct": 24.2, "catcher_framing_rv": 0.2688977228348713, "catcher_framing_rate": 0.4722222222222222, "book_line": 4.5, "season_2025-regular": 1.0, "season_2026-regular": 0.0, "sc_xslg_x_park": 0.35839982728842834, "sp_k_pct_vs_opp_k_rate": 0.05176341169792783, "k9_trend_5v10": 0.0, "k_pct_trend_5v10": 0.0, "era_trend_5v10": 0.0, "fip_trend_5v10": 0.0, "k_pct_x_park_hr": 0.21333767507612003, "wind_x_park_hr": 7.1816, "is_cold_game": 0.0, "temp_below_60": 0.0, "sp_k_pct_trend_5v10": 0.0, "sp_k9_trend_5v10": 0.0, "k_trend_x_ump_k9": 0.0, "ump_k9_x_sp_k_pct": 1.817916977258034, "ump_k9_x_opp_k_pct": 2.0941726194779555, "ump_k9_x_sp_whiff_pct": 207.71355680596346, "ump_k9_x_sp_sl_whiff_pct": 272.855046127197, "ump_k9_x_sp_k9_5": 69.94780436794984, "ump_k9_x_sp_opp_k_triple": 0.4432166503913158, "sc_barrel_x_park_hr": 8.580548242811501, "sc_hard_hit_x_fb": 12.290305905298771, "sc_exit_velo_above_avg": 1.4723926380368084, "sc_barrel_vs_k_rate": 37.75757830914995, "sc_hard_hit_vs_opp_k": 9.925144822094559, "k9_shrunk": 8.316291522363047, "k_pct_shrunk": 0.21586974569581108, "framing_hand_benefit": 0.46402877697841727, "sp_k_pct_x_opp_cv": 0.3048398197277314}