{"is_home": 1.0, "rest_days": 1.0, "hits_avg_5": 0.8, "hits_avg_10": 0.8, "hits_avg_20": 0.85, "hits_sd_10": 0.816496580927726, "hr_avg_5": 0.0, "hr_avg_10": 0.1, "hr_avg_20": 0.1, "tb_avg_5": 1.25, "tb_avg_10": 1.4, "tb_avg_20": 1.4, "tb_sd_10": 1.563471919941143, "ab_avg_5": 3.6, "ab_avg_10": 3.5, "avg_avg_10": 0.23833333333333334, "k_rate_avg_10": 0.24500000000000002, "bb_rate_avg_10": 0.06999999999999999, "iso_avg_10": 0.13333333333333333, "hr_rate_avg_5": 0.0, "hr_rate_avg_10": 0.025, "hr_rate_cumul_5": 0.0, "hr_rate_cumul_10": 0.027777777777777776, "hr_rate_cumul_20": 0.028985507246376812, "n_games_prev_10": 10.0, "obp_avg_10": 0.29833333333333334, "hr_any_last1": 0.0, "hr_count_last3": 0.0, "hr_games_with_hr_last5": 0.0, "bb_avg_5": 0.2, "bb_avg_10": 0.3, "bb_avg_20": 0.3, "bb_sd_10": 0.48304589153964794, "k_avg_5": 0.8, "k_avg_10": 0.8, "hits_home_avg_20": 0.8333333333333334, "hits_away_avg_20": 0.8571428571428571, "tb_home_avg_20": 1.3333333333333333, "tb_away_avg_20": 1.3636363636363635, "hr_home_avg_20": 0.1, "hr_away_avg_20": 0.1, "bb_home_avg_20": 0.3, "bb_away_avg_20": 0.2857142857142857, "opp_sp_era_5": 4.228174603174603, "opp_sp_fip_5": 4.133608222018286, "opp_sp_k_pct_5": 0.21421002303054754, "opp_sp_k9_5": 8.257675192491844, "opp_sp_bb_pct_5": 0.0751458870563206, "opp_sp_whip_5": 1.3243851481249855, "opp_sp_ip_avg_5": 5.4, "opp_sp_pitches_est": 89.1, "opp_sp_hr9_5": 1.19396423359838, "opp_sp_hr9_10": 1.2085952261964257, "opp_sp_fb_velo_avg_5": 93.8995536019536, "opp_sp_fb_velo_trend_5": -0.00646191547244257, "opp_sp_days_since_last_start": 6.0, "opp_sp_is_short_rest": 0.0, "opp_sp_era_home_10": 3.7836562446827977, "opp_sp_era_away_10": 4.351814965909056, "park_run_factor": 1.006, "park_hr_factor": 1.012, "ump_bb9_avg_10": 3.1267506324019005, "ump_k9_avg_10": 8.544006998876526, "temperature_f": 74.7, "wind_speed_mph": 7.2, "wind_sin": -0.2079116908177595, "wind_cos": -0.25881904510252063, "precip_prob_pct": 0.0, "is_dome": 0.0, "is_day_game": 0.0, "market_total": 8.5, "batting_order_avg_5": 5.0, "batting_order_avg_10": 5.0, "batter_hand": NaN, "opp_sp_hand": NaN, "hits_avg_40_vs_hand": NaN, "tb_avg_40_vs_hand": NaN, "k_rate_avg_40_vs_hand": NaN, "iso_avg_40_vs_hand": NaN, "hr_avg_40_vs_hand": NaN, "hits_hand_split_40": 0.0, "tb_hand_split_40": 0.0, "hr_hand_split_40": 0.0, "n_games_vs_lhp_40": 0.0, "n_games_vs_rhp_40": 0.0, "n_games_prev_10_cs": 10.0, "hits_avg_10_cs": 0.8, "hits_avg_20_cs": 0.85, "tb_avg_10_cs": 1.4, "tb_avg_20_cs": 1.4, "hr_avg_10_cs": 0.1, "hr_rate_avg_10_cs": 0.025, "ab_avg_10_cs": 3.5, "k_rate_avg_10_cs": 0.24500000000000002, "bb_rate_avg_10_cs": 0.06999999999999999, "iso_avg_10_cs": 0.13333333333333333, "prev_games": 100.0, "prev_hits_avg": 0.9586, "prev_tb_avg": 1.5682, "prev_hr_avg": 0.1333, "prev_ab_avg": 3.825, "prev_k_rate": 0.2481, "prev_bb_rate": 0.0588, "prev_iso": 0.1586, "prev_hr_rate": 0.0341, "h2h_games": 0.0, "h2h_ba": 0.25, "h2h_obp": 0.25, "h2h_slg": 0.2857142857142857, "h2h_k_rate": 0.25, "h2h_iso": 0.0, "h2h_hr": 0.0, "h2h_ab": 0.0, "own_lineup_slg_avg_10": 0.3944672494355407, "own_lineup_iso_avg_10": 0.14851851851851852, "own_top4_slg_avg_10": 0.43722943722943725, "sc_barrel_rate": 8.123448275862069, "sc_hard_hit_pct": 40.99209677419355, "sc_avg_exit_velo": 89.24582278481012, "sc_avg_launch_angle": 13.672268907563025, "sc_sweet_spot_pct": 33.97064220183486, "sc_fb_pct": 36.91231028667791, "sc_gb_pct": 34.448691099476434, "sc_ld_pct": 100.0, "sc_xba": 0.24413918629550319, "sc_xslg": 0.4052202380952381, "sc_xwoba": 0.3168035190615836, "sc_xiso": 0.166, "sc_pull_pct": NaN, "sc_opposite_pct": NaN, "sc_popup_pct": NaN, "sc_brl_pa": 5.546164383561644, "sprint_speed": 27.4, "opp_sp_sc_barrel_rate": 8.472280334728033, "opp_sp_sc_hard_hit_pct": 40.67769784172662, "opp_sp_sc_avg_exit_velo": 89.4, "opp_sp_sc_gb_pct": 28.975797579757977, "opp_sp_sc_fb_pct": 31.032783278327837, "opp_sp_sc_xba": 0.2461062176165803, "opp_sp_sc_xslg": 0.41729543245869777, "opp_sp_sc_xwoba": 0.31975223880597015, "opp_sp_fb_pct": 37.4, "opp_sp_fb_hard_hit_pct": 45.7, "opp_sp_fb_xwoba": 0.341, "opp_sp_fb_run_value_per_100": 0.0, "opp_sp_fb_whiff_pct": 20.6, "opp_sp_fb_k_pct": 21.9, "opp_sp_sl_pct": 22.4, "opp_sp_sl_whiff_pct": 31.4, "opp_sp_sl_k_pct": 25.6, "opp_sp_sl_xwoba": 0.294, "opp_sp_ch_pct": 18.0, "opp_sp_ch_whiff_pct": 30.0, "opp_sp_ch_k_pct": 21.1, "opp_sp_fastball_family_pct": 46.2, "opp_sp_pitch_diversity": 0.617, "opp_sp_si_pct": 21.4, "opp_sp_si_whiff_pct": 12.5, "opp_sp_si_k_pct": 13.4, "opp_sp_si_hard_hit_pct": 44.8, "opp_sp_sl_hard_hit_pct": 37.2, "opp_sp_sl_run_value_per_100": 0.1, "opp_sp_ch_hard_hit_pct": 32.3, "opp_sp_ch_run_value_per_100": 0.1, "sc_b_oz_swing_pct": 28.3, "sc_b_iz_contact_pct": 83.2, "sc_b_oz_contact_pct": 55.6, "sc_b_disc_whiff_pct": 24.9, "sc_b_out_zone_pct": 50.0, "opp_bp_era_5": 3.7366203702916554, "opp_bp_era_10": 3.931980456058276, "opp_bp_k9_5": 8.867957631470716, "opp_bp_ip_last_7": 22.0, "opp_bp_era_7d": 3.779244151169766, "opp_bp_relievers_last_1d": 3.0, "opp_bp_relievers_last_2d": 5.0, "season_2024-regular": 0.0, "season_2025-regular": 0.0, "season_2026-regular": 0.0, "hits_trend_5v10": 0.0, "hits_hot_ratio": 1.0, "hits_trend_sig": 0.0, "hits_trend_accel": 0.0, "hr_trend_5v10": 0.0, "hr_hot_ratio": 1.0, "hr_trend_accel": 0.0, "tb_trend_5v10": 0.0, "tb_hot_ratio": 1.0, "tb_trend_sig": 0.0, "tb_trend_accel": 0.0, "early_season_weight": 1.0, "hr_park_adj_10": 0.10120000000000001, "tb_park_adj_10": 1.3533, "hr_rate_cumul_trend_5v20": 0.0, "hr_rate_cumul_x_park": 0.02811111111111111, "tb_cv_10": 1.1615923084952828, "tb_power_opportunity": 0.4620000000000001, "sc_xslg_x_park": 0.40524, "sc_brl_x_ab": 19.216631355932204, "hits_vs_opp_era": 0.855, "tb_vs_opp_fip": 1.346659360873646, "opp_bp_era_adj": -0.46337962970834456, "hits_vs_opp_bp_era": 0.7445893422070181, "tb_vs_opp_bp_era": 1.1825267665952892, "opp_bp_era7_x_ip7": 81.0, "wind_x_park_hr": 7.0784, "is_cold_game": 0.0, "temp_below_60": 0.0, "bb_trend_5v10": 0.0, "bb_hot_ratio": 1.0, "bb_trend_sig": 0.0, "ump_bb9_x_batter_bb_rate": 0.21904941345516674, "ump_bb9_x_bb_avg_10": 0.886764705882353, "hits_vs_ump_k9": 0.8451966363899275, "contact_vs_ump_zone": 0.4105871075859286, "is_top_of_order": 0.0, "is_cleanup": 0.0, "hits_cs_delta": 0.0, "tb_cs_delta": 0.0, "hr_cs_delta": 0.0, "hits_cs_vs_prev": 0.0, "tb_cs_vs_prev": 0.0, "hits_vs_hand_weighted": 0.0, "tb_vs_hand_weighted": 0.0, "k_rate_vs_hand_weighted": 0.0, "iso_vs_hand_weighted": 0.0, "hits_hand_split_weighted": 0.0, "tb_hand_split_weighted": 0.0, "hr_hand_split_weighted": 0.0, "hr_vs_hand_weighted": 0.0, "h2h_reliability": 0.0, "h2h_ops": 0.0, "h2h_ba_weighted": 0.0, "h2h_ops_weighted": 0.0, "h2h_k_rate_weighted": 0.0, "h2h_iso_weighted": 0.0, "h2h_ops_delta": 0.0, "h2h_k_rate_delta": 0.0, "h2h_has_history": 0.0, "h2h_hr_rate": 0.0, "h2h_hr_rate_weighted": 0.0, "h2h_hr_vs_baseline": 0.0, "hits_venue_adj": 0.8461538461538461, "hits_home_away_split": 0.0, "tb_venue_adj": 1.3333333333333333, "tb_home_away_split": -0.010101010101010166, "hr_venue_adj": 0.1, "hr_home_away_split": 0.0, "bb_venue_adj": 0.2857142857142857, "bb_home_away_split": 0.0, "sc_barrel_x_park_hr": 8.148596351351351, "sc_hard_hit_x_fb": 15.095785931471838, "sc_exit_velo_above_avg": 1.245822784810116, "sc_xslg_vs_iso": 0.26686923076923075, "sc_xwoba_vs_avg": 0.07899178981937605, "sc_xiso_park_adj": 0.16273399999999996, "sc_pull_x_park_hr": 0.4, "sc_oppo_x_park_hr": 0.25, "sc_pull_x_sp_fb_pct": 18.2, "sc_oppo_x_sp_breaking_pct": -11.125, "sc_spray_arsenal_edge": 29.325, "sc_sweet_spot_x_velo": 1.4424368568783839, "sc_barrel_matchup": -0.25330631885167154, "sc_hard_hit_matchup": 0.4260513520429896, "opp_sp_gb_tendency": 0.2897579757975798, "sc_hittability_combo": 0.6351411560066387, "sc_barrel_x_opp_fb": 5.163919371542601, "sc_hard_hit_x_opp": 0.16287831614174172, "sc_xslg_x_opp_xwoba": 0.12871003908215917, "sc_xwoba_x_opp_xwoba": 0.10053166210830665, "opp_sp_hr9_vs_avg": 0.10858901374386831,