{"is_home": 1.0, "ip_avg_5": 5.466, "k_pct_5": 0.2124384723917902, "k9_5": 8.175233999300955, "era_5": 4.063789728362477, "whip_5": 1.3210934744268077, "fip_5": 4.127283051595895, "bb_pct_5": 0.07887806831658073, "hr9_5": 1.125, "k_pct_10": 0.2147217675639857, "k9_10": 8.254274993299383, "era_10": 4.125, "whip_10": 1.3207781870364232, "fip_10": 4.116147652815697, "starts_in_window_5": 5.0, "starts_in_window_10": 6.0, "last_start_k": 5.0, "last_start_ip": 5.67, "last_start_bb": 2.0, "sp_days_since_last_start": 6.0, "is_short_rest": 0.0, "era_home_10": 3.5347538640221563, "era_away_10": 4.240792291220557, "k9_home_10": 8.376399741059585, "k9_away_10": 7.822643689881377, "fip_home_10": 3.8090525328330207, "fip_away_10": 4.114285714285714, "opp_k_pct_avg_10": 0.24576496470070852, "opp_k_pct_avg_5": 0.24484138647931752, "opp_bb_pct_avg_10": 0.0871437403790345, "opp_avg_avg_10": 0.2389905875093558, "opp_hr_avg_10": 1.0, "opp_iso_avg_10": 0.14311414717299303, "opp_slg_avg_10": 0.38138949768470615, "opp_lineup_k_pct_std": 0.1063618329391368, "opp_lineup_k_pct_cv": 0.42975421535334485, "opp_lineup_pct_lhb": 0.36363636363636365, "park_run_factor": 1.006, "park_hr_factor": 1.012, "ump_k9_avg_10": 8.583992741065298, "ump_bb9_avg_10": 3.2814660938109426, "temperature_f": 68.8, "wind_speed_mph": 7.6, "wind_sin": -0.37460659341591235, "wind_cos": -0.1908089953765448, "precip_prob_pct": 0.0, "is_dome": 0.0, "is_day_game": 0.0, "market_total": 8.5, "line_move_total": 1.0, "opp_lineup_avg_avg_10": 0.23787037037037034, "opp_lineup_iso_avg_10": 0.1426388888888889, "opp_top4_slg_avg_10": 0.4334325396825397, "sc_barrel_rate": 8.471739130434782, "sc_hard_hit_pct": 40.85666003976144, "sc_avg_exit_velo": 89.40751445086705, "sc_gb_pct": 27.90178970917226, "sc_fb_pct": 30.45506465517241, "sc_xba": 0.2448960674157303, "sc_xslg": 0.41150609184629805, "sc_xwoba": 0.31736956521739135, "sc_sp_fb_whiff_pct": 20.2, "sc_sp_fb_k_pct": 21.4, "sc_sp_fb_put_away": 17.1, "sc_sp_sl_pct": 19.1, "sc_sp_sl_whiff_pct": 31.1, "sc_sp_sl_k_pct": 25.0, "sc_sp_sl_run_value_per_100": 0.1, "sc_sp_ch_pct": 17.3, "sc_sp_ch_whiff_pct": 30.2, "sc_sp_ch_k_pct": 22.0, "sc_sp_fb_pct": 34.8, "sc_sp_fb_hard_hit_pct": 46.2, "sc_sp_fb_xwoba": 0.347, "sc_sp_fb_run_value_per_100": -0.1, "sc_sp_si_pct": 18.9, "sc_sp_si_whiff_pct": 12.2, "sc_sp_si_k_pct": 12.7, "sc_sp_si_hard_hit_pct": 46.0, "sc_sp_fastball_family_pct": 46.0, "sc_sp_pitch_diversity": 0.638, "sc_sp_oz_swing_pct": 29.0, "sc_sp_iz_contact_pct": 84.1, "sc_sp_oz_contact_pct": 57.7, "sc_sp_disc_whiff_pct": 24.1, "catcher_framing_rv": 0.17405837662161816, "catcher_framing_rate": 0.4722222222222222, "sp_fb_velo_avg_5": 94.04816501296106, "sp_fb_velo_trend_5": 0.04401806176940681, "venue_n_starts": 2.0, "venue_era": 3.695405805944663, "venue_k9": 8.880626923776338, "venue_fip": 3.7380910791987896, "sp_k_pct_vs_lhb_25": 0.25742574257425743, "sp_k_pct_vs_rhb_25": 0.2548262548262548, "sp_k_pct_vs_lhb_10": 0.25766871165644173, "sp_k_pct_vs_rhb_10": 0.25139664804469275, "sp_hr_rate_vs_lhb_25": 0.03333333333333333, "sp_hr_rate_vs_rhb_25": 0.030456852791878174, "sp_hr_rate_vs_lhb_10": 0.03289473684210526, "sp_hr_rate_vs_rhb_10": 0.028169014084507043, "svt_games": 1.0, "svt_era": 3.484995159728945, "svt_k9": 8.419354838709678, "svt_k_pct": 0.43478260869565216, "svt_era_last3": 3.484995159728945, "svt_k9_last3": 8.434864104967199, "sp_lob_pct_career": 62.31884057971015, "sp_lob_pct_10": 63.513513513513516, "park_babip_avg": 0.2882190701339638, "opp_runs_last3": 13.0, "opp_runs_avg3": 4.333333333333333, "opp_runs_last5": 21.0, "sp_babip_against_10": 0.27380952380952384, "sp_babip_against_career": 0.2758169934640523, "sp_babip_starts_10": 10.0, "sp_k_pct_last2": 0.20833333333333334, "opp_team_der_20": 0.7236363636363636, "opp_team_der_career": 0.7237397290695092, "market_k_line": 4.5, "book_line": 4.5, "season_2025-regular": 1.0, "season_2026-regular": 0.0, "sc_xslg_x_park": 0.4110133333333333, "sp_k_pct_vs_opp_k_rate": 0.051810251621313134, "opp_team_k_trend_5v10": 0.0002239891853393905, "k9_trend_5v10": 0.0, "k_pct_trend_5v10": 0.0, "era_trend_5v10": 0.0, "fip_trend_5v10": 0.0, "sp_era_fip_gap": -0.05047619047619056, "sp_k_bb_ratio_5": 2.6376811039536907, "sp_vs_team_reliability": 0.2, "sp_vs_team_has_history": 0.0, "sp_vs_team_era_adj": 0.3854389721627409, "sp_vs_team_era_delta": 0.0, "sp_vs_team_k9_adj": 1.5, "sp_vs_team_k9_delta": 0.0, "k_pct_x_park_hr": 0.21326794996630957, "wind_x_park_hr": 7.370400000000001, "is_cold_game": 0.0, "temp_below_60": 0.0, "sp_k_pct_trend_5v10": 0.0, "sp_k9_trend_5v10": 0.0, "k_trend_x_ump_k9": 0.0, "contact_vs_ump_zone": 0.42388694285395495, "ump_k9_x_sp_k_pct": 1.8184940687194073, "ump_k9_x_opp_k_pct": 2.1038503144582656, "ump_k9_x_sp_whiff_pct": 208.08876064572118, "ump_k9_x_sp_sl_whiff_pct": 269.2449692361516, "ump_k9_x_sp_k9_5": 70.09782067665957, "ump_k9_x_sp_opp_k_triple": 0.44389528364171676, "sp_lob_pct_filled": 62.31884057971015, "sp_lob_vs_avg": -8.681159420289852, "sp_lob_trend": 0.0, "sp_lob_era_quality": 0.7562447480452993, "sp_lob_luck_flag": 0.0, "park_babip_factor": 0.2882190701339638, "park_babip_vs_avg": -0.006780929866036178, "opp_runs_last3_filled": 13.0, "opp_hot_offense_flag": 0.0, "opp_cold_offense_flag": 0.0, "opp_runs_last3_vs_avg": 1.0, "sp_babip_against_10_filled": 0.27380952380952384, "sp_babip_vs_avg": -0.02119047619047615, "sp_babip_unlucky_flag": 0.0, "sp_babip_lucky_flag": 0.0, "sp_babip_against_career_filled": 0.2758169934640523, "sp_babip_trend": 0.0, "sp_k_pct_last2_filled": 0.20833333333333334, "sp_k_pct_last2_vs_5": -0.001685315605134463, "sp_k_trending_up": 0.0, "sp_k_trending_down": 0.0, "opp_der_20_filled": 0.7236363636363636, "opp_der_vs_avg": 0.018636363636363673, "opp_good_defense": 1.0, "opp_poor_defense": 0.0, "line_move_total_filled": 1.0, "line_moved_up": 1.0, "line_moved_down": 0.0, "line_move_abs": 1.0, "market_k_line_filled": 4.5, "market_k_line_vs_avg": 0.0, "market_k_line_known": 1.0, "sc_barrel_x_park_hr": 8.474938165137615, "sc_hard_hit_x_fb": 12.126461002953663, "sc_exit_velo_above_avg": 1.4075144508670547, "sc_barrel_vs_k_rate": 37.676728236833036, "sc_hard_hit_vs_opp_k": 9.936950984212736, "sp_days_from_optimal_rest": 2.0, "sp_is_extended_rest": 0.0, "cold_x_sp_sl_pct": 0.0, "cold_x_sp_offspeed_pct": 0.0, "k9_shrunk": 8.322884040120469, "k_pct_shrunk": 0.21590150312602874, "expected_k_from_ip": 4.9432918240879555, "framing_hand_benefit": 0.46586345381526106, "sp_k_pct_x_opp_cv": 0.3035525494847404, "venue_k9_adj": 8.4978672985782, "venue_k9_delta": 0.0, "venue_era_adj": 4.010087907667716, "venue_era_delta": 0.0, "venue_fip_adj": 4.042548709847288, "last_start_dominated": 0.0, "last_start_blowup": 0.0, "last_start_k9": 7.875, "last_start_k_bb": 1.75, "framing_x_sp_edge_work": 0.0, "framing_x_ump_k9": 0.0, "sp_k_split_advantage": 0.00403419758258472, "sp_k_split_trend_lhb": 0.0, "sp_k_split_trend_rhb": 0.0, "lineup_lhb_pct_x_sp_lhb_adv": 0.0009371562300744772, "opp_sp_hr_rate_split": 0.0029857251825215203, "warm_x_barrel": 0.0, "warm_x_park_hr": 0.0, "high_total_flag": 0.0, "pitcher_hand_L": 0.0, "pitcher_hand_R": 1.0, "pitcher_hand_nan": 0.0}