{"is_home": 1.0, "ip_avg_5": 5.466, "k_pct_5": 0.21473341724189182, "k9_5": 8.25, "era_5": 4.285250480933282, "whip_5": 1.3302659655299756, "fip_5": 4.155107066381156, "bb_pct_5": 0.07443654162327581, "hr9_5": 1.2171666547678541, "k_pct_10": 0.21546039566018182, "k9_10": 8.255010577705908, "era_10": 4.387086278399917, "whip_10": 1.3385668707604017, "fip_10": 4.207246469959815, "starts_in_window_5": 5.0, "starts_in_window_10": 10.0, "last_start_k": 5.0, "last_start_ip": 5.67, "last_start_bb": 2.0, "sp_days_since_last_start": 6.0, "is_short_rest": 0.0, "era_home_10": 3.831904761904762, "era_away_10": 4.435872336086469, "k9_home_10": 8.452199465598188, "k9_away_10": 8.0, "fip_home_10": 3.909893491784812, "fip_away_10": 4.240471723398553, "opp_k_pct_avg_10": 0.25067451900706705, "opp_bb_pct_avg_10": 0.08188679157953305, "opp_avg_avg_10": 0.23900638971936805, "opp_hr_avg_10": 1.1, "opp_iso_avg_10": 0.15080427458938517, "opp_slg_avg_10": 0.38954891459823315, "opp_lineup_k_pct_std": 0.10357499911279286, "opp_lineup_k_pct_cv": 0.4100327634875336, "park_run_factor": 1.006, "park_hr_factor": 1.012, "ump_k9_avg_10": 8.53571101592388, "ump_bb9_avg_10": 3.1155964840572468, "temperature_f": 76.0, "wind_speed_mph": 6.9, "wind_sin": -0.1564344650402311, "wind_cos": -0.2923717047227371, "precip_prob_pct": 0.0, "is_dome": 0.0, "is_day_game": 0.0, "market_total": 8.5, "pitcher_hand": NaN, "opp_lineup_avg_avg_10": 0.237703373015873, "opp_lineup_iso_avg_10": 0.14888888888888888, "opp_top4_slg_avg_10": 0.43975603250929474, "sc_barrel_rate": 8.4, "sc_hard_hit_pct": 40.2, "sc_avg_exit_velo": 89.3, "sc_gb_pct": 20.0, "sc_fb_pct": 21.6, "sc_xba": 0.245, "sc_xslg": 0.414, "sc_xwoba": 0.317, "sc_sp_fb_whiff_pct": 20.6, "sc_sp_fb_k_pct": 22.1, "sc_sp_fb_put_away": 17.4, "sc_sp_sl_pct": 21.9, "sc_sp_sl_whiff_pct": 31.1, "sc_sp_sl_k_pct": 25.6, "sc_sp_sl_run_value_per_100": 0.1, "sc_sp_ch_pct": 17.5, "sc_sp_ch_whiff_pct": 29.5, "sc_sp_ch_k_pct": 21.0, "sc_sp_fb_pct": 37.4, "sc_sp_fb_hard_hit_pct": 45.6, "sc_sp_fb_xwoba": 0.339, "sc_sp_fb_run_value_per_100": 0.0, "sc_sp_si_pct": 21.0, "sc_sp_si_whiff_pct": 12.6, "sc_sp_si_k_pct": 13.4, "sc_sp_si_hard_hit_pct": 44.8, "sc_sp_fastball_family_pct": 46.3, "sc_sp_pitch_diversity": 0.618, "sc_sp_oz_swing_pct": 28.6, "sc_sp_iz_contact_pct": 83.5, "sc_sp_oz_contact_pct": 57.4, "sc_sp_disc_whiff_pct": 24.1, "catcher_framing_rv": 0.156834470147432, "catcher_framing_rate": 0.4716981132075472, "season_2024-regular": 0.0, "season_2025-regular": 0.0, "season_2026-regular": 0.0, "sc_xslg_x_park": 0.41459599999999996, "sp_k_pct_vs_opp_k_rate": 0.05335643492708044, "k9_trend_5v10": 0.0, "k_pct_trend_5v10": 0.0, "era_trend_5v10": 0.0, "fip_trend_5v10": 0.0, "k_pct_x_park_hr": 0.2143687539123097, "wind_x_park_hr": 6.8407, "is_cold_game": 0.0, "temp_below_60": 0.0, "ump_k9_x_sp_k_pct": 1.820457103674501, "ump_k9_x_opp_k_pct": 2.117439111003277, "sc_barrel_x_park_hr": 8.3472, "sc_hard_hit_x_fb": 8.8409, "sc_exit_velo_above_avg": 1.2999999999999972, "sc_barrel_vs_k_rate": 37.28472188876634, "sc_hard_hit_vs_opp_k": 10.056209011722967, "k9_shrunk": 8.358571589019764, "k_pct_shrunk": 0.21705937151294408, "framing_hand_benefit": 0.4567307692307692, "sp_k_pct_x_opp_cv": 0.30455949560032325}