{"is_home": 1.0, "ip_avg_5": 5.466, "k_pct_5": 0.2131335363707087, "k9_5": 8.21969685026166, "era_5": 4.103044286621095, "whip_5": 1.3220539750518339, "fip_5": 4.138886695379292, "bb_pct_5": 0.0787044653707991, "hr9_5": 1.1253838501794906, "k_pct_10": 0.21476700885367694, "k9_10": 8.261312567940788, "era_10": 4.16981929070413, "whip_10": 1.3220680714501525, "fip_10": 4.13384556141558, "starts_in_window_5": 5.0, "starts_in_window_10": 7.0, "last_start_k": 5.0, "last_start_ip": 5.67, "last_start_bb": 2.0, "sp_days_since_last_start": 6.0, "is_short_rest": 0.0, "era_home_10": 3.6, "era_away_10": 4.252316076294278, "k9_home_10": 8.38112243315374, "k9_away_10": 7.9, "fip_home_10": 3.807079737089192, "fip_away_10": 4.162574036543024, "opp_k_pct_avg_10": 0.24598682856587795, "opp_k_pct_avg_5": 0.24477862112586968, "opp_bb_pct_avg_10": 0.08684420741133421, "opp_avg_avg_10": 0.23926641481395838, "opp_hr_avg_10": 1.1, "opp_iso_avg_10": 0.14599042533955273, "opp_slg_avg_10": 0.38475724654407406, "opp_lineup_k_pct_std": 0.1066318293295538, "opp_lineup_k_pct_cv": 0.43183895333010497, "opp_lineup_pct_lhb": 0.36363636363636365, "park_run_factor": 1.006, "park_hr_factor": 1.012, "ump_k9_avg_10": 8.561259762297002, "ump_bb9_avg_10": 3.2982905246499925, "temperature_f": 70.65, "wind_speed_mph": 7.6, "wind_sin": -0.35836794954530043, "wind_cos": -0.15643446504023104, "precip_prob_pct": 0.0, "is_dome": 0.0, "is_day_game": 0.0, "market_total": 8.5, "line_move_total": 1.0, "opp_lineup_avg_avg_10": 0.23785185185185184, "opp_lineup_iso_avg_10": 0.1443517316017316, "opp_top4_slg_avg_10": 0.43670869370955184, "sc_barrel_rate": 8.418949771689498, "sc_hard_hit_pct": 40.77405660377359, "sc_avg_exit_velo": 89.47429718875502, "sc_gb_pct": 27.8669164882227, "sc_fb_pct": 30.253533190578157, "sc_xba": 0.24448427672955975, "sc_xslg": 0.4125927189988624, "sc_xwoba": 0.31791919191919193, "sc_sp_fb_whiff_pct": 19.9, "sc_sp_fb_k_pct": 20.6, "sc_sp_fb_put_away": 16.9, "sc_sp_sl_pct": 18.1, "sc_sp_sl_whiff_pct": 31.7, "sc_sp_sl_k_pct": 25.7, "sc_sp_sl_run_value_per_100": 0.1, "sc_sp_ch_pct": 16.8, "sc_sp_ch_whiff_pct": 30.0, "sc_sp_ch_k_pct": 21.5, "sc_sp_fb_pct": 33.8, "sc_sp_fb_hard_hit_pct": 46.1, "sc_sp_fb_xwoba": 0.35, "sc_sp_fb_run_value_per_100": 0.0, "sc_sp_si_pct": 18.8, "sc_sp_si_whiff_pct": 12.2, "sc_sp_si_k_pct": 12.7, "sc_sp_si_hard_hit_pct": 44.9, "sc_sp_fastball_family_pct": 46.099999999999994, "sc_sp_pitch_diversity": 0.638, "sc_sp_oz_swing_pct": 29.2, "sc_sp_iz_contact_pct": 84.4, "sc_sp_oz_contact_pct": 57.9, "sc_sp_disc_whiff_pct": 24.1, "catcher_framing_rv": 0.19697789637114024, "catcher_framing_rate": 0.47327502429543244, "sp_fb_velo_avg_5": 94.11142648587501, "sp_fb_velo_trend_5": 0.031978538328232275, "venue_n_starts": 5.0, "venue_era": 3.9781019040981445, "venue_k9": 8.903455717245636, "venue_fip": 3.8078391815251695, "sp_k_pct_vs_lhb_25": 0.25792826014079784, "sp_k_pct_vs_rhb_25": 0.2549019607843137, "sp_k_pct_vs_lhb_10": 0.2558139534883721, "sp_k_pct_vs_rhb_10": 0.2511962817959109, "sp_hr_rate_vs_lhb_25": 0.0334304171499691, "sp_hr_rate_vs_rhb_25": 0.03057796044181865, "sp_hr_rate_vs_lhb_10": 0.03289473684210526, "sp_hr_rate_vs_rhb_10": 0.02824858757062147, "svt_games": 1.0, "svt_era": 3.4615384615384617, "svt_k9": 8.442776735459661, "svt_k_pct": 0.4375, "svt_era_last3": 3.4615384615384617, "svt_k9_last3": 8.442776735459661, "sp_lob_pct_career": 62.23212919026481, "sp_lob_pct_10": 63.43808630393996, "park_babip_avg": 0.28688038793103543, "opp_runs_last3": 13.0, "opp_runs_avg3": 4.333333333333333, "opp_runs_last5": 22.0, "sp_babip_against_10": 0.27362364513202503, "sp_babip_against_career": 0.27578342333496975, "sp_babip_starts_10": 10.0, "sp_k_pct_last2": 0.20930232558139536, "opp_team_der_20": 0.7246376811594203, "opp_team_der_career": 0.7234109013893717, "market_k_line": 4.5, "book_line": 4.5, "season_2025-regular": 1.0, "season_2026-regular": 0.0, "sc_xslg_x_park": 0.4110133333333333, "sp_k_pct_vs_opp_k_rate": 0.05209721372495971, "opp_team_k_trend_5v10": -0.00015104586809359943, "k9_trend_5v10": 0.0, "k_pct_trend_5v10": 0.0, "era_trend_5v10": 0.0, "fip_trend_5v10": 0.0, "sp_era_fip_gap": -0.02882659702831636, "sp_k_bb_ratio_5": 2.653456079548538, "sp_vs_team_reliability": 0.2, "sp_vs_team_has_history": 0.0, "sp_vs_team_era_adj": 0.4596805736636245, "sp_vs_team_era_delta": 0.0, "sp_vs_team_k9_adj": 1.5, "sp_vs_team_k9_delta": 0.0, "k_pct_x_park_hr": 0.21369971014492753, "wind_x_park_hr": 7.574400000000001, "is_cold_game": 0.0, "temp_below_60": 0.0, "sp_k_pct_trend_5v10": 0.0, "sp_k9_trend_5v10": 0.0, "k_trend_x_ump_k9": 0.0, "contact_vs_ump_zone": 0.4257194312262724, "ump_k9_x_sp_k_pct": 1.816747462796466, "ump_k9_x_opp_k_pct": 2.0970179726600513, "ump_k9_x_sp_whiff_pct": 206.96286569954648, "ump_k9_x_sp_sl_whiff_pct": 269.0002565554906, "ump_k9_x_sp_k9_5": 70.14218563150615, "ump_k9_x_sp_opp_k_triple": 0.44648239726436534, "sp_lob_pct_filled": 62.23212919026481, "sp_lob_vs_avg": -8.767870809735193, "sp_lob_trend": 0.0, "sp_lob_era_quality": 0.9483084772370449, "sp_lob_luck_flag": 0.0, "park_babip_factor": 0.28688038793103543, "park_babip_vs_avg": -0.008119612068964555, "opp_runs_last3_filled": 13.0, "opp_hot_offense_flag": 0.0, "opp_cold_offense_flag": 0.0, "opp_runs_last3_vs_avg": 1.0, "sp_babip_against_10_filled": 0.27362364513202503, "sp_babip_vs_avg": -0.021376354867974956, "sp_babip_unlucky_flag": 0.0, "sp_babip_lucky_flag": 0.0, "sp_babip_against_career_filled": 0.27578342333496975, "sp_babip_trend": 0.0, "sp_k_pct_last2_filled": 0.20930232558139536, "sp_k_pct_last2_vs_5": -0.001956623806561947, "sp_k_trending_up": 0.0, "sp_k_trending_down": 0.0, "opp_der_20_filled": 0.7246376811594203, "opp_der_vs_avg": 0.019637681159420328, "opp_good_defense": 1.0, "opp_poor_defense": 0.0, "line_move_total_filled": 1.0, "line_moved_up": 1.0, "line_moved_down": 0.0, "line_move_abs": 1.0, "market_k_line_filled": 4.5, "market_k_line_vs_avg": 0.0, "market_k_line_known": 1.0, "sc_barrel_x_park_hr": 8.534275145755476, "sc_hard_hit_x_fb": 12.224033393811467, "sc_exit_velo_above_avg": 1.474297188755017, "sc_barrel_vs_k_rate": 37.58239021835941, "sc_hard_hit_vs_opp_k": 9.936095084544895, "sp_days_from_optimal_rest": 2.0, "sp_is_extended_rest": 0.0, "cold_x_sp_sl_pct": 0.0, "cold_x_sp_offspeed_pct": 0.0, "k9_shrunk": 8.344533540089587, "k_pct_shrunk": 0.21628771388707685, "expected_k_from_ip": 4.966681826959961, "framing_hand_benefit": 0.4652455977757183, "sp_k_pct_x_opp_cv": 0.3052431807309368, "venue_k9_adj": 8.562571126324489, "venue_k9_delta": 0.0, "venue_era_adj": 4.10558045997189, "venue_era_delta": 0.0, "venue_fip_adj": 4.046058331831489, "last_start_dominated": 0.0, "last_start_blowup": 0.0, "last_start_k9": 7.936507936507937, "last_start_k_bb": 1.75, "framing_x_sp_edge_work": 0.0, "framing_x_ump_k9": 0.0, "sp_k_split_advantage": 0.004442098772467373, "sp_k_split_trend_lhb": 0.0, "sp_k_split_trend_rhb": 0.0, "lineup_lhb_pct_x_sp_lhb_adv": 0.001156275225742038, "opp_sp_hr_rate_split": 0.0029668671322565527, "warm_x_barrel": 0.2724058950170355, "warm_x_park_hr": 0.03315749999999991, "high_total_flag": 0.0, "pitcher_hand_L": 0.0, "pitcher_hand_R": 1.0, "pitcher_hand_nan": 0.0}