{"is_home": 1.0, "rest_days": 1.0, "hits_avg_5": 0.8, "hits_avg_10": 0.9, "hits_avg_20": 0.875, "hits_sd_10": 0.8232726023485646, "hr_avg_5": 0.0, "hr_avg_10": 0.1, "hr_avg_20": 0.1, "tb_avg_5": 1.4, "tb_avg_10": 1.4, "tb_avg_20": 1.4, "tb_sd_10": 1.5670212364724212, "ab_avg_5": 3.6, "ab_avg_10": 3.6, "avg_avg_10": 0.24000000000000002, "k_rate_avg_10": 0.24166666666666664, "bb_rate_avg_10": 0.075, "iso_avg_10": 0.13333333333333333, "hr_rate_avg_5": 0.0, "hr_rate_avg_10": 0.025, "hr_rate_cumul_5": 0.0, "hr_rate_cumul_10": 0.02702702702702703, "hr_rate_cumul_20": 0.028169014084507043, "n_games_prev_10": 10.0, "obp_avg_10": 0.30500000000000005, "hr_any_last1": 0.0, "hr_count_last3": 0.0, "hr_games_with_hr_last5": 0.0, "bb_avg_5": 0.3333333333333333, "bb_avg_10": 0.3, "bb_avg_20": 0.3333333333333333, "bb_sd_10": 0.5, "k_avg_5": 0.8, "k_avg_10": 0.8, "hits_home_avg_20": 0.875, "hits_away_avg_20": 0.875, "tb_home_avg_20": 1.375, "tb_away_avg_20": 1.3333333333333333, "hr_home_avg_20": 0.09090909090909091, "hr_away_avg_20": 0.09090909090909091, "bb_home_avg_20": 0.3333333333333333, "bb_away_avg_20": 0.3333333333333333, "opp_sp_era_5": 3.934285714285714, "opp_sp_fip_5": 4.099844388399253, "opp_sp_k_pct_5": 0.21231850406770167, "opp_sp_k9_5": 8.187301587301587, "opp_sp_bb_pct_5": 0.07960307112849485, "opp_sp_whip_5": 1.3069812574777167, "opp_sp_ip_avg_5": 5.335, "opp_sp_hr9_5": 1.054015849218248, "opp_sp_hr9_10": 1.0923194183864915, "opp_sp_fb_velo_avg_5": 94.05097435897434, "opp_sp_fb_velo_trend_5": -0.011649768622177703, "opp_sp_days_since_last_start": 6.0, "opp_sp_is_short_rest": 0.0, "opp_sp_era_home_10": 3.439285714285714, "opp_sp_era_away_10": 4.192857142857143, "park_run_factor": 1.012, "park_hr_factor": 1.021, "ump_bb9_avg_10": 3.2193306405077897, "ump_k9_avg_10": 8.638088529750535, "temperature_f": 66.7, "wind_speed_mph": 7.6, "wind_sin": -0.37460659341591235, "wind_cos": -0.22495105434386525, "precip_prob_pct": 0.0, "is_dome": 0.0, "is_day_game": 0.0, "market_total": 8.5, "batting_order_avg_5": 4.6, "batting_order_avg_10": 4.6, "batter_hand": NaN, "opp_sp_hand": NaN, "hits_avg_40_vs_hand": NaN, "tb_avg_40_vs_hand": NaN, "k_rate_avg_40_vs_hand": NaN, "iso_avg_40_vs_hand": NaN, "hr_avg_40_vs_hand": NaN, "hits_hand_split_40": 0.0, "tb_hand_split_40": 0.0, "hr_hand_split_40": 0.0, "n_games_vs_lhp_40": 0.0, "n_games_vs_rhp_40": 0.0, "n_games_prev_10_cs": 10.0, "hits_avg_10_cs": 0.9, "hits_avg_20_cs": 0.85, "tb_avg_10_cs": 1.4, "tb_avg_20_cs": 1.4, "hr_avg_10_cs": 0.1, "hr_rate_avg_10_cs": 0.025, "ab_avg_10_cs": 3.6, "k_rate_avg_10_cs": 0.24166666666666664, "bb_rate_avg_10_cs": 0.075, "iso_avg_10_cs": 0.13333333333333333, "prev_games": 106.0, "prev_hits_avg": 0.9683, "prev_tb_avg": 1.6, "prev_hr_avg": 0.1377, "prev_ab_avg": 3.8451, "prev_k_rate": 0.2459, "prev_bb_rate": 0.06, "prev_iso": 0.1613, "prev_hr_rate": 0.0354, "h2h_games": 0.0, "h2h_ba": 0.25, "h2h_obp": 0.25, "h2h_slg": 0.3, "h2h_k_rate": 0.25, "h2h_iso": 0.0, "h2h_hr": 0.0, "h2h_ab": 0.0, "own_lineup_slg_avg_10": 0.38969852956921924, "own_lineup_iso_avg_10": 0.14333333333333334, "own_top4_slg_avg_10": 0.43188494910159186, "sc_barrel_rate": 8.606352459016392, "sc_hard_hit_pct": 41.738089758342916, "sc_avg_exit_velo": 89.48842443729905, "sc_avg_launch_angle": 13.639622641509435, "sc_sweet_spot_pct": 34.1422934648582, "sc_fb_pct": 35.87978863936592, "sc_gb_pct": 33.45076530612245, "sc_ld_pct": 100.0, "sc_xba": 0.2471406619385343, "sc_xslg": 0.41658082191780826, "sc_xwoba": 0.32163434343434344, "sc_xiso": 0.17149, "sc_pull_pct": NaN, "sc_opposite_pct": NaN, "sc_popup_pct": NaN, "sc_brl_pa": 5.867418032786886, "sprint_speed": 27.2, "opp_sp_sc_barrel_rate": 8.526522327469554, "opp_sp_sc_hard_hit_pct": 40.94902506963788, "opp_sp_sc_avg_exit_velo": 89.47526315789473, "opp_sp_sc_gb_pct": 31.83887945670628, "opp_sp_sc_fb_pct": 34.30841463414634, "opp_sp_sc_xba": 0.24572806171648987, "opp_sp_sc_xslg": 0.41525662959794696, "opp_sp_sc_xwoba": 0.319, "opp_sp_fb_pct": 35.3, "opp_sp_fb_hard_hit_pct": 46.5, "opp_sp_fb_xwoba": 0.349, "opp_sp_fb_run_value_per_100": -0.1, "opp_sp_fb_whiff_pct": 20.3, "opp_sp_fb_k_pct": 21.2, "opp_sp_sl_pct": 20.4, "opp_sp_sl_whiff_pct": 31.8, "opp_sp_sl_k_pct": 25.5, "opp_sp_sl_xwoba": 0.296, "opp_sp_ch_pct": 18.6, "opp_sp_ch_whiff_pct": 30.2, "opp_sp_ch_k_pct": 22.4, "opp_sp_fastball_family_pct": 45.7, "opp_sp_pitch_diversity": 0.628, "opp_sp_si_pct": 19.8, "opp_sp_si_whiff_pct": 12.4, "opp_sp_si_k_pct": 13.4, "opp_sp_si_hard_hit_pct": 46.2, "opp_sp_sl_hard_hit_pct": 39.5, "opp_sp_sl_run_value_per_100": 0.0, "opp_sp_ch_hard_hit_pct": 31.9, "opp_sp_ch_run_value_per_100": 0.4, "sc_b_oz_swing_pct": 28.7, "sc_b_iz_contact_pct": 83.5, "sc_b_oz_contact_pct": 55.9, "sc_b_disc_whiff_pct": 24.9, "sc_b_out_zone_pct": 50.6, "opp_bp_era_5": 3.6866420960633954, "opp_bp_era_10": 3.9460033558607557, "opp_bp_k9_5": 8.711278195488722, "opp_bp_ip_last_7": 21.67, "opp_bp_era_7d": 3.7729764592067077, "book_line": 0.5, "season_2025-regular": 1.0, "season_2026-regular": 0.0, "hits_trend_5v10": 0.0, "hits_hot_ratio": 1.0, "hits_trend_sig": 0.0, "hr_trend_5v10": 0.0, "hr_hot_ratio": 1.0, "tb_trend_5v10": 0.0, "tb_hot_ratio": 1.0, "tb_trend_sig": 0.0, "hr_park_adj_10": 0.10120000000000001, "tb_park_adj_10": 1.396, "hr_rate_cumul_trend_5v20": 0.0, "hr_rate_cumul_x_park": 0.027676470588235292, "tb_cv_10": 1.1486707293408518, "tb_power_opportunity": 0.4666666666666667, "sc_xslg_x_park": 0.4171383838383838, "sc_brl_x_ab": 20.49990157480315, "hits_vs_opp_era": 0.8226097430406852, "tb_vs_opp_fip": 1.3498261854522475, "opp_bp_era_adj": -0.5133579039366047, "hits_vs_opp_bp_era": 0.759, "tb_vs_opp_bp_era": 1.2020852517726555, "opp_bp_era7_x_ip7": 81.0, "wind_x_park_hr": 7.5554, "is_cold_game": 0.0, "temp_below_60": 0.0, "bb_trend_5v10": 0.0, "bb_hot_ratio": 1.0, "bb_trend_sig": 0.0, "ump_bb9_x_batter_bb_rate": 0.24619500866548805, "ump_bb9_x_bb_avg_10": 1.0084734113382452, "is_top_of_order": 0.0, "is_cleanup": 0.0, "hits_cs_delta": 0.0, "tb_cs_delta": 0.0, "hr_cs_delta": 0.0, "hits_cs_vs_prev": -0.06669999999999998, "tb_cs_vs_prev": -0.15379999999999994, "hits_vs_hand_weighted": 0.0, "tb_vs_hand_weighted": 0.0, "k_rate_vs_hand_weighted": 0.0, "iso_vs_hand_weighted": 0.0, "hits_hand_split_weighted": 0.0, "tb_hand_split_weighted": 0.0, "hr_hand_split_weighted": 0.0, "hr_vs_hand_weighted": 0.0, "h2h_reliability": 0.0, "h2h_ops": 0.0, "h2h_ba_weighted": 0.0, "h2h_ops_weighted": 0.0, "h2h_k_rate_weighted": 0.0, "h2h_iso_weighted": 0.0, "h2h_ops_delta": 0.0, "h2h_k_rate_delta": 0.0, "h2h_has_history": 0.0, "h2h_hr_rate": 0.0, "h2h_hr_rate_weighted": 0.0, "h2h_hr_vs_baseline": 0.0, "hits_venue_adj": 0.875, "hits_home_away_split": 0.0, "tb_venue_adj": 1.3571428571428572, "tb_home_away_split": 0.0, "hr_venue_adj": 0.09090909090909091, "hr_home_away_split": 0.0, "bb_venue_adj": 0.3333333333333333, "bb_home_away_split": 0.0, "sc_barrel_x_park_hr": 8.587870395371263, "sc_hard_hit_x_fb": 15.122403554470736, "sc_exit_velo_above_avg": 1.4884244372990452, "sc_xslg_vs_iso": 0.2777636632200886, "sc_xwoba_vs_avg": 0.08173983350224777, "sc_xiso_park_adj": 0.17003759398496243, "sc_pull_x_park_hr": 0.4, "sc_oppo_x_park_hr": 0.25, "sc_sweet_spot_x_velo": 1.5282242777516504, "sc_barrel_matchup": 0.18423939272664303, "sc_hard_hit_matchup": 0.9984499605345505, "opp_sp_gb_tendency": 0.3183887945670628, "sc_hittability_combo": 0.6391790463916247, "sc_barrel_x_opp_fb": 5.268635081998861, "sc_hard_hit_x_opp": 0.1677407140420824, "sc_xslg_x_opp_xwoba": 0.13164859129883882, "sc_xwoba_x_opp_xwoba": 0.10182877345661598, "opp_sp_hr9_vs_avg": 0.0, "fb_x_opp_hr9": 0.3967384533531645, "barrel_x_opp_hr9": 8.032821306235995, "xiso_x_opp_hr9": 0.16973010055013196, "fb_batter_x_pitcher_fb": 0.1303400793310706, "hr_rate_cumul_x_opp_hr9": 0.01601667468334135, "opp_sp_fb_velo_decline": 0.0, "opp_sp_fb_velo_trend_clipped": 0.0, "opp_sp_fb_velo_vs_league": 0.41840465310574615, "opp_sp_velo_decline_x_barrel": 0.0, "opp_sp_velo_decline_x_hr9": 0.0,