{"is_home": 1.0, "ip_avg_5": 5.466, "k_pct_5": 0.21439989882624094, "k9_5": 8.249997948724594, "era_5": 4.282301234170168, "whip_5": 1.331252204585538, "fip_5": 4.15859018209295, "bb_pct_5": 0.07479374707864658, "hr9_5": 1.2169953026435611, "k_pct_10": 0.21540644529615205, "k9_10": 8.25964523117073, "era_10": 4.376907159857485, "whip_10": 1.3381300054233498, "fip_10": 4.198969563331769, "starts_in_window_5": 5.0, "starts_in_window_10": 10.0, "last_start_k": 5.0, "last_start_ip": 5.67, "last_start_bb": 2.0, "sp_days_since_last_start": 6.0, "is_short_rest": 0.0, "era_home_10": 3.8239880059970015, "era_away_10": 4.427271612507664, "k9_home_10": 8.46, "k9_away_10": 8.0, "fip_home_10": 3.901946165753896, "fip_away_10": 4.241269841269841, "opp_k_pct_avg_10": 0.2502226493565961, "opp_k_pct_avg_5": 0.2499646610804842, "opp_bb_pct_avg_10": 0.08232144301399849, "opp_avg_avg_10": 0.23879022934873928, "opp_hr_avg_10": 1.1, "opp_iso_avg_10": 0.15032226974951435, "opp_slg_avg_10": 0.389025969370303, "opp_lineup_k_pct_std": 0.10373094042431963, "opp_lineup_k_pct_cv": 0.41091260045196343, "opp_lineup_pct_lhb": 0.36363636363636365, "park_run_factor": 1.006, "park_hr_factor": 1.012, "ump_k9_avg_10": 8.538235571895509, "ump_bb9_avg_10": 3.129415713350933, "temperature_f": 75.7, "wind_speed_mph": 7.0, "wind_sin": -0.19080899537654472, "wind_cos": -0.29237170472273666, "precip_prob_pct": 0.0, "is_dome": 0.0, "is_day_game": 0.0, "market_total": 8.5, "opp_lineup_avg_avg_10": 0.23777777777777778, "opp_lineup_iso_avg_10": 0.14883333333333332, "opp_top4_slg_avg_10": 0.4394376308056207, "sc_barrel_rate": 8.546641074856046, "sc_hard_hit_pct": 40.708541392904074, "sc_avg_exit_velo": 89.4161943319838, "sc_gb_pct": 27.10148462354189, "sc_fb_pct": 28.906935817805387, "sc_xba": 0.24560377358490568, "sc_xslg": 0.41600647668393786, "sc_xwoba": 0.3190173410404624, "sc_sp_fb_whiff_pct": 20.6, "sc_sp_fb_k_pct": 22.1, "sc_sp_fb_put_away": 17.4, "sc_sp_sl_pct": 21.8, "sc_sp_sl_whiff_pct": 31.25, "sc_sp_sl_k_pct": 25.6, "sc_sp_sl_run_value_per_100": 0.1, "sc_sp_ch_pct": 17.5, "sc_sp_ch_whiff_pct": 29.6, "sc_sp_ch_k_pct": 21.0, "sc_sp_fb_pct": 37.2, "sc_sp_fb_hard_hit_pct": 45.7, "sc_sp_fb_xwoba": 0.341, "sc_sp_fb_run_value_per_100": 0.0, "sc_sp_si_pct": 20.6, "sc_sp_si_whiff_pct": 12.5, "sc_sp_si_k_pct": 13.4, "sc_sp_si_hard_hit_pct": 44.8, "sc_sp_fastball_family_pct": 46.3, "sc_sp_pitch_diversity": 0.619, "sc_sp_oz_swing_pct": 28.6, "sc_sp_iz_contact_pct": 83.5, "sc_sp_oz_contact_pct": 57.4, "sc_sp_disc_whiff_pct": 24.1, "catcher_framing_rv": 0.156834470147432, "catcher_framing_rate": 0.4716981132075472, "sp_fb_velo_avg_5": 93.88371078431373, "sp_fb_velo_trend_5": 0.007361023361013963, "venue_n_starts": 4.0, "venue_era": 3.943278188453845, "venue_k9": 8.716837897431274, "venue_fip": 3.8690610619289343, "sp_k_pct_vs_lhb_25": 0.25609756097560976, "sp_k_pct_vs_rhb_25": 0.25075528700906347, "sp_k_pct_vs_lhb_10": 0.2558139534883721, "sp_k_pct_vs_rhb_10": 0.25, "svt_games": 0.0, "svt_era": 3.436988543371522, "svt_k9": 8.314087759815243, "svt_k_pct": 0.42857142857142855, "svt_era_last3": 3.436988543371522, "svt_k9_last3": 8.314087759815243, "market_k_line": 4.5, "season_2024-regular": 0.0, "season_2025-regular": 0.0, "season_2026-regular": 0.0, "pitcher_hand_L": 0.0, "pitcher_hand_R": 1.0, "pitcher_hand_nan": 0.0, "sc_xslg_x_park": 0.4159188144329897, "sp_k_pct_vs_opp_k_rate": 0.05326052681442411, "opp_team_k_trend_5v10": -0.00019978976650818214, "k9_trend_5v10": 0.0, "k_pct_trend_5v10": 0.0, "era_trend_5v10": 0.0, "fip_trend_5v10": 0.0, "sp_vs_team_reliability": 0.0, "sp_vs_team_has_history": 0.0, "sp_vs_team_era_adj": 0.0, "sp_vs_team_era_delta": 0.0, "sp_vs_team_k9_adj": 0.0, "sp_vs_team_k9_delta": 0.0, "k_pct_x_park_hr": 0.21410938068285237, "wind_x_park_hr": 6.959700000000001, "is_cold_game": 0.0, "temp_below_60": 0.0, "sp_k_pct_trend_5v10": 0.0, "sp_k9_trend_5v10": 0.0, "k_trend_x_ump_k9": 0.0, "contact_vs_ump_zone": 0.42221252215247396, "ump_k9_x_sp_k_pct": 1.8205879965499547, "ump_k9_x_opp_k_pct": 2.1177283808344347, "ump_k9_x_sp_whiff_pct": 206.14028402052563, "ump_k9_x_sp_sl_whiff_pct": 263.15270724077044, "ump_k9_x_sp_k9_5": 69.82250273749315, "ump_k9_x_sp_opp_k_triple": 0.45242588633653524, "market_k_line_filled": 4.5, "market_k_line_vs_avg": 0.0, "market_k_line_known": 0.0, "sc_barrel_x_park_hr": 8.549484972170685, "sc_hard_hit_x_fb": 11.736844353677197, "sc_exit_velo_above_avg": 1.416194331983803, "sc_barrel_vs_k_rate": 37.46787389020169, "sc_hard_hit_vs_opp_k": 10.057400087744604, "sp_days_from_optimal_rest": 2.0, "sp_is_extended_rest": 0.0, "cold_x_sp_sl_pct": 0.0, "cold_x_sp_offspeed_pct": 0.0, "k9_shrunk": 8.358121026245446, "k_pct_shrunk": 0.2168831436108057, "framing_hand_benefit": 0.4567307692307692, "sp_k_pct_x_opp_cv": 0.30397092561108224, "venue_k9_adj": 8.436927200352397, "venue_k9_delta": 0.0, "venue_era_adj": 4.20010252158402, "venue_era_delta": 0.0, "venue_fip_adj": 4.073296839331931, "last_start_dominated": 0.0, "last_start_blowup": 0.0, "last_start_k9": 8.095952023988005, "last_start_k_bb": 2.0, "framing_x_sp_edge_work": 0.0, "framing_x_ump_k9": 0.0, "sp_k_split_advantage": 0.004065923135605887, "sp_k_split_trend_lhb": 0.0, "sp_k_split_trend_rhb": 0.0, "lineup_lhb_pct_x_sp_lhb_adv": 0.0010698118080825596}