{"is_home": 1.0, "ip_avg_5": 5.466, "k_pct_5": 0.21320717766268915, "k9_5": 8.239484126984127, "era_5": 4.103711850997142, "whip_5": 1.3210163292072452, "fip_5": 4.134471765017651, "bb_pct_5": 0.07814972383937902, "hr9_5": 1.125, "k_pct_10": 0.21498986617516957, "k9_10": 8.27202804970619, "era_10": 4.167103894724148, "whip_10": 1.3223093030142468, "fip_10": 4.136248418316825, "starts_in_window_5": 5.0, "starts_in_window_10": 7.0, "last_start_k": 5.0, "last_start_ip": 5.67, "last_start_bb": 2.0, "sp_days_since_last_start": 6.0, "is_short_rest": 0.0, "era_home_10": 3.6, "era_away_10": 4.242857142857143, "k9_home_10": 8.4, "k9_away_10": 7.9452733805959115, "fip_home_10": 3.798886208642306, "fip_away_10": 4.175262368815592, "opp_k_pct_avg_10": 0.2456674841049108, "opp_k_pct_avg_5": 0.24400850553296988, "opp_bb_pct_avg_10": 0.08708215354937449, "opp_avg_avg_10": 0.23961069989494188, "opp_hr_avg_10": 1.1, "opp_iso_avg_10": 0.14699659309892085, "opp_slg_avg_10": 0.38631903651130484, "opp_lineup_k_pct_std": 0.1066318293295538, "opp_lineup_k_pct_cv": 0.43225597741214355, "opp_lineup_pct_lhb": 0.36363636363636365, "park_run_factor": 1.012, "park_hr_factor": 1.021, "ump_k9_avg_10": 8.55307768196301, "ump_bb9_avg_10": 3.3035050431590474, "temperature_f": 71.2, "wind_speed_mph": 7.6, "wind_sin": -0.3746065934159122, "wind_cos": -0.19936034309715206, "precip_prob_pct": 0.0, "is_dome": 0.0, "is_day_game": 0.0, "market_total": 8.5, "line_move_total": 1.0, "opp_lineup_avg_avg_10": 0.23777777777777775, "opp_lineup_iso_avg_10": 0.1451233766233766, "opp_top4_slg_avg_10": 0.437352395411606, "sc_barrel_rate": 8.5, "sc_hard_hit_pct": 40.77326120556415, "sc_avg_exit_velo": 89.44965034965034, "sc_gb_pct": 27.967966280295045, "sc_fb_pct": 30.253533190578157, "sc_xba": 0.24416150410099458, "sc_xslg": 0.41332296137339053, "sc_xwoba": 0.31736956521739135, "sc_sp_fb_whiff_pct": 20.2, "sc_sp_fb_k_pct": 20.8, "sc_sp_fb_put_away": 17.0, "sc_sp_sl_pct": 18.1, "sc_sp_sl_whiff_pct": 31.9, "sc_sp_sl_k_pct": 25.9, "sc_sp_sl_run_value_per_100": 0.1, "sc_sp_ch_pct": 16.8, "sc_sp_ch_whiff_pct": 29.7, "sc_sp_ch_k_pct": 21.8, "sc_sp_fb_pct": 33.8, "sc_sp_fb_hard_hit_pct": 45.9, "sc_sp_fb_xwoba": 0.35, "sc_sp_fb_run_value_per_100": 0.0, "sc_sp_si_pct": 18.7, "sc_sp_si_whiff_pct": 12.1, "sc_sp_si_k_pct": 12.3, "sc_sp_si_hard_hit_pct": 45.0, "sc_sp_fastball_family_pct": 46.1, "sc_sp_pitch_diversity": 0.638, "sc_sp_oz_swing_pct": 29.4, "sc_sp_iz_contact_pct": 84.4, "sc_sp_oz_contact_pct": 57.9, "sc_sp_disc_whiff_pct": 24.2, "catcher_framing_rv": 0.1904667405002518, "catcher_framing_rate": 0.4749763928234183, "sp_fb_velo_avg_5": 94.15265718805475, "sp_fb_velo_trend_5": 0.03923099554907594, "venue_n_starts": 5.0, "venue_era": 3.992075253632927, "venue_k9": 8.87356697749965, "venue_fip": 3.8025189708042495, "sp_k_pct_vs_lhb_25": 0.25859794377217726, "sp_k_pct_vs_rhb_25": 0.25495049504950495, "sp_k_pct_vs_lhb_10": 0.25609756097560976, "sp_k_pct_vs_rhb_10": 0.25144527986633247, "sp_hr_rate_vs_lhb_25": 0.03349282296650718, "sp_hr_rate_vs_rhb_25": 0.030534351145038167, "sp_hr_rate_vs_lhb_10": 0.03289473684210526, "sp_hr_rate_vs_rhb_10": 0.028169014084507043, "svt_games": 1.0, "svt_era": 3.4615384615384617, "svt_k9": 8.419354838709678, "svt_k_pct": 0.4375, "svt_era_last3": 3.4615384615384617, "svt_k9_last3": 8.434864104967199, "sp_lob_pct_career": 62.18218056453351, "sp_lob_pct_10": 63.38028169014085, "park_babip_avg": 0.28616368968275085, "opp_runs_last3": 13.0, "opp_runs_avg3": 4.333333333333333, "opp_runs_last5": 22.0, "sp_babip_against_10": 0.27388535031847133, "sp_babip_against_career": 0.27584572642588656, "sp_babip_starts_10": 10.0, "sp_k_pct_last2": 0.20930232558139536, "opp_team_der_20": 0.724609375, "opp_team_der_career": 0.7233967497211903, "market_k_line": 4.5, "book_line": 4.5, "season_2025-regular": 0.0, "season_2026-regular": 1.0, "sc_xslg_x_park": 0.41179511888111886, "sp_k_pct_vs_opp_k_rate": 0.05237076531758176, "opp_team_k_trend_5v10": -0.0001318131987349952, "k9_trend_5v10": 0.0, "k_pct_trend_5v10": 0.0, "era_trend_5v10": 0.0, "fip_trend_5v10": 0.0, "sp_era_fip_gap": -0.015669045614903343, "sp_k_bb_ratio_5": 2.6389235630243966, "sp_vs_team_reliability": 0.2, "sp_vs_team_has_history": 0.0, "sp_vs_team_era_adj": 0.49113233287858127, "sp_vs_team_era_delta": 0.0, "sp_vs_team_k9_adj": 1.5417558886509637, "sp_vs_team_k9_delta": 0.0, "k_pct_x_park_hr": 0.21497064653383693, "wind_x_park_hr": 7.5520000000000005, "is_cold_game": 0.0, "temp_below_60": 0.0, "sp_k_pct_trend_5v10": 0.0, "sp_k9_trend_5v10": 0.0, "k_trend_x_ump_k9": 0.0, "contact_vs_ump_zone": 0.42526544398956845, "ump_k9_x_sp_k_pct": 1.8185138093409923, "ump_k9_x_opp_k_pct": 2.0941794570121712, "ump_k9_x_sp_whiff_pct": 206.35159568614165, "ump_k9_x_sp_sl_whiff_pct": 270.5772782441649, "ump_k9_x_sp_k9_5": 70.20134300282042, "ump_k9_x_sp_opp_k_triple": 0.44851478345927726, "sp_lob_pct_filled": 62.18218056453351, "sp_lob_vs_avg": -8.817819435466493, "sp_lob_trend": 0.0, "sp_lob_era_quality": 0.9210765806378941, "sp_lob_luck_flag": 0.0, "park_babip_factor": 0.28616368968275085, "park_babip_vs_avg": -0.00883631031724913, "opp_runs_last3_filled": 13.0, "opp_hot_offense_flag": 0.0, "opp_cold_offense_flag": 0.0, "opp_runs_last3_vs_avg": 1.0, "sp_babip_against_10_filled": 0.27388535031847133, "sp_babip_vs_avg": -0.021114649681528652, "sp_babip_unlucky_flag": 0.0, "sp_babip_lucky_flag": 0.0, "sp_babip_against_career_filled": 0.27584572642588656, "sp_babip_trend": 0.0, "sp_k_pct_last2_filled": 0.20930232558139536, "sp_k_pct_last2_vs_5": -0.0025500479432039452, "sp_k_trending_up": 0.0, "sp_k_trending_down": 0.0, "opp_der_20_filled": 0.724609375, "opp_der_vs_avg": 0.01960937500000004, "opp_good_defense": 1.0, "opp_poor_defense": 0.0, "line_move_total_filled": 1.0, "line_moved_up": 1.0, "line_moved_down": 0.0, "line_move_abs": 1.0, "market_k_line_filled": 4.5, "market_k_line_vs_avg": 0.0, "market_k_line_known": 1.0, "sc_barrel_x_park_hr": 8.486377512846866, "sc_hard_hit_x_fb": 12.243643751862773, "sc_exit_velo_above_avg": 1.4496503496503408, "sc_barrel_vs_k_rate": 37.41204564813768, "sc_hard_hit_vs_opp_k": 9.923832438272983, "sp_days_from_optimal_rest": 2.0, "sp_is_extended_rest": 0.0, "cold_x_sp_sl_pct": 0.0, "cold_x_sp_offspeed_pct": 0.0, "k9_shrunk": 8.355325844668233, "k_pct_shrunk": 0.2163567313117641, "expected_k_from_ip": 4.964645685992963, "framing_hand_benefit": 0.46659332046179347, "sp_k_pct_x_opp_cv": 0.30618663494068143, "venue_k9_adj": 8.552366396722153, "venue_k9_delta": 0.0, "venue_era_adj": 4.106632883315914, "venue_era_delta": 0.0, "venue_fip_adj": 4.0449905895363685, "last_start_dominated": 0.0, "last_start_blowup": 0.0, "last_start_k9": 7.936507936507937, "last_start_k_bb": 1.75, "framing_x_sp_edge_work": 0.0, "framing_x_ump_k9": 0.0, "sp_k_split_advantage": 0.0041993508489815146, "sp_k_split_trend_lhb": 0.0, "sp_k_split_trend_rhb": 0.0, "lineup_lhb_pct_x_sp_lhb_adv": 0.0011171009284216822, "opp_sp_hr_rate_split": 0.0030977807462632054, "warm_x_barrel": 0.5129999999999992, "warm_x_park_hr": 0.05537999999999986, "high_total_flag": 0.0, "pitcher_hand_L": 0.0, "pitcher_hand_R": 1.0, "pitcher_hand_nan": 0.0}