{"is_home": 1.0, "ip_avg_5": 5.466, "k_pct_5": 0.21176727506985835, "k9_5": 8.1453159263195, "era_5": 4.020164034534432, "whip_5": 1.3196481119123393, "fip_5": 4.123684961723109, "bb_pct_5": 0.07921484627581332, "hr9_5": 1.11, "k_pct_10": 0.21327085666560947, "k9_10": 8.202461785356476, "era_10": 4.108110774612934, "whip_10": 1.3218605768756428, "fip_10": 4.1192421745687575, "starts_in_window_5": 5.0, "starts_in_window_10": 6.0, "last_start_k": 5.0, "last_start_ip": 5.67, "last_start_bb": 2.0, "sp_days_since_last_start": 6.0, "is_short_rest": 0.0, "era_home_10": 3.484920634920635, "era_away_10": 4.248875562218891, "k9_home_10": 8.278501304061445, "k9_away_10": 7.770045618613398, "fip_home_10": 3.819642857142857, "fip_away_10": 4.131958159122895, "opp_k_pct_avg_10": 0.24561403228277456, "opp_bb_pct_avg_10": 0.08725636693452854, "opp_avg_avg_10": 0.23947391407282298, "opp_hr_avg_10": 1.0, "opp_iso_avg_10": 0.14304617225688582, "opp_slg_avg_10": 0.3820649657412019, "opp_lineup_k_pct_std": 0.10621150947651631, "opp_lineup_k_pct_cv": 0.4296172339524209, "park_run_factor": 1.006, "park_hr_factor": 1.012, "ump_k9_avg_10": 8.579411764705883, "ump_bb9_avg_10": 3.249309336987949, "temperature_f": 68.7, "wind_speed_mph": 7.5, "wind_sin": -0.39073112848927355, "wind_cos": -0.22495105434386525, "precip_prob_pct": 0.0, "is_dome": 0.0, "is_day_game": 0.0, "market_total": 8.5, "opp_lineup_avg_avg_10": 0.2387662337662338, "opp_lineup_iso_avg_10": 0.14277777777777778, "opp_top4_slg_avg_10": 0.4364296814296814, "sc_barrel_rate": 8.549999999999999, "sc_hard_hit_pct": 40.92426260704091, "sc_avg_exit_velo": 89.47352941176472, "sc_gb_pct": 27.908599779492835, "sc_fb_pct": 30.30399137001079, "sc_xba": 0.24478868104228108, "sc_xslg": 0.413, "sc_xwoba": 0.31749173553719007, "sc_sp_fb_whiff_pct": 20.3, "sc_sp_fb_k_pct": 21.4, "sc_sp_fb_put_away": 16.9, "sc_sp_sl_pct": 19.9, "sc_sp_sl_whiff_pct": 31.6, "sc_sp_sl_k_pct": 24.7, "sc_sp_sl_run_value_per_100": 0.0, "sc_sp_ch_pct": 17.4, "sc_sp_ch_whiff_pct": 30.2, "sc_sp_ch_k_pct": 21.6, "sc_sp_fb_pct": 35.1, "sc_sp_fb_hard_hit_pct": 46.5, "sc_sp_fb_xwoba": 0.349, "sc_sp_fb_run_value_per_100": -0.1, "sc_sp_si_pct": 19.3, "sc_sp_si_whiff_pct": 12.2, "sc_sp_si_k_pct": 13.4, "sc_sp_si_hard_hit_pct": 46.2, "sc_sp_fastball_family_pct": 45.900000000000006, "sc_sp_pitch_diversity": 0.634, "sc_sp_oz_swing_pct": 28.8, "sc_sp_iz_contact_pct": 84.0, "sc_sp_oz_contact_pct": 57.7, "sc_sp_disc_whiff_pct": 24.2, "catcher_framing_rv": 0.156834470147432, "catcher_framing_rate": 0.4722222222222222, "sp_fb_velo_avg_5": 93.99110376834994, "sp_fb_velo_trend_5": 0.036001447876472525, "venue_n_starts": 2.0, "venue_era": 3.7588815470371864, "venue_k9": 8.90219348431674, "venue_fip": 3.7607092058366423, "sp_k_pct_vs_lhb_25": 0.25617283950617287, "sp_k_pct_vs_rhb_25": 0.2548011064278187, "sp_k_pct_vs_lhb_10": 0.25669696244917484, "sp_k_pct_vs_rhb_10": 0.25, "book_line": 4.5, "season_2025-regular": 1.0, "season_2026-regular": 0.0, "pitcher_hand_L": 0.0, "pitcher_hand_R": 1.0, "pitcher_hand_nan": 0.0, "sc_xslg_x_park": 0.4121305767138194, "sp_k_pct_vs_opp_k_rate": 0.051609622063735414, "k9_trend_5v10": 0.0, "k_pct_trend_5v10": 0.0, "era_trend_5v10": 0.0, "fip_trend_5v10": 0.0, "k_pct_x_park_hr": 0.21286911679251774, "wind_x_park_hr": 7.321899999999999, "is_cold_game": 0.0, "temp_below_60": 0.0, "sp_k_pct_trend_5v10": 0.0, "sp_k9_trend_5v10": 0.0, "k_trend_x_ump_k9": 0.0, "contact_vs_ump_zone": 0.4233406355388064, "ump_k9_x_sp_k_pct": 1.810409533518028, "ump_k9_x_opp_k_pct": 2.0996869724256952, "ump_k9_x_sp_whiff_pct": 208.0221599111605, "ump_k9_x_sp_sl_whiff_pct": 268.4294117647059, "ump_k9_x_sp_k9_5": 69.76938433867342, "ump_k9_x_sp_opp_k_triple": 0.44141054655874584, "sc_barrel_x_park_hr": 8.5794267728965, "sc_hard_hit_x_fb": 12.199763808012538, "sc_exit_velo_above_avg": 1.4735294117647157, "sc_barrel_vs_k_rate": 37.8981430182434, "sc_hard_hit_vs_opp_k": 9.928358060416407, "k9_shrunk": 8.309300234335868, "k_pct_shrunk": 0.21549724248057078, "framing_hand_benefit": 0.46402877697841727, "sp_k_pct_x_opp_cv": 0.30283060906935466, "venue_k9_adj": 8.482775398987933, "venue_k9_delta": 0.0, "venue_era_adj": 4.006916194986252, "venue_era_delta": 0.0, "venue_fip_adj": 4.042311841260101, "last_start_dominated": 0.0, "last_start_blowup": 0.0, "last_start_k9": 7.7142857142857135, "last_start_k_bb": 1.75, "framing_x_sp_edge_work": 0.0, "sp_k_split_advantage": 0.003584303892471691, "sp_k_split_trend_lhb": 0.0, "sp_k_split_trend_rhb": 0.0}