{"is_home": 1.0, "ip_avg_5": 5.466, "k_pct_5": 0.21448823645489204, "k9_5": 8.25, "era_5": 4.289930715935335, "whip_5": 1.3319817999083474, "fip_5": 4.157629929509945, "bb_pct_5": 0.07488851727982163, "hr9_5": 1.2159626793773135, "k_pct_10": 0.21556811142009497, "k9_10": 8.266505923853051, "era_10": 4.37218009478673, "whip_10": 1.3376172607879926, "fip_10": 4.195467311406274, "starts_in_window_5": 5.0, "starts_in_window_10": 10.0, "last_start_k": 5.0, "last_start_ip": 5.67, "last_start_bb": 2.0, "sp_days_since_last_start": 6.0, "is_short_rest": 0.0, "era_home_10": 3.825, "era_away_10": 4.425529501403686, "k9_home_10": 8.472408769864316, "k9_away_10": 8.015766369633921, "fip_home_10": 3.8988230873230925, "fip_away_10": 4.238812368131233, "opp_k_pct_avg_10": 0.2500886950412739, "opp_k_pct_avg_5": 0.24996595219759846, "opp_bb_pct_avg_10": 0.08239852243344217, "opp_avg_avg_10": 0.23864196897578624, "opp_hr_avg_10": 1.1, "opp_iso_avg_10": 0.15010539770520545, "opp_slg_avg_10": 0.3886715276497224, "opp_lineup_k_pct_std": 0.10387440481325821, "opp_lineup_k_pct_cv": 0.41133183712134525, "opp_lineup_pct_lhb": 0.36363636363636365, "park_run_factor": 1.006, "park_hr_factor": 1.012, "ump_k9_avg_10": 8.537430743385817, "ump_bb9_avg_10": 3.1356057196274625, "temperature_f": 75.6, "wind_speed_mph": 7.1, "wind_sin": -0.19080899537654472, "wind_cos": -0.27563735581699905, "precip_prob_pct": 0.0, "is_dome": 0.0, "is_day_game": 0.0, "market_total": 8.5, "line_move_total": 0.5, "opp_lineup_avg_avg_10": 0.23759259259259258, "opp_lineup_iso_avg_10": 0.14863247863247864, "opp_top4_slg_avg_10": 0.4387844611528822, "sc_barrel_rate": 8.408196721311475, "sc_hard_hit_pct": 40.82948717948719, "sc_avg_exit_velo": 89.40585817060636, "sc_gb_pct": 27.10148462354189, "sc_fb_pct": 28.892725030826142, "sc_xba": 0.24560377358490568, "sc_xslg": 0.4168232558139535, "sc_xwoba": 0.31811584327086884, "sc_sp_fb_whiff_pct": 20.5, "sc_sp_fb_k_pct": 21.9, "sc_sp_fb_put_away": 17.4, "sc_sp_sl_pct": 21.7, "sc_sp_sl_whiff_pct": 31.1, "sc_sp_sl_k_pct": 25.6, "sc_sp_sl_run_value_per_100": 0.1, "sc_sp_ch_pct": 17.5, "sc_sp_ch_whiff_pct": 29.6, "sc_sp_ch_k_pct": 21.1, "sc_sp_fb_pct": 37.1, "sc_sp_fb_hard_hit_pct": 45.4, "sc_sp_fb_xwoba": 0.3405, "sc_sp_fb_run_value_per_100": 0.0, "sc_sp_si_pct": 20.4, "sc_sp_si_whiff_pct": 12.5, "sc_sp_si_k_pct": 13.3, "sc_sp_si_hard_hit_pct": 44.8, "sc_sp_fastball_family_pct": 46.3, "sc_sp_pitch_diversity": 0.62, "sc_sp_oz_swing_pct": 28.7, "sc_sp_iz_contact_pct": 83.5, "sc_sp_oz_contact_pct": 57.4, "sc_sp_disc_whiff_pct": 24.1, "catcher_framing_rv": 0.19697789637114024, "catcher_framing_rate": 0.4716981132075472, "sp_fb_velo_avg_5": 93.89834138628619, "sp_fb_velo_trend_5": 0.009911091287520435, "venue_n_starts": 4.0, "venue_era": 3.937659449854572, "venue_k9": 8.714944925325055, "venue_fip": 3.8665497857108404, "sp_k_pct_vs_lhb_25": 0.2564102564102564, "sp_k_pct_vs_rhb_25": 0.2509025270758123, "sp_k_pct_vs_lhb_10": 0.256, "sp_k_pct_vs_rhb_10": 0.25, "sp_hr_rate_vs_lhb_25": 0.03234501347708895, "sp_hr_rate_vs_rhb_25": 0.03058823529411765, "sp_hr_rate_vs_lhb_10": 0.031914893617021274, "sp_hr_rate_vs_rhb_10": 0.030303030303030304, "svt_games": 0.0, "svt_era": 3.4615384615384617, "svt_k9": 8.314087759815243, "svt_k_pct": 0.42857142857142855, "svt_era_last3": 3.4615384615384617, "svt_k9_last3": 8.314087759815243, "sp_lob_pct_career": 62.01550387596899, "sp_lob_pct_10": 62.295081967213115, "park_babip_avg": 0.2867943442017522, "opp_runs_last3": 13.0, "opp_runs_avg3": 4.333333333333333, "opp_runs_last5": 22.0, "sp_babip_against_10": 0.27692307692307694, "sp_babip_against_career": 0.27699530516431925, "sp_babip_starts_10": 10.0, "sp_k_pct_last2": 0.2127659574468085, "opp_team_der_20": 0.7223340040241448, "opp_team_der_career": 0.7232620320855615, "market_k_line": 4.5, "season_2024-regular": 0.0, "season_2025-regular": 0.0, "season_2026-regular": 0.0, "pitcher_hand_L": 0.0, "pitcher_hand_R": 1.0, "pitcher_hand_nan": 0.0, "sc_xslg_x_park": 0.4159454933333333, "sp_k_pct_vs_opp_k_rate": 0.053287947610785445, "opp_team_k_trend_5v10": -6.664827397870332e-05, "k9_trend_5v10": 0.0, "k_pct_trend_5v10": 0.0, "era_trend_5v10": 0.0, "fip_trend_5v10": 0.0, "sp_era_fip_gap": 0.1313030083756157, "sp_k_bb_ratio_5": 2.8676680244399186, "sp_vs_team_reliability": 0.0, "sp_vs_team_has_history": 0.0, "sp_vs_team_era_adj": 0.0, "sp_vs_team_era_delta": 0.0, "sp_vs_team_k9_adj": 0.0, "sp_vs_team_k9_delta": 0.0, "k_pct_x_park_hr": 0.21438436246855982, "wind_x_park_hr": 6.9768, "is_cold_game": 0.0, "temp_below_60": 0.0, "sp_k_pct_trend_5v10": 0.0, "sp_k9_trend_5v10": 0.0, "k_trend_x_ump_k9": 0.0, "contact_vs_ump_zone": 0.4220782588663882, "ump_k9_x_sp_k_pct": 1.8228788976752759, "ump_k9_x_opp_k_pct": 2.117603478515702, "ump_k9_x_sp_whiff_pct": 206.14028402052563, "ump_k9_x_sp_sl_whiff_pct": 263.8209235112082, "ump_k9_x_sp_k9_5": 69.88756765611593, "ump_k9_x_sp_opp_k_triple": 0.4526062077041219, "sp_lob_pct_filled": 62.01550387596899, "sp_lob_vs_avg": -8.984496124031011, "sp_lob_trend": 0.0, "sp_lob_era_quality": 2.661083743842369, "sp_lob_luck_flag": 0.0, "park_babip_factor": 0.2867943442017522, "park_babip_vs_avg": -0.00820565579824778, "opp_runs_last3_filled": 13.0, "opp_hot_offense_flag": 0.0, "opp_cold_offense_flag": 0.0, "opp_runs_last3_vs_avg": 1.0, "sp_babip_against_10_filled": 0.27692307692307694, "sp_babip_vs_avg": -0.018076923076923046, "sp_babip_unlucky_flag": 0.0, "sp_babip_lucky_flag": 0.0, "sp_babip_against_career_filled": 0.27699530516431925, "sp_babip_trend": 0.0, "sp_k_pct_last2_filled": 0.2127659574468085, "sp_k_pct_last2_vs_5": -0.0021280100687439407, "sp_k_trending_up": 0.0, "sp_k_trending_down": 0.0, "opp_der_20_filled": 0.7223340040241448, "opp_der_vs_avg": 0.017334004024144867, "opp_good_defense": 1.0, "opp_poor_defense": 0.0, "line_move_total_filled": 0.5, "line_moved_up": 1.0, "line_moved_down": 0.0, "line_move_abs": 0.5, "market_k_line_filled": 4.5, "market_k_line_vs_avg": 0.0, "market_k_line_known": 0.0, "sc_barrel_x_park_hr": 8.509095081967212, "sc_hard_hit_x_fb": 11.635672450766798, "sc_exit_velo_above_avg": 1.4058581706063649, "sc_barrel_vs_k_rate": 37.35219923115969, "sc_hard_hit_vs_opp_k": 10.044267147384678, "sp_days_from_optimal_rest": 2.0, "sp_is_extended_rest": 0.0, "cold_x_sp_sl_pct": 0.0, "cold_x_sp_offspeed_pct": 0.0, "k9_shrunk": 8.361064425770309, "k_pct_shrunk": 0.21699141729104318, "expected_k_from_ip": 4.9457329329177275, "framing_hand_benefit": 0.4567307692307692, "sp_k_pct_x_opp_cv": 0.30453882687781275, "venue_k9_adj": 8.441205261547873, "venue_k9_delta": 0.0, "venue_era_adj": 4.2, "venue_era_delta": 0.0, "venue_fip_adj": 4.070132353768487, "last_start_dominated": 0.0, "last_start_blowup": 0.0, "last_start_k9": 8.095952023988005, "last_start_k_bb": 2.0, "framing_x_sp_edge_work": 0.0, "framing_x_ump_k9": 0.0, "sp_k_split_advantage": 0.004317619813949847, "sp_k_split_trend_lhb": 0.0, "sp_k_split_trend_rhb": 0.0, "lineup_lhb_pct_x_sp_lhb_adv": 0.0011313898357087778, "opp_sp_hr_rate_split": 0.0012989824637367406, "warm_x_barrel": 2.0567535545023694, "warm_x_park_hr": 0.2557649999999997, "high_total_flag": 0.0}