{"is_home": 1.0, "ip_avg_5": 5.466, "k_pct_5": 0.2122394222469185, "k9_5": 8.11508429353183, "era_5": 3.965292898723985, "whip_5": 1.3153902844500294, "fip_5": 4.107109389865741, "bb_pct_5": 0.07818016908649059, "hr9_5": 1.1092945068719342, "k_pct_10": 0.2133705201627728, "k9_10": 8.169008716541583, "era_10": 4.109035672669351, "whip_10": 1.3236224595931967, "fip_10": 4.134861727135856, "starts_in_window_5": 5.0, "starts_in_window_10": 6.0, "last_start_k": 5.0, "last_start_ip": 5.67, "last_start_bb": 2.0, "sp_days_since_last_start": 6.0, "is_short_rest": 0.0, "era_home_10": 3.4135553470919326, "era_away_10": 4.24182471703885, "k9_home_10": 8.25, "k9_away_10": 7.757043879907621, "fip_home_10": 3.868292768789178, "fip_away_10": 4.103828258403227, "opp_k_pct_avg_10": 0.2458971118360841, "opp_bb_pct_avg_10": 0.08657964989678898, "opp_avg_avg_10": 0.24033976541755436, "opp_hr_avg_10": 1.0, "opp_iso_avg_10": 0.1428525408489257, "opp_slg_avg_10": 0.38350767876751246, "opp_lineup_k_pct_std": 0.10632385384722717, "opp_lineup_k_pct_cv": 0.42977755884941093, "park_run_factor": 1.006, "park_hr_factor": 1.012, "ump_k9_avg_10": 8.585037447216507, "ump_bb9_avg_10": 3.2234811702458757, "temperature_f": 68.8, "wind_speed_mph": 7.2, "wind_sin": -0.3090169943749473, "wind_cos": -0.24192189559966779, "precip_prob_pct": 0.0, "is_dome": 0.0, "is_day_game": 0.0, "market_total": 8.5, "pitcher_hand": NaN, "opp_lineup_avg_avg_10": 0.2383333333333333, "opp_lineup_iso_avg_10": 0.14199999999999996, "opp_top4_slg_avg_10": 0.43691552992635463, "sc_barrel_rate": 9.0, "sc_hard_hit_pct": 41.7, "sc_avg_exit_velo": 89.7, "sc_gb_pct": 21.2, "sc_fb_pct": 23.1, "sc_xba": 0.247, "sc_xslg": 0.416, "sc_xwoba": 0.32, "sc_sp_fb_whiff_pct": 20.3, "sc_sp_fb_k_pct": 21.6, "sc_sp_fb_put_away": 16.9, "sc_sp_sl_pct": 20.2, "sc_sp_sl_whiff_pct": 31.8, "sc_sp_sl_k_pct": 24.7, "sc_sp_sl_run_value_per_100": 0.1, "sc_sp_ch_pct": 17.3, "sc_sp_ch_whiff_pct": 29.45, "sc_sp_ch_k_pct": 21.5, "sc_sp_fb_pct": 35.7, "sc_sp_fb_hard_hit_pct": 46.7, "sc_sp_fb_xwoba": 0.346, "sc_sp_fb_run_value_per_100": -0.1, "sc_sp_si_pct": 19.8, "sc_sp_si_whiff_pct": 12.6, "sc_sp_si_k_pct": 14.0, "sc_sp_si_hard_hit_pct": 46.3, "sc_sp_fastball_family_pct": 46.0, "sc_sp_pitch_diversity": 0.625, "sc_sp_oz_swing_pct": 28.6, "sc_sp_iz_contact_pct": 83.75, "sc_sp_oz_contact_pct": 57.1, "sc_sp_disc_whiff_pct": 24.1, "catcher_framing_rv": 0.156834470147432, "catcher_framing_rate": 0.4716981132075472, "book_line": 4.5, "season_2025-regular": 1.0, "season_2026-regular": 0.0, "sc_xslg_x_park": 0.4175885, "sp_k_pct_vs_opp_k_rate": 0.051656489206735344, "k9_trend_5v10": 0.0, "k_pct_trend_5v10": 0.0, "era_trend_5v10": 0.0, "fip_trend_5v10": 0.0, "k_pct_x_park_hr": 0.212846593721422, "wind_x_park_hr": 7.0784, "is_cold_game": 0.0, "temp_below_60": 0.0, "ump_k9_x_sp_k_pct": 1.8114125038529125, "ump_k9_x_opp_k_pct": 2.099925350305399, "sc_barrel_x_park_hr": 8.7513, "sc_hard_hit_x_fb": 9.7425, "sc_exit_velo_above_avg": 1.7000000000000028, "sc_barrel_vs_k_rate": 39.45578771497506, "sc_hard_hit_vs_opp_k": 10.172693333328073, "k9_shrunk": 8.302556330066071, "k_pct_shrunk": 0.21588660285237982, "framing_hand_benefit": 0.4581818181818182, "sp_k_pct_x_opp_cv": 0.30344356467220995}