{"is_home": 1.0, "ip_avg_5": 5.466, "k_pct_5": 0.21209748715632737, "k9_5": 8.166088221111911, "era_5": 4.05171717954217, "whip_5": 1.3224080884913607, "fip_5": 4.131201288597966, "bb_pct_5": 0.07921049955358639, "hr9_5": 1.125, "k_pct_10": 0.2143299886702063, "k9_10": 8.249132551722726, "era_10": 4.1190970323559775, "whip_10": 1.3218605768756428, "fip_10": 4.1192421745687575, "starts_in_window_5": 5.0, "starts_in_window_10": 6.0, "last_start_k": 5.0, "last_start_ip": 5.67, "last_start_bb": 2.0, "sp_days_since_last_start": 6.0, "is_short_rest": 0.0, "era_home_10": 3.525703564727955, "era_away_10": 4.248875562218891, "k9_home_10": 8.343601895734597, "k9_away_10": 7.8223568838699915, "fip_home_10": 3.8115742946705007, "fip_away_10": 4.1160052910052904, "opp_k_pct_avg_10": 0.24568370945424728, "opp_k_pct_avg_5": 0.24447297583073446, "opp_bb_pct_avg_10": 0.08725933304755076, "opp_avg_avg_10": 0.2391576453755876, "opp_hr_avg_10": 1.0, "opp_iso_avg_10": 0.1428525408489257, "opp_slg_avg_10": 0.3814581432343134, "opp_lineup_k_pct_std": 0.10629272649808999, "opp_lineup_k_pct_cv": 0.42961723395242085, "opp_lineup_pct_lhb": 0.36363636363636365, "park_run_factor": 1.006, "park_hr_factor": 1.012, "ump_k9_avg_10": 8.582494208232365, "ump_bb9_avg_10": 3.2778753310466415, "temperature_f": 68.7, "wind_speed_mph": 7.6, "wind_sin": -0.37460659341591235, "wind_cos": -0.1908089953765448, "precip_prob_pct": 0.0, "is_dome": 0.0, "is_day_game": 0.0, "market_total": 8.5, "line_move_total": 1.0, "opp_lineup_avg_avg_10": 0.23801234567901236, "opp_lineup_iso_avg_10": 0.14250661375661378, "opp_top4_slg_avg_10": 0.43336530127688666, "sc_barrel_rate": 8.474727932285369, "sc_hard_hit_pct": 40.91704545454545, "sc_avg_exit_velo": 89.41666666666667, "sc_gb_pct": 28.051431718061675, "sc_fb_pct": 30.262311015118794, "sc_xba": 0.244852354349561, "sc_xslg": 0.4118944365192582, "sc_xwoba": 0.31718697674418606, "sc_sp_fb_whiff_pct": 20.4, "sc_sp_fb_k_pct": 21.6, "sc_sp_fb_put_away": 17.1, "sc_sp_sl_pct": 19.2, "sc_sp_sl_whiff_pct": 31.3, "sc_sp_sl_k_pct": 25.0, "sc_sp_sl_run_value_per_100": 0.1, "sc_sp_ch_pct": 17.3, "sc_sp_ch_whiff_pct": 30.2, "sc_sp_ch_k_pct": 22.05, "sc_sp_fb_pct": 34.9, "sc_sp_fb_hard_hit_pct": 46.4, "sc_sp_fb_xwoba": 0.349, "sc_sp_fb_run_value_per_100": -0.1, "sc_sp_si_pct": 18.9, "sc_sp_si_whiff_pct": 12.2, "sc_sp_si_k_pct": 13.0, "sc_sp_si_hard_hit_pct": 46.2, "sc_sp_fastball_family_pct": 46.0, "sc_sp_pitch_diversity": 0.638, "sc_sp_oz_swing_pct": 29.0, "sc_sp_iz_contact_pct": 84.1, "sc_sp_oz_contact_pct": 57.5, "sc_sp_disc_whiff_pct": 24.1, "catcher_framing_rv": 0.19697789637114024, "catcher_framing_rate": 0.4727272727272727, "sp_fb_velo_avg_5": 94.0424545490986, "sp_fb_velo_trend_5": 0.04584532112758666, "venue_n_starts": 2.0, "venue_era": 3.722915974422636, "venue_k9": 8.884233092964335, "venue_fip": 3.75632333767927, "sp_k_pct_vs_lhb_25": 0.2571428571428571, "sp_k_pct_vs_rhb_25": 0.2548169735669735, "sp_k_pct_vs_lhb_10": 0.2576222346160997, "sp_k_pct_vs_rhb_10": 0.2511962817959109, "svt_games": 1.0, "svt_era": 3.4615384615384617, "svt_k9": 8.43882042021343, "svt_k_pct": 0.4361305361305361, "svt_era_last3": 3.4841521517077236, "svt_k9_last3": 8.442776735459661, "sp_lob_pct_career": 62.325581395348834, "sp_lob_pct_10": 63.5214626391097, "park_babip_avg": 0.28771929824561393, "opp_runs_last3": 13.0, "opp_runs_avg3": 4.333333333333333, "opp_runs_last5": 21.0, "sp_babip_against_10": 0.27388535031847133, "sp_babip_against_career": 0.27586206896551724, "sp_babip_starts_10": 10.0, "sp_k_pct_last2": 0.20833333333333334, "opp_team_der_20": 0.7232146021619705, "opp_team_der_career": 0.7237845945536938, "market_k_line": 4.5, "book_line": 4.5, "season_2025-regular": 1.0, "season_2026-regular": 0.0, "pitcher_hand_L": 0.0, "pitcher_hand_R": 1.0, "pitcher_hand_nan": 0.0, "sc_xslg_x_park": 0.4110133333333333, "sp_k_pct_vs_opp_k_rate": 0.05176402532459954, "opp_team_k_trend_5v10": 0.00017134203322224928, "k9_trend_5v10": 0.0, "k_pct_trend_5v10": 0.0, "era_trend_5v10": 0.0, "fip_trend_5v10": 0.0, "sp_era_fip_gap": -0.049305821240496206, "sp_k_bb_ratio_5": 2.633729890954525, "sp_vs_team_reliability": 0.2, "sp_vs_team_has_history": 0.0, "sp_vs_team_era_adj": 0.36000000000000004, "sp_vs_team_era_delta": 0.0, "sp_vs_team_k9_adj": 1.4400000000000002, "sp_vs_team_k9_delta": 0.0, "k_pct_x_park_hr": 0.21300748518410426, "wind_x_park_hr": 7.369200000000001, "is_cold_game": 0.0, "temp_below_60": 0.0, "sp_k_pct_trend_5v10": 0.0, "sp_k9_trend_5v10": 0.0, "k_trend_x_ump_k9": 0.0, "contact_vs_ump_zone": 0.4236627753905266, "ump_k9_x_sp_k_pct": 1.8164269631467524, "ump_k9_x_opp_k_pct": 2.102306559454915, "ump_k9_x_sp_whiff_pct": 208.1660075311799, "ump_k9_x_sp_sl_whiff_pct": 269.7451816580237, "ump_k9_x_sp_k9_5": 70.0338140311041, "ump_k9_x_sp_opp_k_triple": 0.44313772694341547, "sp_lob_pct_filled": 62.325581395348834, "sp_lob_vs_avg": -8.674418604651166, "sp_lob_trend": 0.0, "sp_lob_era_quality": 0.722134081196578, "sp_lob_luck_flag": 0.0, "park_babip_factor": 0.28771929824561393, "park_babip_vs_avg": -0.007280701754386054, "opp_runs_last3_filled": 13.0, "opp_hot_offense_flag": 0.0, "opp_cold_offense_flag": 0.0, "opp_runs_last3_vs_avg": 1.0, "sp_babip_against_10_filled": 0.27388535031847133, "sp_babip_vs_avg": -0.021114649681528652, "sp_babip_unlucky_flag": 0.0, "sp_babip_lucky_flag": 0.0, "sp_babip_against_career_filled": 0.27586206896551724, "sp_babip_trend": 0.0, "sp_k_pct_last2_filled": 0.20833333333333334, "sp_k_pct_last2_vs_5": -0.0016636633249649396, "sp_k_trending_up": 0.0, "sp_k_trending_down": 0.0, "opp_der_20_filled": 0.7232146021619705, "opp_der_vs_avg": 0.018214602161970628, "opp_good_defense": 1.0, "opp_poor_defense": 0.0, "line_move_total_filled": 0.5, "line_moved_up": 1.0, "line_moved_down": 0.0, "line_move_abs": 0.5, "market_k_line_filled": 4.5, "market_k_line_vs_avg": 0.0, "market_k_line_known": 1.0, "sc_barrel_x_park_hr": 8.537400000000002, "sc_hard_hit_x_fb": 12.249670298086498, "sc_exit_velo_above_avg": 1.4166666666666714, "sc_barrel_vs_k_rate": 37.72895155478335, "sc_hard_hit_vs_opp_k": 9.919466849155722, "sp_days_from_optimal_rest": 2.0, "sp_is_extended_rest": 0.0, "cold_x_sp_sl_pct": 0.0, "cold_x_sp_offspeed_pct": 0.0, "k9_shrunk": 8.315372941247066, "k_pct_shrunk": 0.21580635956675417, "framing_hand_benefit": 0.46586345381526106, "sp_k_pct_x_opp_cv": 0.30317357453017185, "venue_k9_adj": 8.495086818087625, "venue_k9_delta": 0.0, "venue_era_adj": 4.006916194986252, "venue_era_delta": 0.0, "venue_fip_adj": 4.043797930183736, "last_start_dominated": 0.0, "last_start_blowup": 0.0, "last_start_k9": 7.725321888412017, "last_start_k_bb": 1.75, "framing_x_sp_edge_work": 0.0, "framing_x_ump_k9": 0.0, "sp_k_split_advantage": 0.003887473180213097, "sp_k_split_trend_lhb": 0.0, "sp_k_split_trend_rhb": 0.0, "lineup_lhb_pct_x_sp_lhb_adv": 0.0008527571398031878}