{"is_home": 0.0, "rest_days": 1.0, "hits_avg_5": 0.8, "hits_avg_10": 0.8, "hits_avg_20": 0.85, "hits_sd_10": 0.816496580927726, "hr_avg_5": 0.0, "hr_avg_10": 0.1, "hr_avg_20": 0.1, "tb_avg_5": 1.25, "tb_avg_10": 1.375, "tb_avg_20": 1.4, "tb_sd_10": 1.563471919941143, "ab_avg_5": 3.6, "ab_avg_10": 3.5, "avg_avg_10": 0.23809523809523808, "k_rate_avg_10": 0.24500000000000002, "bb_rate_avg_10": 0.06999999999999999, "iso_avg_10": 0.13333333333333333, "hr_rate_avg_5": 0.0, "hr_rate_avg_10": 0.025, "hr_rate_cumul_5": 0.0, "hr_rate_cumul_10": 0.027777777777777776, "hr_rate_cumul_20": 0.028985507246376812, "n_games_prev_10": 10.0, "obp_avg_10": 0.29833333333333334, "hr_any_last1": 0.0, "hr_count_last3": 0.0, "hr_games_with_hr_last5": 0.0, "bb_avg_5": 0.2, "bb_avg_10": 0.3, "bb_avg_20": 0.3, "bb_sd_10": 0.48304589153964794, "k_avg_5": 0.8, "k_avg_10": 0.8, "hits_home_avg_20": 0.8333333333333334, "hits_away_avg_20": 0.8571428571428571, "tb_home_avg_20": 1.3333333333333333, "tb_away_avg_20": 1.3636363636363635, "hr_home_avg_20": 0.1, "hr_away_avg_20": 0.1, "bb_home_avg_20": 0.3, "bb_away_avg_20": 0.2857142857142857, "opp_sp_era_5": 4.227440758293839, "opp_sp_fip_5": 4.133932980599647, "opp_sp_k_pct_5": 0.21420921099607282, "opp_sp_k9_5": 8.258531837677333, "opp_sp_bb_pct_5": 0.07526150202108006, "opp_sp_whip_5": 1.3250462821340765, "opp_sp_ip_avg_5": 5.4, "opp_sp_pitches_est": 89.1, "opp_sp_hr9_5": 1.1917460317460318, "opp_sp_hr9_10": 1.204213358227228, "opp_sp_fb_velo_avg_5": 93.90497379813169, "opp_sp_fb_velo_trend_5": -0.0063408521303074394, "opp_sp_days_since_last_start": 6.0, "opp_sp_is_short_rest": 0.0, "opp_sp_era_home_10": 3.784796573875803, "opp_sp_era_away_10": 4.35, "park_run_factor": 1.006, "park_hr_factor": 1.012, "ump_bb9_avg_10": 3.129731577576334, "ump_k9_avg_10": 8.544483952647697, "temperature_f": 74.7, "wind_speed_mph": 7.2, "wind_sin": -0.20791169081775987, "wind_cos": -0.25881904510252063, "precip_prob_pct": 0.0, "is_dome": 0.0, "is_day_game": 0.0, "market_total": 8.5, "batting_order_avg_5": 5.0, "batting_order_avg_10": 5.0, "hits_avg_40_vs_hand": 0.8636363636363636, "tb_avg_40_vs_hand": 1.391304347826087, "k_rate_avg_40_vs_hand": 0.24694163860830526, "iso_avg_40_vs_hand": 0.13978494623655913, "hr_avg_40_vs_hand": 0.1, "hits_hand_split_40": -0.0625, "tb_hand_split_40": -0.1373626373626374, "hr_hand_split_40": -0.009523809523809525, "n_games_vs_lhp_40": 8.0, "n_games_vs_rhp_40": 26.0, "hits_avg_10_vs_hand": 0.8571428571428571, "tb_avg_10_vs_hand": 1.3333333333333333, "hr_avg_10_vs_hand": 0.0, "hits_avg_10_vs_lhp": 0.8, "hits_avg_10_vs_rhp": 0.8571428571428571, "n_games_vs_lhp_10": 2.0, "n_games_vs_rhp_10": 7.0, "n_games_prev_10_cs": 10.0, "hits_avg_10_cs": 0.8, "hits_avg_20_cs": 0.85, "tb_avg_10_cs": 1.3333333333333333, "tb_avg_20_cs": 1.4, "hr_avg_10_cs": 0.1, "hr_rate_avg_10_cs": 0.025, "ab_avg_10_cs": 3.5, "k_rate_avg_10_cs": 0.24500000000000002, "bb_rate_avg_10_cs": 0.06999999999999999, "iso_avg_10_cs": 0.13333333333333333, "prev_games": 100.0, "prev_hits_avg": 0.9589, "prev_tb_avg": 1.5691, "prev_hr_avg": 0.1333, "prev_ab_avg": 3.825, "prev_k_rate": 0.2481, "prev_bb_rate": 0.0588, "prev_iso": 0.1586, "prev_hr_rate": 0.0341, "h2h_games": 0.0, "h2h_ba": 0.25, "h2h_obp": 0.25, "h2h_slg": 0.2857142857142857, "h2h_k_rate": 0.25, "h2h_iso": 0.0, "h2h_hr": 0.0, "h2h_ab": 0.0, "h2h_ba_last3": 0.25, "h2h_slg_last3": 0.2727272727272727, "h2h_hr_rate_last3": 0.0, "h2h_ab_last3": 0.0, "own_lineup_slg_avg_10": 0.39420490443217715, "own_lineup_iso_avg_10": 0.14847222222222223, "own_top4_slg_avg_10": 0.43696669938835614, "sc_barrel_rate": 8.201169590643275, "sc_hard_hit_pct": 40.961202185792345, "sc_avg_exit_velo": 89.2338811630847, "sc_avg_launch_angle": 13.614336917562724, "sc_sweet_spot_pct": 34.03817787418656, "sc_fb_pct": 36.907761966364816, "sc_gb_pct": 34.54094955489614, "sc_ld_pct": 100.0, "sc_xba": 0.24416071428571426, "sc_xslg": 0.40689537712895385, "sc_xwoba": 0.31726544821583985, "sc_xiso": 0.166, "sc_pull_pct": NaN, "sc_opposite_pct": NaN, "sc_popup_pct": NaN, "sc_brl_pa": 5.587593283582089, "sprint_speed": 27.4, "opp_sp_sc_barrel_rate": 8.5, "opp_sp_sc_hard_hit_pct": 40.708541392904074, "opp_sp_sc_avg_exit_velo": 89.40789473684211, "opp_sp_sc_gb_pct": 28.77849710982659, "opp_sp_sc_fb_pct": 30.847907488986785, "opp_sp_sc_xba": 0.2461062176165803, "opp_sp_sc_xslg": 0.4162858660998937, "opp_sp_sc_xwoba": 0.3197269595176572, "opp_sp_fb_pct": 37.4, "opp_sp_fb_hard_hit_pct": 45.7, "opp_sp_fb_xwoba": 0.341, "opp_sp_fb_run_value_per_100": 0.0, "opp_sp_fb_whiff_pct": 20.5, "opp_sp_fb_k_pct": 21.9, "opp_sp_sl_pct": 22.4, "opp_sp_sl_whiff_pct": 31.1, "opp_sp_sl_k_pct": 25.5, "opp_sp_sl_xwoba": 0.295, "opp_sp_ch_pct": 17.9, "opp_sp_ch_whiff_pct": 30.0, "opp_sp_ch_k_pct": 21.1, "opp_sp_fastball_family_pct": 46.2, "opp_sp_pitch_diversity": 0.618, "opp_sp_si_pct": 21.0, "opp_sp_si_whiff_pct": 12.5, "opp_sp_si_k_pct": 13.4, "opp_sp_si_hard_hit_pct": 44.8, "opp_sp_sl_hard_hit_pct": 37.5, "opp_sp_sl_run_value_per_100": 0.1, "opp_sp_ch_hard_hit_pct": 32.3, "opp_sp_ch_run_value_per_100": 0.1, "sc_b_oz_swing_pct": 28.4, "sc_b_iz_contact_pct": 83.2, "sc_b_oz_contact_pct": 55.6, "sc_b_disc_whiff_pct": 24.9, "sc_b_out_zone_pct": 50.0, "opp_bp_era_5": 3.727632969282542, "opp_bp_era_10": 3.926999593578541, "opp_bp_k9_5": 8.866703303252386, "opp_bp_ip_last_7": 22.0, "opp_bp_era_7d": 3.768318213538032, "opp_bp_relievers_last_1d": 3.0, "opp_bp_relievers_last_2d": 5.0, "batter_n_games_at_venue": 5.0, "batter_venue_ba": 0.0, "batter_venue_hr_rate": 0.0, "batter_venue_slg": 0.0, "sp_k_pct_vs_lhb_25": 0.2556818181818182, "sp_k_pct_vs_rhb_25": 0.25, "sp_k_pct_vs_lhb_10": 0.2556390977443609, "sp_k_pct_vs_rhb_10": 0.25, "season_2024-regular": 0.0, "season_2025-regular": 0.0, "season_2026-regular": 0.0, "batter_hand_L": 0.0, "batter_hand_R": 1.0, "batter_hand_S": 0.0, "batter_hand_nan": 0.0, "opp_sp_hand_L": 0.0, "opp_sp_hand_R": 1.0, "opp_sp_hand_nan": 0.0, "hits_trend_5v10": 0.0, "hits_hot_ratio": 1.0, "hits_trend_sig": 0.0, "hits_trend_accel": 0.0, "hr_trend_5v10": 0.0, "hr_hot_ratio": 1.0, "hr_trend_accel": 0.0, "tb_trend_5v10": 0.0, "tb_hot_ratio": 1.0, "tb_trend_sig": 0.0, "tb_trend_accel": 0.0, "early_season_weight": 1.0, "hr_park_adj_10": 0.1003, "tb_park_adj_10": 1.3533, "hr_rate_cumul_trend_5v20": 0.0, "hr_rate_cumul_x_park": 0.028105263157894737, "tb_cv_10": 1.1653431646335017, "tb_power_opportunity": 0.46199999999999997, "sc_xslg_x_park": 0.4050448430493273, "sc_brl_x_ab": 19.249819148936165, "hits_vs_opp_era": 0.8547162431798918, "tb_vs_opp_fip": 1.3459106432056258, "opp_bp_era_adj": -0.4723670307174581, "hits_vs_opp_bp_era": 0.7428971068103333, "tb_vs_opp_bp_era": 1.18075950120178, "opp_bp_era7_x_ip7": 81.0, "wind_x_park_hr": 7.1016, "is_cold_game": 0.0, "temp_below_60": 0.0, "bb_trend_5v10": 0.0, "bb_hot_ratio": 1.0, "bb_trend_sig": 0.0, "ump_bb9_x_batter_bb_rate": 0.21943370908674756, "ump_bb9_x_bb_avg_10": 0.8889992806461106, "hits_vs_ump_k9": 0.8447132555043477, "contact_vs_ump_zone": 0.4107007513048547, "is_top_of_order": 0.0, "is_cleanup": 0.0, "hits_cs_delta": 0.0, "tb_cs_delta": 0.0, "hr_cs_delta": 0.0, "hits_cs_vs_prev": 0.0, "tb_cs_vs_prev": 0.0, "hits_vs_hand_weighted": 0.6666666666666666, "tb_vs_hand_weighted": 1.0740740740740742, "k_rate_vs_hand_weighted": 0.17956989247311828, "iso_vs_hand_weighted": 0.10416666666666666, "hits_hand_split_weighted": -0.016666666666666666, "tb_hand_split_weighted": -0.03666666666666667, "hr_hand_split_weighted": 0.0, "hr_vs_hand_weighted": 0.06896551724137931, "h2h_reliability": 0.0, "h2h_ops": 0.0, "h2h_ba_weighted": 0.0, "h2h_ops_weighted": 0.0, "h2h_k_rate_weighted": 0.0, "h2h_iso_weighted": 0.0, "h2h_ops_delta": 0.0, "h2h_k_rate_delta": 0.0, "h2h_has_history": 0.0, "h2h_hr_rate": 0.0, "h2h_hr_rate_weighted": 0.0, "h2h_hr_vs_baseline": 0.0, "hits_venue_adj": 0.8461538461538461, "hits_home_away_split": 0.0, "tb_venue_adj": 1.3333333333333333, "tb_home_away_split": 0.0, "hr_venue_adj": 0.1,