{"is_home": 1.0, "ip_avg_5": 5.466, "k_pct_5": 0.21442689532825954, "k9_5": 8.25, "era_5": 4.27907667410615, "whip_5": 1.3309366845944939, "fip_5": 4.154112129245464, "bb_pct_5": 0.07475565179586391, "hr9_5": 1.2159626793773135, "k_pct_10": 0.2154065419885892, "k9_10": 8.259368036565377, "era_10": 4.374603174603174, "whip_10": 1.3380949450747157, "fip_10": 4.197640002921509, "starts_in_window_5": 5.0, "starts_in_window_10": 10.0, "last_start_k": 5.0, "last_start_ip": 5.67, "last_start_bb": 2.0, "sp_days_since_last_start": 6.0, "is_short_rest": 0.0, "era_home_10": 3.820612542615015, "era_away_10": 4.4271688589782805, "k9_home_10": 8.459845196449395, "k9_away_10": 8.002928535732133, "fip_home_10": 3.90142594085539, "fip_away_10": 4.24051335678471, "opp_k_pct_avg_10": 0.25022693717309463, "opp_bb_pct_avg_10": 0.08226101260984982, "opp_avg_avg_10": 0.23888818255881072, "opp_hr_avg_10": 1.1, "opp_iso_avg_10": 0.15043148610211426, "opp_slg_avg_10": 0.38913030496036005, "opp_lineup_k_pct_std": 0.10371271455561189, "opp_lineup_k_pct_cv": 0.41070163639005214, "park_run_factor": 1.006, "park_hr_factor": 1.012, "ump_k9_avg_10": 8.535882352941176, "ump_bb9_avg_10": 3.1255604878324297, "temperature_f": 75.7, "wind_speed_mph": 7.0, "wind_sin": -0.19080899537654472, "wind_cos": -0.29237170472273666, "precip_prob_pct": 0.0, "is_dome": 0.0, "is_day_game": 0.0, "market_total": 8.5, "opp_lineup_avg_avg_10": 0.23783333333333329, "opp_lineup_iso_avg_10": 0.14888888888888888, "opp_top4_slg_avg_10": 0.43963630613535737, "sc_barrel_rate": 8.54480198019802, "sc_hard_hit_pct": 40.711724137931036, "sc_avg_exit_velo": 89.45842055185537, "sc_gb_pct": 27.22763295099061, "sc_fb_pct": 29.22659019812305, "sc_xba": 0.2458366174055829, "sc_xslg": 0.4162858660998937, "sc_xwoba": 0.3193232716650438, "sc_sp_fb_whiff_pct": 20.6, "sc_sp_fb_k_pct": 22.1, "sc_sp_fb_put_away": 17.4, "sc_sp_sl_pct": 21.9, "sc_sp_sl_whiff_pct": 31.4, "sc_sp_sl_k_pct": 25.6, "sc_sp_sl_run_value_per_100": 0.1, "sc_sp_ch_pct": 17.5, "sc_sp_ch_whiff_pct": 29.6, "sc_sp_ch_k_pct": 21.0, "sc_sp_fb_pct": 37.3, "sc_sp_fb_hard_hit_pct": 45.6, "sc_sp_fb_xwoba": 0.341, "sc_sp_fb_run_value_per_100": 0.0, "sc_sp_si_pct": 20.6, "sc_sp_si_whiff_pct": 12.5, "sc_sp_si_k_pct": 13.4, "sc_sp_si_hard_hit_pct": 44.8, "sc_sp_fastball_family_pct": 46.3, "sc_sp_pitch_diversity": 0.619, "sc_sp_oz_swing_pct": 28.6, "sc_sp_iz_contact_pct": 83.5, "sc_sp_oz_contact_pct": 57.4, "sc_sp_disc_whiff_pct": 24.1, "catcher_framing_rv": 0.1615874676183957, "catcher_framing_rate": 0.4716981132075472, "sp_fb_velo_avg_5": 93.88132882496873, "sp_fb_velo_trend_5": 0.00734320841947067, "venue_n_starts": 4.0, "venue_era": 3.9545670199030036, "venue_k9": 8.717935883712343, "venue_fip": 3.871843760657841, "sp_k_pct_vs_lhb_25": 0.25609756097560976, "sp_k_pct_vs_rhb_25": 0.25075528700906347, "sp_k_pct_vs_lhb_10": 0.2558139534883721, "sp_k_pct_vs_rhb_10": 0.25, "season_2024-regular": 0.0, "season_2025-regular": 0.0, "season_2026-regular": 0.0, "pitcher_hand_L": 0.0, "pitcher_hand_R": 1.0, "pitcher_hand_nan": 0.0, "sc_xslg_x_park": 0.41600647668393786, "sp_k_pct_vs_opp_k_rate": 0.053268996589994407, "k9_trend_5v10": 0.0, "k_pct_trend_5v10": 0.0, "era_trend_5v10": 0.0, "fip_trend_5v10": 0.0, "k_pct_x_park_hr": 0.21427906112159928, "wind_x_park_hr": 6.9427, "is_cold_game": 0.0, "temp_below_60": 0.0, "sp_k_pct_trend_5v10": 0.0, "sp_k9_trend_5v10": 0.0, "k_trend_x_ump_k9": 0.0, "contact_vs_ump_zone": 0.4218274124123435, "ump_k9_x_sp_k_pct": 1.820384775016402, "ump_k9_x_opp_k_pct": 2.1165193322237212, "ump_k9_x_sp_whiff_pct": 206.01095549330844, "ump_k9_x_sp_sl_whiff_pct": 263.1251176470588, "ump_k9_x_sp_k9_5": 69.81373669467789, "ump_k9_x_sp_opp_k_triple": 0.45236736791423426, "sc_barrel_x_park_hr": 8.553807999999998, "sc_hard_hit_x_fb": 11.868011753160147, "sc_exit_velo_above_avg": 1.4584205518553688, "sc_barrel_vs_k_rate": 37.43686366694326, "sc_hard_hit_vs_opp_k": 10.060906895986307, "k9_shrunk": 8.35890537599842, "k_pct_shrunk": 0.21691889632107023, "framing_hand_benefit": 0.4567307692307692, "sp_k_pct_x_opp_cv": 0.3042447693030148, "venue_k9_adj": 8.438203564727955, "venue_k9_delta": 0.0, "venue_era_adj": 4.2, "venue_era_delta": 0.0, "venue_fip_adj": 4.071476786130292, "last_start_dominated": 0.0, "last_start_blowup": 0.0, "last_start_k9": 8.095952023988005, "last_start_k_bb": 2.0, "framing_x_sp_edge_work": 0.0, "sp_k_split_advantage": 0.00406403940886696, "sp_k_split_trend_lhb": 0.0, "sp_k_split_trend_rhb": 0.0}