{"is_home": 1.0, "ip_avg_5": 5.468, "k_pct_5": 0.21191086709387538, "k9_5": 8.10984126984127, "era_5": 3.9642857142857144, "whip_5": 1.3157043879907622, "fip_5": 4.093417459788171, "bb_pct_5": 0.07780975090115527, "hr9_5": 1.0885516331243814, "k_pct_10": 0.21308056022011573, "k9_10": 8.15, "era_10": 4.083208255159475, "whip_10": 1.3254219573699957, "fip_10": 4.125970051579495, "starts_in_window_5": 5.0, "starts_in_window_10": 6.0, "last_start_k": 5.0, "last_start_ip": 5.67, "last_start_bb": 2.0, "sp_days_since_last_start": 6.0, "is_short_rest": 0.0, "era_home_10": 3.340423579507883, "era_away_10": 4.216350710900474, "k9_home_10": 8.25, "k9_away_10": 7.786167995095034, "fip_home_10": 3.8364835295977517, "fip_away_10": 4.051025514099191, "opp_k_pct_avg_10": 0.24567863551601263, "opp_bb_pct_avg_10": 0.08630604037558065, "opp_avg_avg_10": 0.24036332420491552, "opp_hr_avg_10": 1.0, "opp_iso_avg_10": 0.1430465367965368, "opp_slg_avg_10": 0.3835585646930898, "park_run_factor": 1.012, "park_hr_factor": 1.021, "ump_k9_avg_10": 8.571328099686992, "ump_bb9_avg_10": 3.2185799927576086, "temperature_f": 69.1, "wind_speed_mph": 7.0, "wind_sin": -0.32556815445715676, "wind_cos": -0.25881904510252085, "precip_prob_pct": 0.0, "is_dome": 0.0, "is_day_game": 0.0, "market_total": 8.5, "pitcher_hand": NaN, "opp_lineup_avg_avg_10": 0.23777777777777778, "opp_lineup_iso_avg_10": 0.14222222222222222, "opp_top4_slg_avg_10": 0.43710480667002405, "sc_barrel_rate": 9.0, "sc_hard_hit_pct": 41.7, "sc_avg_exit_velo": 89.7, "sc_gb_pct": 20.8, "sc_fb_pct": 22.4, "sc_xba": 0.248, "sc_xslg": 0.416, "sc_xwoba": 0.32, "sc_sp_fb_whiff_pct": 20.7, "sc_sp_fb_k_pct": 21.6, "sc_sp_fb_put_away": 16.9, "sc_sp_sl_pct": 19.6, "sc_sp_sl_whiff_pct": 31.7, "sc_sp_sl_k_pct": 24.2, "sc_sp_sl_run_value_per_100": 0.1, "sc_sp_ch_pct": 17.3, "sc_sp_ch_whiff_pct": 29.4, "sc_sp_ch_k_pct": 22.3, "sc_sp_fb_pct": 35.9, "sc_sp_fb_hard_hit_pct": 46.5, "sc_sp_fb_xwoba": 0.346, "sc_sp_fb_run_value_per_100": -0.1, "sc_sp_si_pct": 19.8, "sc_sp_si_whiff_pct": 12.5, "sc_sp_si_k_pct": 13.5, "sc_sp_si_hard_hit_pct": 46.3, "sc_sp_fastball_family_pct": 46.0, "sc_sp_pitch_diversity": 0.62, "sc_sp_oz_swing_pct": 28.6, "sc_sp_iz_contact_pct": 83.7, "sc_sp_oz_contact_pct": 57.3, "sc_sp_disc_whiff_pct": 24.2, "catcher_framing_rv": 0.156834470147432, "catcher_framing_rate": 0.4716981132075472, "book_line": 4.5, "season_2025-regular": 1.0, "season_2026-regular": 0.0, "sc_xslg_x_park": 0.418696, "sp_k_pct_vs_opp_k_rate": 0.05167468320293156, "k9_trend_5v10": 0.0, "k_pct_trend_5v10": 0.0, "era_trend_5v10": 0.0, "fip_trend_5v10": 0.0, "k_pct_x_park_hr": 0.21339505770051825, "wind_x_park_hr": 6.9345, "is_cold_game": 0.0, "temp_below_60": 0.0, "ump_k9_x_sp_k_pct": 1.811217499978784, "ump_k9_x_opp_k_pct": 2.095366774040413, "sc_barrel_x_park_hr": 8.8, "sc_hard_hit_x_fb": 9.5634, "sc_exit_velo_above_avg": 1.7000000000000028, "sc_barrel_vs_k_rate": 39.385621952385776, "sc_hard_hit_vs_opp_k": 10.19639609958454}