{"is_home": 0.0, "rest_days": 1.0, "hits_avg_5": 0.8, "hits_avg_10": 0.9, "hits_avg_20": 0.8666666666666667, "hits_sd_10": 0.8232726023485646, "hr_avg_5": 0.0, "hr_avg_10": 0.1, "hr_avg_20": 0.1, "tb_avg_5": 1.4, "tb_avg_10": 1.4, "tb_avg_20": 1.4, "tb_sd_10": 1.5670212364724212, "ab_avg_5": 3.6, "ab_avg_10": 3.6, "avg_avg_10": 0.24, "k_rate_avg_10": 0.24166666666666664, "bb_rate_avg_10": 0.075, "iso_avg_10": 0.13333333333333333, "hr_rate_avg_5": 0.0, "hr_rate_avg_10": 0.025, "hr_rate_cumul_5": 0.0, "hr_rate_cumul_10": 0.027777777777777776, "hr_rate_cumul_20": 0.028169014084507043, "n_games_prev_10": 10.0, "obp_avg_10": 0.305, "hr_any_last1": 0.0, "hr_count_last3": 0.0, "hr_games_with_hr_last5": 0.0, "bb_avg_5": 0.25, "bb_avg_10": 0.3, "bb_avg_20": 0.3333333333333333, "bb_sd_10": 0.5, "k_avg_5": 0.8, "k_avg_10": 0.8, "hits_home_avg_20": 0.875, "hits_away_avg_20": 0.875, "tb_home_avg_20": 1.375, "tb_away_avg_20": 1.3571428571428572, "hr_home_avg_20": 0.09090909090909091, "hr_away_avg_20": 0.09090909090909091, "bb_home_avg_20": 0.3333333333333333, "bb_away_avg_20": 0.3333333333333333, "opp_sp_era_5": 4.0, "opp_sp_fip_5": 4.116147652815697, "opp_sp_k_pct_5": 0.2130109917253304, "opp_sp_k9_5": 8.219960409105905, "opp_sp_bb_pct_5": 0.07964328246836558, "opp_sp_whip_5": 1.3133208255159474, "opp_sp_ip_avg_5": 5.334, "opp_sp_pitches_est": 88.011, "opp_sp_last_start_ip": 5.33, "opp_sp_hr9_5": 1.08, "opp_sp_hr9_10": 1.087380732652881, "opp_sp_fb_velo_avg_5": 94.08756591556592, "opp_sp_fb_velo_trend_5": 0.0, "opp_sp_days_since_last_start": 6.0, "opp_sp_is_short_rest": 0.0, "opp_sp_era_home_10": 3.5094404240745702, "opp_sp_era_away_10": 4.2, "park_run_factor": 1.012, "park_hr_factor": 1.021, "ump_bb9_avg_10": 3.253102029933145, "ump_k9_avg_10": 8.633707720644065, "temperature_f": 67.0, "wind_speed_mph": 7.7, "wind_sin": -0.37460659341591235, "wind_cos": -0.20791169081775934, "precip_prob_pct": 0.0, "is_dome": 0.0, "is_day_game": 0.0, "market_total": 8.5, "line_move_total": 1.0, "batting_order_avg_5": 4.6, "batting_order_avg_10": 4.6, "is_lhb_batter": 0.0, "hits_avg_40_vs_hand": 0.8823529411764706, "tb_avg_40_vs_hand": 1.4166666666666667, "k_rate_avg_40_vs_hand": 0.2444444444444444, "iso_avg_40_vs_hand": 0.13782051282051283, "hr_avg_40_vs_hand": 0.1, "hits_hand_split_40": -0.0833333333333333, "tb_hand_split_40": -0.1818181818181818, "hr_hand_split_40": 0.0, "n_games_vs_lhp_40": 6.0, "n_games_vs_rhp_40": 19.0, "hits_avg_10_vs_hand": 0.875, "tb_avg_10_vs_hand": 1.3333333333333333, "hr_avg_10_vs_hand": 0.0, "hits_avg_10_vs_lhp": 1.0, "hits_avg_10_vs_rhp": 0.875, "n_games_vs_lhp_10": 2.0, "n_games_vs_rhp_10": 7.0, "n_games_prev_10_cs": 10.0, "hits_avg_10_cs": 0.9, "hits_avg_20_cs": 0.85, "tb_avg_10_cs": 1.4, "tb_avg_20_cs": 1.4, "hr_avg_10_cs": 0.1, "hr_rate_avg_10_cs": 0.025, "ab_avg_10_cs": 3.6, "k_rate_avg_10_cs": 0.24166666666666664, "bb_rate_avg_10_cs": 0.075, "iso_avg_10_cs": 0.13333333333333333, "prev_games": 107.0, "prev_hits_avg": 0.97, "prev_tb_avg": 1.6034, "prev_hr_avg": 0.1377, "prev_ab_avg": 3.8455, "prev_k_rate": 0.2459, "prev_bb_rate": 0.06, "prev_iso": 0.1617, "prev_hr_rate": 0.0353, "h2h_games": 0.0, "h2h_ba": 0.25, "h2h_obp": 0.25, "h2h_slg": 0.3076923076923077, "h2h_k_rate": 0.25, "h2h_iso": 0.0, "h2h_hr": 0.0, "h2h_ab": 0.0, "h2h_ba_last3": 0.25, "h2h_slg_last3": 0.3, "h2h_hr_rate_last3": 0.0, "h2h_ab_last3": 0.0, "own_lineup_slg_avg_10": 0.38783199806756685, "own_lineup_iso_avg_10": 0.14270370370370372, "own_top4_slg_avg_10": 0.42814488143435514, "sc_barrel_rate": 8.58134110787172, "sc_hard_hit_pct": 41.77683189655173, "sc_avg_exit_velo": 89.44954954954954, "sc_avg_launch_angle": 13.78186101295642, "sc_sweet_spot_pct": 34.06403669724771, "sc_fb_pct": 35.78545918367347, "sc_gb_pct": 33.39791666666667, "sc_ld_pct": 100.0, "sc_xba": 0.24732931726907634, "sc_xslg": 0.41504515272244363, "sc_xwoba": 0.3214956822998103, "sc_xiso": 0.17038178294573642, "sc_pull_pct": NaN, "sc_opposite_pct": NaN, "sc_popup_pct": NaN, "sc_brl_pa": 5.818367346938776, "sprint_speed": 27.3, "opp_sp_sc_barrel_rate": 8.424642857142857, "opp_sp_sc_hard_hit_pct": 40.91704545454545, "opp_sp_sc_avg_exit_velo": 89.41666666666667, "opp_sp_sc_gb_pct": 30.6639661426844, "opp_sp_sc_fb_pct": 33.334491017964076, "opp_sp_sc_xba": 0.245, "opp_sp_sc_xslg": 0.41320158102766796, "opp_sp_sc_xwoba": 0.31811584327086884, "opp_sp_fb_pct": 35.2, "opp_sp_fb_hard_hit_pct": 46.3, "opp_sp_fb_xwoba": 0.35, "opp_sp_fb_run_value_per_100": -0.1, "opp_sp_fb_whiff_pct": 20.4, "opp_sp_fb_k_pct": 21.4, "opp_sp_sl_pct": 20.1, "opp_sp_sl_whiff_pct": 31.3, "opp_sp_sl_k_pct": 25.0, "opp_sp_sl_xwoba": 0.296, "opp_sp_ch_pct": 17.8, "opp_sp_ch_whiff_pct": 30.2, "opp_sp_ch_k_pct": 22.3, "opp_sp_fastball_family_pct": 45.7, "opp_sp_pitch_diversity": 0.632, "opp_sp_si_pct": 19.4, "opp_sp_si_whiff_pct": 12.1, "opp_sp_si_k_pct": 12.7, "opp_sp_si_hard_hit_pct": 46.2, "opp_sp_sl_hard_hit_pct": 40.0, "opp_sp_sl_run_value_per_100": 0.1, "opp_sp_ch_hard_hit_pct": 31.8, "opp_sp_ch_run_value_per_100": 0.2, "sc_b_oz_swing_pct": 28.9, "sc_b_iz_contact_pct": 83.6, "sc_b_oz_contact_pct": 56.0, "sc_b_disc_whiff_pct": 24.7, "sc_b_out_zone_pct": 50.9, "opp_bp_era_5": 3.621466971058252, "opp_bp_era_10": 3.8692141282913814, "opp_bp_k9_5": 8.677596566523604, "opp_bp_ip_last_7": 21.99, "opp_bp_era_7d": 3.7134283570892723, "opp_bp_relievers_last_1d": 3.0, "opp_bp_relievers_last_2d": 5.0, "batter_n_games_at_venue": 4.0, "batter_venue_ba": 0.0, "batter_venue_hr_rate": 0.0, "batter_venue_slg": 0.0, "sp_k_pct_vs_lhb_25": 0.255663430420712, "sp_k_pct_vs_rhb_25": 0.2537313432835821, "sp_k_pct_vs_lhb_10": 0.25742574257425743, "sp_k_pct_vs_rhb_10": 0.25161290322580643, "confirmed_batting_order": NaN, "confirmed_lineup_source": NaN, "btu_games": 2.0, "btu_ba": 0.25, "btu_k_rate": 0.25, "btu_bb_rate": 0.03225806451612903, "bvr_games_30": 30.0, "bvr_bp_games_30": 9.0, "bvr_ab_30": 32.0, "bvr_ba_30": 0.2857142857142857, "bvr_hr_rate_30": 0.034482758620689655, "bvr_slg_30": 0.46511627906976744, "bvr_k_rate_30": 0.22727272727272727, "opp_sp_lob_pct_career": 62.10191082802548, "opp_sp_lob_pct_10": 62.857142857142854, "park_babip_avg": 0.28771929824561393, "own_runs_last3": 13.0, "own_runs_avg3": 4.333333333333333, "batter_babip_10": 0.2916666666666667, "batter_babip_career": 0.297244094488189, "babip_games_10": 10.0, "opp_team_def_der_20": 0.7236084452975048, "opp_team_def_der_career": 0.7233417296389588, "market_hits_over_price": -190.0, "market_tb_over_price": 140.0, "market_hr_over_price": 630.0, "book_line": 0.5, "season_2025-regular": 1.0, "season_2026-regular": 0.0, "batter_hand_L": 0.0, "batter_hand_R": 1.0, "batter_hand_S": 0.0, "batter_hand_nan": 0.0, "opp_sp_hand_L": 0.0, "opp_sp_hand_R": 1.0, "opp_sp_hand_nan": 0.0, "hits_trend_5v10": 0.0, "hits_hot_ratio": 1.0, "hits_trend_sig": 0.0, "hits_trend_accel": 0.0, "hr_trend_5v10": 0.0, "hr_hot_ratio": 1.0, "hr_trend_accel": 0.0, "tb_trend_5v10": 0.0, "tb_hot_ratio": 1.0, "tb_trend_sig": 0.0, "tb_trend_accel": 0.0, "early_season_weight": 1.0, "hr_park_adj_10": 0.1003, "tb_park_adj_10": 1.3734, "hr_rate_cumul_trend_5v20": 0.0, "hr_rate_cumul_x_park": 0.027676470588235292, "tb_cv_10": 1.1486707293408518, "tb_power_opportunity": 0.46499999999999997, "sc_xslg_x_park": 0.4153694751219512, "sc_brl_x_ab": 20.50738938053097, "hits_vs_opp_era": 0.8269039696432672, "tb_vs_opp_fip": 1.3500486911462521, "opp_bp_era_adj": -0.5785330289417483, "hits_vs_opp_bp_era": 0.75, "tb_vs_opp_bp_era": 1.1818937329700272, "opp_bp_era7_x_ip7": 81.0, "wind_x_park_hr": 7.6396, "is_cold_game": 0.0, "temp_below_60": 0.0, "bb_trend_5v10": 0.0, "bb_hot_ratio": 1.0, "bb_trend_sig": 0.0, "batter_k_trend_5v10": 0.0, "batter_k_hot_ratio": 1.0, "batter_k_rate_x_ump_k9": 2.0703484936760916, "ump_bb9_x_batter_bb_rate": 0.25, "ump_bb9_x_bb_avg_10": 1.0199439995735395, "hits_vs_ump_k9": 0.8775086505190313, "contact_vs_ump_zone": 0.4250006950799682, "btu_k_rate_adj": 0.02857142857142857, "btu_k_rate_delta": 0.0, "btu_bb_rate_adj": 0.0,