{"game_month": 5.0, "is_home": 0.0, "rest_days": 1.0, "hits_avg_5": 0.8, "hits_avg_10": 0.9, "hits_avg_20": 0.8571428571428571, "hits_sd_10": 0.8232726023485646, "hr_avg_5": 0.0, "hr_avg_10": 0.1, "hr_avg_20": 0.1, "tb_avg_5": 1.4, "tb_avg_10": 1.4, "tb_avg_20": 1.4285714285714286, "tb_sd_10": 1.5951314818673865, "ab_avg_5": 3.6, "ab_avg_10": 3.6, "avg_avg_10": 0.24166666666666664, "k_rate_avg_10": 0.23666666666666666, "bb_rate_avg_10": 0.075, "iso_avg_10": 0.13666666666666666, "hr_rate_avg_5": 0.0, "hr_rate_avg_10": 0.025, "hr_rate_cumul_5": 0.0, "hr_rate_cumul_10": 0.02857142857142857, "hr_rate_cumul_20": 0.029411764705882353, "n_games_prev_10": 10.0, "obp_avg_10": 0.30500000000000005, "hr_any_last1": 0.0, "hr_count_last3": 0.0, "hr_games_with_hr_last5": 0.0, "bb_avg_5": 0.2, "bb_avg_10": 0.3, "bb_avg_20": 0.3333333333333333, "bb_sd_10": 0.48304589153964794, "k_avg_5": 0.8, "k_avg_10": 0.8, "hits_home_avg_20": 0.8571428571428571, "hits_away_avg_20": 0.8888888888888888, "tb_home_avg_20": 1.375, "tb_away_avg_20": 1.4, "hr_home_avg_20": 0.1, "hr_away_avg_20": 0.1, "bb_home_avg_20": 0.3333333333333333, "bb_away_avg_20": 0.3333333333333333, "opp_sp_era_5": 4.162998275721426, "opp_sp_fip_5": 4.159373859102856, "opp_sp_k_pct_5": 0.21237574190773142, "opp_sp_k9_5": 8.29068236358317, "opp_sp_bb_pct_5": 0.0792121212121212, "opp_sp_whip_5": 1.3235802469135802, "opp_sp_ip_avg_5": 5.334, "opp_sp_pitches_est": 88.011, "opp_sp_last_start_ip": 5.33, "opp_sp_hr9_5": 1.0904632152588556, "opp_sp_hr9_10": 1.1145502645502645, "opp_sp_fb_velo_avg_5": 94.24964601139602, "opp_sp_fb_velo_trend_5": 0.00323459589115771, "opp_sp_days_since_last_start": 6.0, "opp_sp_is_short_rest": 0.0, "opp_sp_era_home_10": 3.749325337331334, "opp_sp_era_away_10": 4.25313320825516, "park_run_factor": 1.012, "park_hr_factor": 1.021, "ump_bb9_avg_10": 3.361296979770377, "ump_k9_avg_10": 8.55777136140488, "temperature_f": 72.4, "wind_speed_mph": 8.0, "wind_sin": -0.4067366430758002, "wind_cos": -0.10452846326765336, "precip_prob_pct": 0.0, "is_dome": 0.0, "is_day_game": 0.0, "market_total": 9.0, "line_move_total": 2.0, "batting_order_avg_5": 4.6, "batting_order_avg_10": 4.6, "is_lhb_batter": 0.0, "hits_avg_40_vs_hand": 0.8823529411764706, "tb_avg_40_vs_hand": 1.4242424242424243, "k_rate_avg_40_vs_hand": 0.2416666666666666, "iso_avg_40_vs_hand": 0.14444444444444443, "hr_avg_40_vs_hand": 0.10344827586206896, "hits_hand_split_40": -0.043956043956044, "tb_hand_split_40": -0.0884615384615385, "hr_hand_split_40": 0.0, "n_games_vs_lhp_40": 8.0, "n_games_vs_rhp_40": 25.0, "hits_avg_10_vs_hand": 0.875, "tb_avg_10_vs_hand": 1.375, "hr_avg_10_vs_hand": 0.0, "hits_avg_10_vs_lhp": 1.0, "hits_avg_10_vs_rhp": 0.8571428571428571, "n_games_vs_lhp_10": 2.0, "n_games_vs_rhp_10": 7.0, "n_games_prev_10_cs": 10.0, "hits_avg_10_cs": 0.9, "hits_avg_20_cs": 0.85, "tb_avg_10_cs": 1.4, "tb_avg_20_cs": 1.4, "hr_avg_10_cs": 0.1, "hr_rate_avg_10_cs": 0.025, "ab_avg_10_cs": 3.6, "k_rate_avg_10_cs": 0.23833333333333334, "bb_rate_avg_10_cs": 0.075, "iso_avg_10_cs": 0.13666666666666666, "prev_games": 107.0, "prev_hits_avg": 0.9737, "prev_tb_avg": 1.6, "prev_hr_avg": 0.1343, "prev_ab_avg": 3.8444, "prev_k_rate": 0.2449, "prev_bb_rate": 0.06, "prev_iso": 0.1618, "prev_hr_rate": 0.0341, "h2h_games": 0.0, "h2h_ba": 0.25, "h2h_obp": 0.2727272727272727, "h2h_slg": 0.3333333333333333, "h2h_k_rate": 0.25, "h2h_iso": 0.0, "h2h_hr": 0.0, "h2h_ab": 0.0, "h2h_ba_last3": 0.25, "h2h_slg_last3": 0.3076923076923077, "h2h_hr_rate_last3": 0.0, "h2h_ab_last3": 0.0, "own_lineup_slg_avg_10": 0.3959529944792744, "own_lineup_iso_avg_10": 0.14864285714285713, "own_top4_slg_avg_10": 0.43896470912599944, "sc_barrel_rate": 8.397328244274808, "sc_hard_hit_pct": 41.53249097472924, "sc_avg_exit_velo": 89.35410583941606, "sc_avg_launch_angle": 13.774589266155532, "sc_sweet_spot_pct": 34.030919765166345, "sc_fb_pct": 35.5702395964691, "sc_gb_pct": 32.98139825218477, "sc_ld_pct": 100.0, "sc_xba": 0.2475492227979275, "sc_xslg": 0.41563964950711946, "sc_xwoba": 0.32150443131462336, "sc_xiso": 0.16863095238095238, "sc_pull_pct": NaN, "sc_opposite_pct": NaN, "sc_popup_pct": NaN, "sc_brl_pa": 5.652296819787986, "sprint_speed": 27.3, "opp_sp_sc_barrel_rate": 8.282558139534883, "opp_sp_sc_hard_hit_pct": 40.48684452621895, "opp_sp_sc_avg_exit_velo": 89.40626740947074, "opp_sp_sc_gb_pct": 31.388086642599276, "opp_sp_sc_fb_pct": 33.61148825065274, "opp_sp_sc_xba": 0.2445907692307692, "opp_sp_sc_xslg": 0.41237429111531193, "opp_sp_sc_xwoba": 0.3178025477707006, "opp_sp_fb_pct": 33.1, "opp_sp_fb_hard_hit_pct": 44.8, "opp_sp_fb_xwoba": 0.348, "opp_sp_fb_run_value_per_100": 0.1, "opp_sp_fb_whiff_pct": 19.9, "opp_sp_fb_k_pct": 20.7, "opp_sp_sl_pct": 19.9, "opp_sp_sl_whiff_pct": 32.1, "opp_sp_sl_k_pct": 27.4, "opp_sp_sl_xwoba": 0.296, "opp_sp_ch_pct": 17.2, "opp_sp_ch_whiff_pct": 30.0, "opp_sp_ch_k_pct": 21.9, "opp_sp_fastball_family_pct": 45.8, "opp_sp_pitch_diversity": 0.644, "opp_sp_si_pct": 19.1, "opp_sp_si_whiff_pct": 12.2, "opp_sp_si_k_pct": 11.5, "opp_sp_si_hard_hit_pct": 43.5, "opp_sp_sl_hard_hit_pct": 39.1, "opp_sp_sl_run_value_per_100": 0.3, "opp_sp_ch_hard_hit_pct": 32.3, "opp_sp_ch_run_value_per_100": 0.0, "sc_b_oz_swing_pct": 29.5, "sc_b_iz_contact_pct": 84.1, "sc_b_oz_contact_pct": 57.1, "sc_b_disc_whiff_pct": 24.5, "sc_b_out_zone_pct": 51.9, "opp_bp_era_5": 3.6671877880609123, "opp_bp_era_10": 3.887386255699614, "opp_bp_k9_5": 8.567128274199836, "opp_bp_ip_last_7": 22.33, "opp_bp_era_7d": 3.7484381507705122, "opp_bp_relievers_last_1d": 3.0, "opp_bp_relievers_last_2d": 5.0, "batter_n_games_at_venue": 10.0, "batter_venue_ba": 0.0, "batter_venue_hr_rate": 0.0, "batter_venue_slg": 0.0, "sp_k_pct_vs_lhb_25": 0.2589641434262948, "sp_k_pct_vs_rhb_25": 0.254320987654321, "sp_k_pct_vs_lhb_10": 0.25477707006369427, "sp_k_pct_vs_rhb_10": 0.25142857142857145, "sp_hr_rate_vs_lhb_25": 0.03323262839879154, "sp_hr_rate_vs_rhb_25": 0.03110047846889952, "sp_hr_rate_vs_lhb_10": 0.03260869565217391, "sp_hr_rate_vs_rhb_10": 0.02857142857142857, "opp_catcher_framing_rv": 0.2688977228348713, "opp_catcher_framing_rate": 0.47395171537484115, "confirmed_batting_order": NaN, "confirmed_lineup_source": NaN, "btu_games": 2.0, "btu_ba": 0.25, "btu_k_rate": 0.23809523809523808, "btu_bb_rate": 0.05555555555555555, "bvr_games_30": 30.0, "bvr_bp_games_30": 9.0, "bvr_ab_30": 32.0, "bvr_ba_30": 0.2857142857142857, "bvr_hr_rate_30": 0.034482758620689655, "bvr_slg_30": 0.4666666666666667, "bvr_k_rate_30": 0.2222222222222222, "opp_sp_lob_pct_career": 61.70634920634921, "opp_sp_lob_pct_10": 62.5, "park_babip_avg": 0.28603519943397976, "own_runs_last3": 13.0, "own_runs_avg3": 4.333333333333333, "batter_babip_10": 0.2916666666666667, "batter_babip_career": 0.2972665148063781, "babip_games_10": 10.0, "opp_team_def_der_20": 0.725, "opp_team_def_der_career": 0.7230854605993341, "market_hits_over_price": -180.0, "market_tb_over_price": 145.0, "market_hr_over_price": 760.0, "book_line": 1.5, "season_2025-regular": 0.0, "season_2026-regular": 1.0, "hits_trend_5v10": 0.0, "hits_hot_ratio": 1.0, "hits_trend_sig": 0.0, "hits_trend_accel": 0.0, "hr_trend_5v10": 0.0, "hr_hot_ratio": 1.0, "hr_trend_accel": 0.0, "tb_trend_5v10": 0.0, "tb_hot_ratio": 1.0, "tb_trend_sig": 0.0, "tb_trend_accel": 4.440892098500626e-16, "early_season_weight": 1.0, "hr_park_adj_10": 0.1034, "tb_park_adj_10": 1.4167999999999998, "hr_rate_cumul_trend_5v20": 0.0, "hr_rate_cumul_x_park": 0.028864864864864868, "tb_cv_10": 1.149089325881601, "tb_power_opportunity": 0.4875, "sc_xslg_x_park": 0.41563964950711946, "sc_brl_x_ab": 20.048467966573817, "hits_vs_opp_era": 0.8606491416309013, "tb_vs_opp_fip": 1.3962345679012345, "opp_bp_era_adj": -0.5328122119390879, "hits_vs_opp_bp_era": 0.7648489219556636, "tb_vs_opp_bp_era": 1.2280687066974596, "opp_bp_era7_x_ip7": 81.0, "wind_x_park_hr": 7.972499999999999, "is_cold_game": 0.0, "temp_below_60": 0.0, "bb_trend_5v10": 0.0, "bb_hot_ratio": 1.0, "bb_trend_sig": 0.0, "batter_k_trend_5v10": 0.0,