{"is_home": 1.0, "ip_avg_5": 5.466, "k_pct_5": 0.21194232705710583, "k9_5": 8.152758580348284, "era_5": 4.023066499895768, "whip_5": 1.3198624232857117, "fip_5": 4.127283051595895, "bb_pct_5": 0.07921608559829366, "hr9_5": 1.11, "k_pct_10": 0.21345478951329167, "k9_10": 8.211991434689507, "era_10": 4.1072700492870755, "whip_10": 1.321807233073203, "fip_10": 4.120973047686172, "starts_in_window_5": 5.0, "starts_in_window_10": 6.0, "last_start_k": 5.0, "last_start_ip": 5.67, "last_start_bb": 2.0, "sp_days_since_last_start": 6.0, "is_short_rest": 0.0, "era_home_10": 3.4985963179547666, "era_away_10": 4.242857142857143, "k9_home_10": 8.301515120499818, "k9_away_10": 7.785714285714286, "fip_home_10": 3.819642857142857, "fip_away_10": 4.122819803062138, "opp_k_pct_avg_10": 0.2456887833924819, "opp_k_pct_avg_5": 0.24436238571675, "opp_bb_pct_avg_10": 0.08741085721561105, "opp_avg_avg_10": 0.23932318180439371, "opp_hr_avg_10": 1.0, "opp_iso_avg_10": 0.14273925698195916, "opp_slg_avg_10": 0.38171096367522045, "opp_lineup_k_pct_std": 0.10613974954497728, "opp_lineup_k_pct_cv": 0.42970512446899845, "opp_lineup_pct_lhb": 0.36363636363636365, "park_run_factor": 1.006, "park_hr_factor": 1.012, "ump_k9_avg_10": 8.590927543288396, "ump_bb9_avg_10": 3.2598237177879126, "temperature_f": 68.8, "wind_speed_mph": 7.5, "wind_sin": -0.39073112848927355, "wind_cos": -0.22495105434386525, "precip_prob_pct": 0.0, "is_dome": 0.0, "is_day_game": 0.0, "market_total": 8.5, "opp_lineup_avg_avg_10": 0.2386363636363636, "opp_lineup_iso_avg_10": 0.14277777777777778, "opp_top4_slg_avg_10": 0.4355089355089355, "sc_barrel_rate": 8.549999999999999, "sc_hard_hit_pct": 40.94372469635628, "sc_avg_exit_velo": 89.4161943319838, "sc_gb_pct": 27.908599779492835, "sc_fb_pct": 30.4303197353914, "sc_xba": 0.2449448669201521, "sc_xslg": 0.41265592972181553, "sc_xwoba": 0.31674704276615107, "sc_sp_fb_whiff_pct": 20.3, "sc_sp_fb_k_pct": 21.4, "sc_sp_fb_put_away": 17.1, "sc_sp_sl_pct": 19.5, "sc_sp_sl_whiff_pct": 31.7, "sc_sp_sl_k_pct": 25.0, "sc_sp_sl_run_value_per_100": 0.1, "sc_sp_ch_pct": 17.3, "sc_sp_ch_whiff_pct": 30.0, "sc_sp_ch_k_pct": 21.3, "sc_sp_fb_pct": 34.9, "sc_sp_fb_hard_hit_pct": 46.5, "sc_sp_fb_xwoba": 0.349, "sc_sp_fb_run_value_per_100": -0.1, "sc_sp_si_pct": 19.0, "sc_sp_si_whiff_pct": 12.1, "sc_sp_si_k_pct": 13.4, "sc_sp_si_hard_hit_pct": 46.2, "sc_sp_fastball_family_pct": 45.900000000000006, "sc_sp_pitch_diversity": 0.635, "sc_sp_oz_swing_pct": 28.8, "sc_sp_iz_contact_pct": 84.0, "sc_sp_oz_contact_pct": 57.7, "sc_sp_disc_whiff_pct": 24.2, "catcher_framing_rv": 0.156834470147432, "catcher_framing_rate": 0.4722222222222222, "sp_fb_velo_avg_5": 94.01264233716475, "sp_fb_velo_trend_5": 0.03018359026874151, "venue_n_starts": 2.0, "venue_era": 3.75, "venue_k9": 8.898768976255353, "venue_fip": 3.760762483387489, "sp_k_pct_vs_lhb_25": 0.25663716814159293, "sp_k_pct_vs_rhb_25": 0.2548262548262548, "sp_k_pct_vs_lhb_10": 0.25742574257425743, "sp_k_pct_vs_rhb_10": 0.25, "svt_games": 1.0, "svt_era": 3.436988543371522, "svt_k9": 8.442776735459661, "svt_k_pct": 0.4375, "svt_era_last3": 3.453806882332728, "svt_k9_last3": 8.442776735459661, "market_k_line": 4.5, "book_line": 4.5, "season_2025-regular": 1.0, "season_2026-regular": 0.0, "pitcher_hand_L": 0.0, "pitcher_hand_R": 1.0, "pitcher_hand_nan": 0.0, "sc_xslg_x_park": 0.4121305767138194, "sp_k_pct_vs_opp_k_rate": 0.05167468320293156, "opp_team_k_trend_5v10": -0.00016988493962175055, "k9_trend_5v10": 0.0, "k_pct_trend_5v10": 0.0, "era_trend_5v10": 0.0, "fip_trend_5v10": 0.0, "sp_vs_team_reliability": 0.2, "sp_vs_team_has_history": 0.0, "sp_vs_team_era_adj": 0.3377110694183865, "sp_vs_team_era_delta": 0.0, "sp_vs_team_k9_adj": 1.4400000000000002, "sp_vs_team_k9_delta": 0.0, "k_pct_x_park_hr": 0.21275920040640986, "wind_x_park_hr": 7.3347, "is_cold_game": 0.0, "temp_below_60": 0.0, "sp_k_pct_trend_5v10": 0.0, "sp_k9_trend_5v10": 0.0, "k_trend_x_ump_k9": 0.0, "contact_vs_ump_zone": 0.4236224440700774, "ump_k9_x_sp_k_pct": 1.8152631086172732, "ump_k9_x_opp_k_pct": 2.1035212779595236, "ump_k9_x_sp_whiff_pct": 208.1449144102085, "ump_k9_x_sp_sl_whiff_pct": 269.11040763874666, "ump_k9_x_sp_k9_5": 69.94780436794984, "ump_k9_x_sp_opp_k_triple": 0.44291542139936974, "market_k_line_filled": 4.5, "market_k_line_vs_avg": 0.0, "market_k_line_known": 1.0, "sc_barrel_x_park_hr": 8.576560733944955, "sc_hard_hit_x_fb": 12.22700918103524, "sc_exit_velo_above_avg": 1.416194331983803, "sc_barrel_vs_k_rate": 37.81780028789816, "sc_hard_hit_vs_opp_k": 9.923537921382383, "sp_days_from_optimal_rest": 2.0, "sp_is_extended_rest": 0.0, "cold_x_sp_sl_pct": 0.0, "cold_x_sp_offspeed_pct": 0.0, "k9_shrunk": 8.311428571428571, "k_pct_shrunk": 0.21576676675975567, "framing_hand_benefit": 0.46402877697841727, "sp_k_pct_x_opp_cv": 0.3028894017923164, "venue_k9_adj": 8.479836512261581, "venue_k9_delta": 0.0, "venue_era_adj": 4.006739021447266, "venue_era_delta": 0.0, "venue_fip_adj": 4.045607988619049, "last_start_dominated": 0.0, "last_start_blowup": 0.0, "last_start_k9": 7.875, "last_start_k_bb": 1.75, "framing_x_sp_edge_work": 0.0, "framing_x_ump_k9": 0.0, "sp_k_split_advantage": 0.003684675469592724, "sp_k_split_trend_lhb": 0.0, "sp_k_split_trend_rhb": 0.0, "lineup_lhb_pct_x_sp_lhb_adv": 0.0006926406926407003}