{"is_home": 1.0, "ip_avg_5": 5.466, "k_pct_5": 0.2122394222469185, "k9_5": 8.185406682301757, "era_5": 4.025328471516289, "whip_5": 1.3210163292072452, "fip_5": 4.125555382262543, "bb_pct_5": 0.0789885696067393, "hr9_5": 1.1, "k_pct_10": 0.214091537204255, "k9_10": 8.246989694579868, "era_10": 4.0963213615652645, "whip_10": 1.3225621453452723, "fip_10": 4.116093244132551, "starts_in_window_5": 5.0, "starts_in_window_10": 6.0, "last_start_k": 5.0, "last_start_ip": 5.67, "last_start_bb": 2.0, "sp_days_since_last_start": 6.0, "is_short_rest": 0.0, "era_home_10": 3.484920634920635, "era_away_10": 4.240677577240747, "k9_home_10": 8.336107686351589, "k9_away_10": 7.829426770478142, "fip_home_10": 3.8006006006006006, "fip_away_10": 4.116666666666666, "opp_k_pct_avg_10": 0.24522359242544878, "opp_k_pct_avg_5": 0.24339877778731406, "opp_bb_pct_avg_10": 0.08756326193221643, "opp_avg_avg_10": 0.23953433723611478, "opp_hr_avg_10": 1.0, "opp_iso_avg_10": 0.14308687880310397, "opp_slg_avg_10": 0.3820649657412019, "opp_lineup_k_pct_std": 0.106147059136394, "opp_lineup_k_pct_cv": 0.42972966991117173, "opp_lineup_pct_lhb": 0.36363636363636365, "park_run_factor": 1.006, "park_hr_factor": 1.012, "ump_k9_avg_10": 8.58376504142269, "ump_bb9_avg_10": 3.259582271608658, "temperature_f": 68.9, "wind_speed_mph": 7.5, "wind_sin": -0.40673664307580015, "wind_cos": -0.22495105434386525, "precip_prob_pct": 0.0, "is_dome": 0.0, "is_day_game": 0.0, "market_total": 8.5, "line_move_total": 1.0, "opp_lineup_avg_avg_10": 0.2385681818181818, "opp_lineup_iso_avg_10": 0.14296296296296296, "opp_top4_slg_avg_10": 0.43545562525757747, "sc_barrel_rate": 8.548320537428022, "sc_hard_hit_pct": 40.92489270386266, "sc_avg_exit_velo": 89.4161943319838, "sc_gb_pct": 28.592070484581495, "sc_fb_pct": 30.773014145810667, "sc_xba": 0.24517887192711665, "sc_xslg": 0.41265592972181553, "sc_xwoba": 0.31674704276615107, "sc_sp_fb_whiff_pct": 20.3, "sc_sp_fb_k_pct": 21.5, "sc_sp_fb_put_away": 17.1, "sc_sp_sl_pct": 19.2, "sc_sp_sl_whiff_pct": 31.7, "sc_sp_sl_k_pct": 25.0, "sc_sp_sl_run_value_per_100": 0.1, "sc_sp_ch_pct": 17.5, "sc_sp_ch_whiff_pct": 30.2, "sc_sp_ch_k_pct": 21.5, "sc_sp_fb_pct": 35.1, "sc_sp_fb_hard_hit_pct": 46.5, "sc_sp_fb_xwoba": 0.35, "sc_sp_fb_run_value_per_100": 0.0, "sc_sp_si_pct": 19.0, "sc_sp_si_whiff_pct": 12.1, "sc_sp_si_k_pct": 12.8, "sc_sp_si_hard_hit_pct": 46.3, "sc_sp_fastball_family_pct": 45.900000000000006, "sc_sp_pitch_diversity": 0.634, "sc_sp_oz_swing_pct": 29.0, "sc_sp_iz_contact_pct": 84.0, "sc_sp_oz_contact_pct": 57.7, "sc_sp_disc_whiff_pct": 24.2, "catcher_framing_rv": 0.156834470147432, "catcher_framing_rate": 0.4722222222222222, "sp_fb_velo_avg_5": 94.02975777310925, "sp_fb_velo_trend_5": 0.02374975076047292, "venue_n_starts": 2.0, "venue_era": 3.7732460907288328, "venue_k9": 8.880626923776338, "venue_fip": 3.7586807210028756, "sp_k_pct_vs_lhb_25": 0.2570761014686248, "sp_k_pct_vs_rhb_25": 0.2549235078646843, "sp_k_pct_vs_lhb_10": 0.25806451612903225, "sp_k_pct_vs_rhb_10": 0.25142857142857145, "svt_games": 1.0, "svt_era": 3.4615384615384617, "svt_k9": 8.434864104967199, "svt_k_pct": 0.4375, "svt_era_last3": 3.4615384615384617, "svt_k9_last3": 8.4375, "sp_lob_pct_career": 62.32221098752949, "sp_lob_pct_10": 63.5214626391097, "park_babip_avg": 0.29019292604501606, "opp_runs_last3": 13.0, "opp_runs_avg3": 4.333333333333333, "opp_runs_last5": 21.0, "market_k_line": 4.5, "book_line": 4.5, "season_2025-regular": 1.0, "season_2026-regular": 0.0, "pitcher_hand_L": 0.0, "pitcher_hand_R": 1.0, "pitcher_hand_nan": 0.0, "sc_xslg_x_park": 0.41278410821032585, "sp_k_pct_vs_opp_k_rate": 0.05180161118041339, "opp_team_k_trend_5v10": -0.00035821007691949625, "k9_trend_5v10": 0.0, "k_pct_trend_5v10": 0.0, "era_trend_5v10": 0.0, "fip_trend_5v10": 0.0, "sp_vs_team_reliability": 0.2, "sp_vs_team_has_history": 0.0, "sp_vs_team_era_adj": 0.36000000000000004, "sp_vs_team_era_delta": 0.0, "sp_vs_team_k9_adj": 1.4400000000000002, "sp_vs_team_k9_delta": 0.0, "k_pct_x_park_hr": 0.2135170327375543, "wind_x_park_hr": 7.3298000000000005, "is_cold_game": 0.0, "temp_below_60": 0.0, "sp_k_pct_trend_5v10": 0.0, "sp_k9_trend_5v10": 0.0, "k_trend_x_ump_k9": 0.0, "contact_vs_ump_zone": 0.42353125086707577, "ump_k9_x_sp_k_pct": 1.8185138093409923, "ump_k9_x_opp_k_pct": 2.0988707520016057, "ump_k9_x_sp_whiff_pct": 208.00218128691603, "ump_k9_x_sp_sl_whiff_pct": 269.5089183627124, "ump_k9_x_sp_k9_5": 70.18650839913533, "ump_k9_x_sp_opp_k_triple": 0.4441629241829369, "sp_lob_pct_filled": 62.32221098752949, "sp_lob_vs_avg": -8.677789012470509, "sp_lob_trend": 0.0, "park_babip_factor": 0.29019292604501606, "park_babip_vs_avg": -0.00480707395498392, "opp_runs_last3_filled": 13.0, "opp_hot_offense_flag": 0.0, "opp_cold_offense_flag": 0.0, "opp_runs_last3_vs_avg": 1.0, "line_move_total_filled": 0.5, "line_moved_up": 1.0, "line_moved_down": 0.0, "line_move_abs": 0.5, "market_k_line_filled": 4.5, "market_k_line_vs_avg": 0.0, "market_k_line_known": 1.0, "sc_barrel_x_park_hr": 8.580921177587845, "sc_hard_hit_x_fb": 12.556065873196683, "sc_exit_velo_above_avg": 1.416194331983803, "sc_barrel_vs_k_rate": 37.82835147286195, "sc_hard_hit_vs_opp_k": 9.922477744410745, "sp_days_from_optimal_rest": 2.0, "sp_is_extended_rest": 0.0, "cold_x_sp_sl_pct": 0.0, "cold_x_sp_offspeed_pct": 0.0, "k9_shrunk": 8.330669819705463, "k_pct_shrunk": 0.215870724137271, "framing_hand_benefit": 0.46402877697841727, "sp_k_pct_x_opp_cv": 0.30354307827710303, "venue_k9_adj": 8.47951752196132, "venue_k9_delta": 0.0, "venue_era_adj": 4.0040840328946565, "venue_era_delta": 0.0, "venue_fip_adj": 4.041986444803294, "last_start_dominated": 0.0, "last_start_blowup": 0.0, "last_start_k9": 7.905753968253968, "last_start_k_bb": 1.75, "framing_x_sp_edge_work": 0.0, "framing_x_ump_k9": 0.0, "sp_k_split_advantage": 0.0035329845075415256, "sp_k_split_trend_lhb": 0.0, "sp_k_split_trend_rhb": 0.0, "lineup_lhb_pct_x_sp_lhb_adv": 0.0006031076684520292}