{"is_home": 1.0, "rest_days": 1.0, "hits_avg_5": 0.8, "hits_avg_10": 0.8166666666666667, "hits_avg_20": 0.85, "hits_sd_10": 0.816496580927726, "hr_avg_5": 0.0, "hr_avg_10": 0.1, "hr_avg_20": 0.1, "tb_avg_5": 1.25, "tb_avg_10": 1.4, "tb_avg_20": 1.4, "tb_sd_10": 1.563471919941143, "ab_avg_5": 3.6, "ab_avg_10": 3.5, "avg_avg_10": 0.23809523809523808, "k_rate_avg_10": 0.24500000000000002, "bb_rate_avg_10": 0.06999999999999999, "iso_avg_10": 0.13333333333333333, "hr_rate_avg_5": 0.0, "hr_rate_avg_10": 0.025, "hr_rate_cumul_5": 0.0, "hr_rate_cumul_10": 0.027777777777777776, "hr_rate_cumul_20": 0.028985507246376812, "n_games_prev_10": 10.0, "bb_avg_5": 0.2, "bb_avg_10": 0.3, "bb_avg_20": 0.3, "bb_sd_10": 0.48304589153964794, "k_avg_5": 0.8, "k_avg_10": 0.8, "hits_home_avg_20": 0.8333333333333334, "hits_away_avg_20": 0.8571428571428571, "tb_home_avg_20": 1.3333333333333333, "tb_away_avg_20": 1.3636363636363635, "hr_home_avg_20": 0.09090909090909091, "hr_away_avg_20": 0.1, "bb_home_avg_20": 0.3, "bb_away_avg_20": 0.2857142857142857, "opp_sp_era_5": 4.229145395120427, "opp_sp_fip_5": 4.133333333333333, "opp_sp_k_pct_5": 0.21422924901185772, "opp_sp_k9_5": 8.25140712945591, "opp_sp_bb_pct_5": 0.0750125187531297, "opp_sp_whip_5": 1.324126984126984, "opp_sp_ip_avg_5": 5.4, "opp_sp_hr9_5": 1.192063492063492, "opp_sp_hr9_10": 1.212585693439352, "opp_sp_days_since_last_start": 6.0, "opp_sp_is_short_rest": 0.0, "opp_sp_era_home_10": 3.785723102948361, "opp_sp_era_away_10": 4.351814965909056, "park_run_factor": 1.006, "park_hr_factor": 1.012, "ump_bb9_avg_10": 3.123605588921319, "ump_k9_avg_10": 8.544455747711089, "temperature_f": 74.8, "wind_speed_mph": 7.1, "wind_sin": -0.19080899537654472, "wind_cos": -0.25881904510252063, "precip_prob_pct": 0.0, "is_dome": 0.0, "is_day_game": 0.0, "market_total": 8.5, "batting_order_avg_5": 5.0, "batting_order_avg_10": 5.0, "batter_hand": NaN, "opp_sp_hand": NaN, "hits_avg_40_vs_hand": NaN, "tb_avg_40_vs_hand": NaN, "k_rate_avg_40_vs_hand": NaN, "iso_avg_40_vs_hand": NaN, "hits_hand_split_40": 0.0, "tb_hand_split_40": 0.0, "n_games_vs_lhp_40": 0.0, "n_games_vs_rhp_40": 0.0, "n_games_prev_10_cs": 10.0, "hits_avg_10_cs": 0.8, "hits_avg_20_cs": 0.85, "tb_avg_10_cs": 1.4, "tb_avg_20_cs": 1.4, "hr_avg_10_cs": 0.1, "hr_rate_avg_10_cs": 0.025, "ab_avg_10_cs": 3.5, "k_rate_avg_10_cs": 0.24666666666666665, "bb_rate_avg_10_cs": 0.06999999999999999, "iso_avg_10_cs": 0.13333333333333333, "prev_games": 100.0, "prev_hits_avg": 0.9583, "prev_tb_avg": 1.5676, "prev_hr_avg": 0.1333, "prev_ab_avg": 3.825, "prev_k_rate": 0.2481, "prev_bb_rate": 0.0588, "prev_iso": 0.1585, "prev_hr_rate": 0.0341, "h2h_games": 0.0, "h2h_ba": 0.25, "h2h_obp": 0.25, "h2h_slg": 0.2857142857142857, "h2h_k_rate": 0.25, "h2h_iso": 0.0, "own_lineup_slg_avg_10": 0.3944733395153459, "own_lineup_iso_avg_10": 0.14851851851851852, "own_top4_slg_avg_10": 0.4373766637975373, "sc_barrel_rate": 8.12258064516129, "sc_hard_hit_pct": 40.93847457627118, "sc_avg_exit_velo": 89.20127877237852, "sc_avg_launch_angle": 13.614336917562724, "sc_sweet_spot_pct": 33.940000000000005, "sc_fb_pct": 36.793405114401075, "sc_gb_pct": 34.60308988764045, "sc_ld_pct": 100.0, "sc_xba": 0.2440166919575114, "sc_xslg": 0.4049263322884012, "sc_xwoba": 0.31670414201183433, "sc_xiso": 0.1669282051282051, "sc_pull_pct": NaN, "sc_opposite_pct": NaN, "sc_popup_pct": NaN, "sc_brl_pa": 5.571748251748252, "sprint_speed": 27.4, "opp_sp_sc_barrel_rate": 8.453475935828877, "opp_sp_sc_hard_hit_pct": 40.68431372549019, "opp_sp_sc_avg_exit_velo": 89.4, "opp_sp_sc_gb_pct": 29.0, "opp_sp_sc_fb_pct": 30.943044189852703, "opp_sp_sc_xba": 0.2461062176165803, "opp_sp_sc_xslg": 0.41757608695652176, "opp_sp_sc_xwoba": 0.3200425963488844, "opp_sp_fb_pct": 37.5, "opp_sp_fb_hard_hit_pct": 45.8, "opp_sp_fb_xwoba": 0.341, "opp_sp_fb_run_value_per_100": 0.0, "opp_sp_fb_whiff_pct": 20.5, "opp_sp_fb_k_pct": 21.9, "opp_sp_sl_pct": 22.6, "opp_sp_sl_whiff_pct": 31.4, "opp_sp_sl_k_pct": 25.6, "opp_sp_sl_xwoba": 0.294, "opp_sp_ch_pct": 18.0, "opp_sp_ch_whiff_pct": 29.6, "opp_sp_ch_k_pct": 21.2, "opp_sp_fastball_family_pct": 46.3, "opp_sp_pitch_diversity": 0.616, "opp_sp_si_pct": 21.4, "opp_sp_si_whiff_pct": 12.5, "opp_sp_si_k_pct": 13.4, "opp_sp_si_hard_hit_pct": 44.8, "opp_sp_sl_hard_hit_pct": 37.0, "opp_sp_sl_run_value_per_100": 0.1, "opp_sp_ch_hard_hit_pct": 32.3, "opp_sp_ch_run_value_per_100": 0.1, "sc_b_oz_swing_pct": 28.3, "sc_b_iz_contact_pct": 83.1, "sc_b_oz_contact_pct": 55.6, "sc_b_disc_whiff_pct": 24.9, "sc_b_out_zone_pct": 50.0, "opp_bp_era_5": 3.748314606741573, "opp_bp_era_10": 3.9393972116789664, "opp_bp_k9_5": 8.876701216764308, "opp_bp_ip_last_7": 22.0, "opp_bp_era_7d": 3.789473684210526, "season_2024-regular": 0.0, "season_2025-regular": 0.0, "season_2026-regular": 0.0, "hits_trend_5v10": 0.0, "hits_hot_ratio": 1.0, "hits_trend_sig": 0.0, "hr_trend_5v10": 0.0, "hr_hot_ratio": 1.0, "tb_trend_5v10": 0.0, "tb_hot_ratio": 1.0, "tb_trend_sig": 0.0, "hr_park_adj_10": 0.10120000000000001, "tb_park_adj_10": 1.3533, "hr_rate_cumul_trend_5v20": 0.0, "hr_rate_cumul_x_park": 0.02811111111111111, "tb_cv_10": 1.1615923084952828, "tb_power_opportunity": 0.4620000000000001, "sc_xslg_x_park": 0.40535125674091443, "sc_brl_x_ab": 19.195499781516276, "hits_vs_opp_era": 0.854985800904057, "tb_vs_opp_fip": 1.346799980361722, "opp_bp_era_adj": -0.45168539325842705, "hits_vs_opp_bp_era": 0.7455490975833589, "tb_vs_opp_bp_era": 1.1853376462336842, "opp_bp_era7_x_ip7": 81.0, "wind_x_park_hr": 7.052800000000001, "is_cold_game": 0.0, "temp_below_60": 0.0, "bb_trend_5v10": 0.0, "bb_hot_ratio": 1.0, "bb_trend_sig": 0.0, "ump_bb9_x_batter_bb_rate": 0.2184233300558757, "ump_bb9_x_bb_avg_10": 0.8845508870214753, "is_top_of_order": 0.0, "is_cleanup": 0.0, "hits_cs_delta": 0.0, "tb_cs_delta": 0.0, "hr_cs_delta": 0.0, "hits_cs_vs_prev": 0.0, "tb_cs_vs_prev": 0.0, "hits_vs_hand_weighted": 0.0, "tb_vs_hand_weighted": 0.0, "k_rate_vs_hand_weighted": 0.0, "iso_vs_hand_weighted": 0.0, "hits_hand_split_weighted": 0.0, "tb_hand_split_weighted": 0.0, "h2h_reliability": 0.0, "h2h_ops": 0.0, "h2h_ba_weighted": 0.0, "h2h_ops_weighted": 0.0, "h2h_k_rate_weighted": 0.0, "h2h_iso_weighted": 0.0, "h2h_k_rate_delta": 0.0, "h2h_has_history": 0.0, "hits_venue_adj": 0.8461538461538461, "hits_home_away_split": 0.0, "tb_venue_adj": 1.3333333333333333, "tb_home_away_split": -0.010101010101010166, "hr_venue_adj": 0.1, "hr_home_away_split": 0.0, "bb_venue_adj": 0.2857142857142857, "bb_home_away_split": 0.0, "sc_barrel_x_park_hr": 8.170477966101695, "sc_hard_hit_x_fb": 15.04664078209538, "sc_exit_velo_above_avg": 1.2012787723785152, "sc_xslg_vs_iso": 0.26714634146341465, "sc_xwoba_vs_avg": 0.0792818791946309, "sc_xiso_park_adj": 0.16303825556858145, "sc_sweet_spot_x_velo": 1.454700000000002, "sc_barrel_matchup": -0.2453323461532797, "sc_hard_hit_matchup": 0.4147256232448484, "opp_sp_gb_tendency": 0.29, "sc_hittability_combo": 0.635396898592124, "sc_barrel_x_opp_fb": 5.156461092015272, "sc_hard_hit_x_opp": 0.16291146822973254, "sc_xslg_x_opp_xwoba": 0.12884615933217577, "sc_xwoba_x_opp_xwoba": 0.10060255628541344, "opp_sp_hr9_vs_avg": 0.10858901374386831, "fb_x_opp_hr9": 0.43995243770058856, "barrel_x_opp_hr9": 8.434879307448199, "xiso_x_opp_hr9": 0.1774079457587453, "fb_batter_x_pitcher_fb": 0.1277808935791162, "hr_rate_cumul_x_opp_hr9": 0.022727272727272728, "sc_in_hr_la_zone": 0.0, "sc_la_ev_composite": 0.0, "is_b2b": 1.0, "is_regular_starter": 1.0, "ab_per_game_played": 0.36, "is_bottom_of_order": 0.0, "pa_frequency_factor": 0.5555555555555556, "top_order_x_weak_bp": 0.0}