{"is_home": 1.0, "rest_days": 1.0, "hits_avg_5": 0.8, "hits_avg_10": 0.9, "hits_avg_20": 0.875, "hits_sd_10": 0.8232726023485646, "hr_avg_5": 0.0, "hr_avg_10": 0.1, "hr_avg_20": 0.1, "tb_avg_5": 1.4, "tb_avg_10": 1.4, "tb_avg_20": 1.4, "tb_sd_10": 1.563471919941143, "ab_avg_5": 3.6, "ab_avg_10": 3.6, "avg_avg_10": 0.23958333333333331, "k_rate_avg_10": 0.24166666666666664, "bb_rate_avg_10": 0.075, "iso_avg_10": 0.13, "hr_rate_avg_5": 0.0, "hr_rate_avg_10": 0.025, "n_games_prev_10": 10.0, "bb_avg_5": 0.25, "bb_avg_10": 0.3, "bb_avg_20": 0.3333333333333333, "bb_sd_10": 0.5, "k_avg_5": 0.8, "k_avg_10": 0.8, "hits_home_avg_20": 0.875, "hits_away_avg_20": 0.875, "tb_home_avg_20": 1.3636363636363635, "tb_away_avg_20": 1.3333333333333333, "hr_home_avg_20": 0.09090909090909091, "hr_away_avg_20": 0.09090909090909091, "bb_home_avg_20": 0.3333333333333333, "bb_away_avg_20": 0.3333333333333333, "opp_sp_era_5": 3.902222222222222, "opp_sp_fip_5": 4.106581069654746, "opp_sp_k_pct_5": 0.2130109917253304, "opp_sp_k9_5": 8.160473614249934, "opp_sp_bb_pct_5": 0.07875612652215654, "opp_sp_whip_5": 1.3059898002071155, "opp_sp_ip_avg_5": 5.335, "opp_sp_days_since_last_start": 6.0, "opp_sp_is_short_rest": 0.0, "opp_sp_era_home_10": 3.377110694183865, "opp_sp_era_away_10": 4.192857142857143, "park_run_factor": 1.012, "park_hr_factor": 1.021, "ump_bb9_avg_10": 3.2023491201791914, "ump_k9_avg_10": 8.643353439922393, "temperature_f": 67.1, "wind_speed_mph": 7.4, "wind_sin": -0.32556815445715676, "wind_cos": -0.24192189559966779, "precip_prob_pct": 0.0, "is_dome": 0.0, "is_day_game": 0.0, "market_total": 8.5, "batting_order_avg_5": 4.6, "batting_order_avg_10": 4.6, "batter_hand": NaN, "opp_sp_hand": NaN, "hits_avg_40_vs_hand": NaN, "tb_avg_40_vs_hand": NaN, "k_rate_avg_40_vs_hand": NaN, "iso_avg_40_vs_hand": NaN, "hits_hand_split_40": 0.0, "tb_hand_split_40": 0.0, "n_games_vs_lhp_40": 0.0, "n_games_vs_rhp_40": 0.0, "n_games_prev_10_cs": 10.0, "hits_avg_10_cs": 0.9, "hits_avg_20_cs": 0.85, "tb_avg_10_cs": 1.4, "tb_avg_20_cs": 1.4, "hr_avg_10_cs": 0.1, "hr_rate_avg_10_cs": 0.025, "ab_avg_10_cs": 3.6, "k_rate_avg_10_cs": 0.24166666666666664, "bb_rate_avg_10_cs": 0.075, "iso_avg_10_cs": 0.13333333333333333, "prev_games": 106.0, "prev_hits_avg": 0.9667, "prev_tb_avg": 1.5955, "prev_hr_avg": 0.1377, "prev_ab_avg": 3.8451, "prev_k_rate": 0.2455, "prev_bb_rate": 0.0599, "prev_iso": 0.1612, "prev_hr_rate": 0.0354, "h2h_games": 0.0, "h2h_ba": 0.25, "h2h_obp": 0.25, "h2h_slg": 0.2857142857142857, "h2h_k_rate": 0.25, "h2h_iso": 0.0, "own_lineup_slg_avg_10": 0.3879504397343402, "own_lineup_iso_avg_10": 0.14194444444444446, "own_top4_slg_avg_10": 0.42911497105045493, "sc_barrel_rate": 8.8, "sc_hard_hit_pct": 42.5, "sc_avg_exit_velo": 89.6, "sc_avg_launch_angle": 13.9, "sc_sweet_spot_pct": 34.3, "sc_fb_pct": 32.8, "sc_gb_pct": 30.2, "sc_ld_pct": NaN, "sc_xba": 0.245, "sc_xslg": 0.411, "sc_xwoba": 0.32, "sc_xiso": 0.16499999999999998, "sc_pull_pct": NaN, "sc_opposite_pct": NaN, "sc_popup_pct": NaN, "sc_brl_pa": 5.9, "sprint_speed": 27.3, "opp_sp_sc_barrel_rate": 9.0, "opp_sp_sc_hard_hit_pct": 41.7, "opp_sp_sc_avg_exit_velo": 89.7, "opp_sp_sc_gb_pct": 27.4, "opp_sp_sc_xba": 0.249, "opp_sp_sc_xslg": 0.419, "opp_sp_sc_xwoba": 0.321, "opp_sp_fb_pct": 36.3, "opp_sp_fb_hard_hit_pct": 46.8, "opp_sp_fb_xwoba": 0.348, "opp_sp_fb_run_value_per_100": -0.1, "opp_sp_fb_whiff_pct": 20.1, "opp_sp_fb_k_pct": 21.3, "opp_sp_sl_pct": 21.2, "opp_sp_sl_whiff_pct": 31.7, "opp_sp_sl_k_pct": 24.7, "opp_sp_sl_xwoba": 0.296, "opp_sp_ch_pct": 18.2, "opp_sp_ch_whiff_pct": 29.6, "opp_sp_ch_k_pct": 22.3, "opp_sp_fastball_family_pct": 45.6, "opp_sp_pitch_diversity": 0.62, "opp_sp_si_pct": 20.4, "opp_sp_si_whiff_pct": 12.1, "opp_sp_si_k_pct": 13.4, "opp_sp_si_hard_hit_pct": 46.3, "opp_sp_sl_hard_hit_pct": 39.0, "opp_sp_sl_run_value_per_100": 0.1, "opp_sp_ch_hard_hit_pct": 32.3, "opp_sp_ch_run_value_per_100": 0.1, "sc_b_oz_swing_pct": 28.4, "sc_b_iz_contact_pct": 83.4, "sc_b_oz_contact_pct": 55.6, "sc_b_disc_whiff_pct": 24.9, "sc_b_out_zone_pct": 50.0, "opp_bp_era_5": 3.727745487916794, "opp_bp_era_10": 3.9570094973661676, "opp_bp_k9_5": 8.752545159193009, "opp_bp_ip_last_7": 21.66, "opp_bp_era_7d": 3.7974683544303796, "book_line": 0.5, "season_2025-regular": 1.0, "season_2026-regular": 0.0, "hits_trend_5v10": 0.0, "hits_hot_ratio": 1.0, "hits_trend_sig": 0.0, "hr_trend_5v10": 0.0, "hr_hot_ratio": 1.0, "tb_trend_5v10": 0.0, "tb_hot_ratio": 1.0, "tb_trend_sig": 0.0, "hr_park_adj_10": 0.1003, "tb_park_adj_10": 1.3734, "tb_cv_10": 1.1486707293408518, "tb_power_opportunity": 0.4625, "sc_xslg_x_park": 0.412032, "sc_brl_x_ab": 20.74, "hits_vs_opp_era": 0.8123601895734597, "tb_vs_opp_fip": 1.3425925925925926, "opp_bp_era_adj": -0.472254512083206, "hits_vs_opp_bp_era": 0.7614186851211072, "tb_vs_opp_bp_era": 1.2056516447163097, "opp_bp_era7_x_ip7": 81.0, "wind_x_park_hr": 7.247399999999999, "is_cold_game": 0.0, "temp_below_60": 0.0, "bb_trend_5v10": 0.0, "bb_hot_ratio": 1.0, "bb_trend_sig": 0.0, "ump_bb9_x_batter_bb_rate": 0.24192264146575654, "ump_bb9_x_bb_avg_10": 0.9925021179496596, "is_top_of_order": 0.0, "is_cleanup": 0.0, "hits_cs_delta": 0.0, "tb_cs_delta": 0.0, "hr_cs_delta": 0.0, "hits_cs_vs_prev": -0.06479999999999997, "tb_cs_vs_prev": -0.15510000000000002, "hits_vs_hand_weighted": 0.0, "tb_vs_hand_weighted": 0.0, "k_rate_vs_hand_weighted": 0.0, "iso_vs_hand_weighted": 0.0, "hits_hand_split_weighted": 0.0, "tb_hand_split_weighted": 0.0, "h2h_reliability": 0.0, "h2h_ops": 0.0, "h2h_ba_weighted": 0.0, "h2h_ops_weighted": 0.0, "h2h_k_rate_weighted": 0.0, "h2h_iso_weighted": 0.0, "h2h_k_rate_delta": 0.0, "h2h_has_history": 0.0, "hits_venue_adj": 0.875, "hits_home_away_split": 0.0, "tb_venue_adj": 1.3333333333333333, "tb_home_away_split": 0.0, "hr_venue_adj": 0.09090909090909091, "hr_home_away_split": 0.0, "bb_venue_adj": 0.3333333333333333, "bb_home_away_split": 0.0, "sc_barrel_x_park_hr": 8.6912, "sc_hard_hit_x_fb": 13.815999999999999, "sc_exit_velo_above_avg": 1.5999999999999943, "sc_xslg_vs_iso": 0.27099999999999996, "sc_xwoba_vs_avg": 0.08066666666666666, "sc_xiso_park_adj": 0.16540199999999997, "sc_sweet_spot_x_velo": 1.539200000000001, "sc_barrel_matchup": -0.1999999999999993, "sc_hard_hit_matchup": 0.6000000000000014, "opp_sp_gb_tendency": 0.27399999999999997, "sc_hittability_combo": 0.641, "is_b2b": 1.0}