{"is_home": 0.0, "rest_days": 1.0, "hits_avg_5": 0.8, "hits_avg_10": 0.9, "hits_avg_20": 0.875, "hits_sd_10": 0.8232726023485646, "hr_avg_5": 0.0, "hr_avg_10": 0.1, "hr_avg_20": 0.1, "tb_avg_5": 1.4, "tb_avg_10": 1.4, "tb_avg_20": 1.4, "tb_sd_10": 1.5776212754932308, "ab_avg_5": 3.6, "ab_avg_10": 3.6, "avg_avg_10": 0.24166666666666664, "k_rate_avg_10": 0.24, "bb_rate_avg_10": 0.075, "iso_avg_10": 0.13333333333333333, "hr_rate_avg_5": 0.0, "hr_rate_avg_10": 0.025, "hr_rate_cumul_5": 0.0, "hr_rate_cumul_10": 0.027777777777777776, "hr_rate_cumul_20": 0.02857142857142857, "n_games_prev_10": 10.0, "obp_avg_10": 0.30833333333333335, "hr_any_last1": 0.0, "hr_count_last3": 0.0, "hr_games_with_hr_last5": 0.0, "bb_avg_5": 0.3333333333333333, "bb_avg_10": 0.3, "bb_avg_20": 0.35, "bb_sd_10": 0.4879500364742666, "k_avg_5": 0.8, "k_avg_10": 0.8, "hits_home_avg_20": 0.875, "hits_away_avg_20": 0.8888888888888888, "tb_home_avg_20": 1.3846153846153846, "tb_away_avg_20": 1.3636363636363635, "hr_home_avg_20": 0.1, "hr_away_avg_20": 0.1, "bb_home_avg_20": 0.3333333333333333, "bb_away_avg_20": 0.3333333333333333, "opp_sp_era_5": 3.9921056811300715, "opp_sp_fip_5": 4.099844388399253, "opp_sp_k_pct_5": 0.21081504702194356, "opp_sp_k9_5": 8.199576799278086, "opp_sp_bb_pct_5": 0.08119540277863316, "opp_sp_whip_5": 1.314139640846958, "opp_sp_ip_avg_5": 5.334, "opp_sp_hr9_5": 1.0577110694183864, "opp_sp_hr9_10": 1.0645502645502645, "opp_sp_fb_velo_avg_5": 94.09061764705882, "opp_sp_fb_velo_trend_5": -0.02019614256711577, "opp_sp_days_since_last_start": 6.0, "opp_sp_is_short_rest": 0.0, "opp_sp_era_home_10": 3.5, "opp_sp_era_away_10": 4.212301587301587, "park_run_factor": 1.012, "park_hr_factor": 1.021, "ump_bb9_avg_10": 3.2802954031854283, "ump_k9_avg_10": 8.629610917571862, "temperature_f": 66.9, "wind_speed_mph": 7.9, "wind_sin": -0.43837114678907746, "wind_cos": -0.13917310096006535, "precip_prob_pct": 0.0, "is_dome": 0.0, "is_day_game": 0.0, "market_total": 8.5, "batting_order_avg_5": 4.6, "batting_order_avg_10": 4.6, "batter_hand": NaN, "opp_sp_hand": NaN, "hits_avg_40_vs_hand": NaN, "tb_avg_40_vs_hand": NaN, "k_rate_avg_40_vs_hand": NaN, "iso_avg_40_vs_hand": NaN, "hr_avg_40_vs_hand": NaN, "hits_hand_split_40": 0.0, "tb_hand_split_40": 0.0, "hr_hand_split_40": 0.0, "n_games_vs_lhp_40": 0.0, "n_games_vs_rhp_40": 0.0, "n_games_prev_10_cs": 10.0, "hits_avg_10_cs": 0.9, "hits_avg_20_cs": 0.85, "tb_avg_10_cs": 1.4, "tb_avg_20_cs": 1.4, "hr_avg_10_cs": 0.1, "hr_rate_avg_10_cs": 0.025, "ab_avg_10_cs": 3.6, "k_rate_avg_10_cs": 0.24, "bb_rate_avg_10_cs": 0.075, "iso_avg_10_cs": 0.13333333333333333, "prev_games": 106.0, "prev_hits_avg": 0.9716, "prev_tb_avg": 1.6, "prev_hr_avg": 0.1373, "prev_ab_avg": 3.8451, "prev_k_rate": 0.2463, "prev_bb_rate": 0.0599, "prev_iso": 0.1616, "prev_hr_rate": 0.0348, "h2h_games": 0.0, "h2h_ba": 0.25, "h2h_obp": 0.26666666666666666, "h2h_slg": 0.3333333333333333, "h2h_k_rate": 0.25, "h2h_iso": 0.0, "h2h_hr": 0.0, "h2h_ab": 0.0, "own_lineup_slg_avg_10": 0.3943811876370016, "own_lineup_iso_avg_10": 0.14574074074074073, "own_top4_slg_avg_10": 0.4373172514619883, "sc_barrel_rate": 8.56750700280112, "sc_hard_hit_pct": 41.67031431897556, "sc_avg_exit_velo": 89.45378151260505, "sc_avg_launch_angle": 13.616344086021506, "sc_sweet_spot_pct": 34.14761904761905, "sc_fb_pct": 36.8979702300406, "sc_gb_pct": 34.223708609271526, "sc_ld_pct": 100.0, "sc_xba": 0.24726511627906972, "sc_xslg": 0.41658082191780826, "sc_xwoba": 0.32163434343434344, "sc_xiso": 0.17142977528089887, "sc_pull_pct": NaN, "sc_opposite_pct": NaN, "sc_popup_pct": NaN, "sc_brl_pa": 5.804556962025317, "sprint_speed": 27.2, "opp_sp_sc_barrel_rate": 8.433333333333334, "opp_sp_sc_hard_hit_pct": 40.85915966386554, "opp_sp_sc_avg_exit_velo": 89.43009708737864, "opp_sp_sc_gb_pct": 32.60844892812106, "opp_sp_sc_fb_pct": 35.38621997471555, "opp_sp_sc_xba": 0.24524770642201837, "opp_sp_sc_xslg": 0.41414859002169196, "opp_sp_sc_xwoba": 0.3189214659685864, "opp_sp_fb_pct": 34.9, "opp_sp_fb_hard_hit_pct": 46.3, "opp_sp_fb_xwoba": 0.348, "opp_sp_fb_run_value_per_100": -0.1, "opp_sp_fb_whiff_pct": 20.1, "opp_sp_fb_k_pct": 20.6, "opp_sp_sl_pct": 21.2, "opp_sp_sl_whiff_pct": 31.9, "opp_sp_sl_k_pct": 25.6, "opp_sp_sl_xwoba": 0.296, "opp_sp_ch_pct": 19.4, "opp_sp_ch_whiff_pct": 30.6, "opp_sp_ch_k_pct": 22.6, "opp_sp_fastball_family_pct": 45.3, "opp_sp_pitch_diversity": 0.638, "opp_sp_si_pct": 20.2, "opp_sp_si_whiff_pct": 12.5, "opp_sp_si_k_pct": 12.7, "opp_sp_si_hard_hit_pct": 45.9, "opp_sp_sl_hard_hit_pct": 40.0, "opp_sp_sl_run_value_per_100": 0.0, "opp_sp_ch_hard_hit_pct": 31.3, "opp_sp_ch_run_value_per_100": 0.6, "sc_b_oz_swing_pct": 28.9, "sc_b_iz_contact_pct": 83.6, "sc_b_oz_contact_pct": 56.2, "sc_b_disc_whiff_pct": 24.8, "sc_b_out_zone_pct": 51.1, "opp_bp_era_5": 3.6548670700631383, "opp_bp_era_10": 4.003842402727409, "opp_bp_k9_5": 8.55, "opp_bp_ip_last_7": 22.0, "opp_bp_era_7d": 3.75, "book_line": 1.5, "season_2025-regular": 0.0, "season_2026-regular": 1.0, "hits_trend_5v10": 0.0, "hits_hot_ratio": 1.0, "hits_trend_sig": 0.0, "hr_trend_5v10": 0.0, "hr_hot_ratio": 1.0, "tb_trend_5v10": 0.0, "tb_hot_ratio": 1.0, "tb_trend_sig": 0.0, "hr_park_adj_10": 0.10120000000000001, "tb_park_adj_10": 1.4167999999999998, "hr_rate_cumul_trend_5v20": 0.0, "hr_rate_cumul_x_park": 0.027861111111111107, "tb_cv_10": 1.1486707293408518, "tb_power_opportunity": 0.475, "sc_xslg_x_park": 0.4171383838383838, "sc_brl_x_ab": 20.36233297985154, "hits_vs_opp_era": 0.8442776735459663, "tb_vs_opp_fip": 1.3671274354923644, "opp_bp_era_adj": -0.5451329299368619, "hits_vs_opp_bp_era": 0.7601158038147139, "tb_vs_opp_bp_era": 1.2056927710843375, "opp_bp_era7_x_ip7": 81.0, "wind_x_park_hr": 7.814400000000001, "is_cold_game": 0.0, "temp_below_60": 0.0, "bb_trend_5v10": 0.0, "bb_hot_ratio": 1.0, "bb_trend_sig": 0.0, "ump_bb9_x_batter_bb_rate": 0.2520988278651507, "ump_bb9_x_bb_avg_10": 1.0290256470469332, "is_top_of_order": 0.0, "is_cleanup": 0.0, "hits_cs_delta": 0.0, "tb_cs_delta": 0.0, "hr_cs_delta": 0.0, "hits_cs_vs_prev": -0.06209999999999993, "tb_cs_vs_prev": -0.14550000000000018, "hits_vs_hand_weighted": 0.0, "tb_vs_hand_weighted": 0.0, "k_rate_vs_hand_weighted": 0.0, "iso_vs_hand_weighted": 0.0, "hits_hand_split_weighted": 0.0, "tb_hand_split_weighted": 0.0, "hr_hand_split_weighted": 0.0, "hr_vs_hand_weighted": 0.0, "h2h_reliability": 0.0, "h2h_ops": 0.0, "h2h_ba_weighted": 0.0, "h2h_ops_weighted": 0.0, "h2h_k_rate_weighted": 0.0, "h2h_iso_weighted": 0.0, "h2h_ops_delta": 0.0, "h2h_k_rate_delta": 0.0, "h2h_has_history": 0.0, "h2h_hr_rate": 0.0, "h2h_hr_rate_weighted": 0.0, "h2h_hr_vs_baseline": 0.0, "hits_venue_adj": 0.875, "hits_home_away_split": 0.0, "tb_venue_adj": 1.375, "tb_home_away_split": 0.0, "hr_venue_adj": 0.1, "hr_home_away_split": 0.0, "bb_venue_adj": 0.3333333333333333, "bb_home_away_split": 0.0, "sc_barrel_x_park_hr": 8.572876279069767, "sc_hard_hit_x_fb": 15.35308333297013, "sc_exit_velo_above_avg": 1.4537815126050475, "sc_xslg_vs_iso": 0.2750444845205891, "sc_xwoba_vs_avg": 0.07947865853658537, "sc_xiso_park_adj": 0.1703505528068506, "sc_pull_x_park_hr": 0.4, "sc_oppo_x_park_hr": 0.25, "sc_sweet_spot_x_velo": 1.5184751932223504, "sc_barrel_matchup": 0.19747137941047566, "sc_hard_hit_matchup": 1.0493064516128925, "opp_sp_gb_tendency": 0.3260844892812106, "sc_hittability_combo": 0.6383855919876988, "sc_barrel_x_opp_fb": 5.086991331379209, "sc_hard_hit_x_opp": 0.16699477887395747, "sc_xslg_x_opp_xwoba": 0.13124225075763762, "sc_xwoba_x_opp_xwoba": 0.10155709447812461, "opp_sp_hr9_vs_avg": 0.0, "fb_x_opp_hr9": 0.4062226725997628, "barrel_x_opp_hr9": 7.967054908485856, "xiso_x_opp_hr9": 0.16834755244755245, "fb_batter_x_pitcher_fb": 0.14008963426573426, "hr_rate_cumul_x_opp_hr9": 0.019354838709677417, "opp_sp_fb_velo_decline": 0.0, "opp_sp_fb_velo_trend_clipped": 0.0, "opp_sp_fb_velo_vs_league": 0.4861553030303014, "opp_sp_velo_decline_x_barrel": 0.0, "opp_sp_velo_decline_x_hr9": 0.0, "sc_in_hr_la_zone": 0.0,