{"is_home": 1.0, "ip_avg_5": 5.466, "k_pct_5": 0.21344477885018204, "k9_5": 8.242592592592592, "era_5": 4.100714285714286, "whip_5": 1.3210163292072452, "fip_5": 4.12929731342725, "bb_pct_5": 0.07826829232606652, "hr9_5": 1.1185664797096668, "k_pct_10": 0.21517065151328374, "k9_10": 8.272741175128147, "era_10": 4.161034520794501, "whip_10": 1.3220680714501525, "fip_10": 4.13384556141558, "starts_in_window_5": 5.0, "starts_in_window_10": 7.0, "last_start_k": 5.0, "last_start_ip": 5.67, "last_start_bb": 2.0, "sp_days_since_last_start": 6.0, "is_short_rest": 0.0, "era_home_10": 3.6, "era_away_10": 4.240562863260936, "k9_home_10": 8.411729558803462, "k9_away_10": 7.928571428571429, "fip_home_10": 3.790546737213404, "fip_away_10": 4.168932905067809, "opp_k_pct_avg_10": 0.2456499917806803, "opp_k_pct_avg_5": 0.24430671755505717, "opp_bb_pct_avg_10": 0.08699171175274115, "opp_avg_avg_10": 0.23953433723611478, "opp_hr_avg_10": 1.1, "opp_iso_avg_10": 0.14670420762415282, "opp_slg_avg_10": 0.3853770214904727, "opp_lineup_k_pct_std": 0.1066318293295538, "opp_lineup_k_pct_cv": 0.4314080643194135, "opp_lineup_pct_lhb": 0.36363636363636365, "park_run_factor": 1.006, "park_hr_factor": 1.012, "ump_k9_avg_10": 8.553681040863463, "ump_bb9_avg_10": 3.2982905246499925, "temperature_f": 71.0, "wind_speed_mph": 7.6, "wind_sin": -0.374606593415912, "wind_cos": -0.17364817766693033, "precip_prob_pct": 0.0, "is_dome": 0.0, "is_day_game": 0.0, "market_total": 8.5, "line_move_total": 1.0, "opp_lineup_avg_avg_10": 0.23777777777777778, "opp_lineup_iso_avg_10": 0.14499999999999996, "opp_top4_slg_avg_10": 0.4369957981645176, "sc_barrel_rate": 8.418949771689498, "sc_hard_hit_pct": 40.77405660377359, "sc_avg_exit_velo": 89.47429718875502, "sc_gb_pct": 27.967966280295045, "sc_fb_pct": 30.343870967741932, "sc_xba": 0.24448427672955975, "sc_xslg": 0.4125927189988624, "sc_xwoba": 0.31736956521739135, "sc_sp_fb_whiff_pct": 19.9, "sc_sp_fb_k_pct": 20.6, "sc_sp_fb_put_away": 17.0, "sc_sp_sl_pct": 18.1, "sc_sp_sl_whiff_pct": 31.7, "sc_sp_sl_k_pct": 25.7, "sc_sp_sl_run_value_per_100": 0.1, "sc_sp_ch_pct": 16.8, "sc_sp_ch_whiff_pct": 30.0, "sc_sp_ch_k_pct": 21.8, "sc_sp_fb_pct": 34.0, "sc_sp_fb_hard_hit_pct": 46.0, "sc_sp_fb_xwoba": 0.35, "sc_sp_fb_run_value_per_100": 0.0, "sc_sp_si_pct": 18.7, "sc_sp_si_whiff_pct": 12.1, "sc_sp_si_k_pct": 12.7, "sc_sp_si_hard_hit_pct": 45.05, "sc_sp_fastball_family_pct": 46.1, "sc_sp_pitch_diversity": 0.636, "sc_sp_oz_swing_pct": 29.3, "sc_sp_iz_contact_pct": 84.4, "sc_sp_oz_contact_pct": 57.9, "sc_sp_disc_whiff_pct": 24.1, "catcher_framing_rv": 0.19697789637114024, "catcher_framing_rate": 0.47327502429543244, "sp_fb_velo_avg_5": 94.13908107492347, "sp_fb_velo_trend_5": 0.029466312840938258, "venue_n_starts": 5.0, "venue_era": 4.008111968699385, "venue_k9": 8.897186431629224, "venue_fip": 3.797413381353759, "sp_k_pct_vs_lhb_25": 0.25857108804116424, "sp_k_pct_vs_rhb_25": 0.2549616851377724, "sp_k_pct_vs_lhb_10": 0.25625, "sp_k_pct_vs_rhb_10": 0.25153374233128833, "sp_hr_rate_vs_lhb_25": 0.03343973325471938, "sp_hr_rate_vs_rhb_25": 0.030534351145038167, "sp_hr_rate_vs_lhb_10": 0.03278688524590164, "sp_hr_rate_vs_rhb_10": 0.028169014084507043, "svt_games": 1.0, "svt_era": 3.4615384615384617, "svt_k9": 8.434864104967199, "svt_k_pct": 0.4375, "svt_era_last3": 3.4615384615384617, "svt_k9_last3": 8.434864104967199, "sp_lob_pct_career": 62.18905472636816, "sp_lob_pct_10": 63.38028169014085, "park_babip_avg": 0.28688038793103404, "opp_runs_last3": 13.0, "opp_runs_avg3": 4.333333333333333, "opp_runs_last5": 22.0, "sp_babip_against_10": 0.273972602739726, "sp_babip_against_career": 0.2758411195374366, "sp_babip_starts_10": 10.0, "sp_k_pct_last2": 0.20930232558139536, "opp_team_der_20": 0.7245635846950168, "opp_team_der_career": 0.7233446933441366, "market_k_line": 4.5, "book_line": 4.5, "season_2025-regular": 0.0, "season_2026-regular": 1.0, "sc_xslg_x_park": 0.4113324132701364, "sp_k_pct_vs_opp_k_rate": 0.05237076531758176, "opp_team_k_trend_5v10": -0.00020127069279009258, "k9_trend_5v10": 0.0, "k_pct_trend_5v10": 0.0, "era_trend_5v10": 0.0, "fip_trend_5v10": 0.0, "sp_era_fip_gap": -0.015156816394755968, "sp_k_bb_ratio_5": 2.656592115831825, "sp_vs_team_reliability": 0.2, "sp_vs_team_has_history": 0.0, "sp_vs_team_era_adj": 0.510188780291873, "sp_vs_team_era_delta": 0.0, "sp_vs_team_k9_adj": 1.5417558886509637, "sp_vs_team_k9_delta": 0.0, "k_pct_x_park_hr": 0.2149282054825135, "wind_x_park_hr": 7.5595, "is_cold_game": 0.0, "temp_below_60": 0.0, "sp_k_pct_trend_5v10": 0.0, "sp_k9_trend_5v10": 0.0, "k_trend_x_ump_k9": 0.0, "contact_vs_ump_zone": 0.42562985818739063, "ump_k9_x_sp_k_pct": 1.8204670586717755, "ump_k9_x_opp_k_pct": 2.0927663728445394, "ump_k9_x_sp_whiff_pct": 206.69505036511737, "ump_k9_x_sp_sl_whiff_pct": 269.11746852826735, "ump_k9_x_sp_k9_5": 70.22854203784678, "ump_k9_x_sp_opp_k_triple": 0.4480826046710056, "sp_lob_pct_filled": 62.18905472636816, "sp_lob_vs_avg": -8.810945273631837, "sp_lob_trend": 0.0, "sp_lob_era_quality": 0.9120550642750587, "sp_lob_luck_flag": 0.0, "park_babip_factor": 0.28688038793103404, "park_babip_vs_avg": -0.008119612068965942, "opp_runs_last3_filled": 13.0, "opp_hot_offense_flag": 0.0, "opp_cold_offense_flag": 0.0, "opp_runs_last3_vs_avg": 1.0, "sp_babip_against_10_filled": 0.273972602739726, "sp_babip_vs_avg": -0.021027397260273972, "sp_babip_unlucky_flag": 0.0, "sp_babip_lucky_flag": 0.0, "sp_babip_against_career_filled": 0.2758411195374366, "sp_babip_trend": 0.0, "sp_k_pct_last2_filled": 0.20930232558139536, "sp_k_pct_last2_vs_5": -0.002450717827483878, "sp_k_trending_up": 0.0, "sp_k_trending_down": 0.0, "opp_der_20_filled": 0.7245635846950168, "opp_der_vs_avg": 0.019563584695016845, "opp_good_defense": 1.0, "opp_poor_defense": 0.0, "line_move_total_filled": 1.0, "line_moved_up": 1.0, "line_moved_down": 0.0, "line_move_abs": 1.0, "market_k_line_filled": 4.5, "market_k_line_vs_avg": 0.0, "market_k_line_known": 1.0, "sc_barrel_x_park_hr": 8.538730172170194, "sc_hard_hit_x_fb": 12.25408556700347, "sc_exit_velo_above_avg": 1.474297188755017, "sc_barrel_vs_k_rate": 37.50765599461256, "sc_hard_hit_vs_opp_k": 9.936095084544895, "sp_days_from_optimal_rest": 2.0, "sp_is_extended_rest": 0.0, "cold_x_sp_sl_pct": 0.0, "cold_x_sp_offspeed_pct": 0.0, "k9_shrunk": 8.356147298310848, "k_pct_shrunk": 0.21652875282752052, "expected_k_from_ip": 4.970582886825156, "framing_hand_benefit": 0.46586345381526106, "sp_k_pct_x_opp_cv": 0.30644250558943054, "venue_k9_adj": 8.558818528191342, "venue_k9_delta": 0.0, "venue_era_adj": 4.108955107257475, "venue_era_delta": 0.0, "venue_fip_adj": 4.045100489201278, "last_start_dominated": 0.0, "last_start_blowup": 0.0, "last_start_k9": 7.936507936507937, "last_start_k_bb": 1.75, "framing_x_sp_edge_work": 0.0, "framing_x_ump_k9": 0.0, "sp_k_split_advantage": 0.00417822911646723, "sp_k_split_trend_lhb": 0.0, "sp_k_split_trend_rhb": 0.0, "lineup_lhb_pct_x_sp_lhb_adv": 0.0010864270888795561, "opp_sp_hr_rate_split": 0.003073022107261427, "warm_x_barrel": 0.4022847654167395, "warm_x_park_hr": 0.051125000000000004, "high_total_flag": 0.0, "pitcher_hand_L": 0.0, "pitcher_hand_R": 1.0, "pitcher_hand_nan": 0.0}