{"is_home": 1.0, "ip_avg_5": 5.468, "k_pct_5": 0.21192253768676353, "k9_5": 8.086083821885477, "era_5": 3.9715387685105528, "whip_5": 1.3161428802558832, "fip_5": 4.114068275479129, "bb_pct_5": 0.07814972383937902, "hr9_5": 1.11, "k_pct_10": 0.2130907747040307, "k9_10": 8.151379290174141, "era_10": 4.1190970323559775, "whip_10": 1.325082549331779, "fip_10": 4.141064079952969, "starts_in_window_5": 5.0, "starts_in_window_10": 6.0, "last_start_k": 5.0, "last_start_ip": 5.67, "last_start_bb": 2.0, "sp_days_since_last_start": 6.0, "is_short_rest": 0.0, "era_home_10": 3.375, "era_away_10": 4.263747665784539, "k9_home_10": 8.25, "k9_away_10": 7.757043879907621, "fip_home_10": 3.8678506774783354, "fip_away_10": 4.114814814814815, "opp_k_pct_avg_10": 0.24611753216287258, "opp_bb_pct_avg_10": 0.08615421034807691, "opp_avg_avg_10": 0.24008015814222056, "opp_hr_avg_10": 1.0, "opp_iso_avg_10": 0.14271057892812972, "opp_slg_avg_10": 0.38318349858553846, "park_run_factor": 1.006, "park_hr_factor": 1.012, "ump_k9_avg_10": 8.579411764705883, "ump_bb9_avg_10": 3.2233177996997577, "temperature_f": 68.8, "wind_speed_mph": 7.1, "wind_sin": -0.32556815445715676, "wind_cos": -0.24192189559966779, "precip_prob_pct": 0.0, "is_dome": 0.0, "is_day_game": 0.0, "market_total": 8.5, "pitcher_hand": NaN, "opp_lineup_avg_avg_10": 0.23787551440329216, "opp_lineup_iso_avg_10": 0.14184259259259258, "opp_top4_slg_avg_10": 0.4366541474781359, "sc_barrel_rate": 8.9, "sc_hard_hit_pct": 41.7, "sc_avg_exit_velo": 89.7, "sc_gb_pct": 20.7, "sc_fb_pct": 22.4, "sc_xba": 0.247, "sc_xslg": 0.416, "sc_xwoba": 0.32, "sc_sp_fb_whiff_pct": 20.4, "sc_sp_fb_k_pct": 21.6, "sc_sp_fb_put_away": 16.9, "sc_sp_sl_pct": 19.85, "sc_sp_sl_whiff_pct": 31.7, "sc_sp_sl_k_pct": 24.2, "sc_sp_sl_run_value_per_100": 0.1, "sc_sp_ch_pct": 17.3, "sc_sp_ch_whiff_pct": 29.4, "sc_sp_ch_k_pct": 21.5, "sc_sp_fb_pct": 35.9, "sc_sp_fb_hard_hit_pct": 46.7, "sc_sp_fb_xwoba": 0.346, "sc_sp_fb_run_value_per_100": -0.15000000000000002, "sc_sp_si_pct": 19.8, "sc_sp_si_whiff_pct": 12.5, "sc_sp_si_k_pct": 13.7, "sc_sp_si_hard_hit_pct": 46.3, "sc_sp_fastball_family_pct": 46.0, "sc_sp_pitch_diversity": 0.62, "sc_sp_oz_swing_pct": 28.6, "sc_sp_iz_contact_pct": 83.9, "sc_sp_oz_contact_pct": 57.1, "sc_sp_disc_whiff_pct": 24.1, "catcher_framing_rv": 0.156834470147432, "catcher_framing_rate": 0.4716981132075472, "book_line": 4.5, "season_2025-regular": 1.0, "season_2026-regular": 0.0, "sc_xslg_x_park": 0.417588, "sp_k_pct_vs_opp_k_rate": 0.05155736667598755, "k9_trend_5v10": 0.0, "k_pct_trend_5v10": 0.0, "era_trend_5v10": 0.0, "fip_trend_5v10": 0.0, "k_pct_x_park_hr": 0.21229272873175817, "wind_x_park_hr": 6.9888, "is_cold_game": 0.0, "temp_below_60": 0.0, "ump_k9_x_sp_k_pct": 1.8088471660616259, "ump_k9_x_opp_k_pct": 2.099925350305399, "sc_barrel_x_park_hr": 8.721, "sc_hard_hit_x_fb": 9.5634, "sc_exit_velo_above_avg": 1.7000000000000028, "sc_barrel_vs_k_rate": 39.46666723325687, "sc_hard_hit_vs_opp_k": 10.192218211261224}