{"is_home": 1.0, "ip_avg_5": 5.466, "k_pct_5": 0.21299892706425627, "k9_5": 8.202320588480244, "era_5": 4.074475374732334, "whip_5": 1.3211463089478792, "fip_5": 4.124751690061046, "bb_pct_5": 0.07877848156405506, "hr9_5": 1.1085890137438683, "k_pct_10": 0.2148009574409036, "k9_10": 8.260429261915194, "era_10": 4.108110774612934, "whip_10": 1.3210777831475091, "fip_10": 4.111708559606418, "starts_in_window_5": 5.0, "starts_in_window_10": 6.0, "last_start_k": 5.0, "last_start_ip": 5.67, "last_start_bb": 2.0, "sp_days_since_last_start": 6.0, "is_short_rest": 0.0, "era_home_10": 3.525703564727955, "era_away_10": 4.240562863260936, "k9_home_10": 8.4079743664753, "k9_away_10": 7.869489289689919, "fip_home_10": 3.7980184374493318, "fip_away_10": 4.106633549892713, "opp_k_pct_avg_10": 0.24529972912225984, "opp_k_pct_avg_5": 0.24430671755505717, "opp_bb_pct_avg_10": 0.0873719193691117, "opp_avg_avg_10": 0.23917281560908454, "opp_hr_avg_10": 1.0, "opp_iso_avg_10": 0.14370728632649557, "opp_slg_avg_10": 0.38177429203820756, "opp_lineup_k_pct_std": 0.10636132511972388, "opp_lineup_k_pct_cv": 0.42982111186834954, "opp_lineup_pct_lhb": 0.36363636363636365, "park_run_factor": 1.009, "park_hr_factor": 1.0165, "ump_k9_avg_10": 8.582229238224684, "ump_bb9_avg_10": 3.2785670177520516, "temperature_f": 68.9, "wind_speed_mph": 7.5, "wind_sin": -0.39073112848927355, "wind_cos": -0.2079116908177598, "precip_prob_pct": 0.0, "is_dome": 0.0, "is_day_game": 0.0, "market_total": 8.5, "line_move_total": 1.0, "opp_lineup_avg_avg_10": 0.23780555555555555, "opp_lineup_iso_avg_10": 0.14292087542087545, "opp_top4_slg_avg_10": 0.4335285452061768, "sc_barrel_rate": 8.439967925873129, "sc_hard_hit_pct": 40.85666003976144, "sc_avg_exit_velo": 89.40585817060636, "sc_gb_pct": 28.410268948655254, "sc_fb_pct": 30.466666666666665, "sc_xba": 0.2448960674157303, "sc_xslg": 0.41150609184629805, "sc_xwoba": 0.31666151046405827, "sc_sp_fb_whiff_pct": 20.2, "sc_sp_fb_k_pct": 21.4, "sc_sp_fb_put_away": 17.1, "sc_sp_sl_pct": 18.9, "sc_sp_sl_whiff_pct": 31.5, "sc_sp_sl_k_pct": 25.0, "sc_sp_sl_run_value_per_100": 0.1, "sc_sp_ch_pct": 17.3, "sc_sp_ch_whiff_pct": 30.2, "sc_sp_ch_k_pct": 22.1, "sc_sp_fb_pct": 34.9, "sc_sp_fb_hard_hit_pct": 46.2, "sc_sp_fb_xwoba": 0.347, "sc_sp_fb_run_value_per_100": -0.1, "sc_sp_si_pct": 18.9, "sc_sp_si_whiff_pct": 12.2, "sc_sp_si_k_pct": 12.7, "sc_sp_si_hard_hit_pct": 46.2, "sc_sp_fastball_family_pct": 46.0, "sc_sp_pitch_diversity": 0.638, "sc_sp_oz_swing_pct": 29.1, "sc_sp_iz_contact_pct": 84.1, "sc_sp_oz_contact_pct": 57.7, "sc_sp_disc_whiff_pct": 24.1, "catcher_framing_rv": 0.19697789637114024, "catcher_framing_rate": 0.4722222222222222, "sp_fb_velo_avg_5": 94.06449385051341, "sp_fb_velo_trend_5": 0.035831782064505546, "venue_n_starts": 2.0, "venue_era": 3.703698620317085, "venue_k9": 8.848403451984463, "venue_fip": 3.732437835081361, "sp_k_pct_vs_lhb_25": 0.2577777777777778, "sp_k_pct_vs_rhb_25": 0.2549235078646843, "sp_k_pct_vs_lhb_10": 0.2585034013605442, "sp_k_pct_vs_rhb_10": 0.2515926151349158, "sp_hr_rate_vs_lhb_25": 0.03333333333333333, "sp_hr_rate_vs_rhb_25": 0.030450908831536276, "sp_hr_rate_vs_lhb_10": 0.03289473684210526, "sp_hr_rate_vs_rhb_10": 0.028089887640449437, "svt_games": 1.0, "svt_era": 3.481624758220503, "svt_k9": 8.368326334733053, "svt_k_pct": 0.43636363636363634, "svt_era_last3": 3.483309143686502, "svt_k9_last3": 8.434864104967199, "sp_lob_pct_career": 62.24949799196787, "sp_lob_pct_10": 63.492063492063494, "park_babip_avg": 0.28821907013396375, "opp_runs_last3": 13.0, "opp_runs_avg3": 4.333333333333333, "opp_runs_last5": 21.0, "sp_babip_against_10": 0.27433797909407664, "sp_babip_against_career": 0.27595620437956203, "sp_babip_starts_10": 10.0, "sp_k_pct_last2": 0.20881782945736435, "opp_team_der_20": 0.7235218118255053, "opp_team_der_career": 0.7236953308362939, "market_k_line": 4.5, "book_line": 4.5, "season_2025-regular": 1.0, "season_2026-regular": 0.0, "sc_xslg_x_park": 0.4118944365192582, "sp_k_pct_vs_opp_k_rate": 0.05203332927897543, "opp_team_k_trend_5v10": 0.00027026281592219814, "k9_trend_5v10": 0.0, "k_pct_trend_5v10": 0.0, "era_trend_5v10": 0.0, "fip_trend_5v10": 0.0, "sp_era_fip_gap": -0.041093565984423375, "sp_k_bb_ratio_5": 2.6316650638610115, "sp_vs_team_reliability": 0.2, "sp_vs_team_has_history": 0.0, "sp_vs_team_era_adj": 0.45, "sp_vs_team_era_delta": 0.0, "sp_vs_team_k9_adj": 1.5, "sp_vs_team_k9_delta": 0.0, "k_pct_x_park_hr": 0.21410403874906997, "wind_x_park_hr": 7.339799999999999, "is_cold_game": 0.0, "temp_below_60": 0.0, "sp_k_pct_trend_5v10": 0.0, "sp_k9_trend_5v10": 0.0, "k_trend_x_ump_k9": 0.0, "contact_vs_ump_zone": 0.4236038369515145, "ump_k9_x_sp_k_pct": 1.8252859528965035, "ump_k9_x_opp_k_pct": 2.098876133346103, "ump_k9_x_sp_whiff_pct": 208.0221599111605, "ump_k9_x_sp_sl_whiff_pct": 271.2498798543293, "ump_k9_x_sp_k9_5": 70.27377321589978, "ump_k9_x_sp_opp_k_triple": 0.4453401468073136, "sp_lob_pct_filled": 62.24949799196787, "sp_lob_vs_avg": -8.750502008032129, "sp_lob_trend": 0.0, "sp_lob_era_quality": 0.7692943585611786, "sp_lob_luck_flag": 0.0, "park_babip_factor": 0.28821907013396375, "park_babip_vs_avg": -0.006780929866036234, "opp_runs_last3_filled": 13.0, "opp_hot_offense_flag": 0.0, "opp_cold_offense_flag": 0.0, "opp_runs_last3_vs_avg": 1.0, "sp_babip_against_10_filled": 0.27433797909407664, "sp_babip_vs_avg": -0.020662020905923312, "sp_babip_unlucky_flag": 0.0, "sp_babip_lucky_flag": 0.0, "sp_babip_against_career_filled": 0.27595620437956203, "sp_babip_trend": 0.0, "sp_k_pct_last2_filled": 0.20881782945736435, "sp_k_pct_last2_vs_5": -0.002204773615473249, "sp_k_trending_up": 0.0, "sp_k_trending_down": 0.0, "opp_der_20_filled": 0.7235218118255053, "opp_der_vs_avg": 0.01852181182550544, "opp_good_defense": 1.0, "opp_poor_defense": 0.0, "line_move_total_filled": 1.0, "line_moved_up": 1.0, "line_moved_down": 0.0, "line_move_abs": 1.0, "market_k_line_filled": 4.5, "market_k_line_vs_avg": 0.0, "market_k_line_known": 1.0, "sc_barrel_x_park_hr": 8.511512498650838, "sc_hard_hit_x_fb": 12.43056946030308, "sc_exit_velo_above_avg": 1.4058581706063649, "sc_barrel_vs_k_rate": 37.66571112119809, "sc_hard_hit_vs_opp_k": 9.929151325570666, "sp_days_from_optimal_rest": 2.0, "sp_is_extended_rest": 0.0, "cold_x_sp_sl_pct": 0.0, "cold_x_sp_offspeed_pct": 0.0, "k9_shrunk": 8.340525355942336, "k_pct_shrunk": 0.21612891258368994, "expected_k_from_ip": 4.947836989992301, "framing_hand_benefit": 0.46586345381526106, "sp_k_pct_x_opp_cv": 0.3051485218374199, "venue_k9_adj": 8.495086818087625, "venue_k9_delta": 0.0, "venue_era_adj": 4.006916194986252, "venue_era_delta": 0.0, "venue_fip_adj": 4.037399320565484, "last_start_dominated": 0.0, "last_start_blowup": 0.0, "last_start_k9": 7.936507936507937, "last_start_k_bb": 1.75, "framing_x_sp_edge_work": 0.0, "framing_x_ump_k9": 0.0, "sp_k_split_advantage": 0.0038143681325978618, "sp_k_split_trend_lhb": 0.0, "sp_k_split_trend_rhb": 0.0, "lineup_lhb_pct_x_sp_lhb_adv": 0.0007855311505134001, "opp_sp_hr_rate_split": 0.0030977807462632054, "warm_x_barrel": 0.0, "warm_x_park_hr": 0.0, "high_total_flag": 0.0, "pitcher_hand_L": 0.0, "pitcher_hand_R": 1.0, "pitcher_hand_nan": 0.0}