{"is_home": 1.0, "ip_avg_5": 5.466, "k_pct_5": 0.21434733058289762, "k9_5": 8.23733393515384, "era_5": 4.30348003497337, "whip_5": 1.3330369032536746, "fip_5": 4.163493368789046, "bb_pct_5": 0.0741184626790671, "hr9_5": 1.232181855591528, "k_pct_10": 0.21524434675369, "k9_10": 8.243422228178325, "era_10": 4.407064519563404, "whip_10": 1.3410267704154588, "fip_10": 4.216302004109522, "starts_in_window_5": 5.0, "starts_in_window_10": 10.0, "last_start_k": 5.0, "last_start_ip": 5.67, "last_start_bb": 2.0, "sp_days_since_last_start": 6.0, "is_short_rest": 0.0, "era_home_10": 3.8479657788849098, "era_away_10": 4.446846415950977, "k9_home_10": 8.435118393532878, "k9_away_10": 8.002928535732133, "fip_home_10": 3.922222222222222, "fip_away_10": 4.2516068175586375, "opp_k_pct_avg_10": 0.250839014593102, "opp_bb_pct_avg_10": 0.08141164658057962, "opp_avg_avg_10": 0.23893985627126296, "opp_hr_avg_10": 1.1, "opp_iso_avg_10": 0.15089137475067427, "opp_slg_avg_10": 0.3897096517551639, "park_run_factor": 1.006, "park_hr_factor": 1.012, "ump_k9_avg_10": 8.526783593335725, "ump_bb9_avg_10": 3.109702148406764, "temperature_f": 76.3, "wind_speed_mph": 6.9, "wind_sin": -0.15643446504023073, "wind_cos": -0.30901699437494734, "precip_prob_pct": 0.0, "is_dome": 0.0, "is_day_game": 0.0, "market_total": 8.5, "pitcher_hand": NaN, "opp_lineup_avg_avg_10": 0.23771780303030304, "opp_lineup_iso_avg_10": 0.14924242424242423, "opp_top4_slg_avg_10": 0.44005471941518454, "sc_barrel_rate": 8.4, "sc_hard_hit_pct": 40.2, "sc_avg_exit_velo": 89.3, "sc_gb_pct": 19.9, "sc_fb_pct": 21.4, "sc_xba": 0.245, "sc_xslg": 0.414, "sc_xwoba": 0.317, "sc_sp_fb_whiff_pct": 20.7, "sc_sp_fb_k_pct": 22.2, "sc_sp_fb_put_away": 17.4, "sc_sp_sl_pct": 21.9, "sc_sp_sl_whiff_pct": 31.1, "sc_sp_sl_k_pct": 25.6, "sc_sp_sl_run_value_per_100": 0.1, "sc_sp_ch_pct": 17.3, "sc_sp_ch_whiff_pct": 29.4, "sc_sp_ch_k_pct": 21.0, "sc_sp_fb_pct": 37.5, "sc_sp_fb_hard_hit_pct": 45.5, "sc_sp_fb_xwoba": 0.339, "sc_sp_fb_run_value_per_100": 0.0, "sc_sp_si_pct": 20.8, "sc_sp_si_whiff_pct": 12.6, "sc_sp_si_k_pct": 13.4, "sc_sp_si_hard_hit_pct": 44.8, "sc_sp_fastball_family_pct": 46.599999999999994, "sc_sp_pitch_diversity": 0.616, "sc_sp_oz_swing_pct": 28.6, "sc_sp_iz_contact_pct": 83.5, "sc_sp_oz_contact_pct": 57.4, "sc_sp_disc_whiff_pct": 24.1, "catcher_framing_rv": 0.156834470147432, "catcher_framing_rate": 0.4716981132075472, "season_2024-regular": 0.0, "season_2025-regular": 1.0, "season_2026-regular": 0.0, "sp_k_pct_vs_opp_k_rate": 0.053270847513630766, "k9_trend_5v10": 0.0, "k_pct_trend_5v10": 0.0, "era_trend_5v10": 0.0, "fip_trend_5v10": 0.0, "k_pct_x_park_hr": 0.21385915764627972, "wind_x_park_hr": 6.8032, "is_cold_game": 0.0, "temp_below_60": 0.0, "ump_k9_x_sp_k_pct": 1.8157229193689535, "ump_k9_x_opp_k_pct": 2.1161670903186316, "sc_barrel_x_park_hr": 8.3249, "sc_hard_hit_x_fb": 8.6943, "sc_exit_velo_above_avg": 1.2999999999999972, "sc_barrel_vs_k_rate": 37.2691991662562, "sc_hard_hit_vs_opp_k": 10.066354291143055}