{"is_home": 1.0, "ip_avg_5": 5.466, "k_pct_5": 0.21430556712480914, "k9_5": 8.235664797096668, "era_5": 4.304142517983692, "whip_5": 1.3329805996472663, "fip_5": 4.163168415792104, "bb_pct_5": 0.07408618699499807, "hr9_5": 1.2342857142857142, "k_pct_10": 0.21524028859440153, "k9_10": 8.241696432025988, "era_10": 4.4093677936142655, "whip_10": 1.3407768466778986, "fip_10": 4.216594211929956, "starts_in_window_5": 5.0, "starts_in_window_10": 10.0, "last_start_k": 5.0, "last_start_ip": 5.67, "last_start_bb": 2.0, "sp_days_since_last_start": 6.0, "is_short_rest": 0.0, "era_home_10": 3.8513287802154474, "era_away_10": 4.446428571428571, "k9_home_10": 8.431597642832577, "k9_away_10": 8.0, "fip_home_10": 3.9212919692466097, "fip_away_10": 4.253577664858319, "opp_k_pct_avg_10": 0.25083096177089503, "opp_bb_pct_avg_10": 0.08134233904578202, "opp_avg_avg_10": 0.23896243837420306, "opp_hr_avg_10": 1.1, "opp_iso_avg_10": 0.15093572357930418, "opp_slg_avg_10": 0.3898523113471394, "park_run_factor": 1.006, "park_hr_factor": 1.012, "temperature_f": 76.3, "wind_speed_mph": 6.9, "wind_sin": -0.15643446504023073, "wind_cos": -0.2923717047227371, "precip_prob_pct": 0.0, "is_dome": 0.0, "is_day_game": 0.0, "market_total": 8.5, "pitcher_hand": NaN, "opp_lineup_avg_avg_10": 0.23777777777777775, "opp_lineup_iso_avg_10": 0.14925925925925926, "opp_top4_slg_avg_10": 0.44011069340016706, "sc_barrel_rate": 8.4, "sc_hard_hit_pct": 40.2, "sc_avg_exit_velo": 89.3, "sc_gb_pct": 19.9, "sc_fb_pct": 21.4, "sc_xba": 0.245, "sc_xslg": 0.414, "sc_xwoba": 0.317, "sc_sp_fb_whiff_pct": 20.7, "sc_sp_fb_k_pct": 22.2, "sc_sp_fb_put_away": 17.4, "sc_sp_sl_pct": 21.9, "sc_sp_sl_whiff_pct": 31.1, "sc_sp_sl_k_pct": 25.6, "sc_sp_sl_run_value_per_100": 0.1, "sc_sp_ch_pct": 17.3, "sc_sp_ch_whiff_pct": 29.4, "sc_sp_ch_k_pct": 21.0, "sc_sp_fb_pct": 37.5, "sc_sp_fb_hard_hit_pct": 45.5, "sc_sp_fb_xwoba": 0.339, "sc_sp_fb_run_value_per_100": 0.0, "sc_sp_si_pct": 20.8, "sc_sp_si_whiff_pct": 12.6, "sc_sp_si_k_pct": 13.4, "sc_sp_si_hard_hit_pct": 44.8, "sc_sp_fastball_family_pct": 46.599999999999994, "sc_sp_pitch_diversity": 0.617, "sc_sp_oz_swing_pct": 28.6, "sc_sp_iz_contact_pct": 83.5, "sc_sp_oz_contact_pct": 57.4, "sc_sp_disc_whiff_pct": 24.1, "catcher_framing_rv": 0.156834470147432, "catcher_framing_rate": 0.4716981132075472, "season_2024-regular": 0.0, "season_2025-regular": 1.0, "season_2026-regular": 0.0, "sp_k_pct_vs_opp_k_rate": 0.053268418326043294, "k9_trend_5v10": 0.0, "k_pct_trend_5v10": 0.0, "era_trend_5v10": 0.0, "fip_trend_5v10": 0.0, "k_pct_x_park_hr": 0.21384969649424668, "wind_x_park_hr": 6.793200000000001, "is_cold_game": 0.0, "temp_below_60": 0.0, "sc_barrel_x_park_hr": 8.3249, "sc_hard_hit_x_fb": 8.64, "sc_exit_velo_above_avg": 1.2999999999999972, "sc_barrel_vs_k_rate": 37.26924808644754, "sc_hard_hit_vs_opp_k": 10.064979425579569}