{"is_home": 1.0, "ip_avg_5": 5.466, "k_pct_5": 0.21231850406770167, "k9_5": 8.193271189861026, "era_5": 4.0536954962885305, "whip_5": 1.3224352246017694, "fip_5": 4.125140712945591, "bb_pct_5": 0.07887806831658073, "hr9_5": 1.1085890137438683, "k_pct_10": 0.21457458787902678, "k9_10": 8.25281425891182, "era_10": 4.105995717344753, "whip_10": 1.3224352246017694, "fip_10": 4.115867570473937, "starts_in_window_5": 5.0, "starts_in_window_10": 6.0, "last_start_k": 5.0, "last_start_ip": 5.67, "last_start_bb": 2.0, "sp_days_since_last_start": 6.0, "is_short_rest": 0.0, "era_home_10": 3.5094404240745702, "era_away_10": 4.242857142857143, "k9_home_10": 8.38112243315374, "k9_away_10": 7.865665236051502, "fip_home_10": 3.798648767336603, "fip_away_10": 4.106894934333959, "opp_k_pct_avg_10": 0.24521083280951705, "opp_k_pct_avg_5": 0.24380952380952378, "opp_bb_pct_avg_10": 0.0874910280681693, "opp_avg_avg_10": 0.23928825613730065, "opp_hr_avg_10": 1.0, "opp_iso_avg_10": 0.14333006761092063, "opp_slg_avg_10": 0.38179645330118467, "opp_lineup_k_pct_std": 0.1063079907104301, "opp_lineup_k_pct_cv": 0.4297051244689985, "opp_lineup_pct_lhb": 0.36363636363636365, "park_run_factor": 1.006, "park_hr_factor": 1.012, "ump_k9_avg_10": 8.580733771013715, "ump_bb9_avg_10": 3.2722135160027834, "temperature_f": 68.8, "wind_speed_mph": 7.5, "wind_sin": -0.39073112848927355, "wind_cos": -0.2079116908177598, "precip_prob_pct": 0.0, "is_dome": 0.0, "is_day_game": 0.0, "market_total": 8.5, "line_move_total": 1.0, "opp_lineup_avg_avg_10": 0.238, "opp_lineup_iso_avg_10": 0.14277777777777778, "opp_top4_slg_avg_10": 0.4334325396825397, "sc_barrel_rate": 8.471739130434782, "sc_hard_hit_pct": 40.9, "sc_avg_exit_velo": 89.40751445086705, "sc_gb_pct": 28.30249433106576, "sc_fb_pct": 30.45506465517241, "sc_xba": 0.244852354349561, "sc_xslg": 0.4118944365192582, "sc_xwoba": 0.3171573604060914, "sc_sp_fb_whiff_pct": 20.6, "sc_sp_fb_k_pct": 21.6, "sc_sp_fb_put_away": 17.1, "sc_sp_sl_pct": 19.1, "sc_sp_sl_whiff_pct": 31.3, "sc_sp_sl_k_pct": 25.0, "sc_sp_sl_run_value_per_100": 0.1, "sc_sp_ch_pct": 17.3, "sc_sp_ch_whiff_pct": 30.2, "sc_sp_ch_k_pct": 22.3, "sc_sp_fb_pct": 34.9, "sc_sp_fb_hard_hit_pct": 46.3, "sc_sp_fb_xwoba": 0.349, "sc_sp_fb_run_value_per_100": -0.1, "sc_sp_si_pct": 18.7, "sc_sp_si_whiff_pct": 12.2, "sc_sp_si_k_pct": 12.7, "sc_sp_si_hard_hit_pct": 46.3, "sc_sp_fastball_family_pct": 46.0, "sc_sp_pitch_diversity": 0.637, "sc_sp_oz_swing_pct": 29.1, "sc_sp_iz_contact_pct": 84.1, "sc_sp_oz_contact_pct": 57.6, "sc_sp_disc_whiff_pct": 24.2, "catcher_framing_rv": 0.19697789637114024, "catcher_framing_rate": 0.4727272727272727, "sp_fb_velo_avg_5": 94.0603144133963, "sp_fb_velo_trend_5": 0.03969221831660974, "venue_n_starts": 2.0, "venue_era": 3.748191580964442, "venue_k9": 8.853825573730372, "venue_fip": 3.7370037232038285, "sp_k_pct_vs_lhb_25": 0.25761772853185594, "sp_k_pct_vs_rhb_25": 0.2549019607843137, "sp_k_pct_vs_lhb_10": 0.2585034013605442, "sp_k_pct_vs_rhb_10": 0.25146198830409355, "svt_games": 1.0, "svt_era": 3.4615384615384617, "svt_k9": 8.427109471838438, "svt_k_pct": 0.4375, "svt_era_last3": 3.4824669509535022, "svt_k9_last3": 8.436182052483598, "sp_lob_pct_career": 62.254901960784316, "sp_lob_pct_10": 63.492063492063494, "park_babip_avg": 0.28771929824561404, "opp_runs_last3": 13.0, "opp_runs_avg3": 4.333333333333333, "opp_runs_last5": 21.0, "sp_babip_against_10": 0.27450980392156865, "sp_babip_against_career": 0.27611940298507465, "sp_babip_starts_10": 10.0, "sp_k_pct_last2": 0.20833333333333334, "opp_team_der_20": 0.7231404958677685, "opp_team_der_career": 0.723714759535655, "market_k_line": 4.5, "book_line": 4.5, "season_2025-regular": 1.0, "season_2026-regular": 0.0, "pitcher_hand_L": 0.0, "pitcher_hand_R": 1.0, "pitcher_hand_nan": 0.0, "sc_xslg_x_park": 0.4118944365192582, "sp_k_pct_vs_opp_k_rate": 0.05188190992041812, "opp_team_k_trend_5v10": 0.00017854044641851807, "k9_trend_5v10": 0.0, "k_pct_trend_5v10": 0.0, "era_trend_5v10": 0.0, "fip_trend_5v10": 0.0, "sp_era_fip_gap": -0.03760980154460647, "sp_k_bb_ratio_5": 2.6296603299401893, "sp_vs_team_reliability": 0.2, "sp_vs_team_has_history": 0.0, "sp_vs_team_era_adj": 0.3854389721627409, "sp_vs_team_era_delta": 0.0, "sp_vs_team_k9_adj": 1.5, "sp_vs_team_k9_delta": 0.0, "k_pct_x_park_hr": 0.21370119894607503, "wind_x_park_hr": 7.3347, "is_cold_game": 0.0, "temp_below_60": 0.0, "sp_k_pct_trend_5v10": 0.0, "sp_k9_trend_5v10": 0.0, "k_trend_x_ump_k9": 0.0, "contact_vs_ump_zone": 0.4235529301434322, "ump_k9_x_sp_k_pct": 1.8206577697161717, "ump_k9_x_opp_k_pct": 2.0981283433560765, "ump_k9_x_sp_whiff_pct": 208.19400000000002, "ump_k9_x_sp_sl_whiff_pct": 271.2498798543293, "ump_k9_x_sp_k9_5": 70.21924431175981, "ump_k9_x_sp_opp_k_triple": 0.4443834741237811, "sp_lob_pct_filled": 62.254901960784316, "sp_lob_vs_avg": -8.745098039215684, "sp_lob_trend": 0.0, "sp_lob_era_quality": 0.7562447480452993, "sp_lob_luck_flag": 0.0, "park_babip_factor": 0.28771929824561404, "park_babip_vs_avg": -0.007280701754385943, "opp_runs_last3_filled": 13.0, "opp_hot_offense_flag": 0.0, "opp_cold_offense_flag": 0.0, "opp_runs_last3_vs_avg": 1.0, "sp_babip_against_10_filled": 0.27450980392156865, "sp_babip_vs_avg": -0.020490196078431333, "sp_babip_unlucky_flag": 0.0, "sp_babip_lucky_flag": 0.0, "sp_babip_against_career_filled": 0.27611940298507465, "sp_babip_trend": 0.0, "sp_k_pct_last2_filled": 0.20833333333333334, "sp_k_pct_last2_vs_5": -0.002196871959442126, "sp_k_trending_up": 0.0, "sp_k_trending_down": 0.0, "opp_der_20_filled": 0.7231404958677685, "opp_der_vs_avg": 0.018140495867768558, "opp_good_defense": 1.0, "opp_poor_defense": 0.0, "line_move_total_filled": 1.0, "line_moved_up": 1.0, "line_moved_down": 0.0, "line_move_abs": 1.0, "market_k_line_filled": 4.5, "market_k_line_vs_avg": 0.0, "market_k_line_known": 1.0, "sc_barrel_x_park_hr": 8.563979848866499, "sc_hard_hit_x_fb": 12.379465351479894, "sc_exit_velo_above_avg": 1.4075144508670547, "sc_barrel_vs_k_rate": 37.68939624499423, "sc_hard_hit_vs_opp_k": 9.915339359805563, "sp_days_from_optimal_rest": 2.0, "sp_is_extended_rest": 0.0, "cold_x_sp_sl_pct": 0.0, "cold_x_sp_offspeed_pct": 0.0, "k9_shrunk": 8.33143406719425, "k_pct_shrunk": 0.21590150312602874, "framing_hand_benefit": 0.46586345381526106, "sp_k_pct_x_opp_cv": 0.3048398197277314, "venue_k9_adj": 8.492306337597048, "venue_k9_delta": 0.0, "venue_era_adj": 4.004728912350159, "venue_era_delta": 0.0, "venue_fip_adj": 4.0389582348829975, "last_start_dominated": 0.0, "last_start_blowup": 0.0, "last_start_k9": 7.875, "last_start_k_bb": 1.75, "framing_x_sp_edge_work": 0.0, "framing_x_ump_k9": 0.0, "sp_k_split_advantage": 0.0036880556289058952, "sp_k_split_trend_lhb": 0.0, "sp_k_split_trend_rhb": 0.0, "lineup_lhb_pct_x_sp_lhb_adv": 0.0006926406926407003}