{"is_home": 0.0, "rest_days": 1.0, "hits_avg_5": 0.8, "hits_avg_10": 0.9, "hits_avg_20": 0.875, "hits_sd_10": 0.8232726023485646, "hr_avg_5": 0.0, "hr_avg_10": 0.1, "hr_avg_20": 0.1, "tb_avg_5": 1.4, "tb_avg_10": 1.4, "tb_avg_20": 1.4, "tb_sd_10": 1.5670212364724212, "ab_avg_5": 3.6, "ab_avg_10": 3.6, "avg_avg_10": 0.24166666666666664, "k_rate_avg_10": 0.24, "bb_rate_avg_10": 0.075, "iso_avg_10": 0.13333333333333333, "hr_rate_avg_5": 0.0, "hr_rate_avg_10": 0.025, "hr_rate_cumul_5": 0.0, "hr_rate_cumul_10": 0.027777777777777776, "hr_rate_cumul_20": 0.028169014084507043, "n_games_prev_10": 10.0, "obp_avg_10": 0.3066666666666667, "hr_any_last1": 0.0, "hr_count_last3": 0.0, "hr_games_with_hr_last5": 0.0, "bb_avg_5": 0.3333333333333333, "bb_avg_10": 0.3, "bb_avg_20": 0.35, "bb_sd_10": 0.5, "k_avg_5": 0.8, "k_avg_10": 0.8, "hits_home_avg_20": 0.875, "hits_away_avg_20": 0.875, "tb_home_avg_20": 1.3846153846153846, "tb_away_avg_20": 1.375, "hr_home_avg_20": 0.1, "hr_away_avg_20": 0.1, "bb_home_avg_20": 0.3333333333333333, "bb_away_avg_20": 0.3333333333333333, "opp_sp_era_5": 4.05, "opp_sp_fip_5": 4.148284145845121, "opp_sp_k_pct_5": 0.21119324282935287, "opp_sp_k9_5": 8.25, "opp_sp_bb_pct_5": 0.08083524027459954, "opp_sp_whip_5": 1.3230447601179307, "opp_sp_ip_avg_5": 5.334, "opp_sp_pitches_est": 88.011, "opp_sp_last_start_ip": 5.33, "opp_sp_hr9_5": 1.08, "opp_sp_hr9_10": 1.076913024483858, "opp_sp_fb_velo_avg_5": 94.11883512544803, "opp_sp_fb_velo_trend_5": -0.015000000000000568, "opp_sp_days_since_last_start": 6.0, "opp_sp_is_short_rest": 0.0, "opp_sp_era_home_10": 3.6, "opp_sp_era_away_10": 4.240562863260936, "park_run_factor": 1.006, "park_hr_factor": 1.012, "ump_bb9_avg_10": 3.321646681846487, "ump_k9_avg_10": 8.619938311476803, "temperature_f": 67.7, "wind_speed_mph": 8.1, "wind_sin": -0.45399049973954664, "wind_cos": -0.13917310096006535, "precip_prob_pct": 0.0, "is_dome": 0.0, "is_day_game": 0.0, "market_total": 8.5, "line_move_total": 1.0, "batting_order_avg_5": 4.6, "batting_order_avg_10": 4.6, "is_lhb_batter": 0.0, "hits_avg_40_vs_hand": 0.8846153846153846, "tb_avg_40_vs_hand": 1.4230769230769231, "k_rate_avg_40_vs_hand": 0.24313725490196075, "iso_avg_40_vs_hand": 0.14166666666666666, "hr_avg_40_vs_hand": 0.1, "hits_hand_split_40": -0.06493506493506493, "tb_hand_split_40": -0.14285714285714285, "hr_hand_split_40": -0.0015151515151515152, "n_games_vs_lhp_40": 7.0, "n_games_vs_rhp_40": 21.0, "hits_avg_10_vs_hand": 0.875, "tb_avg_10_vs_hand": 1.375, "hr_avg_10_vs_hand": 0.0, "hits_avg_10_vs_lhp": 1.0, "hits_avg_10_vs_rhp": 0.875, "n_games_vs_lhp_10": 2.0, "n_games_vs_rhp_10": 7.0, "n_games_prev_10_cs": 10.0, "hits_avg_10_cs": 0.9, "hits_avg_20_cs": 0.85, "tb_avg_10_cs": 1.4, "tb_avg_20_cs": 1.4, "hr_avg_10_cs": 0.1, "hr_rate_avg_10_cs": 0.025, "ab_avg_10_cs": 3.6, "k_rate_avg_10_cs": 0.24000000000000005, "bb_rate_avg_10_cs": 0.075, "iso_avg_10_cs": 0.13333333333333333, "prev_games": 107.0, "prev_hits_avg": 0.9737, "prev_tb_avg": 1.6065, "prev_hr_avg": 0.1373, "prev_ab_avg": 3.8482, "prev_k_rate": 0.2463, "prev_bb_rate": 0.06, "prev_iso": 0.1625, "prev_hr_rate": 0.0348, "h2h_games": 0.0, "h2h_ba": 0.25, "h2h_obp": 0.2777777777777778, "h2h_slg": 0.3333333333333333, "h2h_k_rate": 0.25, "h2h_iso": 0.0, "h2h_hr": 0.0, "h2h_ab": 0.0, "h2h_ba_last3": 0.25, "h2h_slg_last3": 0.3076923076923077, "h2h_hr_rate_last3": 0.0, "h2h_ab_last3": 0.0, "own_lineup_slg_avg_10": 0.388949828831895, "own_lineup_iso_avg_10": 0.14425925925925925, "own_top4_slg_avg_10": 0.43013653188071793, "sc_barrel_rate": 8.50629539951574, "sc_hard_hit_pct": 41.67334254143646, "sc_avg_exit_velo": 89.4578431372549, "sc_avg_launch_angle": 13.658801141769743, "sc_sweet_spot_pct": 34.11070234113713, "sc_fb_pct": 36.446675191815864, "sc_gb_pct": 33.80477453580902, "sc_ld_pct": 100.0, "sc_xba": 0.24754089709762533, "sc_xslg": 0.4163905882352941, "sc_xwoba": 0.32179142857142856, "sc_xiso": 0.1713470588235294, "sc_pull_pct": NaN, "sc_opposite_pct": NaN, "sc_popup_pct": NaN, "sc_brl_pa": 5.861994609164421, "sprint_speed": 27.2, "opp_sp_sc_barrel_rate": 8.474862385321101, "opp_sp_sc_hard_hit_pct": 40.691285866099896, "opp_sp_sc_avg_exit_velo": 89.36503401360545, "opp_sp_sc_gb_pct": 32.124604141291115, "opp_sp_sc_fb_pct": 34.58183486238532, "opp_sp_sc_xba": 0.24526615969581747, "opp_sp_sc_xslg": 0.41286729857819904, "opp_sp_sc_xwoba": 0.31879729729729733, "opp_sp_fb_pct": 34.0, "opp_sp_fb_hard_hit_pct": 46.2, "opp_sp_fb_xwoba": 0.353, "opp_sp_fb_run_value_per_100": 0.0, "opp_sp_fb_whiff_pct": 19.9, "opp_sp_fb_k_pct": 20.8, "opp_sp_sl_pct": 20.2, "opp_sp_sl_whiff_pct": 31.7, "opp_sp_sl_k_pct": 25.6, "opp_sp_sl_xwoba": 0.299, "opp_sp_ch_pct": 18.7, "opp_sp_ch_whiff_pct": 30.7, "opp_sp_ch_k_pct": 21.5, "opp_sp_fastball_family_pct": 45.6, "opp_sp_pitch_diversity": 0.639, "opp_sp_si_pct": 19.5, "opp_sp_si_whiff_pct": 12.1, "opp_sp_si_k_pct": 12.5, "opp_sp_si_hard_hit_pct": 46.0, "opp_sp_sl_hard_hit_pct": 39.5, "opp_sp_sl_run_value_per_100": 0.1, "opp_sp_ch_hard_hit_pct": 31.3, "opp_sp_ch_run_value_per_100": 0.5, "sc_b_oz_swing_pct": 29.2, "sc_b_iz_contact_pct": 84.0, "sc_b_oz_contact_pct": 56.3, "sc_b_disc_whiff_pct": 24.8, "sc_b_out_zone_pct": 51.5, "opp_bp_era_5": 3.6, "opp_bp_era_10": 3.866054487397534, "opp_bp_k9_5": 8.547198639935015, "opp_bp_ip_last_7": 22.32, "opp_bp_era_7d": 3.6603965429588206, "opp_bp_relievers_last_1d": 3.0, "opp_bp_relievers_last_2d": 5.0, "batter_n_games_at_venue": 4.0, "batter_venue_ba": 0.0, "batter_venue_hr_rate": 0.0, "batter_venue_slg": 0.0, "sp_k_pct_vs_lhb_25": 0.25688073394495414, "sp_k_pct_vs_rhb_25": 0.2547945205479452, "sp_k_pct_vs_lhb_10": 0.25806451612903225, "sp_k_pct_vs_rhb_10": 0.25196850393700787, "confirmed_batting_order": NaN, "confirmed_lineup_source": NaN, "btu_games": 2.0, "btu_ba": 0.25, "btu_k_rate": 0.25, "btu_bb_rate": 0.05, "bvr_games_30": 30.0, "bvr_bp_games_30": 9.0, "bvr_ab_30": 32.0, "bvr_ba_30": 0.2857142857142857, "bvr_hr_rate_30": 0.034482758620689655, "bvr_slg_30": 0.46153846153846156, "bvr_k_rate_30": 0.22580645161290322, "opp_sp_lob_pct_career": 61.93181818181818, "opp_sp_lob_pct_10": 62.903225806451616, "park_babip_avg": 0.2901929260450162, "own_runs_last3": 13.0, "own_runs_avg3": 4.333333333333333, "market_hits_over_price": -190.0, "market_tb_over_price": 135.0, "market_hr_over_price": 680.0, "book_line": 1.5, "season_2025-regular": 0.0, "season_2026-regular": 1.0, "batter_hand_L": 0.0, "batter_hand_R": 0.0, "batter_hand_S": 0.0, "batter_hand_nan": 0.0, "opp_sp_hand_L": 0.0, "opp_sp_hand_R": 1.0, "opp_sp_hand_nan": 0.0, "hits_trend_5v10": 0.0, "hits_hot_ratio": 1.0, "hits_trend_sig": 0.0, "hits_trend_accel": 0.0, "hr_trend_5v10": 0.0, "hr_hot_ratio": 1.0, "hr_trend_accel": 0.0, "tb_trend_5v10": 0.0, "tb_hot_ratio": 1.0, "tb_trend_sig": 0.0, "tb_trend_accel": 0.019999999999999928, "early_season_weight": 1.0, "hr_park_adj_10": 0.1003, "tb_park_adj_10": 1.3734, "hr_rate_cumul_trend_5v20": 0.0, "hr_rate_cumul_x_park": 0.027777777777777776, "tb_cv_10": 1.149089325881601, "tb_power_opportunity": 0.47333333333333333, "sc_xslg_x_park": 0.41663378684807256, "sc_brl_x_ab": 20.583634116192826, "hits_vs_opp_era": 0.8458709461270436, "tb_vs_opp_fip": 1.3731753112000857, "opp_bp_era_adj": -0.6000000000000001, "hits_vs_opp_bp_era": 0.7487649700598803, "tb_vs_opp_bp_era": 1.1784957173447537, "opp_bp_era7_x_ip7": 81.0, "wind_x_park_hr": 7.941999999999999, "is_cold_game": 0.0, "temp_below_60": 0.0, "bb_trend_5v10": 0.0, "bb_hot_ratio": 1.0, "bb_trend_sig": 0.0, "batter_k_trend_5v10": 0.0, "batter_k_hot_ratio": 1.0, "batter_k_rate_x_ump_k9": 2.0577131005529288, "ump_bb9_x_batter_bb_rate": 0.25550677248860443, "ump_bb9_x_bb_avg_10": 1.04787598008657, "hits_vs_ump_k9": 0.8807436745726289, "contact_vs_ump_zone": 0.4292339260709025, "btu_k_rate_adj": 0.03333333333333333, "btu_k_rate_delta": 0.0, "btu_bb_rate_adj": 0.0, "btu_bb_rate_delta": 0.0, "bvr_reliability": 0.9, "bvr_ba_delta": 0.03407407407407408, "bvr_hr_rate_delta": 0.0,