{"is_home": 1.0, "ip_avg_5": 5.466, "k_pct_5": 0.2117556375361703, "k9_5": 8.138069287660567, "era_5": 3.9886741152396348, "whip_5": 1.3161428802558832, "fip_5": 4.114068275479129, "bb_pct_5": 0.07905768233307589, "hr9_5": 1.1070139929533047, "k_pct_10": 0.2131040177289914, "k9_10": 8.19565344947295, "era_10": 4.100986233121823, "whip_10": 1.3210162384011421, "fip_10": 4.116488254849525, "starts_in_window_5": 5.0, "starts_in_window_10": 6.0, "last_start_k": 5.0, "last_start_ip": 5.67, "last_start_bb": 2.0, "sp_days_since_last_start": 6.0, "is_short_rest": 0.0, "era_home_10": 3.4418380535453705, "era_away_10": 4.242857142857143, "k9_home_10": 8.27136258660508, "k9_away_10": 7.761904761904762, "fip_home_10": 3.820831561564952, "fip_away_10": 4.118533608912919, "opp_k_pct_avg_10": 0.24523924104342296, "opp_bb_pct_avg_10": 0.08715910300309276, "opp_avg_avg_10": 0.24022343564089293, "opp_hr_avg_10": 1.1, "opp_iso_avg_10": 0.14364800227535138, "opp_slg_avg_10": 0.3835848820255966, "opp_lineup_k_pct_std": 0.10636553187972746, "opp_lineup_k_pct_cv": 0.4298211118683496, "park_run_factor": 1.006, "park_hr_factor": 1.012, "ump_k9_avg_10": 8.57939645938815, "ump_bb9_avg_10": 3.2442610939749867, "temperature_f": 68.5, "wind_speed_mph": 7.4, "wind_sin": -0.37460659341591235, "wind_cos": -0.2079116908177598, "precip_prob_pct": 0.0, "is_dome": 0.0, "is_day_game": 0.0, "market_total": 8.5, "opp_lineup_avg_avg_10": 0.23933333333333331, "opp_lineup_iso_avg_10": 0.14323677248677247, "opp_top4_slg_avg_10": 0.4375466016913385, "sc_barrel_rate": 8.58213058419244, "sc_hard_hit_pct": 40.956746532156366, "sc_avg_exit_velo": 89.4526380368098, "sc_gb_pct": 28.173786407766993, "sc_fb_pct": 30.24077669902913, "sc_xba": 0.2445907692307692, "sc_xslg": 0.41414859002169196, "sc_xwoba": 0.31749173553719007, "sc_sp_fb_whiff_pct": 20.6, "sc_sp_fb_k_pct": 21.45, "sc_sp_fb_put_away": 16.9, "sc_sp_sl_pct": 19.35, "sc_sp_sl_whiff_pct": 31.8, "sc_sp_sl_k_pct": 24.7, "sc_sp_sl_run_value_per_100": 0.1, "sc_sp_ch_pct": 17.6, "sc_sp_ch_whiff_pct": 30.0, "sc_sp_ch_k_pct": 22.2, "sc_sp_fb_pct": 35.2, "sc_sp_fb_hard_hit_pct": 46.5, "sc_sp_fb_xwoba": 0.347, "sc_sp_fb_run_value_per_100": -0.1, "sc_sp_si_pct": 19.5, "sc_sp_si_whiff_pct": 12.5, "sc_sp_si_k_pct": 13.4, "sc_sp_si_hard_hit_pct": 46.2, "sc_sp_fastball_family_pct": 46.0, "sc_sp_pitch_diversity": 0.633, "sc_sp_oz_swing_pct": 28.8, "sc_sp_iz_contact_pct": 83.9, "sc_sp_oz_contact_pct": 57.5, "sc_sp_disc_whiff_pct": 24.2, "catcher_framing_rv": 0.156834470147432, "catcher_framing_rate": 0.47285067873303166, "book_line": 4.5, "season_2025-regular": 1.0, "season_2026-regular": 0.0, "pitcher_hand_L": 0.0, "pitcher_hand_R": 1.0, "pitcher_hand_nan": 0.0, "sc_xslg_x_park": 0.41301890748898684, "sp_k_pct_vs_opp_k_rate": 0.05154024179598267, "k9_trend_5v10": 0.0, "k_pct_trend_5v10": 0.0, "era_trend_5v10": 0.0, "fip_trend_5v10": 0.0, "k_pct_x_park_hr": 0.212297270837856, "wind_x_park_hr": 7.2284, "is_cold_game": 0.0, "temp_below_60": 0.0, "sp_k_pct_trend_5v10": 0.0, "sp_k9_trend_5v10": 0.0, "k_trend_x_ump_k9": 0.0, "contact_vs_ump_zone": 0.4224147240293179, "ump_k9_x_sp_k_pct": 1.810409533518028, "ump_k9_x_opp_k_pct": 2.097684229005673, "ump_k9_x_sp_whiff_pct": 207.95330169184035, "ump_k9_x_sp_sl_whiff_pct": 271.5485318255189, "ump_k9_x_sp_k9_5": 69.72797180836767, "ump_k9_x_sp_opp_k_triple": 0.44073064867257006, "sc_barrel_x_park_hr": 8.559629764547328, "sc_hard_hit_x_fb": 12.212937816884658, "sc_exit_velo_above_avg": 1.4526380368098017, "sc_barrel_vs_k_rate": 37.77989409506186, "sc_hard_hit_vs_opp_k": 9.948392966372824, "k9_shrunk": 8.305812417812204, "k_pct_shrunk": 0.21549724248057078, "framing_hand_benefit": 0.46227709190672156, "sp_k_pct_x_opp_cv": 0.30293984582637135}