{"game_month": 5.0, "is_home": 0.0, "rest_days": 1.0, "hits_avg_5": 0.8, "hits_avg_10": 0.9, "hits_avg_20": 0.8666666666666667, "hits_sd_10": 0.8232726023485646, "hr_avg_5": 0.0, "hr_avg_10": 0.1, "hr_avg_20": 0.1, "tb_avg_5": 1.4, "tb_avg_10": 1.4, "tb_avg_20": 1.4, "tb_sd_10": 1.5670212364724212, "ab_avg_5": 3.6, "ab_avg_10": 3.6, "avg_avg_10": 0.24, "k_rate_avg_10": 0.24166666666666664, "bb_rate_avg_10": 0.075, "iso_avg_10": 0.13166666666666665, "hr_rate_avg_5": 0.0, "hr_rate_avg_10": 0.025, "hr_rate_cumul_5": 0.0, "hr_rate_cumul_10": 0.027777777777777776, "hr_rate_cumul_20": 0.028169014084507043, "n_games_prev_10": 10.0, "obp_avg_10": 0.305, "hr_any_last1": 0.0, "hr_count_last3": 0.0, "hr_games_with_hr_last5": 0.0, "bb_avg_5": 0.25, "bb_avg_10": 0.3, "bb_avg_20": 0.3333333333333333, "bb_sd_10": 0.5, "k_avg_5": 0.8, "k_avg_10": 0.8, "hits_home_avg_20": 0.875, "hits_away_avg_20": 0.875, "tb_home_avg_20": 1.375, "tb_away_avg_20": 1.3571428571428572, "hr_home_avg_20": 0.09090909090909091, "hr_away_avg_20": 0.09090909090909091, "bb_home_avg_20": 0.3333333333333333, "bb_away_avg_20": 0.3333333333333333, "opp_sp_era_5": 4.0128517823639775, "opp_sp_fip_5": 4.115808377566413, "opp_sp_k_pct_5": 0.2130338966899788, "opp_sp_k9_5": 8.219967837041008, "opp_sp_bb_pct_5": 0.07945745744930628, "opp_sp_whip_5": 1.311758831900447, "opp_sp_ip_avg_5": 5.335, "opp_sp_pitches_est": 88.0275, "opp_sp_last_start_ip": 5.33, "opp_sp_hr9_5": 1.070877944325482, "opp_sp_hr9_10": 1.08448211679919, "opp_sp_fb_velo_avg_5": 94.09052199883504, "opp_sp_fb_velo_trend_5": -0.0030597308183502037, "opp_sp_days_since_last_start": 6.0, "opp_sp_is_short_rest": 0.0, "opp_sp_era_home_10": 3.5250318771507074, "opp_sp_era_away_10": 4.2, "park_run_factor": 1.012, "park_hr_factor": 1.021, "ump_bb9_avg_10": 3.2561004743274595, "ump_k9_avg_10": 8.63762002593227, "temperature_f": 67.3, "wind_speed_mph": 7.7, "wind_sin": -0.37460659341591235, "wind_cos": -0.20791169081775934, "precip_prob_pct": 0.0, "is_dome": 0.0, "is_day_game": 0.0, "market_total": 8.5, "line_move_total": 1.0, "batting_order_avg_5": 4.6, "batting_order_avg_10": 4.6, "is_lhb_batter": 0.0, "hits_avg_40_vs_hand": 0.88, "tb_avg_40_vs_hand": 1.4166666666666667, "k_rate_avg_40_vs_hand": 0.24404761904761907, "iso_avg_40_vs_hand": 0.13817204301075267, "hr_avg_40_vs_hand": 0.1, "hits_hand_split_40": -0.08181818181818182, "tb_hand_split_40": -0.17562724014336922, "hr_hand_split_40": 0.0, "n_games_vs_lhp_40": 6.0, "n_games_vs_rhp_40": 19.0, "hits_avg_10_vs_hand": 0.875, "tb_avg_10_vs_hand": 1.3333333333333333, "hr_avg_10_vs_hand": 0.0, "hits_avg_10_vs_lhp": 1.0, "hits_avg_10_vs_rhp": 0.875, "n_games_vs_lhp_10": 2.0, "n_games_vs_rhp_10": 7.0, "n_games_prev_10_cs": 10.0, "hits_avg_10_cs": 0.9, "hits_avg_20_cs": 0.85, "tb_avg_10_cs": 1.4, "tb_avg_20_cs": 1.4, "hr_avg_10_cs": 0.1, "hr_rate_avg_10_cs": 0.025, "ab_avg_10_cs": 3.6, "k_rate_avg_10_cs": 0.24166666666666664, "bb_rate_avg_10_cs": 0.075, "iso_avg_10_cs": 0.13333333333333333, "prev_games": 107.0, "prev_hits_avg": 0.9706, "prev_tb_avg": 1.6034, "prev_hr_avg": 0.1377, "prev_ab_avg": 3.8455, "prev_k_rate": 0.2459, "prev_bb_rate": 0.06, "prev_iso": 0.1618, "prev_hr_rate": 0.0349, "h2h_games": 0.0, "h2h_ba": 0.25, "h2h_obp": 0.25, "h2h_slg": 0.3125, "h2h_k_rate": 0.25, "h2h_iso": 0.0, "h2h_hr": 0.0, "h2h_ab": 0.0, "h2h_ba_last3": 0.25, "h2h_slg_last3": 0.3, "h2h_hr_rate_last3": 0.0, "h2h_ab_last3": 0.0, "own_lineup_slg_avg_10": 0.38792329126594294, "own_lineup_iso_avg_10": 0.14272727272727273, "own_top4_slg_avg_10": 0.42814488143435514, "sc_barrel_rate": 8.56750700280112, "sc_hard_hit_pct": 41.821922626025795, "sc_avg_exit_velo": 89.49004524886878, "sc_avg_launch_angle": 13.732581967213115, "sc_sweet_spot_pct": 34.04703296703297, "sc_fb_pct": 35.683, "sc_gb_pct": 33.276305732484076, "sc_ld_pct": 100.0, "sc_xba": 0.2471406619385343, "sc_xslg": 0.415308064516129, "sc_xwoba": 0.3219953125, "sc_xiso": 0.17005925925925924, "sc_pull_pct": NaN, "sc_opposite_pct": NaN, "sc_popup_pct": NaN, "sc_brl_pa": 5.800764331210192, "sprint_speed": 27.3, "opp_sp_sc_barrel_rate": 8.402544769085768, "opp_sp_sc_hard_hit_pct": 40.87071129707113, "opp_sp_sc_avg_exit_velo": 89.40751445086705, "opp_sp_sc_gb_pct": 30.523416965352446, "opp_sp_sc_fb_pct": 33.106042654028435, "opp_sp_sc_xba": 0.24543509272467903, "opp_sp_sc_xslg": 0.4131079812206573, "opp_sp_sc_xwoba": 0.31806060606060604, "opp_sp_fb_pct": 35.2, "opp_sp_fb_hard_hit_pct": 46.1, "opp_sp_fb_xwoba": 0.348, "opp_sp_fb_run_value_per_100": -0.1, "opp_sp_fb_whiff_pct": 20.1, "opp_sp_fb_k_pct": 21.3, "opp_sp_sl_pct": 20.2, "opp_sp_sl_whiff_pct": 31.1, "opp_sp_sl_k_pct": 25.4, "opp_sp_sl_xwoba": 0.297, "opp_sp_ch_pct": 17.5, "opp_sp_ch_whiff_pct": 30.2, "opp_sp_ch_k_pct": 22.1, "opp_sp_fastball_family_pct": 45.900000000000006, "opp_sp_pitch_diversity": 0.632, "opp_sp_si_pct": 19.3, "opp_sp_si_whiff_pct": 12.2, "opp_sp_si_k_pct": 12.6, "opp_sp_si_hard_hit_pct": 46.0, "opp_sp_sl_hard_hit_pct": 40.0, "opp_sp_sl_run_value_per_100": 0.1, "opp_sp_ch_hard_hit_pct": 31.3, "opp_sp_ch_run_value_per_100": 0.2, "sc_b_oz_swing_pct": 28.9, "sc_b_iz_contact_pct": 83.6, "sc_b_oz_contact_pct": 56.1, "sc_b_disc_whiff_pct": 24.8, "sc_b_out_zone_pct": 50.9, "opp_bp_era_5": 3.6001937326926656, "opp_bp_era_10": 3.8614929641214166, "opp_bp_k9_5": 8.688039867109634, "opp_bp_ip_last_7": 21.99, "opp_bp_era_7d": 3.6991368680641186, "opp_bp_relievers_last_1d": 3.0, "opp_bp_relievers_last_2d": 5.0, "batter_n_games_at_venue": 4.0, "batter_venue_ba": 0.0, "batter_venue_hr_rate": 0.0, "batter_venue_slg": 0.0, "sp_k_pct_vs_lhb_25": 0.2558139534883721, "sp_k_pct_vs_rhb_25": 0.2537688442211055, "sp_k_pct_vs_lhb_10": 0.25742574257425743, "sp_k_pct_vs_rhb_10": 0.25161290322580643, "sp_hr_rate_vs_lhb_25": 0.03323262839879154, "sp_hr_rate_vs_rhb_25": 0.03076923076923077, "sp_hr_rate_vs_lhb_10": 0.03260869565217391, "sp_hr_rate_vs_rhb_10": 0.02926829268292683, "opp_catcher_framing_rv": 0.17405837662161816, "opp_catcher_framing_rate": 0.4722222222222222, "confirmed_batting_order": NaN, "confirmed_lineup_source": NaN, "btu_games": 2.0, "btu_ba": 0.25, "btu_k_rate": 0.25, "btu_bb_rate": 0.038461538461538464, "bvr_games_30": 30.0, "bvr_bp_games_30": 9.0, "bvr_ab_30": 32.0, "bvr_ba_30": 0.2857142857142857, "bvr_hr_rate_30": 0.034482758620689655, "bvr_slg_30": 0.4642857142857143, "bvr_k_rate_30": 0.22727272727272727, "opp_sp_lob_pct_career": 62.10191082802548, "opp_sp_lob_pct_10": 62.857142857142854, "park_babip_avg": 0.2882190701339636, "own_runs_last3": 13.0, "own_runs_avg3": 4.333333333333333, "batter_babip_10": 0.2916666666666667, "batter_babip_career": 0.2972508591065292, "babip_games_10": 10.0, "opp_team_def_der_20": 0.7238605898123325, "opp_team_def_der_career": 0.7233156305321253, "market_hits_over_price": -190.0, "market_tb_over_price": 140.0, "market_hr_over_price": 630.0, "book_line": 0.5, "season_2025-regular": 1.0, "season_2026-regular": 0.0, "hits_trend_5v10": 0.0, "hits_hot_ratio": 1.0, "hits_trend_sig": 0.0, "hits_trend_accel": 0.0, "hr_trend_5v10": 0.0, "hr_hot_ratio": 1.0, "hr_trend_accel": 0.0, "tb_trend_5v10": 0.0, "tb_hot_ratio": 1.0, "tb_trend_sig": 0.0, "tb_trend_accel": 0.0, "early_season_weight": 1.0, "hr_park_adj_10": 0.1003, "tb_park_adj_10": 1.3692, "hr_rate_cumul_trend_5v20": 0.0, "hr_rate_cumul_x_park": 0.027676470588235292, "tb_cv_10": 1.1486707293408518, "tb_power_opportunity": 0.46499999999999997, "sc_xslg_x_park": 0.41530110471204196, "sc_brl_x_ab": 20.493250773993807, "hits_vs_opp_era": 0.8256765873015874, "tb_vs_opp_fip": 1.35, "opp_bp_era_adj": -0.5998062673073346, "hits_vs_opp_bp_era": 0.749406976744186, "tb_vs_opp_bp_era": 1.1801801801801801, "opp_bp_era7_x_ip7": 81.0, "wind_x_park_hr": 7.6536, "is_cold_game": 0.0, "temp_below_60": 0.0, "bb_trend_5v10": 0.0, "bb_hot_ratio": 1.0, "bb_trend_sig": 0.0, "batter_k_trend_5v10": 0.0, "batter_k_hot_ratio": 1.0, "batter_k_rate_x_ump_k9": 2.068449432054523, "ump_bb9_x_batter_bb_rate": 0.2503530718228435,