{"is_home": 1.0, "rest_days": 1.0, "hits_avg_5": 0.8, "hits_avg_10": 0.8333333333333334, "hits_avg_20": 0.85, "hits_sd_10": 0.816496580927726, "hr_avg_5": 0.0, "hr_avg_10": 0.1, "hr_avg_20": 0.1, "tb_avg_5": 1.25, "tb_avg_10": 1.4, "tb_avg_20": 1.4, "tb_sd_10": 1.563471919941143, "ab_avg_5": 3.6, "ab_avg_10": 3.5, "avg_avg_10": 0.23833333333333329, "k_rate_avg_10": 0.24500000000000002, "bb_rate_avg_10": 0.06999999999999999, "iso_avg_10": 0.13333333333333333, "hr_rate_avg_5": 0.0, "hr_rate_avg_10": 0.025, "hr_rate_cumul_5": 0.0, "hr_rate_cumul_10": 0.027777777777777776, "hr_rate_cumul_20": 0.028985507246376812, "n_games_prev_10": 10.0, "obp_avg_10": 0.29833333333333334, "hr_any_last1": 0.0, "hr_count_last3": 0.0, "hr_games_with_hr_last5": 0.0, "bb_avg_5": 0.2, "bb_avg_10": 0.3, "bb_avg_20": 0.3, "bb_sd_10": 0.48304589153964794, "k_avg_5": 0.8, "k_avg_10": 0.8, "hits_home_avg_20": 0.8333333333333334, "hits_away_avg_20": 0.8571428571428571, "tb_home_avg_20": 1.3333333333333333, "tb_away_avg_20": 1.3636363636363635, "hr_home_avg_20": 0.09090909090909091, "hr_away_avg_20": 0.1, "bb_home_avg_20": 0.3, "bb_away_avg_20": 0.2857142857142857, "opp_sp_era_5": 4.231503046716317, "opp_sp_fip_5": 4.133932980599647, "opp_sp_k_pct_5": 0.21427242770514407, "opp_sp_k9_5": 8.25281425891182, "opp_sp_bb_pct_5": 0.0751025641025641, "opp_sp_whip_5": 1.324304376743401, "opp_sp_ip_avg_5": 5.4, "opp_sp_hr9_5": 1.1948539265612437, "opp_sp_hr9_10": 1.2127194860813704, "opp_sp_fb_velo_avg_5": 93.89615384615385, "opp_sp_fb_velo_trend_5": -0.007060397718277045, "opp_sp_days_since_last_start": 6.0, "opp_sp_is_short_rest": 0.0, "opp_sp_era_home_10": 3.7885553470919326, "opp_sp_era_away_10": 4.35536371859549, "park_run_factor": 1.006, "park_hr_factor": 1.012, "ump_bb9_avg_10": 3.124411764705882, "ump_k9_avg_10": 8.544483952647697, "temperature_f": 74.8, "wind_speed_mph": 7.1, "wind_sin": -0.19080899537654472, "wind_cos": -0.25881904510252063, "precip_prob_pct": 0.0, "is_dome": 0.0, "is_day_game": 0.0, "market_total": 8.5, "batting_order_avg_5": 5.0, "batting_order_avg_10": 5.0, "batter_hand": NaN, "opp_sp_hand": NaN, "hits_avg_40_vs_hand": NaN, "tb_avg_40_vs_hand": NaN, "k_rate_avg_40_vs_hand": NaN, "iso_avg_40_vs_hand": NaN, "hits_hand_split_40": 0.0, "tb_hand_split_40": 0.0, "n_games_vs_lhp_40": 0.0, "n_games_vs_rhp_40": 0.0, "n_games_prev_10_cs": 10.0, "hits_avg_10_cs": 0.8, "hits_avg_20_cs": 0.85, "tb_avg_10_cs": 1.4, "tb_avg_20_cs": 1.4, "hr_avg_10_cs": 0.1, "hr_rate_avg_10_cs": 0.025, "ab_avg_10_cs": 3.5, "k_rate_avg_10_cs": 0.24666666666666665, "bb_rate_avg_10_cs": 0.06999999999999999, "iso_avg_10_cs": 0.13333333333333333, "prev_games": 100.0, "prev_hits_avg": 0.9583, "prev_tb_avg": 1.5676, "prev_hr_avg": 0.1333, "prev_ab_avg": 3.825, "prev_k_rate": 0.2481, "prev_bb_rate": 0.0588, "prev_iso": 0.1585, "prev_hr_rate": 0.0341, "h2h_games": 0.0, "h2h_ba": 0.25, "h2h_obp": 0.25, "h2h_slg": 0.2857142857142857, "h2h_k_rate": 0.25, "h2h_iso": 0.0, "h2h_hr": 0.0, "h2h_ab": 0.0, "own_lineup_slg_avg_10": 0.39450727114917633, "own_lineup_iso_avg_10": 0.14851851851851855, "own_top4_slg_avg_10": 0.4374024034901317, "sc_barrel_rate": 8.12258064516129, "sc_hard_hit_pct": 40.96, "sc_avg_exit_velo": 89.20095465393794, "sc_avg_launch_angle": 13.562972972972974, "sc_sweet_spot_pct": 33.940000000000005, "sc_fb_pct": 36.79366515837104, "sc_gb_pct": 34.622372881355936, "sc_ld_pct": 100.0, "sc_xba": 0.2438270893371758, "sc_xslg": 0.4049263322884012, "sc_xwoba": 0.31670414201183433, "sc_xiso": 0.16601703577512777, "sc_pull_pct": NaN, "sc_opposite_pct": NaN, "sc_popup_pct": NaN, "sc_brl_pa": 5.567458100558659, "sprint_speed": 27.4, "opp_sp_sc_barrel_rate": 8.40810276679842, "opp_sp_sc_hard_hit_pct": 40.68431372549019, "opp_sp_sc_avg_exit_velo": 89.4, "opp_sp_sc_gb_pct": 28.922306855277473, "opp_sp_sc_fb_pct": 30.943044189852703, "opp_sp_sc_xba": 0.24594475138121547, "opp_sp_sc_xslg": 0.41729543245869777, "opp_sp_sc_xwoba": 0.3200425963488844, "opp_sp_fb_pct": 37.4, "opp_sp_fb_hard_hit_pct": 45.9, "opp_sp_fb_xwoba": 0.341, "opp_sp_fb_run_value_per_100": 0.0, "opp_sp_fb_whiff_pct": 20.6, "opp_sp_fb_k_pct": 21.9, "opp_sp_sl_pct": 22.4, "opp_sp_sl_whiff_pct": 31.4, "opp_sp_sl_k_pct": 25.6, "opp_sp_sl_xwoba": 0.294, "opp_sp_ch_pct": 18.0, "opp_sp_ch_whiff_pct": 29.6, "opp_sp_ch_k_pct": 21.2, "opp_sp_fastball_family_pct": 46.3, "opp_sp_pitch_diversity": 0.616, "opp_sp_si_pct": 21.4, "opp_sp_si_whiff_pct": 12.5, "opp_sp_si_k_pct": 13.4, "opp_sp_si_hard_hit_pct": 44.8, "opp_sp_sl_hard_hit_pct": 37.0, "opp_sp_sl_run_value_per_100": 0.1, "opp_sp_ch_hard_hit_pct": 32.3, "opp_sp_ch_run_value_per_100": 0.1, "sc_b_oz_swing_pct": 28.3, "sc_b_iz_contact_pct": 83.1, "sc_b_oz_contact_pct": 55.6, "sc_b_disc_whiff_pct": 24.9, "sc_b_out_zone_pct": 50.0, "opp_bp_era_5": 3.748314606741573, "opp_bp_era_10": 3.9385084427767354, "opp_bp_k9_5": 8.873086360753968, "opp_bp_ip_last_7": 22.0, "opp_bp_era_7d": 3.787480273540242, "season_2024-regular": 0.0, "season_2025-regular": 0.0, "season_2026-regular": 0.0, "hits_trend_5v10": 0.0, "hits_hot_ratio": 1.0, "hits_trend_sig": 0.0, "hr_trend_5v10": 0.0, "hr_hot_ratio": 1.0, "tb_trend_5v10": 0.0, "tb_hot_ratio": 1.0, "tb_trend_sig": 0.0, "hr_park_adj_10": 0.10120000000000001, "tb_park_adj_10": 1.3533, "hr_rate_cumul_trend_5v20": 0.0, "hr_rate_cumul_x_park": 0.02811111111111111, "tb_cv_10": 1.1603257334056867, "tb_power_opportunity": 0.4620000000000001, "sc_xslg_x_park": 0.4051399667318982, "sc_brl_x_ab": 19.226130653266335, "hits_vs_opp_era": 0.8551763710223426, "tb_vs_opp_fip": 1.3475000000000001, "opp_bp_era_adj": -0.45168539325842705, "hits_vs_opp_bp_era": 0.7454549515343727, "tb_vs_opp_bp_era": 1.184749759140003, "opp_bp_era7_x_ip7": 81.0, "wind_x_park_hr": 7.052800000000001, "is_cold_game": 0.0, "temp_below_60": 0.0, "bb_trend_5v10": 0.0, "bb_hot_ratio": 1.0, "bb_trend_sig": 0.0, "ump_bb9_x_batter_bb_rate": 0.21855114773396117, "ump_bb9_x_bb_avg_10": 0.8850857312622018, "is_top_of_order": 0.0, "is_cleanup": 0.0, "hits_cs_delta": 0.0, "tb_cs_delta": 0.0, "hr_cs_delta": 0.0, "hits_cs_vs_prev": 0.0, "tb_cs_vs_prev": 0.0, "hits_vs_hand_weighted": 0.0, "tb_vs_hand_weighted": 0.0, "k_rate_vs_hand_weighted": 0.0, "iso_vs_hand_weighted": 0.0, "hits_hand_split_weighted": 0.0, "tb_hand_split_weighted": 0.0, "h2h_reliability": 0.0, "h2h_ops": 0.0, "h2h_ba_weighted": 0.0, "h2h_ops_weighted": 0.0, "h2h_k_rate_weighted": 0.0, "h2h_iso_weighted": 0.0, "h2h_ops_delta": 0.0, "h2h_k_rate_delta": 0.0, "h2h_has_history": 0.0, "h2h_hr_rate": 0.0, "h2h_hr_rate_weighted": 0.0, "h2h_hr_vs_baseline": 0.0, "hits_venue_adj": 0.8461538461538461, "hits_home_away_split": 0.0, "tb_venue_adj": 1.3333333333333333, "tb_home_away_split": -0.010101010101010166, "hr_venue_adj": 0.1, "hr_home_away_split": 0.0, "bb_venue_adj": 0.2857142857142857, "bb_home_away_split": 0.0, "sc_barrel_x_park_hr": 8.186699999999998, "sc_hard_hit_x_fb": 15.104181257303255, "sc_exit_velo_above_avg": 1.2009546539379414, "sc_xslg_vs_iso": 0.2671259842519685, "sc_xwoba_vs_avg": 0.07922580645161295, "sc_xiso_park_adj": 0.16327497560975607, "sc_sweet_spot_x_velo": 1.454700000000002, "sc_barrel_matchup": -0.244517601043027, "sc_hard_hit_matchup": 0.428483590102438, "opp_sp_gb_tendency": 0.28922306855277474, "sc_hittability_combo": 0.6354011278195488, "sc_barrel_x_opp_fb": 5.158158458691731, "sc_hard_hit_x_opp": 0.16285721933085498, "sc_xslg_x_opp_xwoba": 0.1288484537308136, "sc_xwoba_x_opp_xwoba": 0.10059393679969786, "opp_sp_hr9_vs_avg": 0.1100000000000001, "fb_x_opp_hr9": 0.441243676854195, "barrel_x_opp_hr9": 8.440380216221863, "xiso_x_opp_hr9": 0.17752943877551022, "fb_batter_x_pitcher_fb": 0.12812688505155612, "hr_rate_cumul_x_opp_hr9": 0.022727272727272728, "opp_sp_fb_velo_decline": 0.0, "opp_sp_fb_velo_trend_clipped": 0.0, "opp_sp_fb_velo_vs_league": 0.2157871621621723, "opp_sp_velo_decline_x_barrel": 0.0, "opp_sp_velo_decline_x_hr9": 0.0, "sc_in_hr_la_zone": 0.0, "sc_la_ev_composite": 0.0, "hr_streak_score": 0.0,