{"is_home": 1.0, "ip_avg_5": 5.466, "k_pct_5": 0.21296395743853372, "k9_5": 8.219433291417415, "era_5": 4.106548665664308, "whip_5": 1.3222222222222222, "fip_5": 4.143547498199508, "bb_pct_5": 0.07856757561099316, "hr9_5": 1.125703564727955, "k_pct_10": 0.21457458787902678, "k9_10": 8.260178733882306, "era_10": 4.175963718820862, "whip_10": 1.3223963838062716, "fip_10": 4.13685628317481, "starts_in_window_5": 5.0, "starts_in_window_10": 7.0, "last_start_k": 5.0, "last_start_ip": 5.67, "last_start_bb": 2.0, "sp_days_since_last_start": 6.0, "is_short_rest": 0.0, "era_home_10": 3.6, "era_away_10": 4.257307656570977, "k9_home_10": 8.3696382536783, "k9_away_10": 7.91257134734618, "fip_home_10": 3.8090525328330207, "fip_away_10": 4.169339810882873, "opp_k_pct_avg_10": 0.24599653229540977, "opp_k_pct_avg_5": 0.24466661305670598, "opp_bb_pct_avg_10": 0.08690817440817442, "opp_avg_avg_10": 0.23930009591150112, "opp_hr_avg_10": 1.1, "opp_iso_avg_10": 0.14634902823114398, "opp_slg_avg_10": 0.3853849846390168, "opp_lineup_k_pct_std": 0.10664583129843067, "opp_lineup_k_pct_cv": 0.43266156305537173, "opp_lineup_pct_lhb": 0.36363636363636365, "park_run_factor": 1.006, "park_hr_factor": 1.012, "ump_k9_avg_10": 8.560174467940666, "ump_bb9_avg_10": 3.3031913154366803, "temperature_f": 70.8, "wind_speed_mph": 7.6, "wind_sin": -0.35836794954530043, "wind_cos": -0.1736481776669303, "precip_prob_pct": 0.0, "is_dome": 0.0, "is_day_game": 0.0, "market_total": 8.5, "line_move_total": 1.0, "opp_lineup_avg_avg_10": 0.2378703703703704, "opp_lineup_iso_avg_10": 0.14450000000000002, "opp_top4_slg_avg_10": 0.43710480667002405, "sc_barrel_rate": 8.5, "sc_hard_hit_pct": 40.77405660377359, "sc_avg_exit_velo": 89.44965034965034, "sc_gb_pct": 27.8669164882227, "sc_fb_pct": 30.230033003300328, "sc_xba": 0.24424475524475525, "sc_xslg": 0.414520202020202, "sc_xwoba": 0.31736956521739135, "sc_sp_fb_whiff_pct": 20.0, "sc_sp_fb_k_pct": 20.8, "sc_sp_fb_put_away": 17.0, "sc_sp_sl_pct": 18.1, "sc_sp_sl_whiff_pct": 31.9, "sc_sp_sl_k_pct": 25.9, "sc_sp_sl_run_value_per_100": 0.1, "sc_sp_ch_pct": 16.8, "sc_sp_ch_whiff_pct": 29.6, "sc_sp_ch_k_pct": 21.5, "sc_sp_fb_pct": 33.6, "sc_sp_fb_hard_hit_pct": 45.9, "sc_sp_fb_xwoba": 0.35, "sc_sp_fb_run_value_per_100": 0.0, "sc_sp_si_pct": 18.7, "sc_sp_si_whiff_pct": 12.2, "sc_sp_si_k_pct": 12.5, "sc_sp_si_hard_hit_pct": 45.0, "sc_sp_fastball_family_pct": 46.1, "sc_sp_pitch_diversity": 0.638, "sc_sp_oz_swing_pct": 29.2, "sc_sp_iz_contact_pct": 84.4, "sc_sp_oz_contact_pct": 57.9, "sc_sp_disc_whiff_pct": 24.1, "catcher_framing_rv": 0.1904667405002518, "catcher_framing_rate": 0.4749763928234183, "sp_fb_velo_avg_5": 94.12006786823329, "sp_fb_velo_trend_5": 0.03937446663255173, "venue_n_starts": 5.0, "venue_era": 3.960674994906071, "venue_k9": 8.9, "venue_fip": 3.8186525564290132, "sp_k_pct_vs_lhb_25": 0.25796178343949044, "sp_k_pct_vs_rhb_25": 0.2548330404217926, "sp_k_pct_vs_lhb_10": 0.2558139534883721, "sp_k_pct_vs_rhb_10": 0.25, "sp_hr_rate_vs_lhb_25": 0.03347280334728033, "sp_hr_rate_vs_rhb_25": 0.030592734225621414, "sp_hr_rate_vs_lhb_10": 0.03289473684210526, "sp_hr_rate_vs_rhb_10": 0.02824858757062147, "svt_games": 1.0, "svt_era": 3.4615384615384617, "svt_k9": 8.434864104967199, "svt_k_pct": 0.4375, "svt_era_last3": 3.453806882332728, "svt_k9_last3": 8.440797650430252, "sp_lob_pct_career": 62.21198156682028, "sp_lob_pct_10": 63.38028169014085, "park_babip_avg": 0.28616368968275213, "opp_runs_last3": 13.0, "opp_runs_avg3": 4.333333333333333, "opp_runs_last5": 22.0, "sp_babip_against_10": 0.2737430167597765, "sp_babip_against_career": 0.2758169934640523, "sp_babip_starts_10": 10.0, "sp_k_pct_last2": 0.20930232558139536, "opp_team_der_20": 0.7246891651865008, "opp_team_der_career": 0.7234582952351925, "market_k_line": 4.5, "book_line": 4.5, "season_2025-regular": 0.0, "season_2026-regular": 1.0, "sc_xslg_x_park": 0.41116701902748415, "sp_k_pct_vs_opp_k_rate": 0.05208849023467246, "opp_team_k_trend_5v10": -9.399747977095751e-05, "k9_trend_5v10": 0.0, "k_pct_trend_5v10": 0.0, "era_trend_5v10": 0.0, "fip_trend_5v10": 0.0, "sp_era_fip_gap": -0.02812938453282321, "sp_k_bb_ratio_5": 2.6422105008459167, "sp_vs_team_reliability": 0.2, "sp_vs_team_has_history": 0.0, "sp_vs_team_era_adj": 0.45, "sp_vs_team_era_delta": 0.0, "sp_vs_team_k9_adj": 1.5, "sp_vs_team_k9_delta": 0.0, "k_pct_x_park_hr": 0.2137378510446012, "wind_x_park_hr": 7.57395, "is_cold_game": 0.0, "temp_below_60": 0.0, "sp_k_pct_trend_5v10": 0.0, "sp_k9_trend_5v10": 0.0, "k_trend_x_ump_k9": 0.0, "contact_vs_ump_zone": 0.425352058786258, "ump_k9_x_sp_k_pct": 1.815462233983311, "ump_k9_x_opp_k_pct": 2.097436646773742, "ump_k9_x_sp_whiff_pct": 206.64424465637634, "ump_k9_x_sp_sl_whiff_pct": 270.0426830380608, "ump_k9_x_sp_k9_5": 70.09395622186483, "ump_k9_x_sp_opp_k_triple": 0.44649985189613645, "sp_lob_pct_filled": 62.21198156682028, "sp_lob_vs_avg": -8.788018433179722, "sp_lob_trend": 0.0, "sp_lob_era_quality": 0.9619058713886292, "sp_lob_luck_flag": 0.0, "park_babip_factor": 0.28616368968275213, "park_babip_vs_avg": -0.008836310317247853, "opp_runs_last3_filled": 13.0, "opp_hot_offense_flag": 0.0, "opp_cold_offense_flag": 0.0, "opp_runs_last3_vs_avg": 1.0, "sp_babip_against_10_filled": 0.2737430167597765, "sp_babip_vs_avg": -0.02125698324022346, "sp_babip_unlucky_flag": 0.0, "sp_babip_lucky_flag": 0.0, "sp_babip_against_career_filled": 0.2758169934640523, "sp_babip_trend": 0.0, "sp_k_pct_last2_filled": 0.20930232558139536, "sp_k_pct_last2_vs_5": -0.0020703346514207854, "sp_k_trending_up": 0.0, "sp_k_trending_down": 0.0, "opp_der_20_filled": 0.7246891651865008, "opp_der_vs_avg": 0.01968916518650088, "opp_good_defense": 1.0, "opp_poor_defense": 0.0, "line_move_total_filled": 1.0, "line_moved_up": 1.0, "line_moved_down": 0.0, "line_move_abs": 1.0, "market_k_line_filled": 4.5, "market_k_line_vs_avg": 0.0, "market_k_line_known": 1.0, "sc_barrel_x_park_hr": 8.475456716417911, "sc_hard_hit_x_fb": 12.228363329066537, "sc_exit_velo_above_avg": 1.4496503496503408, "sc_barrel_vs_k_rate": 37.52085322042413, "sc_hard_hit_vs_opp_k": 9.926244354971862, "sp_days_from_optimal_rest": 2.0, "sp_is_extended_rest": 0.0, "cold_x_sp_sl_pct": 0.0, "cold_x_sp_offspeed_pct": 0.0, "k9_shrunk": 8.342285714285714, "k_pct_shrunk": 0.21613581894092126, "expected_k_from_ip": 4.96237176338331, "framing_hand_benefit": 0.46586345381526106, "sp_k_pct_x_opp_cv": 0.3051231546853011, "venue_k9_adj": 8.556961675056547, "venue_k9_delta": 0.0, "venue_era_adj": 4.101972466243645, "venue_era_delta": 0.0, "venue_fip_adj": 4.045607988619049, "last_start_dominated": 0.0, "last_start_blowup": 0.0, "last_start_k9": 7.936507936507937, "last_start_k_bb": 1.75, "framing_x_sp_edge_work": 0.0, "framing_x_ump_k9": 0.0, "sp_k_split_advantage": 0.004482287860733458, "sp_k_split_trend_lhb": 0.0, "sp_k_split_trend_rhb": 0.0, "lineup_lhb_pct_x_sp_lhb_adv": 0.0011666820177458474, "opp_sp_hr_rate_split": 0.0029857251825215203, "warm_x_barrel": 0.31992108508014677, "warm_x_park_hr": 0.04011999999999985, "high_total_flag": 0.0, "pitcher_hand_L": 0.0, "pitcher_hand_R": 1.0, "pitcher_hand_nan": 0.0}