{"is_home": 1.0, "ip_avg_5": 5.468, "k_pct_5": 0.21129375902282474, "k9_5": 8.074285714285715, "era_5": 3.9771428571428573, "whip_5": 1.316966670588083, "fip_5": 4.1156084656084655, "bb_pct_5": 0.07813852813852813, "hr9_5": 1.1228472451336193, "k_pct_10": 0.2130605382389275, "k9_10": 8.142857142857142, "era_10": 4.125, "whip_10": 1.3254219573699957, "fip_10": 4.143547498199508, "starts_in_window_5": 5.0, "starts_in_window_10": 6.0, "last_start_k": 5.0, "last_start_ip": 5.67, "last_start_bb": 2.0, "sp_days_since_last_start": 6.0, "is_short_rest": 0.0, "era_home_10": 3.3728932584269664, "era_away_10": 4.275, "k9_home_10": 8.220238095238095, "k9_away_10": 7.761904761904762, "fip_home_10": 3.8710758377425045, "fip_away_10": 4.1153439153439155, "opp_k_pct_avg_10": 0.24599653229540977, "opp_bb_pct_avg_10": 0.08573586801244504, "opp_avg_avg_10": 0.2400847069597069, "opp_hr_avg_10": 1.0, "opp_iso_avg_10": 0.14213792700988442, "opp_slg_avg_10": 0.38269720791542416, "park_run_factor": 1.006, "park_hr_factor": 1.012, "ump_k9_avg_10": 8.57643997759983, "ump_bb9_avg_10": 3.2185799927576086, "temperature_f": 68.8, "wind_speed_mph": 7.0, "wind_sin": -0.32556815445715676, "wind_cos": -0.25881904510252063, "precip_prob_pct": 0.0, "is_dome": 0.0, "is_day_game": 0.0, "market_total": 8.5, "pitcher_hand": NaN, "opp_lineup_avg_avg_10": 0.23807142857142857, "opp_lineup_iso_avg_10": 0.1416883116883117, "opp_top4_slg_avg_10": 0.43670464492832917, "sc_barrel_rate": 9.0, "sc_hard_hit_pct": 41.7, "sc_avg_exit_velo": 89.7, "sc_gb_pct": 20.5, "sc_fb_pct": 21.9, "sc_xba": 0.247, "sc_xslg": 0.416, "sc_xwoba": 0.32, "sc_sp_fb_whiff_pct": 20.6, "sc_sp_fb_k_pct": 21.6, "sc_sp_fb_put_away": 16.9, "sc_sp_sl_pct": 19.5, "sc_sp_sl_whiff_pct": 31.7, "sc_sp_sl_k_pct": 24.2, "sc_sp_sl_run_value_per_100": 0.1, "sc_sp_ch_pct": 17.0, "sc_sp_ch_whiff_pct": 29.3, "sc_sp_ch_k_pct": 21.3, "sc_sp_fb_pct": 35.9, "sc_sp_fb_hard_hit_pct": 46.6, "sc_sp_fb_xwoba": 0.346, "sc_sp_fb_run_value_per_100": -0.2, "sc_sp_si_pct": 19.55, "sc_sp_si_whiff_pct": 12.5, "sc_sp_si_k_pct": 13.7, "sc_sp_si_hard_hit_pct": 46.25, "sc_sp_fastball_family_pct": 46.0, "sc_sp_pitch_diversity": 0.62, "sc_sp_oz_swing_pct": 28.6, "sc_sp_iz_contact_pct": 83.8, "sc_sp_oz_contact_pct": 56.8, "sc_sp_disc_whiff_pct": 24.2, "catcher_framing_rv": 0.156834470147432, "catcher_framing_rate": 0.4716981132075472, "book_line": 4.5, "season_2025-regular": 1.0, "season_2026-regular": 0.0, "sc_xslg_x_park": 0.417588, "sp_k_pct_vs_opp_k_rate": 0.05145337212825717, "k9_trend_5v10": 0.0, "k_pct_trend_5v10": 0.0, "era_trend_5v10": 0.0, "fip_trend_5v10": 0.0, "k_pct_x_park_hr": 0.21227360087722724, "wind_x_park_hr": 6.886400000000001, "is_cold_game": 0.0, "temp_below_60": 0.0, "ump_k9_x_sp_k_pct": 1.8078773823867904, "ump_k9_x_opp_k_pct": 2.0988478068632817, "sc_barrel_x_park_hr": 8.7513, "sc_hard_hit_x_fb": 9.4242, "sc_exit_velo_above_avg": 1.7000000000000028, "sc_barrel_vs_k_rate": 39.47310583875725, "sc_hard_hit_vs_opp_k": 10.198839799659345}