{"game_month": 5.0, "is_home": 0.0, "rest_days": 1.0, "hits_avg_5": 0.8, "hits_avg_10": 0.9, "hits_avg_20": 0.8571428571428571, "hits_sd_10": 0.8232726023485646, "hr_avg_5": 0.0, "hr_avg_10": 0.1, "hr_avg_20": 0.1, "tb_avg_5": 1.4, "tb_avg_10": 1.4, "tb_avg_20": 1.4, "tb_sd_10": 1.5670212364724212, "ab_avg_5": 3.6, "ab_avg_10": 3.6, "avg_avg_10": 0.24, "k_rate_avg_10": 0.23809523809523808, "bb_rate_avg_10": 0.075, "iso_avg_10": 0.13333333333333333, "hr_rate_avg_5": 0.0, "hr_rate_avg_10": 0.025, "hr_rate_cumul_5": 0.0, "hr_rate_cumul_10": 0.027777777777777776, "hr_rate_cumul_20": 0.02857142857142857, "n_games_prev_10": 10.0, "obp_avg_10": 0.30500000000000005, "hr_any_last1": 0.0, "hr_count_last3": 0.0, "hr_games_with_hr_last5": 0.0, "bb_avg_5": 0.25, "bb_avg_10": 0.3, "bb_avg_20": 0.35, "bb_sd_10": 0.4879500364742666, "k_avg_5": 0.8, "k_avg_10": 0.8, "hits_home_avg_20": 0.875, "hits_away_avg_20": 0.8888888888888888, "tb_home_avg_20": 1.375, "tb_away_avg_20": 1.375, "hr_home_avg_20": 0.1, "hr_away_avg_20": 0.1, "bb_home_avg_20": 0.3333333333333333, "bb_away_avg_20": 0.3333333333333333, "opp_sp_era_5": 4.124951088648556, "opp_sp_fip_5": 4.13685628317481, "opp_sp_k_pct_5": 0.21185351960697849, "opp_sp_k9_5": 8.239682539682539, "opp_sp_bb_pct_5": 0.08058385409499769, "opp_sp_whip_5": 1.3230447601179307, "opp_sp_ip_avg_5": 5.334, "opp_sp_pitches_est": 88.011, "opp_sp_last_start_ip": 5.33, "opp_sp_hr9_5": 1.08, "opp_sp_hr9_10": 1.0708756316025851, "opp_sp_fb_velo_avg_5": 94.16406864150343, "opp_sp_fb_velo_trend_5": -0.008078747628061933, "opp_sp_days_since_last_start": 6.0, "opp_sp_is_short_rest": 0.0, "opp_sp_era_home_10": 3.6, "opp_sp_era_away_10": 4.240792291220557, "park_run_factor": 1.006, "park_hr_factor": 1.012, "ump_bb9_avg_10": 3.3403992419425164, "ump_k9_avg_10": 8.60300573550265, "temperature_f": 68.2, "wind_speed_mph": 8.1, "wind_sin": -0.4067366430758002, "wind_cos": -0.10452846326765336, "precip_prob_pct": 0.0, "is_dome": 0.0, "is_day_game": 0.0, "market_total": 8.5, "line_move_total": 1.0, "batting_order_avg_5": 4.6, "batting_order_avg_10": 4.5, "is_lhb_batter": 0.0, "hits_avg_40_vs_hand": 0.8823529411764706, "tb_avg_40_vs_hand": 1.4230769230769231, "k_rate_avg_40_vs_hand": 0.2419191919191919, "iso_avg_40_vs_hand": 0.14285714285714285, "hr_avg_40_vs_hand": 0.1, "hits_hand_split_40": -0.056451612903225805, "tb_hand_split_40": -0.11666666666666667, "hr_hand_split_40": 0.0, "n_games_vs_lhp_40": 8.0, "n_games_vs_rhp_40": 23.0, "hits_avg_10_vs_hand": 0.875, "tb_avg_10_vs_hand": 1.3333333333333333, "hr_avg_10_vs_hand": 0.0, "hits_avg_10_vs_lhp": 1.0, "hits_avg_10_vs_rhp": 0.8571428571428571, "n_games_vs_lhp_10": 2.0, "n_games_vs_rhp_10": 7.0, "n_games_prev_10_cs": 10.0, "hits_avg_10_cs": 0.9, "hits_avg_20_cs": 0.85, "tb_avg_10_cs": 1.4, "tb_avg_20_cs": 1.4, "hr_avg_10_cs": 0.1, "hr_rate_avg_10_cs": 0.025, "ab_avg_10_cs": 3.6, "k_rate_avg_10_cs": 0.24, "bb_rate_avg_10_cs": 0.075, "iso_avg_10_cs": 0.13333333333333333, "prev_games": 108.0, "prev_hits_avg": 0.9742, "prev_tb_avg": 1.6065, "prev_hr_avg": 0.1373, "prev_ab_avg": 3.8482, "prev_k_rate": 0.246, "prev_bb_rate": 0.0607, "prev_iso": 0.1627, "prev_hr_rate": 0.0346, "h2h_games": 0.0, "h2h_ba": 0.25, "h2h_obp": 0.28, "h2h_slg": 0.3333333333333333, "h2h_k_rate": 0.25, "h2h_iso": 0.0, "h2h_hr": 0.0, "h2h_ab": 0.0, "h2h_ba_last3": 0.25, "h2h_slg_last3": 0.3333333333333333, "h2h_hr_rate_last3": 0.0, "h2h_ab_last3": 0.0, "own_lineup_slg_avg_10": 0.38892099548091585, "own_lineup_iso_avg_10": 0.14425925925925925, "own_top4_slg_avg_10": 0.4298438975212431, "sc_barrel_rate": 8.469137466307279, "sc_hard_hit_pct": 41.61701863354037, "sc_avg_exit_velo": 89.39172661870504, "sc_avg_launch_angle": 13.792718446601942, "sc_sweet_spot_pct": 34.097313182199834, "sc_fb_pct": 36.449593495934955, "sc_gb_pct": 34.163740458015276, "sc_ld_pct": 100.0, "sc_xba": 0.24776371780515116, "sc_xslg": 0.41600000000000004, "sc_xwoba": 0.3229574961360124, "sc_xiso": 0.1692151260504202, "sc_pull_pct": NaN, "sc_opposite_pct": NaN, "sc_popup_pct": NaN, "sc_brl_pa": 5.7305882352941175, "sprint_speed": 27.3, "opp_sp_sc_barrel_rate": 8.35645311049211, "opp_sp_sc_hard_hit_pct": 40.64404255319149, "opp_sp_sc_avg_exit_velo": 89.38558467741936, "opp_sp_sc_gb_pct": 31.4, "opp_sp_sc_fb_pct": 34.01061224489796, "opp_sp_sc_xba": 0.24537912087912092, "opp_sp_sc_xslg": 0.4125186846038864, "opp_sp_sc_xwoba": 0.31806060606060604, "opp_sp_fb_pct": 33.4, "opp_sp_fb_hard_hit_pct": 45.9, "opp_sp_fb_xwoba": 0.351, "opp_sp_fb_run_value_per_100": -0.1, "opp_sp_fb_whiff_pct": 19.9, "opp_sp_fb_k_pct": 20.8, "opp_sp_sl_pct": 20.0, "opp_sp_sl_whiff_pct": 31.7, "opp_sp_sl_k_pct": 25.8, "opp_sp_sl_xwoba": 0.298, "opp_sp_ch_pct": 18.0, "opp_sp_ch_whiff_pct": 30.6, "opp_sp_ch_k_pct": 22.5, "opp_sp_fastball_family_pct": 45.900000000000006, "opp_sp_pitch_diversity": 0.642, "opp_sp_si_pct": 19.3, "opp_sp_si_whiff_pct": 12.1, "opp_sp_si_k_pct": 11.8, "opp_sp_si_hard_hit_pct": 44.6, "opp_sp_sl_hard_hit_pct": 40.0, "opp_sp_sl_run_value_per_100": 0.3, "opp_sp_ch_hard_hit_pct": 30.4, "opp_sp_ch_run_value_per_100": 0.3, "sc_b_oz_swing_pct": 29.0, "sc_b_iz_contact_pct": 83.8, "sc_b_oz_contact_pct": 56.8, "sc_b_disc_whiff_pct": 24.8, "sc_b_out_zone_pct": 51.6, "opp_bp_era_5": 3.568384851917786, "opp_bp_era_10": 3.7909630533608736, "opp_bp_k9_5": 8.482632591817993, "opp_bp_ip_last_7": 22.33, "opp_bp_era_7d": 3.6014405762304924, "opp_bp_relievers_last_1d": 3.0, "opp_bp_relievers_last_2d": 5.0, "batter_n_games_at_venue": 4.0, "batter_venue_ba": 0.0, "batter_venue_hr_rate": 0.0, "batter_venue_slg": 0.0, "sp_k_pct_vs_lhb_25": 0.2580131497842614, "sp_k_pct_vs_rhb_25": 0.2540415704387991, "sp_k_pct_vs_lhb_10": 0.25742574257425743, "sp_k_pct_vs_rhb_10": 0.25165562913907286, "sp_hr_rate_vs_lhb_25": 0.03333333333333333, "sp_hr_rate_vs_rhb_25": 0.031088082901554404, "sp_hr_rate_vs_lhb_10": 0.03289473684210526, "sp_hr_rate_vs_rhb_10": 0.028169014084507043, "opp_catcher_framing_rv": 0.3463098519858052, "opp_catcher_framing_rate": 0.47416413373860183, "confirmed_batting_order": NaN, "confirmed_lineup_source": NaN, "btu_games": 2.0, "btu_ba": 0.25, "btu_k_rate": 0.25, "btu_bb_rate": 0.05555555555555555, "bvr_games_30": 30.0, "bvr_bp_games_30": 9.0, "bvr_ab_30": 32.0, "bvr_ba_30": 0.2857142857142857, "bvr_hr_rate_30": 0.034482758620689655, "bvr_slg_30": 0.46153846153846156, "bvr_k_rate_30": 0.2222222222222222, "opp_sp_lob_pct_career": 61.81818181818182, "opp_sp_lob_pct_10": 62.82051282051282, "park_babip_avg": 0.2882190701339636, "own_runs_last3": 13.0, "own_runs_avg3": 4.333333333333333, "batter_babip_10": 0.2916666666666667, "batter_babip_career": 0.2972972972972973, "babip_games_10": 10.0, "opp_team_def_der_20": 0.7246376811594203, "opp_team_def_der_career": 0.7231287503947784, "market_hits_over_price": -190.0, "market_tb_over_price": 135.0, "market_hr_over_price": 680.0, "book_line": 1.5, "season_2025-regular": 0.0, "season_2026-regular": 1.0, "hits_trend_5v10": 0.0, "hits_hot_ratio": 1.0, "hits_trend_sig": 0.0, "hits_trend_accel": 0.0, "hr_trend_5v10": 0.0, "hr_hot_ratio": 1.0, "hr_trend_accel": 0.0, "tb_trend_5v10": 0.0, "tb_hot_ratio": 1.0, "tb_trend_sig": 0.0, "tb_trend_accel": 0.03529411764705881, "early_season_weight": 1.0, "hr_park_adj_10": 0.10120000000000001, "tb_park_adj_10": 1.3734, "hr_rate_cumul_trend_5v20": 0.0, "hr_rate_cumul_x_park": 0.027973684210526314, "tb_cv_10": 1.1495647062287127, "tb_power_opportunity": 0.4733333333333333, "sc_xslg_x_park": 0.41649258921161825, "sc_brl_x_ab": 20.383614457831325, "hits_vs_opp_era": 0.8492936388948383, "tb_vs_opp_fip": 1.3730533964680307, "opp_bp_era_adj": -0.6316151480822141, "hits_vs_opp_bp_era": 0.7383445971852298, "tb_vs_opp_bp_era": 1.1649812414733969, "opp_bp_era7_x_ip7": 81.0, "wind_x_park_hr": 7.934400000000001, "is_cold_game": 0.0, "temp_below_60": 0.0, "bb_trend_5v10": 0.0, "bb_hot_ratio": 1.0, "bb_trend_sig": 0.0, "batter_k_trend_5v10": 0.0, "batter_k_hot_ratio": 1.0, "batter_k_rate_x_ump_k9": 2.041989906478236,