{"is_home": 1.0, "ip_avg_5": 5.466, "k_pct_5": 0.2122766122766123, "k9_5": 8.15, "era_5": 3.9873015873015873, "whip_5": 1.3157043879907622, "fip_5": 4.099844388399253, "bb_pct_5": 0.07875612652215654, "hr9_5": 1.0885516331243814, "k_pct_10": 0.2132084305287539, "k9_10": 8.188904999420021, "era_10": 4.08984126984127, "whip_10": 1.3222222222222222, "fip_10": 4.125970051579495, "starts_in_window_5": 5.0, "starts_in_window_10": 6.0, "last_start_k": 5.0, "last_start_ip": 5.67, "last_start_bb": 2.0, "sp_days_since_last_start": 6.0, "is_short_rest": 0.0, "era_home_10": 3.4107993680798545, "era_away_10": 4.242857142857143, "k9_home_10": 8.27136258660508, "k9_away_10": 7.776322912181184, "fip_home_10": 3.812781425891182, "fip_away_10": 4.114285714285714, "opp_k_pct_avg_10": 0.2448611488051143, "opp_bb_pct_avg_10": 0.08725383070651613, "opp_avg_avg_10": 0.24093352253181974, "opp_hr_avg_10": 1.1, "opp_iso_avg_10": 0.14383876742776336, "opp_slg_avg_10": 0.3847150383141762, "opp_lineup_k_pct_std": 0.10632794889420834, "opp_lineup_k_pct_cv": 0.4298413213912223, "park_run_factor": 1.006, "park_hr_factor": 1.012, "ump_k9_avg_10": 8.576801941334177, "ump_bb9_avg_10": 3.23919408296966, "temperature_f": 68.5, "wind_speed_mph": 7.3, "wind_sin": -0.374606593415912, "wind_cos": -0.22495105434386525, "precip_prob_pct": 0.0, "is_dome": 0.0, "is_day_game": 0.0, "market_total": 8.5, "pitcher_hand": NaN, "opp_lineup_avg_avg_10": 0.23949999999999996, "opp_lineup_iso_avg_10": 0.1435185185185185, "opp_top4_slg_avg_10": 0.43907650614967686, "sc_barrel_rate": 8.472280334728033, "sc_hard_hit_pct": 40.85915966386554, "sc_avg_exit_velo": 89.45207207207206, "sc_gb_pct": 28.752017448200654, "sc_fb_pct": 30.743092105263162, "sc_xba": 0.24511839530332682, "sc_xslg": 0.4147372781065089, "sc_xwoba": 0.31715857988165685, "sc_sp_fb_whiff_pct": 20.5, "sc_sp_fb_k_pct": 21.5, "sc_sp_fb_put_away": 17.1, "sc_sp_sl_pct": 20.2, "sc_sp_sl_whiff_pct": 31.9, "sc_sp_sl_k_pct": 24.7, "sc_sp_sl_run_value_per_100": 0.1, "sc_sp_ch_pct": 18.0, "sc_sp_ch_whiff_pct": 29.8, "sc_sp_ch_k_pct": 22.6, "sc_sp_fb_pct": 35.3, "sc_sp_fb_hard_hit_pct": 46.6, "sc_sp_fb_xwoba": 0.347, "sc_sp_fb_run_value_per_100": -0.1, "sc_sp_si_pct": 19.5, "sc_sp_si_whiff_pct": 12.2, "sc_sp_si_k_pct": 13.4, "sc_sp_si_hard_hit_pct": 46.2, "sc_sp_fastball_family_pct": 46.2, "sc_sp_pitch_diversity": 0.626, "sc_sp_oz_swing_pct": 28.8, "sc_sp_iz_contact_pct": 83.8, "sc_sp_oz_contact_pct": 57.1, "sc_sp_disc_whiff_pct": 24.2, "catcher_framing_rv": 0.2093357494948196, "catcher_framing_rate": 0.4722222222222222, "book_line": 4.5, "season_2025-regular": 1.0, "season_2026-regular": 0.0, "sc_xslg_x_park": 0.41301890748898684, "sp_k_pct_vs_opp_k_rate": 0.051769787087533665, "k9_trend_5v10": 0.0, "k_pct_trend_5v10": 0.0, "era_trend_5v10": 0.0, "fip_trend_5v10": 0.0, "k_pct_x_park_hr": 0.21303275516113124, "wind_x_park_hr": 7.1431000000000004, "is_cold_game": 0.0, "temp_below_60": 0.0, "sp_k_pct_trend_5v10": 0.0, "sp_k9_trend_5v10": 0.0, "k_trend_x_ump_k9": 0.0, "ump_k9_x_sp_k_pct": 1.817916977258034, "ump_k9_x_opp_k_pct": 2.0941726194779555, "ump_k9_x_sp_whiff_pct": 207.51679500051932, "ump_k9_x_sp_sl_whiff_pct": 271.8655634102631, "ump_k9_x_sp_k9_5": 69.9842979614829, "ump_k9_x_sp_opp_k_triple": 0.443158004368488, "sc_barrel_x_park_hr": 8.548230089374378, "sc_hard_hit_x_fb": 12.199763808012538, "sc_exit_velo_above_avg": 1.4520720720720561, "sc_barrel_vs_k_rate": 37.63917242570875, "sc_hard_hit_vs_opp_k": 9.921531492778204, "k9_shrunk": 8.312755999457186, "k_pct_shrunk": 0.21590150312602874, "framing_hand_benefit": 0.46402877697841727, "sp_k_pct_x_opp_cv": 0.3048398197277314}