{"is_home": 1.0, "ip_avg_5": 5.466, "k_pct_5": 0.2122022322172247, "k9_5": 8.13, "era_5": 3.9803374708963486, "whip_5": 1.3137103546859645, "fip_5": 4.106581069654746, "bb_pct_5": 0.07875612652215654, "hr9_5": 1.1, "k_pct_10": 0.2132084305287539, "k9_10": 8.17276971606099, "era_10": 4.1072700492870755, "whip_10": 1.3211991434689507, "fip_10": 4.128462629418108, "starts_in_window_5": 5.0, "starts_in_window_10": 6.0, "last_start_k": 5.0, "last_start_ip": 5.67, "last_start_bb": 2.0, "sp_days_since_last_start": 6.0, "is_short_rest": 0.0, "era_home_10": 3.436059367461806, "era_away_10": 4.242857142857143, "k9_home_10": 8.252110694183866, "k9_away_10": 7.757043879907621, "fip_home_10": 3.8574056519799784, "fip_away_10": 4.114285714285714, "opp_k_pct_avg_10": 0.2453327031318918, "opp_bb_pct_avg_10": 0.08690187994002195, "opp_avg_avg_10": 0.24057866348981433, "opp_hr_avg_10": 1.0, "opp_iso_avg_10": 0.14332476271117245, "opp_slg_avg_10": 0.3843656511472497, "opp_lineup_k_pct_std": 0.10650378188381646, "opp_lineup_k_pct_cv": 0.43136281417100353, "park_run_factor": 1.006, "park_hr_factor": 1.012, "ump_k9_avg_10": 8.57643997759983, "ump_bb9_avg_10": 3.2319920305712513, "temperature_f": 68.4, "wind_speed_mph": 7.3, "wind_sin": -0.3420201433256686, "wind_cos": -0.22495105434386503, "precip_prob_pct": 0.0, "is_dome": 0.0, "is_day_game": 0.0, "market_total": 8.5, "pitcher_hand": NaN, "opp_lineup_avg_avg_10": 0.23888888888888882, "opp_lineup_iso_avg_10": 0.1426388888888889, "opp_top4_slg_avg_10": 0.4374810745778488, "sc_barrel_rate": 8.9, "sc_hard_hit_pct": 41.6, "sc_avg_exit_velo": 89.6, "sc_gb_pct": 22.2, "sc_fb_pct": 24.0, "sc_xba": 0.247, "sc_xslg": 0.415, "sc_xwoba": 0.32, "sc_sp_fb_whiff_pct": 20.45, "sc_sp_fb_k_pct": 21.5, "sc_sp_fb_put_away": 16.9, "sc_sp_sl_pct": 20.2, "sc_sp_sl_whiff_pct": 31.8, "sc_sp_sl_k_pct": 24.7, "sc_sp_sl_run_value_per_100": 0.1, "sc_sp_ch_pct": 17.3, "sc_sp_ch_whiff_pct": 29.6, "sc_sp_ch_k_pct": 22.3, "sc_sp_fb_pct": 35.3, "sc_sp_fb_hard_hit_pct": 46.5, "sc_sp_fb_xwoba": 0.346, "sc_sp_fb_run_value_per_100": -0.2, "sc_sp_si_pct": 19.5, "sc_sp_si_whiff_pct": 12.2, "sc_sp_si_k_pct": 13.4, "sc_sp_si_hard_hit_pct": 46.2, "sc_sp_fastball_family_pct": 46.0, "sc_sp_pitch_diversity": 0.626, "sc_sp_oz_swing_pct": 28.6, "sc_sp_iz_contact_pct": 83.8, "sc_sp_oz_contact_pct": 57.1, "sc_sp_disc_whiff_pct": 24.2, "catcher_framing_rv": 0.19697789637114024, "catcher_framing_rate": 0.4719601677148847, "book_line": 4.5, "season_2025-regular": 1.0, "season_2026-regular": 0.0, "sc_xslg_x_park": 0.416, "sp_k_pct_vs_opp_k_rate": 0.0516125667271439, "k9_trend_5v10": 0.0, "k_pct_trend_5v10": 0.0, "era_trend_5v10": 0.0, "fip_trend_5v10": 0.0, "k_pct_x_park_hr": 0.21227360087722724, "wind_x_park_hr": 7.151599999999999, "is_cold_game": 0.0, "temp_below_60": 0.0, "ump_k9_x_sp_k_pct": 1.8124318753510282, "ump_k9_x_opp_k_pct": 2.097434163698964, "ump_k9_x_sp_whiff_pct": 207.9978755882302, "ump_k9_x_sp_sl_whiff_pct": 271.0049696398341, "ump_k9_x_sp_k9_5": 69.72791047626056, "ump_k9_x_sp_opp_k_triple": 0.44294947122250977, "sc_barrel_x_park_hr": 8.7576, "sc_hard_hit_x_fb": 10.578199999999999, "sc_exit_velo_above_avg": 1.5999999999999943, "sc_barrel_vs_k_rate": 39.10680960166002, "sc_hard_hit_vs_opp_k": 10.15106975428688, "k9_shrunk": 8.303969802989286, "k_pct_shrunk": 0.21586974569581108, "framing_hand_benefit": 0.46179401993355484, "sp_k_pct_x_opp_cv": 0.3035263326039266}