{"is_home": 1.0, "ip_avg_5": 5.466, "k_pct_5": 0.21215028127208996, "k9_5": 8.110798579246117, "era_5": 3.962142857142857, "whip_5": 1.3141303096181147, "fip_5": 4.098203286821173, "bb_pct_5": 0.07809852270058606, "hr9_5": 1.1, "k_pct_10": 0.21327085666560947, "k9_10": 8.162860665636055, "era_10": 4.10621762594305, "whip_10": 1.3220147276477126, "fip_10": 4.128667792457626, "starts_in_window_5": 5.0, "starts_in_window_10": 6.0, "last_start_k": 5.0, "last_start_ip": 5.67, "last_start_bb": 2.0, "sp_days_since_last_start": 6.0, "is_short_rest": 0.0, "era_home_10": 3.3974396200005956, "era_away_10": 4.212301587301587, "k9_home_10": 8.247115643302084, "k9_away_10": 7.7417908464386525, "fip_home_10": 3.8666666666666667, "fip_away_10": 4.085717758994559, "opp_k_pct_avg_10": 0.24576702762689645, "opp_bb_pct_avg_10": 0.08671788898131062, "opp_avg_avg_10": 0.24036182372735332, "opp_hr_avg_10": 1.0, "opp_iso_avg_10": 0.1428525408489257, "opp_slg_avg_10": 0.3835718262532779, "opp_lineup_k_pct_std": 0.10632730095809562, "opp_lineup_k_pct_cv": 0.429831502315035, "park_run_factor": 1.006, "park_hr_factor": 1.012, "ump_k9_avg_10": 8.581964268217003, "ump_bb9_avg_10": 3.2292056918098333, "temperature_f": 68.8, "wind_speed_mph": 7.2, "wind_sin": -0.30901699437494745, "wind_cos": -0.24192189559966779, "precip_prob_pct": 0.0, "is_dome": 0.0, "is_day_game": 0.0, "market_total": 8.5, "pitcher_hand": NaN, "opp_lineup_avg_avg_10": 0.23847853535353533, "opp_lineup_iso_avg_10": 0.14210185185185187, "opp_top4_slg_avg_10": 0.4370226299941773, "sc_barrel_rate": 9.0, "sc_hard_hit_pct": 41.6, "sc_avg_exit_velo": 89.7, "sc_gb_pct": 21.2, "sc_fb_pct": 23.3, "sc_xba": 0.247, "sc_xslg": 0.415, "sc_xwoba": 0.32, "sc_sp_fb_whiff_pct": 20.3, "sc_sp_fb_k_pct": 21.5, "sc_sp_fb_put_away": 16.9, "sc_sp_sl_pct": 20.2, "sc_sp_sl_whiff_pct": 31.8, "sc_sp_sl_k_pct": 24.7, "sc_sp_sl_run_value_per_100": 0.1, "sc_sp_ch_pct": 17.3, "sc_sp_ch_whiff_pct": 29.5, "sc_sp_ch_k_pct": 22.2, "sc_sp_fb_pct": 35.3, "sc_sp_fb_hard_hit_pct": 46.7, "sc_sp_fb_xwoba": 0.347, "sc_sp_fb_run_value_per_100": -0.2, "sc_sp_si_pct": 19.8, "sc_sp_si_whiff_pct": 12.6, "sc_sp_si_k_pct": 14.1, "sc_sp_si_hard_hit_pct": 46.3, "sc_sp_fastball_family_pct": 46.0, "sc_sp_pitch_diversity": 0.625, "sc_sp_oz_swing_pct": 28.6, "sc_sp_iz_contact_pct": 83.8, "sc_sp_oz_contact_pct": 57.1, "sc_sp_disc_whiff_pct": 24.1, "catcher_framing_rv": 0.156834470147432, "catcher_framing_rate": 0.4716981132075472, "book_line": 4.5, "season_2025-regular": 1.0, "season_2026-regular": 0.0, "sc_xslg_x_park": 0.417588, "sp_k_pct_vs_opp_k_rate": 0.051631083133604525, "k9_trend_5v10": 0.0, "k_pct_trend_5v10": 0.0, "era_trend_5v10": 0.0, "fip_trend_5v10": 0.0, "k_pct_x_park_hr": 0.21295086148623849, "wind_x_park_hr": 7.0784, "is_cold_game": 0.0, "temp_below_60": 0.0, "ump_k9_x_sp_k_pct": 1.8114125038529125, "ump_k9_x_opp_k_pct": 2.099247535557671, "sc_barrel_x_park_hr": 8.7513, "sc_hard_hit_x_fb": 9.901, "sc_exit_velo_above_avg": 1.7000000000000028, "sc_barrel_vs_k_rate": 39.382076361674414, "sc_hard_hit_vs_opp_k": 10.170559519297022, "k9_shrunk": 8.299618867808281, "k_pct_shrunk": 0.21586573058080252, "framing_hand_benefit": 0.45934959349593496, "sp_k_pct_x_opp_cv": 0.30321431826003387}