{"is_home": 1.0, "ip_avg_5": 5.466, "k_pct_5": 0.21461329017237069, "k9_5": 8.249997948724594, "era_5": 4.284796573875803, "whip_5": 1.3297415515267015, "fip_5": 4.153369785452096, "bb_pct_5": 0.07454266332086118, "hr9_5": 1.217142857142857, "k_pct_10": 0.21541368132331684, "k9_10": 8.253808089924483, "era_10": 4.385038676914531, "whip_10": 1.337939615525801, "fip_10": 4.204861128289437, "starts_in_window_5": 5.0, "starts_in_window_10": 10.0, "last_start_k": 5.0, "last_start_ip": 5.67, "last_start_bb": 2.0, "sp_days_since_last_start": 6.0, "is_short_rest": 0.0, "era_home_10": 3.8314285714285714, "era_away_10": 4.431803231803232, "k9_home_10": 8.452409283532365, "k9_away_10": 8.0, "fip_home_10": 3.907857142857143, "fip_away_10": 4.2405549901708675, "opp_k_pct_avg_10": 0.250425799776521, "opp_bb_pct_avg_10": 0.08203441302182725, "opp_avg_avg_10": 0.239068668790071, "opp_hr_avg_10": 1.1, "opp_iso_avg_10": 0.15084670154670746, "opp_slg_avg_10": 0.38965433088416956, "opp_lineup_k_pct_std": 0.10376471944962058, "opp_lineup_k_pct_cv": 0.4106177939063139, "park_run_factor": 1.006, "park_hr_factor": 1.012, "ump_k9_avg_10": 8.53384674492365, "ump_bb9_avg_10": 3.1187424052136725, "temperature_f": 75.8, "wind_speed_mph": 7.0, "wind_sin": -0.1736481776669304, "wind_cos": -0.29237170472273666, "precip_prob_pct": 0.0, "is_dome": 0.0, "is_day_game": 0.0, "market_total": 8.5, "pitcher_hand": NaN, "opp_lineup_avg_avg_10": 0.23777777777777778, "opp_lineup_iso_avg_10": 0.14894886363636367, "opp_top4_slg_avg_10": 0.4399157652447126, "sc_barrel_rate": 8.4, "sc_hard_hit_pct": 40.2, "sc_avg_exit_velo": 89.3, "sc_gb_pct": 20.3, "sc_fb_pct": 21.9, "sc_xba": 0.245, "sc_xslg": 0.413, "sc_xwoba": 0.317, "sc_sp_fb_whiff_pct": 20.6, "sc_sp_fb_k_pct": 22.1, "sc_sp_fb_put_away": 17.4, "sc_sp_sl_pct": 21.9, "sc_sp_sl_whiff_pct": 31.4, "sc_sp_sl_k_pct": 25.6, "sc_sp_sl_run_value_per_100": 0.1, "sc_sp_ch_pct": 17.5, "sc_sp_ch_whiff_pct": 29.6, "sc_sp_ch_k_pct": 21.1, "sc_sp_fb_pct": 37.4, "sc_sp_fb_hard_hit_pct": 45.5, "sc_sp_fb_xwoba": 0.339, "sc_sp_fb_run_value_per_100": 0.0, "sc_sp_si_pct": 20.8, "sc_sp_si_whiff_pct": 12.5, "sc_sp_si_k_pct": 13.4, "sc_sp_si_hard_hit_pct": 44.8, "sc_sp_fastball_family_pct": 46.4, "sc_sp_pitch_diversity": 0.619, "sc_sp_oz_swing_pct": 28.6, "sc_sp_iz_contact_pct": 83.5, "sc_sp_oz_contact_pct": 57.4, "sc_sp_disc_whiff_pct": 24.1, "catcher_framing_rv": 0.19697789637114024, "catcher_framing_rate": 0.4716981132075472, "season_2024-regular": 0.0, "season_2025-regular": 0.0, "season_2026-regular": 0.0, "sc_xslg_x_park": 0.41431500000000004, "sp_k_pct_vs_opp_k_rate": 0.05331549176984372, "k9_trend_5v10": 0.0, "k_pct_trend_5v10": 0.0, "era_trend_5v10": 0.0, "fip_trend_5v10": 0.0, "k_pct_x_park_hr": 0.21422111386187054, "wind_x_park_hr": 6.8656, "is_cold_game": 0.0, "temp_below_60": 0.0, "sp_k_pct_trend_5v10": 0.0, "sp_k9_trend_5v10": 0.0, "k_trend_x_ump_k9": 0.0, "ump_k9_x_sp_k_pct": 1.8205037371558146, "ump_k9_x_opp_k_pct": 2.1161670903186316, "ump_k9_x_sp_whiff_pct": 205.9659754587134, "ump_k9_x_sp_sl_whiff_pct": 263.4562941430505, "ump_k9_x_sp_k9_5": 69.80121965897824, "ump_k9_x_sp_opp_k_triple": 0.45288735053390994, "sc_barrel_x_park_hr": 8.3538, "sc_hard_hit_x_fb": 8.866, "sc_exit_velo_above_avg": 1.2999999999999972, "sc_barrel_vs_k_rate": 37.230866523436276, "sc_hard_hit_vs_opp_k": 10.053513317973481, "k9_shrunk": 8.358121026245446, "k_pct_shrunk": 0.21703593709055596, "framing_hand_benefit": 0.4567307692307692, "sp_k_pct_x_opp_cv": 0.30455949560032325}