{"game_month": 5.0, "is_home": 0.0, "rest_days": 1.0, "hits_avg_5": 0.8, "hits_avg_10": 0.9, "hits_avg_20": 0.8571428571428571, "hits_sd_10": 0.8232726023485646, "hr_avg_5": 0.0, "hr_avg_10": 0.1, "hr_avg_20": 0.1, "tb_avg_5": 1.4, "tb_avg_10": 1.4, "tb_avg_20": 1.4, "tb_sd_10": 1.5670212364724212, "ab_avg_5": 3.6, "ab_avg_10": 3.6, "avg_avg_10": 0.24, "k_rate_avg_10": 0.24, "bb_rate_avg_10": 0.075, "iso_avg_10": 0.13333333333333333, "hr_rate_avg_5": 0.0, "hr_rate_avg_10": 0.025, "hr_rate_cumul_5": 0.0, "hr_rate_cumul_10": 0.027777777777777776, "hr_rate_cumul_20": 0.02857142857142857, "n_games_prev_10": 10.0, "obp_avg_10": 0.305, "hr_any_last1": 0.0, "hr_count_last3": 0.0, "hr_games_with_hr_last5": 0.0, "bb_avg_5": 0.25, "bb_avg_10": 0.3, "bb_avg_20": 0.3333333333333333, "bb_sd_10": 0.5, "k_avg_5": 0.8, "k_avg_10": 0.8, "hits_home_avg_20": 0.8571428571428571, "hits_away_avg_20": 0.875, "tb_home_avg_20": 1.375, "tb_away_avg_20": 1.3636363636363635, "hr_home_avg_20": 0.1, "hr_away_avg_20": 0.1, "bb_home_avg_20": 0.3333333333333333, "bb_away_avg_20": 0.3333333333333333, "opp_sp_era_5": 4.0536954962885305, "opp_sp_fip_5": 4.133608222018286, "opp_sp_k_pct_5": 0.2131009891879457, "opp_sp_k9_5": 8.25, "opp_sp_bb_pct_5": 0.07920918921314715, "opp_sp_whip_5": 1.3133208255159474, "opp_sp_ip_avg_5": 5.335, "opp_sp_pitches_est": 88.0275, "opp_sp_last_start_ip": 5.33, "opp_sp_hr9_5": 1.08, "opp_sp_hr9_10": 1.11, "opp_sp_fb_velo_avg_5": 94.15833333333333, "opp_sp_fb_velo_trend_5": -0.0047222222222131904, "opp_sp_days_since_last_start": 6.0, "opp_sp_is_short_rest": 0.0, "opp_sp_era_home_10": 3.6, "opp_sp_era_away_10": 4.208555347091933, "park_run_factor": 1.012, "park_hr_factor": 1.021, "ump_bb9_avg_10": 3.285007598824764, "ump_k9_avg_10": 8.610497902023145, "temperature_f": 69.3, "wind_speed_mph": 7.7, "wind_sin": -0.374606593415912, "wind_cos": -0.17364817766693033, "precip_prob_pct": 0.0, "is_dome": 0.0, "is_day_game": 0.0, "market_total": 8.5, "line_move_total": 1.0, "batting_order_avg_5": 4.6, "batting_order_avg_10": 4.6, "is_lhb_batter": 0.0, "hits_avg_40_vs_hand": 0.88, "tb_avg_40_vs_hand": 1.4166666666666667, "k_rate_avg_40_vs_hand": 0.24333333333333332, "iso_avg_40_vs_hand": 0.13939393939393938, "hr_avg_40_vs_hand": 0.1, "hits_hand_split_40": -0.0666666666666667, "tb_hand_split_40": -0.1515151515151515, "hr_hand_split_40": 0.0, "n_games_vs_lhp_40": 7.0, "n_games_vs_rhp_40": 21.0, "hits_avg_10_vs_hand": 0.875, "tb_avg_10_vs_hand": 1.3333333333333333, "hr_avg_10_vs_hand": 0.0, "hits_avg_10_vs_lhp": 1.0, "hits_avg_10_vs_rhp": 0.8571428571428571, "n_games_vs_lhp_10": 2.0, "n_games_vs_rhp_10": 7.0, "n_games_prev_10_cs": 10.0, "hits_avg_10_cs": 0.9, "hits_avg_20_cs": 0.85, "tb_avg_10_cs": 1.4, "tb_avg_20_cs": 1.4, "hr_avg_10_cs": 0.1, "hr_rate_avg_10_cs": 0.025, "ab_avg_10_cs": 3.6, "k_rate_avg_10_cs": 0.24166666666666664, "bb_rate_avg_10_cs": 0.075, "iso_avg_10_cs": 0.13333333333333333, "prev_games": 106.0, "prev_hits_avg": 0.971, "prev_tb_avg": 1.6, "prev_hr_avg": 0.1373, "prev_ab_avg": 3.8444, "prev_k_rate": 0.2452, "prev_bb_rate": 0.06, "prev_iso": 0.1616, "prev_hr_rate": 0.0348, "h2h_games": 0.0, "h2h_ba": 0.25, "h2h_obp": 0.25, "h2h_slg": 0.3125, "h2h_k_rate": 0.25, "h2h_iso": 0.0, "h2h_hr": 0.0, "h2h_ab": 0.0, "h2h_ba_last3": 0.25, "h2h_slg_last3": 0.3, "h2h_hr_rate_last3": 0.0, "h2h_ab_last3": 0.0, "own_lineup_slg_avg_10": 0.39109318175280383, "own_lineup_iso_avg_10": 0.145, "own_top4_slg_avg_10": 0.4335253443806075, "sc_barrel_rate": 8.476923076923077, "sc_hard_hit_pct": 41.784572697003334, "sc_avg_exit_velo": 89.3895486935867, "sc_avg_launch_angle": 13.69046511627907, "sc_sweet_spot_pct": 34.0960332103321, "sc_fb_pct": 35.30038910505837, "sc_gb_pct": 32.84047619047619, "sc_ld_pct": 100.0, "sc_xba": 0.24723666343355966, "sc_xslg": 0.4156207729468599, "sc_xwoba": 0.3208249794576828, "sc_xiso": 0.16917204301075267, "sc_pull_pct": NaN, "sc_opposite_pct": NaN, "sc_popup_pct": NaN, "sc_brl_pa": 5.766005946481665, "sprint_speed": 27.3, "opp_sp_sc_barrel_rate": 8.478111587982832, "opp_sp_sc_hard_hit_pct": 40.77405660377359, "opp_sp_sc_avg_exit_velo": 89.44965034965034, "opp_sp_sc_gb_pct": 29.51806020066889, "opp_sp_sc_fb_pct": 31.95224071702945, "opp_sp_sc_xba": 0.24488811188811188, "opp_sp_sc_xslg": 0.41481920903954805, "opp_sp_sc_xwoba": 0.3181853146853147, "opp_sp_fb_pct": 34.8, "opp_sp_fb_hard_hit_pct": 45.8, "opp_sp_fb_xwoba": 0.35, "opp_sp_fb_run_value_per_100": 0.0, "opp_sp_fb_whiff_pct": 20.1, "opp_sp_fb_k_pct": 20.6, "opp_sp_sl_pct": 20.0, "opp_sp_sl_whiff_pct": 31.9, "opp_sp_sl_k_pct": 25.9, "opp_sp_sl_xwoba": 0.295, "opp_sp_ch_pct": 17.0, "opp_sp_ch_whiff_pct": 29.7, "opp_sp_ch_k_pct": 21.9, "opp_sp_fastball_family_pct": 46.0, "opp_sp_pitch_diversity": 0.634, "opp_sp_si_pct": 19.1, "opp_sp_si_whiff_pct": 12.1, "opp_sp_si_k_pct": 12.2, "opp_sp_si_hard_hit_pct": 44.8, "opp_sp_sl_hard_hit_pct": 39.1, "opp_sp_sl_run_value_per_100": 0.1, "opp_sp_ch_hard_hit_pct": 32.3, "opp_sp_ch_run_value_per_100": 0.0, "sc_b_oz_swing_pct": 29.0, "sc_b_iz_contact_pct": 83.8, "sc_b_oz_contact_pct": 56.1, "sc_b_disc_whiff_pct": 24.8, "sc_b_out_zone_pct": 51.1, "opp_bp_era_5": 3.690128755364807, "opp_bp_era_10": 3.887970890169737, "opp_bp_k9_5": 8.697832885321622, "opp_bp_ip_last_7": 22.0, "opp_bp_era_7d": 3.768318213538032, "opp_bp_relievers_last_1d": 3.0, "opp_bp_relievers_last_2d": 5.0, "batter_n_games_at_venue": 9.0, "batter_venue_ba": 0.0, "batter_venue_hr_rate": 0.0, "batter_venue_slg": 0.0, "sp_k_pct_vs_lhb_25": 0.2564935064935065, "sp_k_pct_vs_rhb_25": 0.2537688442211055, "sp_k_pct_vs_lhb_10": 0.2558139534883721, "sp_k_pct_vs_rhb_10": 0.25153374233128833, "sp_hr_rate_vs_lhb_25": 0.03323262839879154, "sp_hr_rate_vs_rhb_25": 0.030878859857482184, "sp_hr_rate_vs_lhb_10": 0.032520325203252036, "sp_hr_rate_vs_rhb_10": 0.029239766081871343, "opp_catcher_framing_rv": 0.156834470147432, "opp_catcher_framing_rate": 0.4722222222222222, "confirmed_batting_order": NaN, "confirmed_lineup_source": NaN, "btu_games": 2.0, "btu_ba": 0.25, "btu_k_rate": 0.25, "btu_bb_rate": 0.045454545454545456, "bvr_games_30": 30.0, "bvr_bp_games_30": 9.0, "bvr_ab_30": 32.0, "bvr_ba_30": 0.2857142857142857, "bvr_hr_rate_30": 0.034482758620689655, "bvr_slg_30": 0.4666666666666667, "bvr_k_rate_30": 0.22580645161290322, "opp_sp_lob_pct_career": 61.94690265486726, "opp_sp_lob_pct_10": 62.82051282051282, "park_babip_avg": 0.28616368968275213, "own_runs_last3": 13.0, "own_runs_avg3": 4.333333333333333, "batter_babip_10": 0.2916666666666667, "batter_babip_career": 0.29723991507430997, "babip_games_10": 10.0, "opp_team_def_der_20": 0.7245508982035929, "opp_team_def_der_career": 0.7232583929831636, "market_hits_over_price": -185.0, "market_tb_over_price": 145.0, "market_hr_over_price": 700.0, "book_line": 0.5, "season_2025-regular": 0.0, "season_2026-regular": 1.0, "hits_trend_5v10": 0.0, "hits_hot_ratio": 1.0, "hits_trend_sig": 0.0, "hits_trend_accel": 0.0, "hr_trend_5v10": 0.0, "hr_hot_ratio": 1.0, "hr_trend_accel": 0.0, "tb_trend_5v10": 0.0, "tb_hot_ratio": 1.0, "tb_trend_sig": 0.0, "tb_trend_accel": 0.0, "early_season_weight": 1.0, "hr_park_adj_10": 0.10120000000000001, "tb_park_adj_10": 1.4013999999999998, "hr_rate_cumul_trend_5v20": 0.0, "hr_rate_cumul_x_park": 0.027973684210526314, "tb_cv_10": 1.149089325881601, "tb_power_opportunity": 0.4714999999999999, "sc_xslg_x_park": 0.4153762503438789, "sc_brl_x_ab": 20.285573770491805, "hits_vs_opp_era": 0.8348265306122449, "tb_vs_opp_fip": 1.3604611811082976, "opp_bp_era_adj": -0.5098712446351934, "hits_vs_opp_bp_era": 0.759, "tb_vs_opp_bp_era": 1.2075988023952098, "opp_bp_era7_x_ip7": 81.0, "wind_x_park_hr": 7.725599999999999, "is_cold_game": 0.0, "temp_below_60": 0.0, "bb_trend_5v10": 0.0, "bb_hot_ratio": 1.0, "bb_trend_sig": 0.0, "batter_k_trend_5v10": 0.0, "batter_k_hot_ratio": 1.0, "batter_k_rate_x_ump_k9": 2.0579414675540515, "ump_bb9_x_batter_bb_rate": 0.2503147939130667, "ump_bb9_x_bb_avg_10": 1.0211889346674514,