{"is_home": 1.0, "ip_avg_5": 5.466, "k_pct_5": 0.21255464061965107, "k9_5": 8.199576799278086, "era_5": 4.05665184197275, "whip_5": 1.3223015873015873, "fip_5": 4.124751690061046, "bb_pct_5": 0.07883577520877291, "hr9_5": 1.1092945068719342, "k_pct_10": 0.2147292216588053, "k9_10": 8.255551405160553, "era_10": 4.103568834421335, "whip_10": 1.3223093030142468, "fip_10": 4.115837974020176, "starts_in_window_5": 5.0, "starts_in_window_10": 6.0, "last_start_k": 5.0, "last_start_ip": 5.67, "last_start_bb": 2.0, "sp_days_since_last_start": 6.0, "is_short_rest": 0.0, "era_home_10": 3.5094404240745702, "era_away_10": 4.24182471703885, "k9_home_10": 8.383767772511849, "k9_away_10": 7.869489289689919, "fip_home_10": 3.8, "fip_away_10": 4.106633549892713, "opp_k_pct_avg_10": 0.24522359242544878, "opp_k_pct_avg_5": 0.24395478435217713, "opp_bb_pct_avg_10": 0.08747387705654838, "opp_avg_avg_10": 0.2392546071639866, "opp_hr_avg_10": 1.0, "opp_iso_avg_10": 0.14337477721985945, "opp_slg_avg_10": 0.38174802620479487, "opp_lineup_k_pct_std": 0.10632730095809562, "opp_lineup_k_pct_cv": 0.4297296699111717, "opp_lineup_pct_lhb": 0.36363636363636365, "park_run_factor": 1.006, "park_hr_factor": 1.012, "ump_k9_avg_10": 8.57939645938815, "ump_bb9_avg_10": 3.2728473431243295, "temperature_f": 68.9, "wind_speed_mph": 7.5, "wind_sin": -0.39073112848927355, "wind_cos": -0.2079116908177598, "precip_prob_pct": 0.0, "is_dome": 0.0, "is_day_game": 0.0, "market_total": 8.5, "line_move_total": 1.0, "opp_lineup_avg_avg_10": 0.23785185185185184, "opp_lineup_iso_avg_10": 0.14277777777777778, "opp_top4_slg_avg_10": 0.43336530127688666, "sc_barrel_rate": 8.471739130434782, "sc_hard_hit_pct": 40.85666003976144, "sc_avg_exit_velo": 89.40585817060636, "sc_gb_pct": 28.410268948655254, "sc_fb_pct": 30.466666666666665, "sc_xba": 0.244852354349561, "sc_xslg": 0.41150609184629805, "sc_xwoba": 0.3169094354350748, "sc_sp_fb_whiff_pct": 20.4, "sc_sp_fb_k_pct": 21.6, "sc_sp_fb_put_away": 17.1, "sc_sp_sl_pct": 19.1, "sc_sp_sl_whiff_pct": 31.2, "sc_sp_sl_k_pct": 25.0, "sc_sp_sl_run_value_per_100": 0.1, "sc_sp_ch_pct": 17.3, "sc_sp_ch_whiff_pct": 30.2, "sc_sp_ch_k_pct": 22.05, "sc_sp_fb_pct": 34.9, "sc_sp_fb_hard_hit_pct": 46.3, "sc_sp_fb_xwoba": 0.348, "sc_sp_fb_run_value_per_100": -0.1, "sc_sp_si_pct": 19.0, "sc_sp_si_whiff_pct": 12.2, "sc_sp_si_k_pct": 12.7, "sc_sp_si_hard_hit_pct": 46.2, "sc_sp_fastball_family_pct": 46.0, "sc_sp_pitch_diversity": 0.637, "sc_sp_oz_swing_pct": 29.0, "sc_sp_iz_contact_pct": 84.1, "sc_sp_oz_contact_pct": 57.5, "sc_sp_disc_whiff_pct": 24.1, "catcher_framing_rv": 0.1629470894302284, "catcher_framing_rate": 0.4722222222222222, "sp_fb_velo_avg_5": 94.06414041867956, "sp_fb_velo_trend_5": 0.04028580315808483, "venue_n_starts": 2.0, "venue_era": 3.7463831619288843, "venue_k9": 8.847813848552867, "venue_fip": 3.7379751291032237, "sp_k_pct_vs_lhb_25": 0.25761772853185594, "sp_k_pct_vs_rhb_25": 0.2548203663647425, "sp_k_pct_vs_lhb_10": 0.2581989247311828, "sp_k_pct_vs_rhb_10": 0.25142857142857145, "svt_games": 1.0, "svt_era": 3.4667315110949914, "svt_k9": 8.434864104967199, "svt_k_pct": 0.4375, "svt_era_last3": 3.483309143686502, "svt_k9_last3": 8.436182052483598, "sp_lob_pct_career": 62.253278794961695, "sp_lob_pct_10": 63.492063492063494, "park_babip_avg": 0.28829588014981267, "opp_runs_last3": 13.0, "opp_runs_avg3": 4.333333333333333, "opp_runs_last5": 21.0, "sp_babip_against_10": 0.27450980392156865, "sp_babip_against_career": 0.27614109684137456, "sp_babip_starts_10": 10.0, "sp_k_pct_last2": 0.20833333333333334, "opp_team_der_20": 0.7232323232323232, "opp_team_der_career": 0.7237144576012366, "market_k_line": 4.5, "book_line": 4.5, "season_2025-regular": 1.0, "season_2026-regular": 0.0, "pitcher_hand_L": 0.0, "pitcher_hand_R": 1.0, "pitcher_hand_nan": 0.0, "sc_xslg_x_park": 0.4118944365192582, "sp_k_pct_vs_opp_k_rate": 0.051883786079523916, "opp_team_k_trend_5v10": 0.0002909966264695446, "k9_trend_5v10": 0.0, "k_pct_trend_5v10": 0.0, "era_trend_5v10": 0.0, "fip_trend_5v10": 0.0, "sp_era_fip_gap": -0.043364683405694215, "sp_k_bb_ratio_5": 2.6313295015663356, "sp_vs_team_reliability": 0.2, "sp_vs_team_has_history": 0.0, "sp_vs_team_era_adj": 0.3854389721627409, "sp_vs_team_era_delta": 0.0, "sp_vs_team_k9_adj": 1.5, "sp_vs_team_k9_delta": 0.0, "k_pct_x_park_hr": 0.21377301434197982, "wind_x_park_hr": 7.3347, "is_cold_game": 0.0, "temp_below_60": 0.0, "sp_k_pct_trend_5v10": 0.0, "sp_k9_trend_5v10": 0.0, "k_trend_x_ump_k9": 0.0, "contact_vs_ump_zone": 0.4235259957689287, "ump_k9_x_sp_k_pct": 1.8223213500131052, "ump_k9_x_opp_k_pct": 2.0976854705430625, "ump_k9_x_sp_whiff_pct": 208.27849616788484, "ump_k9_x_sp_sl_whiff_pct": 271.15772013863915, "ump_k9_x_sp_k9_5": 70.24849405131505, "ump_k9_x_sp_opp_k_triple": 0.44447646612101743, "sp_lob_pct_filled": 62.253278794961695, "sp_lob_vs_avg": -8.746721205038305, "sp_lob_trend": 0.0, "sp_lob_era_quality": 0.7260614460614411, "sp_lob_luck_flag": 0.0, "park_babip_factor": 0.28829588014981267, "park_babip_vs_avg": -0.006704119850187318, "opp_runs_last3_filled": 13.0, "opp_hot_offense_flag": 0.0, "opp_cold_offense_flag": 0.0, "opp_runs_last3_vs_avg": 1.0, "sp_babip_against_10_filled": 0.27450980392156865, "sp_babip_vs_avg": -0.020490196078431333, "sp_babip_unlucky_flag": 0.0, "sp_babip_lucky_flag": 0.0, "sp_babip_against_career_filled": 0.27614109684137456, "sp_babip_trend": 0.0, "sp_k_pct_last2_filled": 0.20833333333333334, "sp_k_pct_last2_vs_5": -0.002021467570022223, "sp_k_trending_up": 0.0, "sp_k_trending_down": 0.0, "opp_der_20_filled": 0.7232323232323232, "opp_der_vs_avg": 0.018232323232323266, "opp_good_defense": 1.0, "opp_poor_defense": 0.0, "line_move_total_filled": 1.0, "line_moved_up": 1.0, "line_moved_down": 0.0, "line_move_abs": 1.0, "market_k_line_filled": 4.5, "market_k_line_vs_avg": 0.0, "market_k_line_known": 1.0, "sc_barrel_x_park_hr": 8.549095947802197, "sc_hard_hit_x_fb": 12.43056946030308, "sc_exit_velo_above_avg": 1.4058581706063649, "sc_barrel_vs_k_rate": 37.70568204560544, "sc_hard_hit_vs_opp_k": 9.917466400042311, "sp_days_from_optimal_rest": 2.0, "sp_is_extended_rest": 0.0, "cold_x_sp_sl_pct": 0.0, "cold_x_sp_offspeed_pct": 0.0, "k9_shrunk": 8.339261154355267, "k_pct_shrunk": 0.2159585868429667, "expected_k_from_ip": 4.9427681719815055, "framing_hand_benefit": 0.46586345381526106, "sp_k_pct_x_opp_cv": 0.3049498152051179, "venue_k9_adj": 8.495086818087625, "venue_k9_delta": 0.0, "venue_era_adj": 4.002910052910053, "venue_era_delta": 0.0, "venue_fip_adj": 4.038932380228095, "last_start_dominated": 0.0, "last_start_blowup": 0.0, "last_start_k9": 7.936507936507937, "last_start_k_bb": 1.75, "framing_x_sp_edge_work": 0.0, "framing_x_ump_k9": 0.0, "sp_k_split_advantage": 0.0036863655492493097, "sp_k_split_trend_lhb": 0.0, "sp_k_split_trend_rhb": 0.0, "lineup_lhb_pct_x_sp_lhb_adv": 0.0007085872613986159}