{"is_home": 1.0, "ip_avg_5": 5.466, "k_pct_5": 0.2132858814218003, "k9_5": 8.25, "era_5": 4.125, "whip_5": 1.3220539750518339, "fip_5": 4.141981187536743, "bb_pct_5": 0.07799890749983235, "hr9_5": 1.125, "k_pct_10": 0.21517065151328374, "k9_10": 8.280973675328074, "era_10": 4.178586709420522, "whip_10": 1.3227158343206358, "fip_10": 4.145684190930241, "starts_in_window_5": 5.0, "starts_in_window_10": 7.0, "last_start_k": 5.0, "last_start_ip": 5.67, "last_start_bb": 2.0, "sp_days_since_last_start": 6.0, "is_short_rest": 0.0, "era_home_10": 3.6214285714285714, "era_away_10": 4.252724642274719, "k9_home_10": 8.438979384604133, "k9_away_10": 7.947867298578199, "fip_home_10": 3.8007507507507508, "fip_away_10": 4.180858572321987, "opp_k_pct_avg_10": 0.245806465206765, "opp_k_pct_avg_5": 0.2448470958600269, "opp_bb_pct_avg_10": 0.0868871743037316, "opp_avg_avg_10": 0.23970255437587373, "opp_hr_avg_10": 1.1, "opp_iso_avg_10": 0.14805345657812452, "opp_slg_avg_10": 0.3878756242998881, "opp_lineup_k_pct_std": 0.10708047476438667, "opp_lineup_k_pct_cv": 0.433481693163038, "opp_lineup_pct_lhb": 0.36363636363636365, "park_run_factor": 1.012, "park_hr_factor": 1.021, "ump_k9_avg_10": 8.547340309508638, "ump_bb9_avg_10": 3.306132491907269, "temperature_f": 71.8, "wind_speed_mph": 7.6, "wind_sin": -0.37460659341591235, "wind_cos": -0.17364817766693033, "precip_prob_pct": 0.0, "is_dome": 0.0, "is_day_game": 0.0, "market_total": 8.5, "line_move_total": 1.0, "opp_lineup_avg_avg_10": 0.23809821428571432, "opp_lineup_iso_avg_10": 0.14632936507936506, "opp_top4_slg_avg_10": 0.43790878279886625, "sc_barrel_rate": 8.447619047619048, "sc_hard_hit_pct": 40.677720207253884, "sc_avg_exit_velo": 89.42180308321822, "sc_gb_pct": 27.900990099009903, "sc_fb_pct": 29.843809523809522, "sc_xba": 0.24407825295723387, "sc_xslg": 0.4128017928286853, "sc_xwoba": 0.3169711155378486, "sc_sp_fb_whiff_pct": 20.0, "sc_sp_fb_k_pct": 20.8, "sc_sp_fb_put_away": 17.0, "sc_sp_sl_pct": 18.0, "sc_sp_sl_whiff_pct": 31.8, "sc_sp_sl_k_pct": 25.9, "sc_sp_sl_run_value_per_100": 0.1, "sc_sp_ch_pct": 16.8, "sc_sp_ch_whiff_pct": 29.6, "sc_sp_ch_k_pct": 21.9, "sc_sp_fb_pct": 33.8, "sc_sp_fb_hard_hit_pct": 45.7, "sc_sp_fb_xwoba": 0.348, "sc_sp_fb_run_value_per_100": 0.0, "sc_sp_si_pct": 19.0, "sc_sp_si_whiff_pct": 12.3, "sc_sp_si_k_pct": 12.3, "sc_sp_si_hard_hit_pct": 44.7, "sc_sp_fastball_family_pct": 46.1, "sc_sp_pitch_diversity": 0.637, "sc_sp_oz_swing_pct": 29.5, "sc_sp_iz_contact_pct": 84.3, "sc_sp_oz_contact_pct": 57.9, "sc_sp_disc_whiff_pct": 24.2, "catcher_framing_rv": 0.19697789637114024, "catcher_framing_rate": 0.47297297297297297, "sp_fb_velo_avg_5": 94.17589655064577, "sp_fb_velo_trend_5": 0.03940978368908077, "venue_n_starts": 5.0, "venue_era": 4.006739021447266, "venue_k9": 8.876448995076899, "venue_fip": 3.832725592703217, "sp_k_pct_vs_lhb_25": 0.25882352941176473, "sp_k_pct_vs_rhb_25": 0.2551493360485342, "sp_k_pct_vs_lhb_10": 0.2558139534883721, "sp_k_pct_vs_rhb_10": 0.25142857142857145, "sp_hr_rate_vs_lhb_25": 0.033444816053511704, "sp_hr_rate_vs_rhb_25": 0.03058823529411765, "sp_hr_rate_vs_lhb_10": 0.03289473684210526, "sp_hr_rate_vs_rhb_10": 0.028335340559346982, "svt_games": 1.0, "svt_era": 3.483309143686502, "svt_k9": 8.434864104967199, "svt_k_pct": 0.4375, "svt_era_last3": 3.481624758220503, "svt_k9_last3": 8.442776735459661, "sp_lob_pct_career": 62.18218056453351, "sp_lob_pct_10": 63.333333333333336, "park_babip_avg": 0.2860351994339786, "opp_runs_last3": 13.0, "opp_runs_avg3": 4.333333333333333, "opp_runs_last5": 22.0, "sp_babip_against_10": 0.273972602739726, "sp_babip_against_career": 0.27578342333496975, "sp_babip_starts_10": 10.0, "sp_k_pct_last2": 0.20930232558139536, "bf_est_avg_5": 23.2, "bf_est_avg_10": 22.9, "opp_team_der_20": 0.7244176680420167, "opp_team_der_career": 0.7234109013893717, "market_k_line": 4.5, "book_line": 4.5, "season_2025-regular": 0.0, "season_2026-regular": 1.0, "sc_xslg_x_park": 0.41111156906709195, "sp_k_pct_vs_opp_k_rate": 0.052442895355365754, "opp_team_k_trend_5v10": 0.0002136304866276334, "k9_trend_5v10": 0.0, "k_pct_trend_5v10": 0.0, "era_trend_5v10": 0.0, "fip_trend_5v10": 0.0, "sp_era_fip_gap": -0.004777986241400356, "sp_k_bb_ratio_5": 2.64118826147051, "sp_vs_team_reliability": 0.2, "sp_vs_team_has_history": 0.0, "sp_vs_team_era_adj": 0.510188780291873, "sp_vs_team_era_delta": 0.0, "sp_vs_team_k9_adj": 1.542857142857143, "sp_vs_team_k9_delta": 0.0, "k_pct_x_park_hr": 0.21579644374876386, "wind_x_park_hr": 7.5828, "is_cold_game": 0.0, "temp_below_60": 0.0, "sp_k_pct_trend_5v10": 0.0, "sp_k9_trend_5v10": 0.0, "k_trend_x_ump_k9": 0.0, "contact_vs_ump_zone": 0.42438340299710064, "ump_k9_x_sp_k_pct": 1.816884372763961, "ump_k9_x_opp_k_pct": 2.093623075118035, "ump_k9_x_sp_whiff_pct": 206.94621866768568, "ump_k9_x_sp_sl_whiff_pct": 270.82615608870043, "ump_k9_x_sp_k9_5": 70.1961660882551, "ump_k9_x_sp_opp_k_triple": 0.44860265670015553, "sp_lob_pct_filled": 62.18218056453351, "sp_lob_vs_avg": -8.817819435466493, "sp_lob_trend": 0.0, "sp_lob_era_quality": 1.0897929648185212, "sp_lob_luck_flag": 0.0, "park_babip_factor": 0.2860351994339786, "park_babip_vs_avg": -0.008964800566021391, "opp_runs_last3_filled": 13.0, "opp_hot_offense_flag": 0.0, "opp_cold_offense_flag": 0.0, "opp_runs_last3_vs_avg": 1.0, "sp_babip_against_10_filled": 0.273972602739726, "sp_babip_vs_avg": -0.021027397260273972, "sp_babip_unlucky_flag": 0.0, "sp_babip_lucky_flag": 0.0, "sp_babip_against_career_filled": 0.27578342333496975, "sp_babip_trend": 0.0, "sp_k_pct_last2_filled": 0.20930232558139536, "sp_k_pct_last2_vs_5": -0.0028913408239665678, "sp_k_trending_up": 0.0, "sp_k_trending_down": 0.0, "opp_der_20_filled": 0.7244176680420167, "opp_der_vs_avg": 0.019417668042016722, "opp_good_defense": 1.0, "opp_poor_defense": 0.0, "line_move_total_filled": 1.0, "line_moved_up": 1.0, "line_moved_down": 0.0, "line_move_abs": 1.0, "market_k_line_filled": 4.5, "market_k_line_vs_avg": 0.0, "market_k_line_known": 1.0, "sc_barrel_x_park_hr": 8.467150242349927, "sc_hard_hit_x_fb": 12.131213342553462, "sc_exit_velo_above_avg": 1.4218030832182222, "sc_barrel_vs_k_rate": 37.266469250452985, "sc_hard_hit_vs_opp_k": 9.923749456671736, "sp_days_from_optimal_rest": 2.0, "sp_is_extended_rest": 0.0, "cold_x_sp_sl_pct": 0.0, "cold_x_sp_offspeed_pct": 0.0, "k9_shrunk": 8.363636363636363, "k_pct_shrunk": 0.21647404120546326, "expected_k_from_ip": 4.961956024778651, "framing_hand_benefit": 0.4673231871083259, "sp_k_pct_x_opp_cv": 0.30666490941456936, "venue_k9_adj": 8.562571126324489, "venue_k9_delta": 0.0, "venue_era_adj": 4.1155815356543926, "venue_era_delta": 0.0, "venue_fip_adj": 4.051317073874034, "last_start_dominated": 0.0, "last_start_blowup": 0.0, "last_start_k9": 7.936507936507937, "last_start_k_bb": 1.75, "framing_x_sp_edge_work": 0.0, "framing_x_ump_k9": 0.0, "sp_k_split_advantage": 0.0045030334487258655, "sp_k_split_trend_lhb": 0.0, "sp_k_split_trend_rhb": 0.0, "lineup_lhb_pct_x_sp_lhb_adv": 0.0011869540715694672, "opp_sp_hr_rate_split": 0.003073022107261427, "warm_x_barrel": 0.6089870495505354, "warm_x_park_hr": 0.08657999999999987, "high_total_flag": 0.0, "pitcher_hand_L": 0.0, "pitcher_hand_R": 1.0, "pitcher_hand_nan": 0.0}