{"is_home": 1.0, "ip_avg_5": 5.466, "k_pct_5": 0.21319019616882193, "k9_5": 8.220301378837963, "era_5": 4.088242177162821, "whip_5": 1.3211463089478792, "fip_5": 4.125555382262543, "bb_pct_5": 0.07873728440361813, "hr9_5": 1.11, "k_pct_10": 0.21478559942842212, "k9_10": 8.262253665188968, "era_10": 4.128465306338255, "whip_10": 1.3210777831475091, "fip_10": 4.115953202961671, "starts_in_window_5": 5.0, "starts_in_window_10": 7.0, "last_start_k": 5.0, "last_start_ip": 5.67, "last_start_bb": 2.0, "sp_days_since_last_start": 6.0, "is_short_rest": 0.0, "era_home_10": 3.5606710459740287, "era_away_10": 4.226030774831374, "k9_home_10": 8.416316916488222, "k9_away_10": 7.877534067914849, "fip_home_10": 3.7980184374493318, "fip_away_10": 4.118533608912919, "opp_k_pct_avg_10": 0.24531651620040595, "opp_k_pct_avg_5": 0.24362885545899352, "opp_bb_pct_avg_10": 0.08705636085879093, "opp_avg_avg_10": 0.23902866828015967, "opp_hr_avg_10": 1.0, "opp_iso_avg_10": 0.14385563729739037, "opp_slg_avg_10": 0.38178825238002295, "opp_lineup_k_pct_std": 0.10647893925554447, "opp_lineup_k_pct_cv": 0.4307435010897267, "opp_lineup_pct_lhb": 0.36363636363636365, "park_run_factor": 1.012, "park_hr_factor": 1.021, "ump_k9_avg_10": 8.5800727678598, "ump_bb9_avg_10": 3.282290877242925, "temperature_f": 69.4, "wind_speed_mph": 7.6, "wind_sin": -0.3664872714806064, "wind_cos": -0.17364817766693033, "precip_prob_pct": 0.0, "is_dome": 0.0, "is_day_game": 0.0, "market_total": 8.5, "line_move_total": 1.0, "opp_lineup_avg_avg_10": 0.23767171717171715, "opp_lineup_iso_avg_10": 0.14306397306397306, "opp_top4_slg_avg_10": 0.4340065775881824, "sc_barrel_rate": 8.476056338028169, "sc_hard_hit_pct": 40.77977178423236, "sc_avg_exit_velo": 89.42915887850467, "sc_gb_pct": 28.448837945361316, "sc_fb_pct": 30.755956284153005, "sc_xba": 0.24459672386895473, "sc_xslg": 0.41116701902748415, "sc_xwoba": 0.31736956521739135, "sc_sp_fb_whiff_pct": 20.0, "sc_sp_fb_k_pct": 21.3, "sc_sp_fb_put_away": 17.25, "sc_sp_sl_pct": 18.1, "sc_sp_sl_whiff_pct": 31.6, "sc_sp_sl_k_pct": 25.6, "sc_sp_sl_run_value_per_100": 0.1, "sc_sp_ch_pct": 17.3, "sc_sp_ch_whiff_pct": 30.2, "sc_sp_ch_k_pct": 22.3, "sc_sp_fb_pct": 34.8, "sc_sp_fb_hard_hit_pct": 46.3, "sc_sp_fb_xwoba": 0.35, "sc_sp_fb_run_value_per_100": -0.1, "sc_sp_si_pct": 19.0, "sc_sp_si_whiff_pct": 12.2, "sc_sp_si_k_pct": 12.5, "sc_sp_si_hard_hit_pct": 45.5, "sc_sp_fastball_family_pct": 46.2, "sc_sp_pitch_diversity": 0.634, "sc_sp_oz_swing_pct": 29.3, "sc_sp_iz_contact_pct": 84.2, "sc_sp_oz_contact_pct": 57.7, "sc_sp_disc_whiff_pct": 24.1, "catcher_framing_rv": 0.2688977228348713, "catcher_framing_rate": 0.473328324567994, "sp_fb_velo_avg_5": 94.08297934472935, "sp_fb_velo_trend_5": 0.029148944256078835, "venue_n_starts": 2.0, "venue_era": 3.6942417295101886, "venue_k9": 8.78527964671687, "venue_fip": 3.7359037291833133, "sp_k_pct_vs_lhb_25": 0.25780143413597734, "sp_k_pct_vs_rhb_25": 0.2549235078646843, "sp_k_pct_vs_lhb_10": 0.25766871165644173, "sp_k_pct_vs_rhb_10": 0.25153374233128833, "sp_hr_rate_vs_lhb_25": 0.03337975858867224, "sp_hr_rate_vs_rhb_25": 0.030463883459651, "sp_hr_rate_vs_lhb_10": 0.03289473684210526, "sp_hr_rate_vs_rhb_10": 0.028089887640449437, "svt_games": 1.0, "svt_era": 3.4615384615384617, "svt_k9": 8.314087759815243, "svt_k_pct": 0.43636363636363634, "svt_era_last3": 3.4615384615384617, "svt_k9_last3": 8.376421923474664, "sp_lob_pct_career": 62.21994067989961, "sp_lob_pct_10": 63.47680097680097, "park_babip_avg": 0.2882190701339638, "opp_runs_last3": 13.0, "opp_runs_avg3": 4.333333333333333, "opp_runs_last5": 21.0, "sp_babip_against_10": 0.2740233384069001, "sp_babip_against_career": 0.27586206896551724, "sp_babip_starts_10": 10.0, "sp_k_pct_last2": 0.20930232558139536, "opp_team_der_20": 0.7238201293880582, "opp_team_der_career": 0.723401020182433, "market_k_line": 4.5, "book_line": 4.5, "season_2025-regular": 1.0, "season_2026-regular": 0.0, "sc_xslg_x_park": 0.41194437538461537, "sp_k_pct_vs_opp_k_rate": 0.05209721372495971, "opp_team_k_trend_5v10": -0.00037232978265881733, "k9_trend_5v10": 0.0, "k_pct_trend_5v10": 0.0, "era_trend_5v10": 0.0, "fip_trend_5v10": 0.0, "sp_era_fip_gap": -0.03721209928944713, "sp_k_bb_ratio_5": 2.6436377905309003, "sp_vs_team_reliability": 0.2, "sp_vs_team_has_history": 0.0, "sp_vs_team_era_adj": 0.45, "sp_vs_team_era_delta": 0.0, "sp_vs_team_k9_adj": 1.5, "sp_vs_team_k9_delta": 0.0, "k_pct_x_park_hr": 0.2147486590038314, "wind_x_park_hr": 7.392, "is_cold_game": 0.0, "temp_below_60": 0.0, "sp_k_pct_trend_5v10": 0.0, "sp_k9_trend_5v10": 0.0, "k_trend_x_ump_k9": 0.0, "contact_vs_ump_zone": 0.4243737806256753, "ump_k9_x_sp_k_pct": 1.8270006637411038, "ump_k9_x_opp_k_pct": 2.099217006941335, "ump_k9_x_sp_whiff_pct": 208.10441024314537, "ump_k9_x_sp_sl_whiff_pct": 268.35422020446157, "ump_k9_x_sp_k9_5": 70.28495238398075, "ump_k9_x_sp_opp_k_triple": 0.4478581487247726, "sp_lob_pct_filled": 62.21994067989961, "sp_lob_vs_avg": -8.780059320100388, "sp_lob_trend": 0.0, "sp_lob_era_quality": 0.8301441691337326, "sp_lob_luck_flag": 0.0, "park_babip_factor": 0.2882190701339638, "park_babip_vs_avg": -0.006780929866036178, "opp_runs_last3_filled": 13.0, "opp_hot_offense_flag": 0.0, "opp_cold_offense_flag": 0.0, "opp_runs_last3_vs_avg": 1.0, "sp_babip_against_10_filled": 0.2740233384069001, "sp_babip_vs_avg": -0.020976661593099938, "sp_babip_unlucky_flag": 0.0, "sp_babip_lucky_flag": 0.0, "sp_babip_against_career_filled": 0.27586206896551724, "sp_babip_trend": 0.0, "sp_k_pct_last2_filled": 0.20930232558139536, "sp_k_pct_last2_vs_5": -0.002204773615473249, "sp_k_trending_up": 0.0, "sp_k_trending_down": 0.0, "opp_der_20_filled": 0.7238201293880582, "opp_der_vs_avg": 0.01882012938805816, "opp_good_defense": 1.0, "opp_poor_defense": 0.0, "line_move_total_filled": 1.0, "line_moved_up": 1.0, "line_moved_down": 0.0, "line_move_abs": 1.0, "market_k_line_filled": 4.5, "market_k_line_vs_avg": 0.0, "market_k_line_known": 1.0, "sc_barrel_x_park_hr": 8.553711397058823, "sc_hard_hit_x_fb": 12.560115777032927, "sc_exit_velo_above_avg": 1.4291588785046656, "sc_barrel_vs_k_rate": 37.750991054937884, "sc_hard_hit_vs_opp_k": 9.927766167156715, "sp_days_from_optimal_rest": 2.0, "sp_is_extended_rest": 0.0, "cold_x_sp_sl_pct": 0.0, "cold_x_sp_offspeed_pct": 0.0, "k9_shrunk": 8.346223635519516, "k_pct_shrunk": 0.21641248621222553, "expected_k_from_ip": 4.964377209944068, "framing_hand_benefit": 0.46421267893660534, "sp_k_pct_x_opp_cv": 0.30540329902599084, "venue_k9_adj": 8.477931977509378, "venue_k9_delta": 0.0, "venue_era_adj": 4.0149937460913065, "venue_era_delta": 0.0, "venue_fip_adj": 4.040605340928097, "last_start_dominated": 0.0, "last_start_blowup": 0.0, "last_start_k9": 7.936507936507937, "last_start_k_bb": 1.75, "framing_x_sp_edge_work": 0.0, "framing_x_ump_k9": 0.0, "sp_k_split_advantage": 0.003712894035474673, "sp_k_split_trend_lhb": 0.0, "sp_k_split_trend_rhb": 0.0, "lineup_lhb_pct_x_sp_lhb_adv": 0.0007602647554678592, "opp_sp_hr_rate_split": 0.0032132618960774226, "warm_x_barrel": 0.0, "warm_x_park_hr": 0.0, "high_total_flag": 0.0, "pitcher_hand_L": 0.0, "pitcher_hand_R": 1.0, "pitcher_hand_nan": 0.0}