{"is_home": 0.0, "rest_days": 1.0, "hits_avg_5": 0.8, "hits_avg_10": 0.9, "hits_avg_20": 0.85, "hits_sd_10": 0.8232726023485646, "hr_avg_5": 0.0, "hr_avg_10": 0.1, "hr_avg_20": 0.1, "tb_avg_5": 1.4, "tb_avg_10": 1.4, "tb_avg_20": 1.4, "tb_sd_10": 1.5670212364724212, "ab_avg_5": 3.6, "ab_avg_10": 3.6, "avg_avg_10": 0.24, "k_rate_avg_10": 0.24375000000000002, "bb_rate_avg_10": 0.07291666666666666, "iso_avg_10": 0.13333333333333333, "hr_rate_avg_5": 0.0, "hr_rate_avg_10": 0.025, "hr_rate_cumul_5": 0.0, "hr_rate_cumul_10": 0.027777777777777776, "hr_rate_cumul_20": 0.029411764705882353, "n_games_prev_10": 10.0, "obp_avg_10": 0.3, "hr_any_last1": 0.0, "hr_count_last3": 0.0, "hr_games_with_hr_last5": 0.0, "bb_avg_5": 0.2, "bb_avg_10": 0.3, "bb_avg_20": 0.3, "bb_sd_10": 0.48304589153964794, "k_avg_5": 0.8, "k_avg_10": 0.8, "hits_home_avg_20": 0.8333333333333334, "hits_away_avg_20": 0.875, "tb_home_avg_20": 1.3636363636363635, "tb_away_avg_20": 1.375, "hr_home_avg_20": 0.1, "hr_away_avg_20": 0.1, "bb_home_avg_20": 0.3, "bb_away_avg_20": 0.2857142857142857, "opp_sp_era_5": 4.242542238411504, "opp_sp_fip_5": 4.1380863039399625, "opp_sp_k_pct_5": 0.2141911483355988, "opp_sp_k9_5": 8.257675192491844, "opp_sp_bb_pct_5": 0.07535885167464115, "opp_sp_whip_5": 1.3261217075386011, "opp_sp_ip_avg_5": 5.398, "opp_sp_pitches_est": 89.067, "opp_sp_last_start_ip": 5.33, "opp_sp_hr9_5": 1.1917460317460318, "opp_sp_hr9_10": 1.2, "opp_sp_fb_velo_avg_5": 93.92313725490196, "opp_sp_fb_velo_trend_5": -0.0023180596418654886, "opp_sp_days_since_last_start": 6.0, "opp_sp_is_short_rest": 0.0, "opp_sp_era_home_10": 3.7907922912205567, "opp_sp_era_away_10": 4.35, "park_run_factor": 1.006, "park_hr_factor": 1.012, "ump_bb9_avg_10": 3.1374926125448686, "ump_k9_avg_10": 8.551308447169724, "temperature_f": 74.6, "wind_speed_mph": 7.2, "wind_sin": -0.20791169081775987, "wind_cos": -0.25881904510252063, "precip_prob_pct": 0.0, "is_dome": 0.0, "is_day_game": 0.0, "market_total": 8.5, "line_move_total": 0.5, "batting_order_avg_5": 4.8, "batting_order_avg_10": 4.9, "is_lhb_batter": 0.0, "hits_avg_40_vs_hand": 0.875, "tb_avg_40_vs_hand": 1.4137931034482758, "k_rate_avg_40_vs_hand": 0.2454545454545455, "iso_avg_40_vs_hand": 0.1419753086419753, "hr_avg_40_vs_hand": 0.10344827586206896, "hits_hand_split_40": -0.0606060606060606, "tb_hand_split_40": -0.1333333333333333, "hr_hand_split_40": -0.010033444816053512, "n_games_vs_lhp_40": 9.0, "n_games_vs_rhp_40": 26.0, "hits_avg_10_vs_hand": 0.8571428571428571, "tb_avg_10_vs_hand": 1.3333333333333333, "hr_avg_10_vs_hand": 0.0, "hits_avg_10_vs_lhp": 0.8571428571428571, "hits_avg_10_vs_rhp": 0.8571428571428571, "n_games_vs_lhp_10": 2.0, "n_games_vs_rhp_10": 7.0, "n_games_prev_10_cs": 10.0, "hits_avg_10_cs": 0.9, "hits_avg_20_cs": 0.85, "tb_avg_10_cs": 1.4, "tb_avg_20_cs": 1.4, "hr_avg_10_cs": 0.1, "hr_rate_avg_10_cs": 0.025, "ab_avg_10_cs": 3.555555555555556, "k_rate_avg_10_cs": 0.24499999999999997, "bb_rate_avg_10_cs": 0.07333333333333333, "iso_avg_10_cs": 0.13333333333333333, "prev_games": 101.0, "prev_hits_avg": 0.9639, "prev_tb_avg": 1.5761, "prev_hr_avg": 0.1338, "prev_ab_avg": 3.8317, "prev_k_rate": 0.2468, "prev_bb_rate": 0.0591, "prev_iso": 0.1594, "prev_hr_rate": 0.0341, "h2h_games": 0.0, "h2h_ba": 0.25, "h2h_obp": 0.25, "h2h_slg": 0.2857142857142857, "h2h_k_rate": 0.25, "h2h_iso": 0.0, "h2h_hr": 0.0, "h2h_ab": 0.0, "h2h_ba_last3": 0.25, "h2h_slg_last3": 0.2857142857142857, "h2h_hr_rate_last3": 0.0, "h2h_ab_last3": 0.0, "own_lineup_slg_avg_10": 0.39405679850374475, "own_lineup_iso_avg_10": 0.14833333333333334, "own_top4_slg_avg_10": 0.43645588866177104, "sc_barrel_rate": 8.191987179487178, "sc_hard_hit_pct": 41.15686274509804, "sc_avg_exit_velo": 89.2363184079602, "sc_avg_launch_angle": 13.702373887240356, "sc_sweet_spot_pct": 33.95315068493151, "sc_fb_pct": 36.65163934426229, "sc_gb_pct": 33.959016393442624, "sc_ld_pct": 100.0, "sc_xba": 0.2446980769230769, "sc_xslg": 0.4073265306122449, "sc_xwoba": 0.3174426059979317, "sc_xiso": 0.1686148409893993, "sc_pull_pct": NaN, "sc_opposite_pct": NaN, "sc_popup_pct": NaN, "sc_brl_pa": 5.628202115158636, "sprint_speed": 27.4, "opp_sp_sc_barrel_rate": 8.402544769085768, "opp_sp_sc_hard_hit_pct": 40.752434158020755, "opp_sp_sc_avg_exit_velo": 89.38579409417397, "opp_sp_sc_gb_pct": 28.578159645232816, "opp_sp_sc_fb_pct": 30.943044189852703, "opp_sp_sc_xba": 0.245906857727738, "opp_sp_sc_xslg": 0.4168232558139535, "opp_sp_sc_xwoba": 0.3190190239867659, "opp_sp_fb_pct": 37.3, "opp_sp_fb_hard_hit_pct": 45.6, "opp_sp_fb_xwoba": 0.341, "opp_sp_fb_run_value_per_100": 0.0, "opp_sp_fb_whiff_pct": 20.6, "opp_sp_fb_k_pct": 21.9, "opp_sp_sl_pct": 22.1, "opp_sp_sl_whiff_pct": 31.1, "opp_sp_sl_k_pct": 25.6, "opp_sp_sl_xwoba": 0.295, "opp_sp_ch_pct": 17.8, "opp_sp_ch_whiff_pct": 30.0, "opp_sp_ch_k_pct": 21.1, "opp_sp_fastball_family_pct": 46.2, "opp_sp_pitch_diversity": 0.619, "opp_sp_si_pct": 20.7, "opp_sp_si_whiff_pct": 12.5, "opp_sp_si_k_pct": 13.3, "opp_sp_si_hard_hit_pct": 44.8, "opp_sp_sl_hard_hit_pct": 37.5, "opp_sp_sl_run_value_per_100": 0.1, "opp_sp_ch_hard_hit_pct": 32.3, "opp_sp_ch_run_value_per_100": 0.1, "sc_b_oz_swing_pct": 28.4, "sc_b_iz_contact_pct": 83.2, "sc_b_oz_contact_pct": 55.6, "sc_b_disc_whiff_pct": 24.8, "sc_b_out_zone_pct": 50.2, "opp_bp_era_5": 3.7240133779264215, "opp_bp_era_10": 3.914631482661153, "opp_bp_k9_5": 8.8569655760291, "opp_bp_ip_last_7": 22.0, "opp_bp_era_7d": 3.75996961640714, "opp_bp_relievers_last_1d": 3.0, "opp_bp_relievers_last_2d": 5.0, "batter_n_games_at_venue": 5.0, "batter_venue_ba": 0.0, "batter_venue_hr_rate": 0.0, "batter_venue_slg": 0.0, "sp_k_pct_vs_lhb_25": 0.2558139534883721, "sp_k_pct_vs_rhb_25": 0.25, "sp_k_pct_vs_lhb_10": 0.2556390977443609, "sp_k_pct_vs_rhb_10": 0.25, "confirmed_batting_order": NaN, "confirmed_lineup_source": NaN, "btu_games": 1.0, "btu_ba": 0.25, "btu_k_rate": 0.25, "btu_bb_rate": 0.0, "bvr_games_30": 30.0, "bvr_bp_games_30": 8.0, "bvr_ab_30": 30.0, "bvr_ba_30": 0.288135593220339, "bvr_hr_rate_30": 0.03333333333333333, "bvr_slg_30": 0.46808510638297873, "bvr_k_rate_30": 0.22413793103448276, "opp_sp_lob_pct_career": 62.0, "opp_sp_lob_pct_10": 62.16216216216216, "park_babip_avg": 0.2867943442017528, "own_runs_last3": 13.0, "own_runs_avg3": 4.333333333333333, "batter_babip_10": 0.2916666666666667, "batter_babip_career": 0.2972972972972973, "babip_games_10": 10.0, "opp_team_def_der_20": 0.7226720647773279, "opp_team_def_der_career": 0.723196881091618, "market_hits_over_price": -190.0, "market_tb_over_price": 140.0, "market_hr_over_price": 680.0, "season_2024-regular": 0.0, "season_2025-regular": 0.0, "season_2026-regular": 0.0, "batter_hand_L": 0.0, "batter_hand_R": 1.0, "batter_hand_S": 0.0, "batter_hand_nan": 0.0, "opp_sp_hand_L": 0.0, "opp_sp_hand_R": 1.0, "opp_sp_hand_nan": 0.0, "hits_trend_5v10": 0.0, "hits_hot_ratio": 1.0, "hits_trend_sig": 0.0, "hits_trend_accel": 0.0, "hr_trend_5v10": 0.0, "hr_hot_ratio": 1.0, "hr_trend_accel": 0.0, "tb_trend_5v10": 0.0, "tb_hot_ratio": 1.0, "tb_trend_sig": 0.0, "tb_trend_accel": 0.0, "early_season_weight": 1.0, "hr_park_adj_10": 0.10120000000000001, "tb_park_adj_10": 1.3689, "hr_rate_cumul_trend_5v20": 0.0, "hr_rate_cumul_x_park": 0.028243243243243243, "tb_cv_10": 1.1547005383792515, "tb_power_opportunity": 0.46799999999999997, "sc_xslg_x_park": 0.4062421597633136, "sc_brl_x_ab": 19.55240105540897, "hits_vs_opp_era": 0.8649134759075928, "tb_vs_opp_fip": 1.3644279610695922, "opp_bp_era_adj": -0.47598662207357867, "hits_vs_opp_bp_era": 0.7502779291553134, "tb_vs_opp_bp_era": 1.19625, "opp_bp_era7_x_ip7": 81.0, "wind_x_park_hr": 7.114800000000001, "is_cold_game": 0.0, "temp_below_60": 0.0, "bb_trend_5v10": 0.0, "bb_hot_ratio": 1.0, "bb_trend_sig": 0.0, "batter_k_trend_5v10": 0.0, "batter_k_hot_ratio": 1.0, "batter_k_rate_x_ump_k9": 2.073515400006378, "ump_bb9_x_batter_bb_rate": 0.22258905999934675, "ump_bb9_x_bb_avg_10": 0.903513435379325, "hits_vs_ump_k9": 0.8551446288923595,