{"is_home": 1.0, "ip_avg_5": 5.466, "k_pct_5": 0.21461988304093563, "k9_5": 8.249325337331335, "era_5": 4.284796573875803, "whip_5": 1.33, "fip_5": 4.153626376833802, "bb_pct_5": 0.07447062508898153, "hr9_5": 1.217142857142857, "k_pct_10": 0.21542142278298262, "k9_10": 8.253073903901285, "era_10": 4.386724937522568, "whip_10": 1.3381734119538997, "fip_10": 4.206729144463689, "starts_in_window_5": 5.0, "starts_in_window_10": 10.0, "last_start_k": 5.0, "last_start_ip": 5.67, "last_start_bb": 2.0, "sp_days_since_last_start": 6.0, "is_short_rest": 0.0, "era_home_10": 3.825, "era_away_10": 4.431419677154088, "k9_home_10": 8.451755713165333, "k9_away_10": 8.0, "fip_home_10": 3.908886509635974, "fip_away_10": 4.2405549901708675, "opp_k_pct_avg_10": 0.2505736892907946, "opp_bb_pct_avg_10": 0.08195466328161267, "opp_avg_avg_10": 0.23901322999963517, "opp_hr_avg_10": 1.1, "opp_iso_avg_10": 0.15078509177090935, "opp_slg_avg_10": 0.3895228912781095, "opp_lineup_k_pct_std": 0.10369876393658368, "opp_lineup_k_pct_cv": 0.410295063699123, "park_run_factor": 1.006, "park_hr_factor": 1.012, "ump_k9_avg_10": 8.534095183309756, "ump_bb9_avg_10": 3.11754836162653, "temperature_f": 75.9, "wind_speed_mph": 6.9, "wind_sin": -0.1564344650402311, "wind_cos": -0.2923717047227371, "precip_prob_pct": 0.0, "is_dome": 0.0, "is_day_game": 0.0, "market_total": 8.5, "pitcher_hand": NaN, "opp_lineup_avg_avg_10": 0.23777777777777775, "opp_lineup_iso_avg_10": 0.14888888888888888, "opp_top4_slg_avg_10": 0.43974358974358974, "sc_barrel_rate": 8.4, "sc_hard_hit_pct": 40.2, "sc_avg_exit_velo": 89.3, "sc_gb_pct": 20.1, "sc_fb_pct": 21.8, "sc_xba": 0.245, "sc_xslg": 0.413, "sc_xwoba": 0.317, "sc_sp_fb_whiff_pct": 20.6, "sc_sp_fb_k_pct": 22.1, "sc_sp_fb_put_away": 17.4, "sc_sp_sl_pct": 21.9, "sc_sp_sl_whiff_pct": 31.4, "sc_sp_sl_k_pct": 25.6, "sc_sp_sl_run_value_per_100": 0.1, "sc_sp_ch_pct": 17.5, "sc_sp_ch_whiff_pct": 29.5, "sc_sp_ch_k_pct": 21.0, "sc_sp_fb_pct": 37.4, "sc_sp_fb_hard_hit_pct": 45.6, "sc_sp_fb_xwoba": 0.34, "sc_sp_fb_run_value_per_100": 0.0, "sc_sp_si_pct": 20.8, "sc_sp_si_whiff_pct": 12.6, "sc_sp_si_k_pct": 13.4, "sc_sp_si_hard_hit_pct": 44.8, "sc_sp_fastball_family_pct": 46.3, "sc_sp_pitch_diversity": 0.618, "sc_sp_oz_swing_pct": 28.6, "sc_sp_iz_contact_pct": 83.5, "sc_sp_oz_contact_pct": 57.4, "sc_sp_disc_whiff_pct": 24.1, "catcher_framing_rv": 0.156834470147432, "catcher_framing_rate": 0.4716981132075472, "season_2024-regular": 0.0, "season_2025-regular": 0.0, "season_2026-regular": 0.0, "sc_xslg_x_park": 0.41438400000000003, "sp_k_pct_vs_opp_k_rate": 0.05334388116881506, "k9_trend_5v10": 0.0, "k_pct_trend_5v10": 0.0, "era_trend_5v10": 0.0, "fip_trend_5v10": 0.0, "k_pct_x_park_hr": 0.21427906112159928, "wind_x_park_hr": 6.8473999999999995, "is_cold_game": 0.0, "temp_below_60": 0.0, "ump_k9_x_sp_k_pct": 1.8204448664156596, "ump_k9_x_opp_k_pct": 2.1168035761752697, "sc_barrel_x_park_hr": 8.3472, "sc_hard_hit_x_fb": 8.8409, "sc_exit_velo_above_avg": 1.2999999999999972, "sc_barrel_vs_k_rate": 37.25474277904424, "sc_hard_hit_vs_opp_k": 10.05425059253654, "k9_shrunk": 8.35768194070081, "k_pct_shrunk": 0.2170397992927377, "framing_hand_benefit": 0.4567307692307692, "sp_k_pct_x_opp_cv": 0.3043629554338676}