{"is_home": 1.0, "ip_avg_5": 5.468, "k_pct_5": 0.21194232705710583, "k9_5": 8.111755888650963, "era_5": 3.9732362671798356, "whip_5": 1.316093093897972, "fip_5": 4.098474665141332, "bb_pct_5": 0.07789526995796874, "hr9_5": 1.0919523114645067, "k_pct_10": 0.2131009891879457, "k9_10": 8.152758580348284, "era_10": 4.1, "whip_10": 1.325574561254433, "fip_10": 4.129218676162249, "starts_in_window_5": 5.0, "starts_in_window_10": 6.0, "last_start_k": 5.0, "last_start_ip": 5.67, "last_start_bb": 2.0, "sp_days_since_last_start": 6.0, "is_short_rest": 0.0, "era_home_10": 3.346712819918174, "era_away_10": 4.242857142857143, "k9_home_10": 8.25, "k9_away_10": 7.778250207905637, "fip_home_10": 3.8505624674066015, "fip_away_10": 4.071435517989117, "opp_k_pct_avg_10": 0.24540561227954472, "opp_bb_pct_avg_10": 0.08638431875521478, "opp_avg_avg_10": 0.24048756785592648, "opp_hr_avg_10": 1.0, "opp_iso_avg_10": 0.1432652481055118, "opp_slg_avg_10": 0.38364843931540854, "park_run_factor": 1.012, "park_hr_factor": 1.021, "ump_k9_avg_10": 8.57643997759983, "ump_bb9_avg_10": 3.2193306405077897, "temperature_f": 69.0, "wind_speed_mph": 7.0, "wind_sin": -0.3420201433256686, "wind_cos": -0.25881904510252063, "precip_prob_pct": 0.0, "is_dome": 0.0, "is_day_game": 0.0, "market_total": 8.5, "pitcher_hand": NaN, "opp_lineup_avg_avg_10": 0.2380246913580247, "opp_lineup_iso_avg_10": 0.14222222222222222, "opp_top4_slg_avg_10": 0.43710480667002405, "sc_barrel_rate": 9.0, "sc_hard_hit_pct": 41.7, "sc_avg_exit_velo": 89.7, "sc_gb_pct": 21.0, "sc_fb_pct": 22.5, "sc_xba": 0.248, "sc_xslg": 0.416, "sc_xwoba": 0.32, "sc_sp_fb_whiff_pct": 20.7, "sc_sp_fb_k_pct": 21.6, "sc_sp_fb_put_away": 16.9, "sc_sp_sl_pct": 20.2, "sc_sp_sl_whiff_pct": 31.7, "sc_sp_sl_k_pct": 24.2, "sc_sp_sl_run_value_per_100": 0.1, "sc_sp_ch_pct": 17.3, "sc_sp_ch_whiff_pct": 29.4, "sc_sp_ch_k_pct": 22.3, "sc_sp_fb_pct": 35.9, "sc_sp_fb_hard_hit_pct": 46.6, "sc_sp_fb_xwoba": 0.346, "sc_sp_fb_run_value_per_100": -0.1, "sc_sp_si_pct": 19.8, "sc_sp_si_whiff_pct": 12.5, "sc_sp_si_k_pct": 13.4, "sc_sp_si_hard_hit_pct": 46.3, "sc_sp_fastball_family_pct": 46.0, "sc_sp_pitch_diversity": 0.62, "sc_sp_oz_swing_pct": 28.6, "sc_sp_iz_contact_pct": 83.7, "sc_sp_oz_contact_pct": 57.1, "sc_sp_disc_whiff_pct": 24.2, "catcher_framing_rv": 0.156834470147432, "catcher_framing_rate": 0.4716981132075472, "book_line": 4.5, "season_2025-regular": 1.0, "season_2026-regular": 0.0, "sc_xslg_x_park": 0.418696, "sp_k_pct_vs_opp_k_rate": 0.05175061544506013, "k9_trend_5v10": 0.0, "k_pct_trend_5v10": 0.0, "era_trend_5v10": 0.0, "fip_trend_5v10": 0.0, "k_pct_x_park_hr": 0.21339505770051825, "wind_x_park_hr": 6.9345, "is_cold_game": 0.0, "temp_below_60": 0.0, "ump_k9_x_sp_k_pct": 1.8124318753510282, "ump_k9_x_opp_k_pct": 2.0958121294561716, "sc_barrel_x_park_hr": 8.778, "sc_hard_hit_x_fb": 9.6579, "sc_exit_velo_above_avg": 1.7000000000000028, "sc_barrel_vs_k_rate": 39.3506129664873, "sc_hard_hit_vs_opp_k": 10.19448121708967}