{"is_home": 1.0, "ip_avg_5": 5.466, "k_pct_5": 0.21204228302801723, "k9_5": 8.160473614249934, "era_5": 4.020844277673546, "whip_5": 1.3203115814226924, "fip_5": 4.128872955497144, "bb_pct_5": 0.07921360695333299, "hr9_5": 1.1142857142857143, "k_pct_10": 0.21351172252958944, "k9_10": 8.231621166290156, "era_10": 4.105995717344753, "whip_10": 1.3219139206780828, "fip_10": 4.121385113932539, "starts_in_window_5": 5.0, "starts_in_window_10": 6.0, "last_start_k": 5.0, "last_start_ip": 5.67, "last_start_bb": 2.0, "sp_days_since_last_start": 6.0, "is_short_rest": 0.0, "era_home_10": 3.4985963179547666, "era_away_10": 4.242857142857143, "k9_home_10": 8.311926288609461, "k9_away_10": 7.797246864484552, "fip_home_10": 3.819642857142857, "fip_away_10": 4.122819803062138, "opp_k_pct_avg_10": 0.2456887833924819, "opp_k_pct_avg_5": 0.24425104939336437, "opp_bb_pct_avg_10": 0.087391984665966, "opp_avg_avg_10": 0.23928754133241964, "opp_hr_avg_10": 1.0, "opp_iso_avg_10": 0.14270026337467975, "opp_slg_avg_10": 0.38164297585141005, "opp_lineup_k_pct_std": 0.10613974954497728, "opp_lineup_k_pct_cv": 0.4295532684739673, "opp_lineup_pct_lhb": 0.36363636363636365, "park_run_factor": 1.006, "park_hr_factor": 1.012, "ump_k9_avg_10": 8.585633425641337, "ump_bb9_avg_10": 3.2620426380669003, "temperature_f": 68.8, "wind_speed_mph": 7.6, "wind_sin": -0.39073112848927355, "wind_cos": -0.2079116908177598, "precip_prob_pct": 0.0, "is_dome": 0.0, "is_day_game": 0.0, "market_total": 8.5, "line_move_total": 1.0, "opp_lineup_avg_avg_10": 0.23858024691358024, "opp_lineup_iso_avg_10": 0.14266666666666666, "opp_top4_slg_avg_10": 0.4347188097188097, "sc_barrel_rate": 8.549999999999999, "sc_hard_hit_pct": 40.94372469635628, "sc_avg_exit_velo": 89.4161943319838, "sc_gb_pct": 27.908599779492835, "sc_fb_pct": 30.4303197353914, "sc_xba": 0.2449448669201521, "sc_xslg": 0.41265592972181553, "sc_xwoba": 0.31674704276615107, "sc_sp_fb_whiff_pct": 20.3, "sc_sp_fb_k_pct": 21.4, "sc_sp_fb_put_away": 17.1, "sc_sp_sl_pct": 19.5, "sc_sp_sl_whiff_pct": 31.7, "sc_sp_sl_k_pct": 25.0, "sc_sp_sl_run_value_per_100": 0.1, "sc_sp_ch_pct": 17.3, "sc_sp_ch_whiff_pct": 30.0, "sc_sp_ch_k_pct": 21.3, "sc_sp_fb_pct": 34.9, "sc_sp_fb_hard_hit_pct": 46.5, "sc_sp_fb_xwoba": 0.35, "sc_sp_fb_run_value_per_100": -0.1, "sc_sp_si_pct": 19.0, "sc_sp_si_whiff_pct": 12.1, "sc_sp_si_k_pct": 13.4, "sc_sp_si_hard_hit_pct": 46.2, "sc_sp_fastball_family_pct": 45.900000000000006, "sc_sp_pitch_diversity": 0.635, "sc_sp_oz_swing_pct": 28.9, "sc_sp_iz_contact_pct": 84.1, "sc_sp_oz_contact_pct": 57.7, "sc_sp_disc_whiff_pct": 24.2, "catcher_framing_rv": 0.156834470147432, "catcher_framing_rate": 0.4722222222222222, "sp_fb_velo_avg_5": 94.01415151515153, "sp_fb_velo_trend_5": 0.02980715899447972, "venue_n_starts": 2.0, "venue_era": 3.754440773518593, "venue_k9": 8.899384488127676, "venue_fip": 3.7640357652176135, "sp_k_pct_vs_lhb_25": 0.25668449197860965, "sp_k_pct_vs_rhb_25": 0.2548330404217926, "sp_k_pct_vs_lhb_10": 0.25742574257425743, "sp_k_pct_vs_rhb_10": 0.25116279069767444, "svt_games": 1.0, "svt_era": 3.4615384615384617, "svt_k9": 8.442776735459661, "svt_k_pct": 0.4375, "svt_era_last3": 3.4615384615384617, "svt_k9_last3": 8.442776735459661, "sp_lob_pct_career": 62.39554317548747, "sp_lob_pct_10": 63.63636363636363, "park_babip_avg": 0.29019292604501606, "opp_runs_last3": 13.0, "opp_runs_avg3": 4.333333333333333, "opp_runs_last5": 21.0, "market_k_line": 4.5, "book_line": 4.5, "season_2025-regular": 1.0, "season_2026-regular": 0.0, "pitcher_hand_L": 0.0, "pitcher_hand_R": 1.0, "pitcher_hand_nan": 0.0, "sc_xslg_x_park": 0.4121305767138194, "sp_k_pct_vs_opp_k_rate": 0.05167468320293156, "opp_team_k_trend_5v10": -0.0003433415347926516, "k9_trend_5v10": 0.0, "k_pct_trend_5v10": 0.0, "era_trend_5v10": 0.0, "fip_trend_5v10": 0.0, "sp_vs_team_reliability": 0.2, "sp_vs_team_has_history": 0.0, "sp_vs_team_era_adj": 0.36000000000000004, "sp_vs_team_era_delta": 0.0, "sp_vs_team_k9_adj": 1.4400000000000002, "sp_vs_team_k9_delta": 0.0, "k_pct_x_park_hr": 0.21293398703643412, "wind_x_park_hr": 7.339799999999999, "is_cold_game": 0.0, "temp_below_60": 0.0, "sp_k_pct_trend_5v10": 0.0, "sp_k9_trend_5v10": 0.0, "k_trend_x_ump_k9": 0.0, "contact_vs_ump_zone": 0.423817141602257, "ump_k9_x_sp_k_pct": 1.814019681464706, "ump_k9_x_opp_k_pct": 2.1038503144582656, "ump_k9_x_sp_whiff_pct": 207.9421616818335, "ump_k9_x_sp_sl_whiff_pct": 269.11746852826735, "ump_k9_x_sp_k9_5": 69.9842979614829, "ump_k9_x_sp_opp_k_triple": 0.44291542139936974, "sp_lob_pct_filled": 62.39554317548747, "sp_lob_vs_avg": -8.604456824512532, "sp_lob_trend": 0.0, "park_babip_factor": 0.29019292604501606, "park_babip_vs_avg": -0.00480707395498392, "opp_runs_last3_filled": 13.0, "opp_hot_offense_flag": 0.0, "opp_cold_offense_flag": 0.0, "opp_runs_last3_vs_avg": 1.0, "line_move_total_filled": 0.5, "line_moved_up": 1.0, "line_moved_down": 0.0, "line_move_abs": 0.5, "market_k_line_filled": 4.5, "market_k_line_vs_avg": 0.0, "market_k_line_known": 1.0, "sc_barrel_x_park_hr": 8.578893075204766, "sc_hard_hit_x_fb": 12.22700918103524, "sc_exit_velo_above_avg": 1.416194331983803, "sc_barrel_vs_k_rate": 37.846682517517294, "sc_hard_hit_vs_opp_k": 9.924398666258972, "sp_days_from_optimal_rest": 2.0, "sp_is_extended_rest": 0.0, "cold_x_sp_sl_pct": 0.0, "cold_x_sp_offspeed_pct": 0.0, "k9_shrunk": 8.313654929724812, "k_pct_shrunk": 0.21576676675975567, "framing_hand_benefit": 0.46402877697841727, "sp_k_pct_x_opp_cv": 0.3028894017923164, "venue_k9_adj": 8.486038562659358, "venue_k9_delta": 0.0, "venue_era_adj": 4.006739021447266, "venue_era_delta": 0.0, "venue_fip_adj": 4.045833333333333, "last_start_dominated": 0.0, "last_start_blowup": 0.0, "last_start_k9": 7.725321888412017, "last_start_k_bb": 1.75, "framing_x_sp_edge_work": 0.0, "framing_x_ump_k9": 0.0, "sp_k_split_advantage": 0.0036880556289058952, "sp_k_split_trend_lhb": 0.0, "sp_k_split_trend_rhb": 0.0, "lineup_lhb_pct_x_sp_lhb_adv": 0.0007126842184663239}