{"game_month": 6.0, "is_home": 0.0, "rest_days": 1.0, "hits_avg_5": 0.8, "hits_avg_10": 0.8, "hits_avg_20": 0.85, "hits_sd_10": 0.816496580927726, "hr_avg_5": 0.0, "hr_avg_10": 0.1, "hr_avg_20": 0.1, "tb_avg_5": 1.3333333333333333, "tb_avg_10": 1.4, "tb_avg_20": 1.4, "tb_sd_10": 1.5670212364724212, "ab_avg_5": 3.6, "ab_avg_10": 3.5, "avg_avg_10": 0.23809523809523808, "k_rate_avg_10": 0.24500000000000002, "bb_rate_avg_10": 0.06999999999999999, "iso_avg_10": 0.13333333333333333, "hr_rate_avg_5": 0.0, "hr_rate_avg_10": 0.025, "hr_rate_cumul_5": 0.0, "hr_rate_cumul_10": 0.027777777777777776, "hr_rate_cumul_20": 0.028985507246376812, "n_games_prev_10": 10.0, "obp_avg_10": 0.29833333333333334, "hr_any_last1": 0.0, "hr_count_last3": 0.0, "hr_games_with_hr_last5": 0.0, "bb_avg_5": 0.2, "bb_avg_10": 0.3, "bb_avg_20": 0.3, "bb_sd_10": 0.48304589153964794, "k_avg_5": 0.8, "k_avg_10": 0.8, "hits_home_avg_20": 0.8333333333333334, "hits_away_avg_20": 0.8571428571428571, "tb_home_avg_20": 1.3333333333333333, "tb_away_avg_20": 1.3636363636363635, "hr_home_avg_20": 0.1, "hr_away_avg_20": 0.1, "bb_home_avg_20": 0.3, "bb_away_avg_20": 0.2857142857142857, "opp_sp_era_5": 4.2464681944741915, "opp_sp_fip_5": 4.141000603331227, "opp_sp_k_pct_5": 0.21416825843454723, "opp_sp_k9_5": 8.267594610974314, "opp_sp_bb_pct_5": 0.07538140186668782, "opp_sp_whip_5": 1.3250462821340765, "opp_sp_ip_avg_5": 5.4, "opp_sp_pitches_est": 89.1, "opp_sp_last_start_ip": 5.33, "opp_sp_hr9_5": 1.187061526044577, "opp_sp_hr9_10": 1.2, "opp_sp_fb_velo_avg_5": 93.95666666666668, "opp_sp_fb_velo_trend_5": -0.0032953220599978295, "opp_sp_days_since_last_start": 6.0, "opp_sp_is_short_rest": 0.0, "opp_sp_era_home_10": 3.8164021164021165, "opp_sp_era_away_10": 4.35, "park_run_factor": 1.006, "park_hr_factor": 1.012, "ump_bb9_avg_10": 3.1552585433830727, "ump_k9_avg_10": 8.543651563038399, "temperature_f": 74.9, "wind_speed_mph": 7.3, "wind_sin": -0.22495105434386498, "wind_cos": -0.24192189559966779, "precip_prob_pct": 0.0, "is_dome": 0.0, "is_day_game": 0.0, "market_total": 8.5, "line_move_total": 0.5, "batting_order_avg_5": 5.0, "batting_order_avg_10": 5.0, "is_lhb_batter": 0.0, "hits_avg_40_vs_hand": 0.8620689655172413, "tb_avg_40_vs_hand": 1.3888888888888888, "k_rate_avg_40_vs_hand": 0.24642857142857144, "iso_avg_40_vs_hand": 0.13999999999999999, "hr_avg_40_vs_hand": 0.1, "hits_hand_split_40": -0.058823529411764705, "tb_hand_split_40": -0.1285266457680251, "hr_hand_split_40": -0.008658008658008658, "n_games_vs_lhp_40": 9.0, "n_games_vs_rhp_40": 26.0, "hits_avg_10_vs_hand": 0.8571428571428571, "tb_avg_10_vs_hand": 1.3333333333333333, "hr_avg_10_vs_hand": 0.0, "hits_avg_10_vs_lhp": 0.8333333333333334, "hits_avg_10_vs_rhp": 0.8571428571428571, "n_games_vs_lhp_10": 2.0, "n_games_vs_rhp_10": 7.0, "n_games_prev_10_cs": 10.0, "hits_avg_10_cs": 0.8, "hits_avg_20_cs": 0.85, "tb_avg_10_cs": 1.4, "tb_avg_20_cs": 1.4, "hr_avg_10_cs": 0.1, "hr_rate_avg_10_cs": 0.025, "ab_avg_10_cs": 3.5, "k_rate_avg_10_cs": 0.24500000000000002, "bb_rate_avg_10_cs": 0.06999999999999999, "iso_avg_10_cs": 0.13333333333333333, "prev_games": 100.0, "prev_hits_avg": 0.96, "prev_tb_avg": 1.5693, "prev_hr_avg": 0.1333, "prev_ab_avg": 3.825, "prev_k_rate": 0.2475, "prev_bb_rate": 0.0588, "prev_iso": 0.1586, "prev_hr_rate": 0.0338, "h2h_games": 0.0, "h2h_ba": 0.25, "h2h_obp": 0.25, "h2h_slg": 0.2857142857142857, "h2h_k_rate": 0.25, "h2h_iso": 0.0, "h2h_hr": 0.0, "h2h_ab": 0.0, "h2h_ba_last3": 0.25, "h2h_slg_last3": 0.2857142857142857, "h2h_hr_rate_last3": 0.0, "h2h_ab_last3": 0.0, "own_lineup_slg_avg_10": 0.3948150632922155, "own_lineup_iso_avg_10": 0.14866666666666667, "own_top4_slg_avg_10": 0.4374160206718346, "sc_barrel_rate": 8.117097170971709, "sc_hard_hit_pct": 40.87307692307692, "sc_avg_exit_velo": 89.12826923076922, "sc_avg_launch_angle": 13.729756097560978, "sc_sweet_spot_pct": 33.93394160583942, "sc_fb_pct": 35.98545918367347, "sc_gb_pct": 33.594897959183676, "sc_ld_pct": 100.0, "sc_xba": 0.2439195250659631, "sc_xslg": 0.40534086956521737, "sc_xwoba": 0.3165118549511855, "sc_xiso": 0.1648546341463415, "sc_pull_pct": NaN, "sc_opposite_pct": NaN, "sc_popup_pct": NaN, "sc_brl_pa": 5.5057026476578415, "sprint_speed": 27.4, "opp_sp_sc_barrel_rate": 8.417866004962779, "opp_sp_sc_hard_hit_pct": 40.633854166666666, "opp_sp_sc_avg_exit_velo": 89.40681318681318, "opp_sp_sc_gb_pct": 27.94095744680851, "opp_sp_sc_fb_pct": 30.227467811158803, "opp_sp_sc_xba": 0.24565700483091787, "opp_sp_sc_xslg": 0.4159046728971963, "opp_sp_sc_xwoba": 0.3198737060041408, "opp_sp_fb_pct": 37.1, "opp_sp_fb_hard_hit_pct": 45.3, "opp_sp_fb_xwoba": 0.341, "opp_sp_fb_run_value_per_100": 0.0, "opp_sp_fb_whiff_pct": 20.4, "opp_sp_fb_k_pct": 21.5, "opp_sp_sl_pct": 21.9, "opp_sp_sl_whiff_pct": 31.4, "opp_sp_sl_k_pct": 25.7, "opp_sp_sl_xwoba": 0.295, "opp_sp_ch_pct": 17.5, "opp_sp_ch_whiff_pct": 29.6, "opp_sp_ch_k_pct": 21.1, "opp_sp_fastball_family_pct": 46.3, "opp_sp_pitch_diversity": 0.619, "opp_sp_si_pct": 20.6, "opp_sp_si_whiff_pct": 12.5, "opp_sp_si_k_pct": 13.1, "opp_sp_si_hard_hit_pct": 44.7, "opp_sp_sl_hard_hit_pct": 37.1, "opp_sp_sl_run_value_per_100": 0.1, "opp_sp_ch_hard_hit_pct": 32.4, "opp_sp_ch_run_value_per_100": 0.0, "sc_b_oz_swing_pct": 28.4, "sc_b_iz_contact_pct": 83.4, "sc_b_oz_contact_pct": 55.6, "sc_b_disc_whiff_pct": 24.8, "sc_b_out_zone_pct": 50.3, "opp_bp_era_5": 3.727745487916794, "opp_bp_era_10": 3.92020105597073, "opp_bp_k9_5": 8.852963698228878, "opp_bp_ip_last_7": 22.0, "opp_bp_era_7d": 3.7729764592067077, "opp_bp_relievers_last_1d": 3.0, "opp_bp_relievers_last_2d": 5.0, "batter_n_games_at_venue": 7.0, "batter_venue_ba": 0.0, "batter_venue_hr_rate": 0.0, "batter_venue_slg": 0.0, "sp_k_pct_vs_lhb_25": 0.25625, "sp_k_pct_vs_rhb_25": 0.2507462686567164, "sp_k_pct_vs_lhb_10": 0.2553191489361702, "sp_k_pct_vs_rhb_10": 0.25, "sp_hr_rate_vs_lhb_25": 0.03225806451612903, "sp_hr_rate_vs_rhb_25": 0.03067484662576687, "sp_hr_rate_vs_lhb_10": 0.031578947368421054, "sp_hr_rate_vs_rhb_10": 0.030303030303030304, "opp_catcher_framing_rv": 0.17099166793702641, "opp_catcher_framing_rate": 0.4716981132075472, "confirmed_batting_order": NaN, "confirmed_lineup_source": NaN, "btu_games": 1.0, "btu_ba": 0.25, "btu_k_rate": 0.25, "btu_bb_rate": 0.0, "bvr_games_30": 30.0, "bvr_bp_games_30": 8.0, "bvr_ab_30": 29.0, "bvr_ba_30": 0.2857142857142857, "bvr_hr_rate_30": 0.03333333333333333, "bvr_slg_30": 0.46551724137931033, "bvr_k_rate_30": 0.225, "opp_sp_lob_pct_career": 61.94225721784777, "opp_sp_lob_pct_10": 62.121212121212125, "park_babip_avg": 0.28603519943397976, "own_runs_last3": 13.0, "own_runs_avg3": 4.333333333333333, "batter_babip_10": 0.2916666666666667, "batter_babip_career": 0.29690721649484536, "babip_games_10": 10.0, "opp_team_def_der_20": 0.7229166666666667, "opp_team_def_der_career": 0.7231993299832495, "market_hits_over_price": -180.0, "market_tb_over_price": 145.0, "market_hr_over_price": 730.0, "season_2024-regular": 0.0, "season_2025-regular": 0.0, "season_2026-regular": 0.0, "batter_hand_L": 0.0, "batter_hand_R": 1.0, "batter_hand_S": 0.0, "batter_hand_nan": 0.0, "opp_sp_hand_L": 0.0, "opp_sp_hand_R": 1.0, "opp_sp_hand_nan": 0.0, "hits_trend_5v10": 0.0, "hits_hot_ratio": 1.0, "hits_trend_sig": 0.0, "hits_trend_accel": 0.0, "hr_trend_5v10": 0.0, "hr_hot_ratio": 1.0, "hr_trend_accel": 0.0, "tb_trend_5v10": 0.0, "tb_hot_ratio": 1.0, "tb_trend_sig": 0.0, "tb_trend_accel": 0.0, "early_season_weight": 1.0, "hr_park_adj_10": 0.10120000000000001, "tb_park_adj_10": 1.3533, "hr_rate_cumul_trend_5v20": 0.0, "hr_rate_cumul_x_park": 0.028294117647058824, "tb_cv_10": 1.1653431646335017, "tb_power_opportunity": 0.4625, "sc_xslg_x_park": 0.40356180656303975, "sc_brl_x_ab": 19.13001047120419, "hits_vs_opp_era": 0.8547412291717053, "tb_vs_opp_fip": 1.3486489607390302, "opp_bp_era_adj": -0.472254512083206, "hits_vs_opp_bp_era": 0.7442779291553134, "tb_vs_opp_bp_era": 1.1849237152034262, "opp_bp_era7_x_ip7": 81.0, "wind_x_park_hr": 7.1816, "is_cold_game": 0.0,