{"is_home": 1.0, "rest_days": 1.0, "hits_avg_5": 0.8, "hits_avg_10": 0.8333333333333334, "hits_avg_20": 0.85, "hits_sd_10": 0.816496580927726, "hr_avg_5": 0.0, "hr_avg_10": 0.1, "hr_avg_20": 0.1, "tb_avg_5": 1.25, "tb_avg_10": 1.4, "tb_avg_20": 1.4, "tb_sd_10": 1.5670212364724212, "ab_avg_5": 3.6, "ab_avg_10": 3.5, "avg_avg_10": 0.2375, "k_rate_avg_10": 0.24666666666666667, "bb_rate_avg_10": 0.06999999999999999, "iso_avg_10": 0.13333333333333333, "hr_rate_avg_5": 0.0, "hr_rate_avg_10": 0.025, "n_games_prev_10": 10.0, "bb_avg_5": 0.2, "bb_avg_10": 0.3, "bb_avg_20": 0.3, "bb_sd_10": 0.48304589153964794, "k_avg_5": 0.8, "k_avg_10": 0.8, "hits_home_avg_20": 0.8333333333333334, "hits_away_avg_20": 0.8571428571428571, "tb_home_avg_20": 1.3333333333333333, "tb_away_avg_20": 1.3636363636363635, "hr_home_avg_20": 0.1, "hr_away_avg_20": 0.1, "bb_home_avg_20": 0.2857142857142857, "bb_away_avg_20": 0.2857142857142857, "opp_sp_era_5": 4.2548299876641416, "opp_sp_fip_5": 4.141000603331227, "opp_sp_k_pct_5": 0.21420921099607282, "opp_sp_k9_5": 8.25, "opp_sp_bb_pct_5": 0.0745519852259765, "opp_sp_whip_5": 1.3265324465895487, "opp_sp_ip_avg_5": 5.4, "opp_sp_days_since_last_start": 6.0, "opp_sp_is_short_rest": 0.0, "opp_sp_era_home_10": 3.817323531000253, "opp_sp_era_away_10": 4.386422645670131, "park_run_factor": 1.006, "park_hr_factor": 1.012, "ump_bb9_avg_10": 3.1145670705817037, "ump_k9_avg_10": 8.538707778831377, "temperature_f": 75.2, "wind_speed_mph": 7.0, "wind_sin": -0.17364817766693047, "wind_cos": -0.2756373558169989, "precip_prob_pct": 0.0, "is_dome": 0.0, "is_day_game": 0.0, "market_total": 8.5, "batting_order_avg_5": 5.0, "batting_order_avg_10": 5.0, "batter_hand": NaN, "opp_sp_hand": NaN, "hits_avg_40_vs_hand": NaN, "tb_avg_40_vs_hand": NaN, "k_rate_avg_40_vs_hand": NaN, "iso_avg_40_vs_hand": NaN, "hits_hand_split_40": 0.0, "tb_hand_split_40": 0.0, "n_games_vs_lhp_40": 0.0, "n_games_vs_rhp_40": 0.0, "n_games_prev_10_cs": 10.0, "hits_avg_10_cs": 0.8, "hits_avg_20_cs": 0.85, "tb_avg_10_cs": 1.4, "tb_avg_20_cs": 1.4, "hr_avg_10_cs": 0.1, "hr_rate_avg_10_cs": 0.025, "ab_avg_10_cs": 3.5, "k_rate_avg_10_cs": 0.2483333333333333, "bb_rate_avg_10_cs": 0.06999999999999999, "iso_avg_10_cs": 0.13333333333333333, "prev_games": 99.0, "prev_hits_avg": 0.9562, "prev_tb_avg": 1.5625, "prev_hr_avg": 0.1333, "prev_ab_avg": 3.8243, "prev_k_rate": 0.2475, "prev_bb_rate": 0.0588, "prev_iso": 0.1583, "prev_hr_rate": 0.0341, "h2h_games": 0.0, "h2h_ba": 0.25, "h2h_obp": 0.25, "h2h_slg": 0.2727272727272727, "h2h_k_rate": 0.25, "h2h_iso": 0.0, "own_lineup_slg_avg_10": 0.3949765934457502, "own_lineup_iso_avg_10": 0.14866666666666667, "own_top4_slg_avg_10": 0.43741472612714816, "sc_barrel_rate": 8.0, "sc_hard_hit_pct": 40.7, "sc_avg_exit_velo": 89.1, "sc_avg_launch_angle": 13.6, "sc_sweet_spot_pct": 34.0, "sc_fb_pct": 29.5, "sc_gb_pct": 27.2, "sc_ld_pct": NaN, "sc_xba": 0.243, "sc_xslg": 0.403, "sc_xwoba": 0.315, "sc_xiso": 0.16200000000000003, "sc_pull_pct": NaN, "sc_opposite_pct": NaN, "sc_popup_pct": NaN, "sc_brl_pa": 5.5, "sprint_speed": 27.4, "opp_sp_sc_barrel_rate": 8.4, "opp_sp_sc_hard_hit_pct": 40.4, "opp_sp_sc_avg_exit_velo": 89.3, "opp_sp_sc_gb_pct": 21.4, "opp_sp_sc_xba": 0.245, "opp_sp_sc_xslg": 0.414, "opp_sp_sc_xwoba": 0.318, "opp_sp_fb_pct": 38.0, "opp_sp_fb_hard_hit_pct": 45.7, "opp_sp_fb_xwoba": 0.341, "opp_sp_fb_run_value_per_100": 0.0, "opp_sp_fb_whiff_pct": 20.6, "opp_sp_fb_k_pct": 22.1, "opp_sp_sl_pct": 22.4, "opp_sp_sl_whiff_pct": 31.1, "opp_sp_sl_k_pct": 25.5, "opp_sp_sl_xwoba": 0.294, "opp_sp_ch_pct": 17.5, "opp_sp_ch_whiff_pct": 29.5, "opp_sp_ch_k_pct": 21.0, "opp_sp_fastball_family_pct": 46.3, "opp_sp_pitch_diversity": 0.612, "opp_sp_si_pct": 21.6, "opp_sp_si_whiff_pct": 12.6, "opp_sp_si_k_pct": 13.4, "opp_sp_si_hard_hit_pct": 44.8, "opp_sp_sl_hard_hit_pct": 37.0, "opp_sp_sl_run_value_per_100": 0.1, "opp_sp_ch_hard_hit_pct": 32.9, "opp_sp_ch_run_value_per_100": 0.0, "sc_b_oz_swing_pct": 28.1, "sc_b_iz_contact_pct": 83.0, "sc_b_oz_contact_pct": 55.5, "sc_b_disc_whiff_pct": 24.9, "sc_b_out_zone_pct": 49.8, "season_2024-regular": 0.0, "season_2025-regular": 0.0, "season_2026-regular": 0.0, "hits_trend_5v10": 0.0, "hits_hot_ratio": 1.0, "hits_trend_sig": 0.0, "hr_trend_5v10": 0.0, "hr_hot_ratio": 1.0, "tb_trend_5v10": 0.0, "tb_hot_ratio": 1.0, "tb_trend_sig": 0.0, "hr_park_adj_10": 0.10120000000000001, "tb_park_adj_10": 1.3552, "hits_vs_opp_era": 0.8572973929572353, "tb_vs_opp_fip": 1.3505396825396825, "wind_x_park_hr": 6.959700000000001, "is_cold_game": 0.0, "temp_below_60": 0.0, "bb_trend_5v10": 0.0, "bb_hot_ratio": 1.0, "bb_trend_sig": 0.0, "ump_bb9_x_batter_bb_rate": 0.21598252290632577, "ump_bb9_x_bb_avg_10": 0.8735758524007399, "is_top_of_order": 0.0, "is_cleanup": 0.0, "hits_cs_delta": 0.0, "tb_cs_delta": 0.0, "hr_cs_delta": 0.0, "hits_cs_vs_prev": 0.0, "tb_cs_vs_prev": 0.0, "hits_vs_hand_weighted": 0.0, "tb_vs_hand_weighted": 0.0, "k_rate_vs_hand_weighted": 0.0, "iso_vs_hand_weighted": 0.0, "hits_hand_split_weighted": 0.0, "tb_hand_split_weighted": 0.0, "h2h_reliability": 0.0, "h2h_ops": 0.0, "h2h_ba_weighted": 0.0, "h2h_ops_weighted": 0.0, "h2h_k_rate_weighted": 0.0, "h2h_iso_weighted": 0.0, "h2h_k_rate_delta": 0.0, "h2h_has_history": 0.0, "hits_venue_adj": 0.8461538461538461, "hits_home_away_split": 0.0, "tb_venue_adj": 1.3333333333333333, "tb_home_away_split": -0.01098901098901095, "hr_venue_adj": 0.1, "hr_home_away_split": 0.0, "bb_venue_adj": 0.2857142857142857, "bb_home_away_split": 0.0, "sc_barrel_x_park_hr": 7.9985, "sc_hard_hit_x_fb": 12.164400000000002, "sc_exit_velo_above_avg": 1.0999999999999943, "sc_xslg_vs_iso": 0.265, "sc_xwoba_vs_avg": 0.07833333333333337, "sc_xiso_park_adj": 0.16192, "sc_sweet_spot_x_velo": 1.390799999999999, "sc_barrel_matchup": -0.3000000000000007, "sc_hard_hit_matchup": 0.30000000000000426, "opp_sp_gb_tendency": 0.214, "sc_hittability_combo": 0.634, "is_b2b": 1.0}