{"is_home": 1.0, "ip_avg_5": 5.466, "k_pct_5": 0.21204228302801723, "k9_5": 8.164955991875424, "era_5": 3.990046643177682, "whip_5": 1.316966670588083, "fip_5": 4.099844388399253, "bb_pct_5": 0.07886316581968755, "hr9_5": 1.0885516331243814, "k_pct_10": 0.2131600264713803, "k9_10": 8.199576799278086, "era_10": 4.082371016872516, "whip_10": 1.3222222222222222, "fip_10": 4.109691415807257, "starts_in_window_5": 5.0, "starts_in_window_10": 6.0, "last_start_k": 5.0, "last_start_ip": 5.67, "last_start_bb": 2.0, "sp_days_since_last_start": 6.0, "is_short_rest": 0.0, "era_home_10": 3.418311738864483, "era_away_10": 4.232027229628429, "k9_home_10": 8.271365885846254, "k9_away_10": 7.797246864484552, "fip_home_10": 3.8006756756756754, "fip_away_10": 4.106372165451467, "opp_k_pct_avg_10": 0.24489606605762088, "opp_bb_pct_avg_10": 0.08741085721561105, "opp_avg_avg_10": 0.24070626972470094, "opp_hr_avg_10": 1.1, "opp_iso_avg_10": 0.144057107952899, "opp_slg_avg_10": 0.3846587040968957, "opp_lineup_k_pct_std": 0.10632794889420834, "opp_lineup_k_pct_cv": 0.4305287068754119, "park_run_factor": 1.012, "park_hr_factor": 1.021, "ump_k9_avg_10": 8.576801941334177, "ump_bb9_avg_10": 3.2413432298989635, "temperature_f": 68.6, "wind_speed_mph": 7.4, "wind_sin": -0.39073112848927355, "wind_cos": -0.22495105434386525, "precip_prob_pct": 0.0, "is_dome": 0.0, "is_day_game": 0.0, "market_total": 8.5, "pitcher_hand": NaN, "opp_lineup_avg_avg_10": 0.23972222222222225, "opp_lineup_iso_avg_10": 0.1439069264069264, "opp_top4_slg_avg_10": 0.4383338082404296, "sc_barrel_rate": 8.58213058419244, "sc_hard_hit_pct": 40.93574397339983, "sc_avg_exit_velo": 89.47526315789473, "sc_gb_pct": 28.825626423690206, "sc_fb_pct": 30.773014145810667, "sc_xba": 0.24468076109936576, "sc_xslg": 0.4139185185185185, "sc_xwoba": 0.31674704276615107, "sc_sp_fb_whiff_pct": 20.6, "sc_sp_fb_k_pct": 21.55, "sc_sp_fb_put_away": 16.95, "sc_sp_sl_pct": 20.2, "sc_sp_sl_whiff_pct": 31.9, "sc_sp_sl_k_pct": 25.0, "sc_sp_sl_run_value_per_100": 0.1, "sc_sp_ch_pct": 17.9, "sc_sp_ch_whiff_pct": 30.0, "sc_sp_ch_k_pct": 22.4, "sc_sp_fb_pct": 35.2, "sc_sp_fb_hard_hit_pct": 46.5, "sc_sp_fb_xwoba": 0.347, "sc_sp_fb_run_value_per_100": -0.1, "sc_sp_si_pct": 19.5, "sc_sp_si_whiff_pct": 12.5, "sc_sp_si_k_pct": 13.4, "sc_sp_si_hard_hit_pct": 46.2, "sc_sp_fastball_family_pct": 46.0, "sc_sp_pitch_diversity": 0.628, "sc_sp_oz_swing_pct": 28.8, "sc_sp_iz_contact_pct": 83.9, "sc_sp_oz_contact_pct": 57.5, "sc_sp_disc_whiff_pct": 24.2, "catcher_framing_rv": 0.22993269570958857, "catcher_framing_rate": 0.47297297297297297, "book_line": 4.5, "season_2025-regular": 1.0, "season_2026-regular": 0.0, "sc_xslg_x_park": 0.4132277654476671, "sp_k_pct_vs_opp_k_rate": 0.05176341169792783, "k9_trend_5v10": 0.0, "k_pct_trend_5v10": 0.0, "era_trend_5v10": 0.0, "fip_trend_5v10": 0.0, "k_pct_x_park_hr": 0.21339505770051825, "wind_x_park_hr": 7.2149, "is_cold_game": 0.0, "temp_below_60": 0.0, "sp_k_pct_trend_5v10": 0.0, "sp_k9_trend_5v10": 0.0, "k_trend_x_ump_k9": 0.0, "ump_k9_x_sp_k_pct": 1.8158925583523728, "ump_k9_x_opp_k_pct": 2.0949470630239, "ump_k9_x_sp_whiff_pct": 207.64665525924815, "ump_k9_x_sp_sl_whiff_pct": 272.0185863160053, "ump_k9_x_sp_k9_5": 69.91440915050285, "ump_k9_x_sp_opp_k_triple": 0.44294947122250977, "sc_barrel_x_park_hr": 8.583605371900827, "sc_hard_hit_x_fb": 12.498174015023356, "sc_exit_velo_above_avg": 1.4752631578947302, "sc_barrel_vs_k_rate": 37.732200764723586, "sc_hard_hit_vs_opp_k": 9.927325333191078, "k9_shrunk": 8.316291522363047, "k_pct_shrunk": 0.21582527933976195, "framing_hand_benefit": 0.46402877697841727, "sp_k_pct_x_opp_cv": 0.3048398197277314}