{"is_home": 1.0, "ip_avg_5": 5.466, "k_pct_5": 0.21422004203843997, "k9_5": 8.233536910611733, "era_5": 4.3045004766342005, "whip_5": 1.3330618435811155, "fip_5": 4.165724161296368, "bb_pct_5": 0.07404318600537439, "hr9_5": 1.2346031746031747, "k_pct_10": 0.21520053638936493, "k9_10": 8.241010652239492, "era_10": 4.410079202782241, "whip_10": 1.3412150066595794, "fip_10": 4.217344660728033, "starts_in_window_5": 5.0, "starts_in_window_10": 10.0, "last_start_k": 5.0, "last_start_ip": 5.67, "sp_days_since_last_start": 6.0, "is_short_rest": 0.0, "era_home_10": 3.852882493312423, "era_away_10": 4.448994827164279, "k9_home_10": 8.431597642832577, "k9_away_10": 8.0, "fip_home_10": 3.9239262511601343, "fip_away_10": 4.2555555555555555, "opp_k_pct_avg_10": 0.2508477495876689, "opp_bb_pct_avg_10": 0.08131679114123488, "opp_avg_avg_10": 0.23897702447869928, "opp_hr_avg_10": 1.1, "opp_iso_avg_10": 0.15102353142679706, "opp_slg_avg_10": 0.3899050949501923, "park_run_factor": 1.006, "park_hr_factor": 1.012, "season_2024-regular": 0.0, "season_2025-regular": 1.0, "sp_k_pct_vs_opp_k_rate": 0.0532454736829791, "k9_trend_5v10": 0.0, "k_pct_trend_5v10": 0.0, "era_trend_5v10": 0.0, "fip_trend_5v10": 0.0, "k_pct_x_park_hr": 0.21384552923837793}