{"is_home": 0.0, "rest_days": 1.0, "hits_avg_5": 0.8, "hits_avg_10": 0.9, "hits_avg_20": 0.875, "hits_sd_10": 0.8232726023485646, "hr_avg_5": 0.0, "hr_avg_10": 0.1, "hr_avg_20": 0.1, "tb_avg_5": 1.4, "tb_avg_10": 1.4, "tb_avg_20": 1.4, "tb_sd_10": 1.5670212364724212, "ab_avg_5": 3.6, "ab_avg_10": 3.6, "avg_avg_10": 0.24166666666666664, "k_rate_avg_10": 0.24166666666666664, "bb_rate_avg_10": 0.075, "iso_avg_10": 0.13333333333333333, "hr_rate_avg_5": 0.0, "hr_rate_avg_10": 0.025, "n_games_prev_10": 10.0, "bb_avg_5": 0.2, "bb_avg_10": 0.3, "bb_avg_20": 0.3333333333333333, "bb_sd_10": 0.4879500364742666, "k_avg_5": 0.8, "k_avg_10": 0.8, "hits_home_avg_20": 0.875, "hits_away_avg_20": 0.875, "tb_home_avg_20": 1.375, "tb_away_avg_20": 1.3636363636363635, "hr_home_avg_20": 0.09090909090909091, "hr_away_avg_20": 0.1, "bb_home_avg_20": 0.3333333333333333, "bb_away_avg_20": 0.3333333333333333, "opp_sp_era_5": 3.951279073230293, "opp_sp_fip_5": 4.096523368606702, "opp_sp_k_pct_5": 0.2120917182452419, "opp_sp_k9_5": 8.185714285714285, "opp_sp_bb_pct_5": 0.07964835164835163, "opp_sp_whip_5": 1.30794733034417, "opp_sp_ip_avg_5": 5.334, "opp_sp_days_since_last_start": 6.0, "opp_sp_is_short_rest": 0.0, "opp_sp_era_home_10": 3.45, "opp_sp_era_away_10": 4.157043879907621, "park_run_factor": 1.006, "park_hr_factor": 1.012, "ump_bb9_avg_10": 3.2377635866432444, "ump_k9_avg_10": 8.631401983426164, "temperature_f": 67.3, "wind_speed_mph": 7.6, "wind_sin": -0.29237170472273716, "wind_cos": -0.17364817766693033, "precip_prob_pct": 0.0, "is_dome": 0.0, "is_day_game": 0.0, "market_total": 8.5, "batting_order_avg_5": 4.6, "batting_order_avg_10": 4.7, "batter_hand": NaN, "opp_sp_hand": NaN, "hits_avg_40_vs_hand": NaN, "tb_avg_40_vs_hand": NaN, "k_rate_avg_40_vs_hand": NaN, "iso_avg_40_vs_hand": NaN, "hits_hand_split_40": 0.0, "tb_hand_split_40": 0.0, "n_games_vs_lhp_40": 0.0, "n_games_vs_rhp_40": 0.0, "n_games_prev_10_cs": 10.0, "hits_avg_10_cs": 0.9, "hits_avg_20_cs": 0.85, "tb_avg_10_cs": 1.4, "tb_avg_20_cs": 1.4, "hr_avg_10_cs": 0.1, "hr_rate_avg_10_cs": 0.025, "ab_avg_10_cs": 3.6, "k_rate_avg_10_cs": 0.24166666666666664, "bb_rate_avg_10_cs": 0.075, "iso_avg_10_cs": 0.13333333333333333, "prev_games": 104.0, "prev_hits_avg": 0.9681, "prev_tb_avg": 1.587, "prev_hr_avg": 0.1377, "prev_ab_avg": 3.8413, "prev_k_rate": 0.2463, "prev_bb_rate": 0.0597, "prev_iso": 0.1603, "prev_hr_rate": 0.0349, "h2h_games": 0.0, "h2h_ba": 0.25, "h2h_obp": 0.25, "h2h_slg": 0.3076923076923077, "h2h_k_rate": 0.25, "h2h_iso": 0.0, "own_lineup_slg_avg_10": 0.391391741881938, "own_lineup_iso_avg_10": 0.14351851851851852, "own_top4_slg_avg_10": 0.4342268866661196, "sc_barrel_rate": 8.7, "sc_hard_hit_pct": 42.1, "sc_avg_exit_velo": 89.5, "sc_avg_launch_angle": 13.8, "sc_sweet_spot_pct": 34.3, "sc_fb_pct": 39.8, "sc_gb_pct": 36.4, "sc_ld_pct": NaN, "sc_xba": 0.245, "sc_xslg": 0.41, "sc_xwoba": 0.32, "sc_xiso": 0.164, "sc_pull_pct": NaN, "sc_opposite_pct": NaN, "sc_popup_pct": NaN, "sc_brl_pa": 5.8, "sprint_speed": 27.2, "opp_sp_sc_barrel_rate": 8.8, "opp_sp_sc_hard_hit_pct": 41.5, "opp_sp_sc_avg_exit_velo": 89.7, "opp_sp_sc_gb_pct": 33.1, "opp_sp_sc_xba": 0.248, "opp_sp_sc_xslg": 0.415, "opp_sp_sc_xwoba": 0.321, "opp_sp_fb_pct": 35.3, "opp_sp_fb_hard_hit_pct": 46.8, "opp_sp_fb_xwoba": 0.35, "opp_sp_fb_run_value_per_100": -0.2, "opp_sp_fb_whiff_pct": 20.0, "opp_sp_fb_k_pct": 20.8, "opp_sp_sl_pct": 21.9, "opp_sp_sl_whiff_pct": 31.8, "opp_sp_sl_k_pct": 24.7, "opp_sp_sl_xwoba": 0.298, "opp_sp_ch_pct": 18.6, "opp_sp_ch_whiff_pct": 30.2, "opp_sp_ch_k_pct": 22.3, "opp_sp_fastball_family_pct": 45.3, "opp_sp_pitch_diversity": 0.63, "opp_sp_si_pct": 20.2, "opp_sp_si_whiff_pct": 12.5, "opp_sp_si_k_pct": 13.7, "opp_sp_si_hard_hit_pct": 46.4, "opp_sp_sl_hard_hit_pct": 39.5, "opp_sp_sl_run_value_per_100": 0.1, "opp_sp_ch_hard_hit_pct": 32.4, "opp_sp_ch_run_value_per_100": 0.2, "sc_b_oz_swing_pct": 28.6, "sc_b_iz_contact_pct": 83.6, "sc_b_oz_contact_pct": 55.8, "sc_b_disc_whiff_pct": 24.8, "sc_b_out_zone_pct": 50.4, "opp_bp_era_5": 3.770877944325482, "opp_bp_era_10": 4.133606557377049, "opp_bp_k9_5": 8.595064377682403, "opp_bp_ip_last_7": 22.0, "opp_bp_era_7d": 3.8585209003215435, "book_line": 1.5, "season_2025-regular": 1.0, "season_2026-regular": 0.0, "hits_trend_5v10": 0.0, "hits_hot_ratio": 1.0, "hits_trend_sig": 0.0, "hr_trend_5v10": 0.0, "hr_hot_ratio": 1.0, "tb_trend_5v10": 0.0, "tb_hot_ratio": 1.0, "tb_trend_sig": 0.0, "hr_park_adj_10": 0.1003, "tb_park_adj_10": 1.4013999999999998, "tb_cv_10": 1.1486707293408518, "tb_power_opportunity": 0.46799999999999997, "sc_xslg_x_park": 0.41034600000000004, "sc_brl_x_ab": 20.639999999999997, "hits_vs_opp_era": 0.8292801468162323, "tb_vs_opp_fip": 1.3533993576017131, "opp_bp_era_adj": -0.42912205567451833, "hits_vs_opp_bp_era": 0.7758646548397282, "tb_vs_opp_bp_era": 1.2213744266905135, "opp_bp_era7_x_ip7": 81.00000000000001, "wind_x_park_hr": 7.532, "is_cold_game": 0.0, "temp_below_60": 0.0, "bb_trend_5v10": 0.0, "bb_hot_ratio": 1.0, "bb_trend_sig": 0.0, "ump_bb9_x_batter_bb_rate": 0.2446358157400444, "ump_bb9_x_bb_avg_10": 1.003781224862708, "is_top_of_order": 0.0, "is_cleanup": 0.0, "hits_cs_delta": 0.0, "tb_cs_delta": 0.0, "hr_cs_delta": 0.0, "hits_cs_vs_prev": -0.055600000000000094, "tb_cs_vs_prev": -0.14370000000000016, "hits_vs_hand_weighted": 0.0, "tb_vs_hand_weighted": 0.0, "k_rate_vs_hand_weighted": 0.0, "iso_vs_hand_weighted": 0.0, "hits_hand_split_weighted": 0.0, "tb_hand_split_weighted": 0.0, "h2h_reliability": 0.0, "h2h_ops": 0.0, "h2h_ba_weighted": 0.0, "h2h_ops_weighted": 0.0, "h2h_k_rate_weighted": 0.0, "h2h_iso_weighted": 0.0, "h2h_k_rate_delta": 0.0, "h2h_has_history": 0.0, "hits_venue_adj": 0.875, "hits_home_away_split": 0.0, "tb_venue_adj": 1.3636363636363635, "tb_home_away_split": 0.0, "hr_venue_adj": 0.1, "hr_home_away_split": 0.0, "bb_venue_adj": 0.3333333333333333, "bb_home_away_split": 0.0, "sc_barrel_x_park_hr": 8.593200000000001, "sc_hard_hit_x_fb": 16.492, "sc_exit_velo_above_avg": 1.5, "sc_xslg_vs_iso": 0.268, "sc_xwoba_vs_avg": 0.07833333333333337, "sc_xiso_park_adj": 0.163734, "sc_sweet_spot_x_velo": 1.5268000000000022, "sc_barrel_matchup": -0.1999999999999993, "sc_hard_hit_matchup": 0.5, "opp_sp_gb_tendency": 0.331, "sc_hittability_combo": 0.641, "is_b2b": 1.0, "is_regular_starter": 1.0, "ab_per_game_played": 0.37, "is_bottom_of_order": 0.0, "pa_frequency_factor": 0.5888888888888889, "top_order_x_weak_bp": 0.0}