{"is_home": 1.0, "ip_avg_5": 5.466, "k_pct_5": 0.21255464061965107, "k9_5": 8.151379290174141, "era_5": 3.962142857142857, "whip_5": 1.3153902844500294, "fip_5": 4.098203286821173, "bb_pct_5": 0.07802782422176405, "hr9_5": 1.092515271119411, "k_pct_10": 0.2133705201627728, "k9_10": 8.181685802559151, "era_10": 4.080200523130017, "whip_10": 1.3253095113084257, "fip_10": 4.129045815829697, "starts_in_window_5": 5.0, "starts_in_window_10": 6.0, "last_start_k": 5.0, "last_start_ip": 5.67, "last_start_bb": 2.0, "sp_days_since_last_start": 6.0, "is_short_rest": 0.0, "era_home_10": 3.3707865168539324, "era_away_10": 4.22003432003432, "k9_home_10": 8.25, "k9_away_10": 7.797246864484552, "fip_home_10": 3.8415343915343914, "fip_away_10": 4.057716049382716, "opp_k_pct_avg_10": 0.24527062951053247, "opp_bb_pct_avg_10": 0.08667405284881538, "opp_avg_avg_10": 0.24074403067261285, "opp_hr_avg_10": 1.0, "opp_iso_avg_10": 0.1436752414191359, "opp_slg_avg_10": 0.38447099673202617, "park_run_factor": 1.012, "park_hr_factor": 1.021, "ump_k9_avg_10": 8.578091547702297, "ump_bb9_avg_10": 3.2206661357892186, "temperature_f": 69.0, "wind_speed_mph": 7.1, "wind_sin": -0.3255681544571567, "wind_cos": -0.25881904510252063, "precip_prob_pct": 0.0, "is_dome": 0.0, "is_day_game": 0.0, "market_total": 8.5, "pitcher_hand": NaN, "opp_lineup_avg_avg_10": 0.2383333333333333, "opp_lineup_iso_avg_10": 0.14254629629629628, "opp_top4_slg_avg_10": 0.4374111423806546, "sc_barrel_rate": 9.0, "sc_hard_hit_pct": 41.7, "sc_avg_exit_velo": 89.7, "sc_gb_pct": 21.2, "sc_fb_pct": 23.3, "sc_xba": 0.248, "sc_xslg": 0.417, "sc_xwoba": 0.32, "sc_sp_fb_whiff_pct": 20.5, "sc_sp_fb_k_pct": 21.6, "sc_sp_fb_put_away": 16.9, "sc_sp_sl_pct": 20.2, "sc_sp_sl_whiff_pct": 31.8, "sc_sp_sl_k_pct": 24.7, "sc_sp_sl_run_value_per_100": 0.1, "sc_sp_ch_pct": 17.3, "sc_sp_ch_whiff_pct": 29.4, "sc_sp_ch_k_pct": 22.3, "sc_sp_fb_pct": 35.9, "sc_sp_fb_hard_hit_pct": 46.7, "sc_sp_fb_xwoba": 0.347, "sc_sp_fb_run_value_per_100": -0.1, "sc_sp_si_pct": 19.8, "sc_sp_si_whiff_pct": 12.5, "sc_sp_si_k_pct": 13.7, "sc_sp_si_hard_hit_pct": 46.3, "sc_sp_fastball_family_pct": 46.0, "sc_sp_pitch_diversity": 0.62, "sc_sp_oz_swing_pct": 28.6, "sc_sp_iz_contact_pct": 83.7, "sc_sp_oz_contact_pct": 57.1, "sc_sp_disc_whiff_pct": 24.2, "catcher_framing_rv": 0.156834470147432, "catcher_framing_rate": 0.4716981132075472, "book_line": 4.5, "season_2025-regular": 1.0, "season_2026-regular": 0.0, "sc_xslg_x_park": 0.418984, "sp_k_pct_vs_opp_k_rate": 0.05182393996673086, "k9_trend_5v10": 0.0, "k_pct_trend_5v10": 0.0, "era_trend_5v10": 0.0, "fip_trend_5v10": 0.0, "k_pct_x_park_hr": 0.213663277134542, "wind_x_park_hr": 6.994000000000001, "is_cold_game": 0.0, "temp_below_60": 0.0, "ump_k9_x_sp_k_pct": 1.8154287035159893, "ump_k9_x_opp_k_pct": 2.0955894517482925, "sc_barrel_x_park_hr": 8.887450000000001, "sc_hard_hit_x_fb": 9.901, "sc_exit_velo_above_avg": 1.7000000000000028, "sc_barrel_vs_k_rate": 39.45578771497506, "sc_hard_hit_vs_opp_k": 10.190698301256548, "k9_shrunk": 8.313205464591, "k_pct_shrunk": 0.21608699270887782, "framing_hand_benefit": 0.4581818181818182}