{"is_home": 1.0, "ip_avg_5": 5.466, "k_pct_5": 0.2144906417006438, "k9_5": 8.242599584793044, "era_5": 4.294573481432604, "whip_5": 1.331252204585538, "fip_5": 4.15967193704768, "bb_pct_5": 0.07425942655936502, "hr9_5": 1.2204389721627409, "k_pct_10": 0.21539305049561608, "k9_10": 8.248425047559202, "era_10": 4.400521638380299, "whip_10": 1.339437293977725, "fip_10": 4.2140346384357645, "starts_in_window_5": 5.0, "starts_in_window_10": 10.0, "last_start_k": 5.0, "last_start_ip": 5.67, "last_start_bb": 2.0, "sp_days_since_last_start": 6.0, "is_short_rest": 0.0, "era_home_10": 3.8374926085943097, "era_away_10": 4.444573481432604, "k9_home_10": 8.446031746031746, "k9_away_10": 8.0, "fip_home_10": 3.9162570108874957, "fip_away_10": 4.244988758463205, "opp_k_pct_avg_10": 0.2508477495876689, "opp_bb_pct_avg_10": 0.08167808819230632, "opp_avg_avg_10": 0.23893985627126296, "opp_hr_avg_10": 1.1, "opp_iso_avg_10": 0.1507017888531662, "opp_slg_avg_10": 0.38945928707401933, "park_run_factor": 1.006, "park_hr_factor": 1.012, "ump_k9_avg_10": 8.53183941243546, "ump_bb9_avg_10": 3.112083145795104, "temperature_f": 76.2, "wind_speed_mph": 6.9, "wind_sin": -0.1564344650402311, "wind_cos": -0.2923717047227371, "precip_prob_pct": 0.0, "is_dome": 0.0, "is_day_game": 0.0, "market_total": 8.5, "pitcher_hand": NaN, "opp_lineup_avg_avg_10": 0.2376262626262626, "opp_lineup_iso_avg_10": 0.14897411616161615, "opp_top4_slg_avg_10": 0.4397001577748335, "sc_barrel_rate": 8.4, "sc_hard_hit_pct": 40.2, "sc_avg_exit_velo": 89.3, "sc_gb_pct": 20.0, "sc_fb_pct": 21.5, "sc_xba": 0.245, "sc_xslg": 0.413, "sc_xwoba": 0.317, "sc_sp_fb_whiff_pct": 20.7, "sc_sp_fb_k_pct": 22.2, "sc_sp_fb_put_away": 17.4, "sc_sp_sl_pct": 21.9, "sc_sp_sl_whiff_pct": 31.1, "sc_sp_sl_k_pct": 25.6, "sc_sp_sl_run_value_per_100": 0.1, "sc_sp_ch_pct": 17.5, "sc_sp_ch_whiff_pct": 29.4, "sc_sp_ch_k_pct": 21.0, "sc_sp_fb_pct": 37.5, "sc_sp_fb_hard_hit_pct": 45.5, "sc_sp_fb_xwoba": 0.339, "sc_sp_fb_run_value_per_100": 0.0, "sc_sp_si_pct": 21.0, "sc_sp_si_whiff_pct": 12.5, "sc_sp_si_k_pct": 13.4, "sc_sp_si_hard_hit_pct": 44.8, "sc_sp_fastball_family_pct": 46.3, "sc_sp_pitch_diversity": 0.618, "sc_sp_oz_swing_pct": 28.6, "sc_sp_iz_contact_pct": 83.5, "sc_sp_oz_contact_pct": 57.4, "sc_sp_disc_whiff_pct": 24.1, "catcher_framing_rv": 0.156834470147432, "catcher_framing_rate": 0.4716981132075472, "season_2024-regular": 0.0, "season_2025-regular": 0.0, "season_2026-regular": 0.0, "sc_xslg_x_park": 0.414477, "sp_k_pct_vs_opp_k_rate": 0.05329916283210705, "k9_trend_5v10": 0.0, "k_pct_trend_5v10": 0.0, "era_trend_5v10": 0.0, "fip_trend_5v10": 0.0, "k_pct_x_park_hr": 0.21410938068285237, "wind_x_park_hr": 6.832400000000001, "is_cold_game": 0.0, "temp_below_60": 0.0, "ump_k9_x_sp_k_pct": 1.8183131541450281, "ump_k9_x_opp_k_pct": 2.1178077437229517, "sc_barrel_x_park_hr": 8.3368, "sc_hard_hit_x_fb": 8.7318, "sc_exit_velo_above_avg": 1.2999999999999972, "sc_barrel_vs_k_rate": 37.251744954257134, "sc_hard_hit_vs_opp_k": 10.06766945874551}