{"is_home": 1.0, "ip_avg_5": 5.466, "k_pct_5": 0.21204228302801723, "k9_5": 8.152758580348284, "era_5": 4.049865067466267, "whip_5": 1.3217768380370005, "fip_5": 4.133529621698787, "bb_pct_5": 0.0792121212121212, "hr9_5": 1.1228472451336193, "k_pct_10": 0.2143255402501507, "k9_10": 8.245714285714286, "era_10": 4.1116277147120295, "whip_10": 1.3211991434689507, "fip_10": 4.117511301451344, "starts_in_window_5": 5.0, "starts_in_window_10": 6.0, "last_start_k": 5.0, "last_start_ip": 5.67, "last_start_bb": 2.0, "sp_days_since_last_start": 6.0, "is_short_rest": 0.0, "era_home_10": 3.5047202120372853, "era_away_10": 4.242857142857143, "k9_home_10": 8.336107686351589, "k9_away_10": 7.81030996661898, "fip_home_10": 3.819642857142857, "fip_away_10": 4.114285714285714, "opp_k_pct_avg_10": 0.24567863551601263, "opp_k_pct_avg_5": 0.24441714441714443, "opp_bb_pct_avg_10": 0.08725976293256058, "opp_avg_avg_10": 0.23916674028736812, "opp_hr_avg_10": 1.0, "opp_iso_avg_10": 0.14278618137910323, "opp_slg_avg_10": 0.38147938083421956, "opp_lineup_k_pct_std": 0.10627746228574987, "opp_lineup_k_pct_cv": 0.42970512446899856, "opp_lineup_pct_lhb": 0.36363636363636365, "park_run_factor": 1.006, "park_hr_factor": 1.012, "ump_k9_avg_10": 8.583992741065298, "ump_bb9_avg_10": 3.276349874772348, "temperature_f": 68.7, "wind_speed_mph": 7.6, "wind_sin": -0.37460659341591235, "wind_cos": -0.1908089953765446, "precip_prob_pct": 0.0, "is_dome": 0.0, "is_day_game": 0.0, "market_total": 8.5, "line_move_total": 1.0, "opp_lineup_avg_avg_10": 0.23807142857142854, "opp_lineup_iso_avg_10": 0.14259259259259258, "opp_top4_slg_avg_10": 0.4336651811385854, "sc_barrel_rate": 8.474727932285369, "sc_hard_hit_pct": 40.90918580375783, "sc_avg_exit_velo": 89.40751445086705, "sc_gb_pct": 27.756733828207846, "sc_fb_pct": 29.803605514316008, "sc_xba": 0.244852354349561, "sc_xslg": 0.4121175115207373, "sc_xwoba": 0.31718697674418606, "sc_sp_fb_whiff_pct": 20.6, "sc_sp_fb_k_pct": 21.6, "sc_sp_fb_put_away": 17.1, "sc_sp_sl_pct": 19.1, "sc_sp_sl_whiff_pct": 31.3, "sc_sp_sl_k_pct": 25.0, "sc_sp_sl_run_value_per_100": 0.1, "sc_sp_ch_pct": 17.3, "sc_sp_ch_whiff_pct": 30.2, "sc_sp_ch_k_pct": 22.1, "sc_sp_fb_pct": 34.9, "sc_sp_fb_hard_hit_pct": 46.4, "sc_sp_fb_xwoba": 0.349, "sc_sp_fb_run_value_per_100": -0.1, "sc_sp_si_pct": 18.9, "sc_sp_si_whiff_pct": 12.5, "sc_sp_si_k_pct": 13.0, "sc_sp_si_hard_hit_pct": 46.2, "sc_sp_fastball_family_pct": 46.0, "sc_sp_pitch_diversity": 0.638, "sc_sp_oz_swing_pct": 29.0, "sc_sp_iz_contact_pct": 84.0, "sc_sp_oz_contact_pct": 57.6, "sc_sp_disc_whiff_pct": 24.2, "catcher_framing_rv": 0.19697789637114024, "catcher_framing_rate": 0.4722222222222222, "sp_fb_velo_avg_5": 94.03229711029711, "sp_fb_velo_trend_5": 0.04081123908949991, "venue_n_starts": 2.0, "venue_era": 3.748191580964442, "venue_k9": 8.889918489983716, "venue_fip": 3.7640357652176135, "sp_k_pct_vs_lhb_25": 0.25688073394495414, "sp_k_pct_vs_rhb_25": 0.2548076923076923, "sp_k_pct_vs_lhb_10": 0.25757575757575757, "sp_k_pct_vs_rhb_10": 0.25118483412322273, "svt_games": 1.0, "svt_era": 3.4615384615384617, "svt_k9": 8.442776735459661, "svt_k_pct": 0.4358974358974359, "svt_era_last3": 3.484995159728945, "svt_k9_last3": 8.442776735459661, "sp_lob_pct_career": 62.33766233766234, "sp_lob_pct_10": 63.529411764705884, "park_babip_avg": 0.28771929824561404, "opp_runs_last3": 13.0, "opp_runs_avg3": 4.333333333333333, "opp_runs_last5": 21.0, "sp_babip_against_10": 0.27350427350427353, "sp_babip_against_career": 0.2757731958762887, "sp_babip_starts_10": 10.0, "sp_k_pct_last2": 0.20833333333333334, "opp_team_der_20": 0.7231075697211156, "opp_team_der_career": 0.7237823606845107, "market_k_line": 4.5, "book_line": 4.5, "season_2025-regular": 1.0, "season_2026-regular": 0.0, "pitcher_hand_L": 0.0, "pitcher_hand_R": 1.0, "pitcher_hand_nan": 0.0, "sc_xslg_x_park": 0.4110133333333333, "sp_k_pct_vs_opp_k_rate": 0.05175261053976073, "opp_team_k_trend_5v10": -1.0566989989191367e-05, "k9_trend_5v10": 0.0, "k_pct_trend_5v10": 0.0, "era_trend_5v10": 0.0, "fip_trend_5v10": 0.0, "sp_era_fip_gap": -0.05767195767195776, "sp_k_bb_ratio_5": 2.631231222921228, "sp_vs_team_reliability": 0.2, "sp_vs_team_has_history": 0.0, "sp_vs_team_era_adj": 0.36000000000000004, "sp_vs_team_era_delta": 0.0, "sp_vs_team_k9_adj": 1.4400000000000002, "sp_vs_team_k9_delta": 0.0, "k_pct_x_park_hr": 0.21296773593604282, "wind_x_park_hr": 7.392, "is_cold_game": 0.0, "temp_below_60": 0.0, "sp_k_pct_trend_5v10": 0.0, "sp_k9_trend_5v10": 0.0, "k_trend_x_ump_k9": 0.0, "contact_vs_ump_zone": 0.42388694285395495, "ump_k9_x_sp_k_pct": 1.815462233983311, "ump_k9_x_opp_k_pct": 2.1019379078447, "ump_k9_x_sp_whiff_pct": 208.26164681161217, "ump_k9_x_sp_sl_whiff_pct": 269.11746852826735, "ump_k9_x_sp_k9_5": 69.99915854900952, "ump_k9_x_sp_opp_k_triple": 0.44310971927729953, "sp_lob_pct_filled": 62.33766233766234, "sp_lob_vs_avg": -8.662337662337663, "sp_lob_trend": 0.0, "sp_lob_era_quality": 0.6603174603174474, "sp_lob_luck_flag": 0.0, "park_babip_factor": 0.28771929824561404, "park_babip_vs_avg": -0.007280701754385943, "opp_runs_last3_filled": 13.0, "opp_hot_offense_flag": 0.0, "opp_cold_offense_flag": 0.0, "opp_runs_last3_vs_avg": 1.0, "sp_babip_against_10_filled": 0.27350427350427353, "sp_babip_vs_avg": -0.021495726495726453, "sp_babip_unlucky_flag": 0.0, "sp_babip_lucky_flag": 0.0, "sp_babip_against_career_filled": 0.2757731958762887, "sp_babip_trend": 0.0, "sp_k_pct_last2_filled": 0.20833333333333334, "sp_k_pct_last2_vs_5": -0.0015791322596461072, "sp_k_trending_up": 0.0, "sp_k_trending_down": 0.0, "opp_der_20_filled": 0.7231075697211156, "opp_der_vs_avg": 0.0181075697211156, "opp_good_defense": 1.0, "opp_poor_defense": 0.0, "line_move_total_filled": 0.5, "line_moved_up": 1.0, "line_moved_down": 0.0, "line_move_abs": 0.5, "market_k_line_filled": 4.5, "market_k_line_vs_avg": 0.0, "market_k_line_known": 1.0, "sc_barrel_x_park_hr": 8.537400000000002, "sc_hard_hit_x_fb": 12.22700918103524, "sc_exit_velo_above_avg": 1.4075144508670547, "sc_barrel_vs_k_rate": 37.75100735785524, "sc_hard_hit_vs_opp_k": 9.915339359805563, "sp_days_from_optimal_rest": 2.0, "sp_is_extended_rest": 0.0, "cold_x_sp_sl_pct": 0.0, "cold_x_sp_offspeed_pct": 0.0, "k9_shrunk": 8.311428571428571, "k_pct_shrunk": 0.21574559942350038, "framing_hand_benefit": 0.46586345381526106, "sp_k_pct_x_opp_cv": 0.30313962132976324, "venue_k9_adj": 8.491640211640211, "venue_k9_delta": 0.0, "venue_era_adj": 4.007093368525239, "venue_era_delta": 0.0, "venue_fip_adj": 4.046535402856076, "last_start_dominated": 0.0, "last_start_blowup": 0.0, "last_start_k9": 7.725321888412017, "last_start_k_bb": 1.75, "framing_x_sp_edge_work": 0.0, "framing_x_ump_k9": 0.0, "sp_k_split_advantage": 0.0038684719535783674, "sp_k_split_trend_lhb": 0.0, "sp_k_split_trend_rhb": 0.0, "lineup_lhb_pct_x_sp_lhb_adv": 0.0008539405799679785}