{"is_home": 1.0, "ip_avg_5": 5.466, "k_pct_5": 0.21458817746633202, "k9_5": 8.260478711190899, "era_5": 4.29, "whip_5": 1.3319817999083474, "fip_5": 4.159373859102856, "bb_pct_5": 0.0749911987326175, "hr9_5": 1.2095238095238094, "k_pct_10": 0.21553337926786437, "k9_10": 8.269855797370536, "era_10": 4.3796917716429915, "whip_10": 1.338080574801129, "fip_10": 4.197640002921509, "starts_in_window_5": 5.0, "starts_in_window_10": 10.0, "last_start_k": 5.0, "last_start_ip": 5.67, "last_start_bb": 2.0, "sp_days_since_last_start": 6.0, "is_short_rest": 0.0, "era_home_10": 3.839471902505078, "era_away_10": 4.425, "k9_home_10": 8.468462197472693, "k9_away_10": 8.031468069925179, "fip_home_10": 3.8928406466512704, "fip_away_10": 4.244544394469432, "opp_k_pct_avg_10": 0.24974230524128158, "opp_k_pct_avg_5": 0.24967721732427614, "opp_bb_pct_avg_10": 0.08250514270675562, "opp_avg_avg_10": 0.23878476092899065, "opp_hr_avg_10": 1.1, "opp_iso_avg_10": 0.15066875588371914, "opp_slg_avg_10": 0.3893144627570252, "opp_lineup_k_pct_std": 0.10409112337434127, "opp_lineup_k_pct_cv": 0.4126212667135423, "opp_lineup_pct_lhb": 0.36363636363636365, "park_run_factor": 1.006, "park_hr_factor": 1.012, "ump_k9_avg_10": 8.532778928074404, "ump_bb9_avg_10": 3.148684104238077, "temperature_f": 75.7, "wind_speed_mph": 7.1, "wind_sin": -0.19080899537654472, "wind_cos": -0.2756373558169989, "precip_prob_pct": 0.0, "is_dome": 0.0, "is_day_game": 0.0, "market_total": 8.5, "line_move_total": 0.5, "opp_lineup_avg_avg_10": 0.23761363636363636, "opp_lineup_iso_avg_10": 0.1487878787878788, "opp_top4_slg_avg_10": 0.43918651734784914, "sc_barrel_rate": 8.418949771689498, "sc_hard_hit_pct": 40.77326120556415, "sc_avg_exit_velo": 89.44199695121951, "sc_gb_pct": 26.71952789699571, "sc_fb_pct": 28.68894575230297, "sc_xba": 0.245906857727738, "sc_xslg": 0.41748, "sc_xwoba": 0.3187390946502058, "sc_sp_fb_whiff_pct": 20.3, "sc_sp_fb_k_pct": 21.6, "sc_sp_fb_put_away": 17.4, "sc_sp_sl_pct": 21.45, "sc_sp_sl_whiff_pct": 31.4, "sc_sp_sl_k_pct": 25.7, "sc_sp_sl_run_value_per_100": 0.1, "sc_sp_ch_pct": 17.3, "sc_sp_ch_whiff_pct": 29.6, "sc_sp_ch_k_pct": 21.0, "sc_sp_fb_pct": 37.0, "sc_sp_fb_hard_hit_pct": 45.4, "sc_sp_fb_xwoba": 0.341, "sc_sp_fb_run_value_per_100": 0.0, "sc_sp_si_pct": 20.2, "sc_sp_si_whiff_pct": 12.4, "sc_sp_si_k_pct": 13.1, "sc_sp_si_hard_hit_pct": 44.7, "sc_sp_fastball_family_pct": 46.3, "sc_sp_pitch_diversity": 0.622, "sc_sp_oz_swing_pct": 28.8, "sc_sp_iz_contact_pct": 83.7, "sc_sp_oz_contact_pct": 57.5, "sc_sp_disc_whiff_pct": 24.1, "catcher_framing_rv": 0.156834470147432, "catcher_framing_rate": 0.4716981132075472, "sp_fb_velo_avg_5": 93.92246058002445, "sp_fb_velo_trend_5": 0.009685897435886659, "venue_n_starts": 5.0, "venue_era": 3.9936507936507937, "venue_k9": 8.752647134037732, "venue_fip": 3.8710006828499406, "sp_k_pct_vs_lhb_25": 0.2565789473684211, "sp_k_pct_vs_rhb_25": 0.2511520737327189, "sp_k_pct_vs_lhb_10": 0.25547445255474455, "sp_k_pct_vs_rhb_10": 0.25, "sp_hr_rate_vs_lhb_25": 0.032448377581120944, "sp_hr_rate_vs_rhb_25": 0.030612244897959183, "sp_hr_rate_vs_lhb_10": 0.031914893617021274, "sp_hr_rate_vs_rhb_10": 0.030303030303030304, "svt_games": 0.0, "svt_era": 3.4615384615384617, "svt_k9": 8.314087759815243, "svt_k_pct": 0.42857142857142855, "svt_era_last3": 3.436988543371522, "svt_k9_last3": 8.314087759815243, "sp_lob_pct_career": 61.98830409356725, "sp_lob_pct_10": 62.295081967213115, "park_babip_avg": 0.28688038793103543, "opp_runs_last3": 13.0, "opp_runs_avg3": 4.333333333333333, "opp_runs_last5": 22.0, "sp_babip_against_10": 0.27672955974842767, "sp_babip_against_career": 0.27692307692307694, "sp_babip_starts_10": 10.0, "sp_k_pct_last2": 0.2127659574468085, "opp_team_der_20": 0.7226415094339622, "opp_team_der_career": 0.7232583929831636, "market_k_line": 4.5, "season_2024-regular": 0.0, "season_2025-regular": 0.0, "season_2026-regular": 0.0, "pitcher_hand_L": 0.0, "pitcher_hand_R": 1.0, "pitcher_hand_nan": 0.0, "sc_xslg_x_park": 0.41600647668393786, "sp_k_pct_vs_opp_k_rate": 0.053287947610785445, "opp_team_k_trend_5v10": -0.00016988493962175055, "k9_trend_5v10": 0.0, "k_pct_trend_5v10": 0.0, "era_trend_5v10": 0.0, "fip_trend_5v10": 0.0, "sp_era_fip_gap": 0.1299999999999999, "sp_k_bb_ratio_5": 2.8610890574778294, "sp_vs_team_reliability": 0.0, "sp_vs_team_has_history": 0.0, "sp_vs_team_era_adj": 0.0, "sp_vs_team_era_delta": 0.0, "sp_vs_team_k9_adj": 0.0, "sp_vs_team_k9_delta": 0.0, "k_pct_x_park_hr": 0.21459490417521418, "wind_x_park_hr": 7.038900000000001, "is_cold_game": 0.0, "temp_below_60": 0.0, "sp_k_pct_trend_5v10": 0.0, "sp_k9_trend_5v10": 0.0, "k_trend_x_ump_k9": 0.0, "contact_vs_ump_zone": 0.4231845160479653, "ump_k9_x_sp_k_pct": 1.8206868318787215, "ump_k9_x_opp_k_pct": 2.1146647481745395, "ump_k9_x_sp_whiff_pct": 205.72385564913247, "ump_k9_x_sp_sl_whiff_pct": 264.41915337426843, "ump_k9_x_sp_k9_5": 69.88756765611593, "ump_k9_x_sp_opp_k_triple": 0.4527416294126367, "sp_lob_pct_filled": 61.98830409356725, "sp_lob_vs_avg": -9.011695906432749, "sp_lob_trend": 0.0, "sp_lob_era_quality": 2.6219801618289686, "sp_lob_luck_flag": 0.0, "park_babip_factor": 0.28688038793103543, "park_babip_vs_avg": -0.008119612068964555, "opp_runs_last3_filled": 13.0, "opp_hot_offense_flag": 0.0, "opp_cold_offense_flag": 0.0, "opp_runs_last3_vs_avg": 1.0, "sp_babip_against_10_filled": 0.27672955974842767, "sp_babip_vs_avg": -0.018270440251572317, "sp_babip_unlucky_flag": 0.0, "sp_babip_lucky_flag": 0.0, "sp_babip_against_career_filled": 0.27692307692307694, "sp_babip_trend": 0.0, "sp_k_pct_last2_filled": 0.2127659574468085, "sp_k_pct_last2_vs_5": -0.0022062025041885702, "sp_k_trending_up": 0.0, "sp_k_trending_down": 0.0, "opp_der_20_filled": 0.7226415094339622, "opp_der_vs_avg": 0.017641509433962255, "opp_good_defense": 1.0, "opp_poor_defense": 0.0, "line_move_total_filled": 0.5, "line_moved_up": 1.0, "line_moved_down": 0.0, "line_move_abs": 0.5, "market_k_line_filled": 4.5, "market_k_line_vs_avg": 0.0, "market_k_line_known": 0.0, "sc_barrel_x_park_hr": 8.522466995073891, "sc_hard_hit_x_fb": 11.535481357457943, "sc_exit_velo_above_avg": 1.441996951219508, "sc_barrel_vs_k_rate": 37.303503926226625, "sc_hard_hit_vs_opp_k": 10.031097772308161, "sp_days_from_optimal_rest": 2.0, "sp_is_extended_rest": 0.0, "cold_x_sp_sl_pct": 0.0, "cold_x_sp_offspeed_pct": 0.0, "k9_shrunk": 8.364535572560412, "k_pct_shrunk": 0.2170257809968091, "expected_k_from_ip": 4.949999999999999, "framing_hand_benefit": 0.4574898785425101, "sp_k_pct_x_opp_cv": 0.30493150330472807, "venue_k9_adj": 8.457628706947508, "venue_k9_delta": 0.0, "venue_era_adj": 4.212611473062061, "venue_era_delta": 0.0, "venue_fip_adj": 4.068447992838236, "last_start_dominated": 0.0, "last_start_blowup": 0.0, "last_start_k9": 8.095952023988005, "last_start_k_bb": 2.0, "framing_x_sp_edge_work": 0.0, "framing_x_ump_k9": 0.0, "sp_k_split_advantage": 0.004403974043121928, "sp_k_split_trend_lhb": 0.0, "sp_k_split_trend_rhb": 0.0, "lineup_lhb_pct_x_sp_lhb_adv": 0.0011760451323593268, "opp_sp_hr_rate_split": 0.0013634702426133655, "warm_x_barrel": 2.0859911894273115, "warm_x_park_hr": 0.26078000000000007, "high_total_flag": 0.0}