{"is_home": 1.0, "ip_avg_5": 5.466, "k_pct_5": 0.21185351960697849, "k9_5": 8.133281432463994, "era_5": 3.9873015873015873, "whip_5": 1.3161926666137944, "fip_5": 4.107637710076735, "bb_pct_5": 0.07910326086956522, "hr9_5": 1.1, "k_pct_10": 0.21308056022011573, "k9_10": 8.188904999420021, "era_10": 4.101972466243645, "whip_10": 1.3211991434689507, "fip_10": 4.117511301451344, "starts_in_window_5": 5.0, "starts_in_window_10": 6.0, "last_start_k": 5.0, "last_start_ip": 5.67, "last_start_bb": 2.0, "sp_days_since_last_start": 6.0, "is_short_rest": 0.0, "era_home_10": 3.4418380535453705, "era_away_10": 4.242857142857143, "k9_home_10": 8.268028723709392, "k9_away_10": 7.761904761904762, "fip_home_10": 3.8222222222222224, "fip_away_10": 4.116666666666666, "opp_k_pct_avg_10": 0.2452363520413805, "opp_bb_pct_avg_10": 0.08717446562715105, "opp_avg_avg_10": 0.2403327492926639, "opp_hr_avg_10": 1.1, "opp_iso_avg_10": 0.14366532637605092, "opp_slg_avg_10": 0.383837385832413, "opp_lineup_k_pct_std": 0.10636183293913676, "opp_lineup_k_pct_cv": 0.4298413213912223, "park_run_factor": 1.006, "park_hr_factor": 1.012, "ump_k9_avg_10": 8.579411764705883, "ump_bb9_avg_10": 3.2442610939749867, "temperature_f": 68.5, "wind_speed_mph": 7.4, "wind_sin": -0.37460659341591235, "wind_cos": -0.2079116908177598, "precip_prob_pct": 0.0, "is_dome": 0.0, "is_day_game": 0.0, "market_total": 8.5, "pitcher_hand": NaN, "opp_lineup_avg_avg_10": 0.23933333333333331, "opp_lineup_iso_avg_10": 0.14333333333333334, "opp_top4_slg_avg_10": 0.43773527992277994, "sc_barrel_rate": 8.58213058419244, "sc_hard_hit_pct": 40.956746532156366, "sc_avg_exit_velo": 89.47526315789473, "sc_gb_pct": 28.173786407766993, "sc_fb_pct": 30.24077669902913, "sc_xba": 0.24468076109936576, "sc_xslg": 0.41414859002169196, "sc_xwoba": 0.3179703703703704, "sc_sp_fb_whiff_pct": 20.4, "sc_sp_fb_k_pct": 21.5, "sc_sp_fb_put_away": 16.9, "sc_sp_sl_pct": 20.2, "sc_sp_sl_whiff_pct": 31.8, "sc_sp_sl_k_pct": 24.7, "sc_sp_sl_run_value_per_100": 0.1, "sc_sp_ch_pct": 17.6, "sc_sp_ch_whiff_pct": 30.0, "sc_sp_ch_k_pct": 22.25, "sc_sp_fb_pct": 35.2, "sc_sp_fb_hard_hit_pct": 46.5, "sc_sp_fb_xwoba": 0.347, "sc_sp_fb_run_value_per_100": -0.1, "sc_sp_si_pct": 19.5, "sc_sp_si_whiff_pct": 12.5, "sc_sp_si_k_pct": 13.4, "sc_sp_si_hard_hit_pct": 46.2, "sc_sp_fastball_family_pct": 46.0, "sc_sp_pitch_diversity": 0.633, "sc_sp_oz_swing_pct": 28.8, "sc_sp_iz_contact_pct": 83.9, "sc_sp_oz_contact_pct": 57.4, "sc_sp_disc_whiff_pct": 24.2, "catcher_framing_rv": 0.19697789637114024, "catcher_framing_rate": 0.47297297297297297, "book_line": 4.5, "season_2025-regular": 1.0, "season_2026-regular": 0.0, "sc_xslg_x_park": 0.41301890748898684, "sp_k_pct_vs_opp_k_rate": 0.051570107241475954, "k9_trend_5v10": 0.0, "k_pct_trend_5v10": 0.0, "era_trend_5v10": 0.0, "fip_trend_5v10": 0.0, "k_pct_x_park_hr": 0.21230181294395378, "wind_x_park_hr": 7.2284, "is_cold_game": 0.0, "temp_below_60": 0.0, "sp_k_pct_trend_5v10": 0.0, "sp_k9_trend_5v10": 0.0, "k_trend_x_ump_k9": 0.0, "ump_k9_x_sp_k_pct": 1.811217499978784, "ump_k9_x_opp_k_pct": 2.097934294312383, "ump_k9_x_sp_whiff_pct": 207.51679500051932, "ump_k9_x_sp_sl_whiff_pct": 271.5485318255189, "ump_k9_x_sp_k9_5": 69.72791047626056, "ump_k9_x_sp_opp_k_triple": 0.4410235296888985, "sc_barrel_x_park_hr": 8.55089272237197, "sc_hard_hit_x_fb": 12.212937816884658, "sc_exit_velo_above_avg": 1.4752631578947302, "sc_barrel_vs_k_rate": 37.7986600137353, "sc_hard_hit_vs_opp_k": 9.938556987979682, "k9_shrunk": 8.303969802989286, "k_pct_shrunk": 0.21552807097956375, "framing_hand_benefit": 0.46227709190672156, "sp_k_pct_x_opp_cv": 0.30294186063656875}