{"is_home": 1.0, "ip_avg_5": 5.466, "k_pct_5": 0.21455235550834612, "k9_5": 8.247619047619047, "era_5": 4.281816127303154, "whip_5": 1.329515011547344, "fip_5": 4.151612819514727, "bb_pct_5": 0.07455231072274385, "hr9_5": 1.217142857142857, "k_pct_10": 0.21540634860371494, "k9_10": 8.253341186549582, "era_10": 4.37925740775617, "whip_10": 1.3376172607879926, "fip_10": 4.2010857761974005, "starts_in_window_5": 5.0, "starts_in_window_10": 10.0, "last_start_k": 5.0, "last_start_ip": 5.67, "last_start_bb": 2.0, "sp_days_since_last_start": 6.0, "is_short_rest": 0.0, "era_home_10": 3.824437781109445, "era_away_10": 4.42964680966463, "k9_home_10": 8.452199465598188, "k9_away_10": 8.0, "fip_home_10": 3.906853003699509, "fip_away_10": 4.24051335678471, "opp_k_pct_avg_10": 0.2503063054496041, "opp_bb_pct_avg_10": 0.08205344767844766, "opp_avg_avg_10": 0.23908025262139915, "opp_hr_avg_10": 1.1, "opp_iso_avg_10": 0.15084885021850153, "opp_slg_avg_10": 0.38968103446818614, "opp_lineup_k_pct_std": 0.1037384487875046, "opp_lineup_k_pct_cv": 0.41058128259746224, "park_run_factor": 1.006, "park_hr_factor": 1.012, "ump_k9_avg_10": 8.534095183309756, "ump_bb9_avg_10": 3.1209808905195944, "temperature_f": 75.8, "wind_speed_mph": 7.0, "wind_sin": -0.17364817766693047, "wind_cos": -0.29237170472273666, "precip_prob_pct": 0.0, "is_dome": 0.0, "is_day_game": 0.0, "market_total": 8.5, "pitcher_hand": NaN, "opp_lineup_avg_avg_10": 0.23783333333333334, "opp_lineup_iso_avg_10": 0.14900000000000002, "opp_top4_slg_avg_10": 0.440051523772454, "sc_barrel_rate": 8.523076923076925, "sc_hard_hit_pct": 40.708541392904074, "sc_avg_exit_velo": 89.40686390532545, "sc_gb_pct": 27.31132075471698, "sc_fb_pct": 29.599999999999998, "sc_xba": 0.24590556138509967, "sc_xslg": 0.41685953177257523, "sc_xwoba": 0.3193006535947712, "sc_sp_fb_whiff_pct": 20.6, "sc_sp_fb_k_pct": 22.1, "sc_sp_fb_put_away": 17.5, "sc_sp_sl_pct": 21.9, "sc_sp_sl_whiff_pct": 31.4, "sc_sp_sl_k_pct": 25.6, "sc_sp_sl_run_value_per_100": 0.1, "sc_sp_ch_pct": 17.5, "sc_sp_ch_whiff_pct": 29.6, "sc_sp_ch_k_pct": 21.1, "sc_sp_fb_pct": 37.4, "sc_sp_fb_hard_hit_pct": 45.6, "sc_sp_fb_xwoba": 0.34, "sc_sp_fb_run_value_per_100": 0.0, "sc_sp_si_pct": 20.7, "sc_sp_si_whiff_pct": 12.5, "sc_sp_si_k_pct": 13.4, "sc_sp_si_hard_hit_pct": 44.8, "sc_sp_fastball_family_pct": 46.4, "sc_sp_pitch_diversity": 0.619, "sc_sp_oz_swing_pct": 28.6, "sc_sp_iz_contact_pct": 83.5, "sc_sp_oz_contact_pct": 57.4, "sc_sp_disc_whiff_pct": 24.1, "catcher_framing_rv": 0.19697789637114024, "catcher_framing_rate": 0.4716981132075472, "season_2024-regular": 0.0, "season_2025-regular": 0.0, "season_2026-regular": 0.0, "sc_xslg_x_park": 0.415950248671626, "sp_k_pct_vs_opp_k_rate": 0.053291194404894576, "k9_trend_5v10": 0.0, "k_pct_trend_5v10": 0.0, "era_trend_5v10": 0.0, "fip_trend_5v10": 0.0, "k_pct_x_park_hr": 0.2140032766002688, "wind_x_park_hr": 6.8816, "is_cold_game": 0.0, "temp_below_60": 0.0, "sp_k_pct_trend_5v10": 0.0, "sp_k9_trend_5v10": 0.0, "k_trend_x_ump_k9": 0.0, "ump_k9_x_sp_k_pct": 1.8202456695227331, "ump_k9_x_opp_k_pct": 2.115852852907291, "ump_k9_x_sp_whiff_pct": 205.86240611231796, "ump_k9_x_sp_sl_whiff_pct": 263.57650272751636, "ump_k9_x_sp_k9_5": 69.78632316988796, "ump_k9_x_sp_opp_k_triple": 0.45260526209738966, "sc_barrel_x_park_hr": 8.526102711864407, "sc_hard_hit_x_fb": 11.805001908031239, "sc_exit_velo_above_avg": 1.4068639053254515, "sc_barrel_vs_k_rate": 37.393865218181794, "sc_hard_hit_vs_opp_k": 10.073125872147239, "k9_shrunk": 8.35768194070081, "k_pct_shrunk": 0.21701860457642896, "framing_hand_benefit": 0.4567307692307692, "sp_k_pct_x_opp_cv": 0.3045388268778128}