{"is_home": 1.0, "ip_avg_5": 5.466, "k_pct_5": 0.21288880468068208, "k9_5": 8.152758580348284, "era_5": 3.9642857142857144, "whip_5": 1.3145502645502647, "fip_5": 4.088532220414515, "bb_pct_5": 0.07796081938687296, "hr9_5": 1.0831500415811275, "k_pct_10": 0.21345478951329167, "k9_10": 8.183056293571315, "era_10": 4.078030029387519, "whip_10": 1.322689066088775, "fip_10": 4.125111401407531, "starts_in_window_5": 5.0, "starts_in_window_10": 6.0, "last_start_k": 5.0, "last_start_ip": 5.67, "last_start_bb": 2.0, "sp_days_since_last_start": 6.0, "is_short_rest": 0.0, "era_home_10": 3.3707865168539324, "era_away_10": 4.208555347091933, "k9_home_10": 8.25, "k9_away_10": 7.778250207905637, "fip_home_10": 3.823886808156471, "fip_away_10": 4.051025514099191, "opp_k_pct_avg_10": 0.2452363520413805, "opp_bb_pct_avg_10": 0.08690187994002195, "opp_avg_avg_10": 0.2408963071961175, "opp_hr_avg_10": 1.0, "opp_iso_avg_10": 0.1436181311181311, "opp_slg_avg_10": 0.38446462597578224, "opp_lineup_k_pct_std": 0.10632105467247144, "opp_lineup_k_pct_cv": 0.4305778038625115, "park_run_factor": 1.012, "park_hr_factor": 1.021, "ump_k9_avg_10": 8.579381154070418, "ump_bb9_avg_10": 3.2234811702458757, "temperature_f": 68.9, "wind_speed_mph": 7.1, "wind_sin": -0.32556815445715676, "wind_cos": -0.25881904510252063, "precip_prob_pct": 0.0, "is_dome": 0.0, "is_day_game": 0.0, "market_total": 8.5, "pitcher_hand": NaN, "opp_lineup_avg_avg_10": 0.23863636363636365, "opp_lineup_iso_avg_10": 0.14250000000000002, "opp_top4_slg_avg_10": 0.4374810745778488, "sc_barrel_rate": 9.0, "sc_hard_hit_pct": 41.7, "sc_avg_exit_velo": 89.7, "sc_gb_pct": 21.7, "sc_fb_pct": 23.7, "sc_xba": 0.248, "sc_xslg": 0.416, "sc_xwoba": 0.32, "sc_sp_fb_whiff_pct": 20.6, "sc_sp_fb_k_pct": 21.6, "sc_sp_fb_put_away": 16.9, "sc_sp_sl_pct": 20.2, "sc_sp_sl_whiff_pct": 31.8, "sc_sp_sl_k_pct": 24.7, "sc_sp_sl_run_value_per_100": 0.1, "sc_sp_ch_pct": 17.7, "sc_sp_ch_whiff_pct": 29.6, "sc_sp_ch_k_pct": 22.3, "sc_sp_fb_pct": 35.8, "sc_sp_fb_hard_hit_pct": 46.6, "sc_sp_fb_xwoba": 0.347, "sc_sp_fb_run_value_per_100": -0.1, "sc_sp_si_pct": 19.8, "sc_sp_si_whiff_pct": 12.5, "sc_sp_si_k_pct": 13.7, "sc_sp_si_hard_hit_pct": 46.4, "sc_sp_fastball_family_pct": 46.0, "sc_sp_pitch_diversity": 0.62, "sc_sp_oz_swing_pct": 28.6, "sc_sp_iz_contact_pct": 83.7, "sc_sp_oz_contact_pct": 57.4, "sc_sp_disc_whiff_pct": 24.1, "catcher_framing_rv": 0.156834470147432, "catcher_framing_rate": 0.4716981132075472, "book_line": 4.5, "season_2025-regular": 1.0, "season_2026-regular": 0.0, "sc_xslg_x_park": 0.418696, "sp_k_pct_vs_opp_k_rate": 0.05184456568901171, "k9_trend_5v10": 0.0, "k_pct_trend_5v10": 0.0, "era_trend_5v10": 0.0, "fip_trend_5v10": 0.0, "k_pct_x_park_hr": 0.21368149363973477, "wind_x_park_hr": 7.033099999999999, "is_cold_game": 0.0, "temp_below_60": 0.0, "ump_k9_x_sp_k_pct": 1.8158925583523728, "ump_k9_x_opp_k_pct": 2.095366774040413, "sc_barrel_x_park_hr": 8.8232, "sc_hard_hit_x_fb": 10.1365, "sc_exit_velo_above_avg": 1.7000000000000028, "sc_barrel_vs_k_rate": 39.33932678235417, "sc_hard_hit_vs_opp_k": 10.174223138302242, "k9_shrunk": 8.313654929724812, "k_pct_shrunk": 0.21613830613830615, "framing_hand_benefit": 0.4610051993067591, "sp_k_pct_x_opp_cv": 0.3049554540788881}