{"is_home": 0.0, "rest_days": 1.0, "hits_avg_5": 0.8, "hits_avg_10": 0.8, "hits_avg_20": 0.85, "hits_sd_10": 0.816496580927726, "hr_avg_5": 0.0, "hr_avg_10": 0.1, "hr_avg_20": 0.1, "tb_avg_5": 1.2, "tb_avg_10": 1.3, "tb_avg_20": 1.35, "tb_sd_10": 1.5238839267549946, "ab_avg_5": 3.4, "ab_avg_10": 3.5, "avg_avg_10": 0.23500000000000001, "k_rate_avg_10": 0.25, "bb_rate_avg_10": 0.06999999999999999, "iso_avg_10": 0.12666666666666665, "hr_rate_avg_5": 0.0, "hr_rate_avg_10": 0.025, "n_games_prev_10": 10.0, "opp_sp_era_5": 4.2693650793650795, "opp_sp_fip_5": 4.15, "opp_sp_k_pct_5": 0.2139119832625731, "opp_sp_k9_5": 8.243527204502815, "opp_sp_bb_pct_5": 0.07445307434596973, "opp_sp_whip_5": 1.328560431100847, "opp_sp_ip_avg_5": 5.4, "park_run_factor": 1.006, "park_hr_factor": 1.012, "season_2024-regular": 0.0, "season_2025-regular": 1.0, "hits_trend_5v10": 0.0, "hits_hot_ratio": 1.0, "hits_trend_sig": 0.0, "hr_trend_5v10": 0.0, "hr_hot_ratio": 1.0, "tb_trend_5v10": 0.0, "tb_hot_ratio": 1.0, "tb_trend_sig": 0.0, "hr_park_adj_10": 0.09620000000000001, "tb_park_adj_10": 1.3234000000000001, "hits_vs_opp_era": 0.8314285714285715, "tb_vs_opp_fip": 1.309112365183845, "is_b2b": 1.0}