{"is_home": 1.0, "rest_days": 1.0, "hits_avg_5": 0.8, "hits_avg_10": 0.8333333333333334, "hits_avg_20": 0.85, "hits_sd_10": 0.816496580927726, "hr_avg_5": 0.0, "hr_avg_10": 0.1, "hr_avg_20": 0.1, "tb_avg_5": 1.3333333333333333, "tb_avg_10": 1.4, "tb_avg_20": 1.4, "tb_sd_10": 1.5670212364724212, "ab_avg_5": 3.6, "ab_avg_10": 3.5, "avg_avg_10": 0.23833333333333334, "k_rate_avg_10": 0.24511904761904763, "bb_rate_avg_10": 0.06999999999999999, "iso_avg_10": 0.13333333333333333, "hr_rate_avg_5": 0.0, "hr_rate_avg_10": 0.025, "n_games_prev_10": 10.0, "opp_sp_era_5": 4.264285714285714, "opp_sp_fip_5": 4.148315580835906, "opp_sp_k_pct_5": 0.21400646678424456, "opp_sp_k9_5": 8.246685016193888, "opp_sp_bb_pct_5": 0.07448801590374217, "opp_sp_whip_5": 1.3280952380952382, "opp_sp_ip_avg_5": 5.4, "opp_sp_days_since_last_start": 6.0, "opp_sp_is_short_rest": 0.0, "opp_sp_era_home_10": 3.8314285714285714, "opp_sp_era_away_10": 4.402650124015447, "park_run_factor": 1.006, "park_hr_factor": 1.012, "ump_bb9_avg_10": 3.112149586579364, "ump_k9_avg_10": 8.534095183309756, "temperature_f": 75.5, "wind_speed_mph": 7.0, "wind_sin": -0.17364817766693047, "wind_cos": -0.2756373558169989, "precip_prob_pct": 0.0, "is_dome": 0.0, "batting_order_avg_5": 5.0, "batting_order_avg_10": 5.0, "batter_hand": NaN, "opp_sp_hand": NaN, "hits_avg_40_vs_hand": NaN, "tb_avg_40_vs_hand": NaN, "k_rate_avg_40_vs_hand": NaN, "iso_avg_40_vs_hand": NaN, "hits_hand_split_40": 0.0, "tb_hand_split_40": 0.0, "n_games_vs_lhp_40": 0.0, "n_games_vs_rhp_40": 0.0, "n_games_prev_10_cs": 10.0, "hits_avg_10_cs": 0.8, "hits_avg_20_cs": 0.85, "tb_avg_10_cs": 1.4, "tb_avg_20_cs": 1.4, "hr_avg_10_cs": 0.1, "hr_rate_avg_10_cs": 0.025, "ab_avg_10_cs": 3.5, "k_rate_avg_10_cs": 0.24666666666666667, "bb_rate_avg_10_cs": 0.06999999999999999, "iso_avg_10_cs": 0.13333333333333333, "prev_games": 99.0, "prev_hits_avg": 0.956, "prev_tb_avg": 1.562, "prev_hr_avg": 0.1333, "prev_ab_avg": 3.8243, "prev_k_rate": 0.2475, "prev_bb_rate": 0.0583, "prev_iso": 0.15825, "prev_hr_rate": 0.0341, "h2h_games": 0.0, "h2h_ba": 0.25, "h2h_obp": 0.25, "h2h_slg": 0.2727272727272727, "h2h_k_rate": 0.25, "h2h_iso": 0.0, "season_2024-regular": 0.0, "season_2025-regular": 0.0, "season_2026-regular": 0.0, "hits_trend_5v10": 0.0, "hits_hot_ratio": 1.0, "hits_trend_sig": 0.0, "hr_trend_5v10": 0.0, "hr_hot_ratio": 1.0, "tb_trend_5v10": 0.0, "tb_hot_ratio": 1.0, "tb_trend_sig": 0.0, "hr_park_adj_10": 0.10120000000000001, "tb_park_adj_10": 1.3552, "hits_vs_opp_era": 0.8609523809523809, "tb_vs_opp_fip": 1.356164685252738, "wind_x_park_hr": 6.9264, "is_cold_game": 0.0, "temp_below_60": 0.0, "ump_bb9_x_batter_bb_rate": 0.21504212555575958, "is_top_of_order": 0.0, "is_cleanup": 0.0, "hits_cs_delta": 0.0, "tb_cs_delta": 0.0, "hr_cs_delta": 0.0, "hits_cs_vs_prev": 0.0, "tb_cs_vs_prev": 0.0, "hits_vs_hand_weighted": 0.0, "tb_vs_hand_weighted": 0.0, "k_rate_vs_hand_weighted": 0.0, "iso_vs_hand_weighted": 0.0, "hits_hand_split_weighted": 0.0, "tb_hand_split_weighted": 0.0, "h2h_reliability": 0.0, "h2h_ops": 0.0, "h2h_ba_weighted": 0.0, "h2h_ops_weighted": 0.0, "h2h_k_rate_weighted": 0.0, "h2h_iso_weighted": 0.0, "h2h_k_rate_delta": 0.0, "h2h_has_history": 0.0, "is_b2b": 1.0}