{"is_home": 1.0, "ip_avg_5": 5.466, "k_pct_5": 0.21458817746633202, "k9_5": 8.25281425891182, "era_5": 4.29, "whip_5": 1.3314285714285714, "fip_5": 4.158609794628752, "bb_pct_5": 0.07496858109021617, "hr9_5": 1.2159626793773135, "k_pct_10": 0.21546921996171053, "k9_10": 8.266951347867924, "era_10": 4.37218009478673, "whip_10": 1.3373332729078626, "fip_10": 4.196399457724219, "starts_in_window_5": 5.0, "starts_in_window_10": 10.0, "last_start_k": 5.0, "last_start_ip": 5.67, "last_start_bb": 2.0, "sp_days_since_last_start": 6.0, "is_short_rest": 0.0, "era_home_10": 3.83501952119625, "era_away_10": 4.417991556386475, "k9_home_10": 8.468462197472693, "k9_away_10": 8.020494363384216, "fip_home_10": 3.895096084759383, "fip_away_10": 4.239989539362814, "opp_k_pct_avg_10": 0.25005455671555266, "opp_k_pct_avg_5": 0.24974439775910362, "opp_bb_pct_avg_10": 0.08240374822907685, "opp_avg_avg_10": 0.23857836629539664, "opp_hr_avg_10": 1.1, "opp_iso_avg_10": 0.15006096500154226, "opp_slg_avg_10": 0.3886488744928269, "opp_lineup_k_pct_std": 0.10394012402684563, "opp_lineup_k_pct_cv": 0.41194761181418005, "opp_lineup_pct_lhb": 0.36363636363636365, "park_run_factor": 1.006, "park_hr_factor": 1.012, "ump_k9_avg_10": 8.537430743385817, "ump_bb9_avg_10": 3.138402053428375, "temperature_f": 75.6, "wind_speed_mph": 7.1, "wind_sin": -0.19080899537654467, "wind_cos": -0.2756373558169989, "precip_prob_pct": 0.0, "is_dome": 0.0, "is_day_game": 0.0, "market_total": 8.5, "line_move_total": 0.5, "opp_lineup_avg_avg_10": 0.23755555555555552, "opp_lineup_iso_avg_10": 0.14851851851851855, "opp_top4_slg_avg_10": 0.4388335704125178, "sc_barrel_rate": 8.408196721311475, "sc_hard_hit_pct": 40.77977178423236, "sc_avg_exit_velo": 89.425076765609, "sc_gb_pct": 27.10148462354189, "sc_fb_pct": 29.098651452282155, "sc_xba": 0.2457027777777778, "sc_xslg": 0.41757608695652176, "sc_xwoba": 0.31869868173258004, "sc_sp_fb_whiff_pct": 20.4, "sc_sp_fb_k_pct": 22.0, "sc_sp_fb_put_away": 17.4, "sc_sp_sl_pct": 21.6, "sc_sp_sl_whiff_pct": 31.4, "sc_sp_sl_k_pct": 25.6, "sc_sp_sl_run_value_per_100": 0.1, "sc_sp_ch_pct": 17.3, "sc_sp_ch_whiff_pct": 29.8, "sc_sp_ch_k_pct": 21.1, "sc_sp_fb_pct": 37.1, "sc_sp_fb_hard_hit_pct": 45.5, "sc_sp_fb_xwoba": 0.341, "sc_sp_fb_run_value_per_100": 0.0, "sc_sp_si_pct": 20.4, "sc_sp_si_whiff_pct": 12.5, "sc_sp_si_k_pct": 13.3, "sc_sp_si_hard_hit_pct": 44.7, "sc_sp_fastball_family_pct": 46.3, "sc_sp_pitch_diversity": 0.62, "sc_sp_oz_swing_pct": 28.7, "sc_sp_iz_contact_pct": 83.7, "sc_sp_oz_contact_pct": 57.5, "sc_sp_disc_whiff_pct": 24.1, "catcher_framing_rv": 0.19697789637114024, "catcher_framing_rate": 0.4722222222222222, "sp_fb_velo_avg_5": 93.9043722943723, "sp_fb_velo_trend_5": 0.009061827816125856, "venue_n_starts": 4.0, "venue_era": 3.9285072226754165, "venue_k9": 8.699967007588254, "venue_fip": 3.8666666666666667, "sp_k_pct_vs_lhb_25": 0.2564102564102564, "sp_k_pct_vs_rhb_25": 0.2509157509157509, "sp_k_pct_vs_lhb_10": 0.2558139534883721, "sp_k_pct_vs_rhb_10": 0.25, "sp_hr_rate_vs_lhb_25": 0.032362459546925564, "sp_hr_rate_vs_rhb_25": 0.030612244897959183, "sp_hr_rate_vs_lhb_10": 0.031914893617021274, "sp_hr_rate_vs_rhb_10": 0.030303030303030304, "svt_games": 0.0, "svt_era": 3.4615384615384617, "svt_k9": 8.314087759815243, "svt_k_pct": 0.42857142857142855, "svt_era_last3": 3.436988543371522, "svt_k9_last3": 8.314087759815243, "sp_lob_pct_career": 62.0, "sp_lob_pct_10": 62.295081967213115, "park_babip_avg": 0.2867943442017519, "opp_runs_last3": 13.0, "opp_runs_avg3": 4.333333333333333, "opp_runs_last5": 22.0, "sp_babip_against_10": 0.2767857142857143, "sp_babip_against_career": 0.27696793002915454, "sp_babip_starts_10": 10.0, "sp_k_pct_last2": 0.2127659574468085, "opp_team_der_20": 0.7224409448818898, "opp_team_der_career": 0.7232611327862236, "market_k_line": 4.5, "season_2024-regular": 0.0, "season_2025-regular": 0.0, "season_2026-regular": 0.0, "pitcher_hand_L": 0.0, "pitcher_hand_R": 1.0, "pitcher_hand_nan": 0.0, "sc_xslg_x_park": 0.41600647668393786, "sp_k_pct_vs_opp_k_rate": 0.05327926934361334, "opp_team_k_trend_5v10": -0.00025425765917652665, "k9_trend_5v10": 0.0, "k_pct_trend_5v10": 0.0, "era_trend_5v10": 0.0, "fip_trend_5v10": 0.0, "sp_era_fip_gap": 0.1299999999999999, "sp_k_bb_ratio_5": 2.867238979564654, "sp_vs_team_reliability": 0.0, "sp_vs_team_has_history": 0.0, "sp_vs_team_era_adj": 0.0, "sp_vs_team_era_delta": 0.0, "sp_vs_team_k9_adj": 0.0, "sp_vs_team_k9_delta": 0.0, "k_pct_x_park_hr": 0.21445264102124062, "wind_x_park_hr": 6.9860999999999995, "is_cold_game": 0.0, "temp_below_60": 0.0, "sp_k_pct_trend_5v10": 0.0, "sp_k9_trend_5v10": 0.0, "k_trend_x_ump_k9": 0.0, "contact_vs_ump_zone": 0.42244189762635886, "ump_k9_x_sp_k_pct": 1.8230039864545151, "ump_k9_x_opp_k_pct": 2.117484408928944, "ump_k9_x_sp_whiff_pct": 206.01209067708209, "ump_k9_x_sp_sl_whiff_pct": 263.5082639404895, "ump_k9_x_sp_k9_5": 69.88756765611593, "ump_k9_x_sp_opp_k_triple": 0.45279821973647527, "sp_lob_pct_filled": 62.0, "sp_lob_vs_avg": -9.0, "sp_lob_trend": 0.0, "sp_lob_era_quality": 2.6483034647550787, "sp_lob_luck_flag": 0.0, "park_babip_factor": 0.2867943442017519, "park_babip_vs_avg": -0.008205655798248057, "opp_runs_last3_filled": 13.0, "opp_hot_offense_flag": 0.0, "opp_cold_offense_flag": 0.0, "opp_runs_last3_vs_avg": 1.0, "sp_babip_against_10_filled": 0.2767857142857143, "sp_babip_vs_avg": -0.018214285714285683, "sp_babip_unlucky_flag": 0.0, "sp_babip_lucky_flag": 0.0, "sp_babip_against_career_filled": 0.27696793002915454, "sp_babip_trend": 0.0, "sp_k_pct_last2_filled": 0.2127659574468085, "sp_k_pct_last2_vs_5": -0.0021280100687439407, "sp_k_trending_up": 0.0, "sp_k_trending_down": 0.0, "opp_der_20_filled": 0.7224409448818898, "opp_der_vs_avg": 0.017440944881889853, "opp_good_defense": 1.0, "opp_poor_defense": 0.0, "line_move_total_filled": 0.5, "line_moved_up": 1.0, "line_moved_down": 0.0, "line_move_abs": 0.5, "market_k_line_filled": 4.5, "market_k_line_vs_avg": 0.0, "market_k_line_known": 0.0, "sc_barrel_x_park_hr": 8.52867737948084, "sc_hard_hit_x_fb": 11.499814014541947, "sc_exit_velo_above_avg": 1.4250767656090062, "sc_barrel_vs_k_rate": 37.42897294051516, "sc_hard_hit_vs_opp_k": 10.041506405246226, "sp_days_from_optimal_rest": 2.0, "sp_is_extended_rest": 0.0, "cold_x_sp_sl_pct": 0.0, "cold_x_sp_offspeed_pct": 0.0, "k9_shrunk": 8.362416820948496, "k_pct_shrunk": 0.2170257809968091, "expected_k_from_ip": 4.948571428571428, "framing_hand_benefit": 0.45729537366548045, "sp_k_pct_x_opp_cv": 0.30469289998066196, "venue_k9_adj": 8.437263779510632, "venue_k9_delta": 0.0, "venue_era_adj": 4.2, "venue_era_delta": 0.0, "venue_fip_adj": 4.071594412553246, "last_start_dominated": 0.0, "last_start_blowup": 0.0, "last_start_k9": 8.095952023988005, "last_start_k_bb": 2.0, "framing_x_sp_edge_work": 0.0, "framing_x_ump_k9": 0.0, "sp_k_split_advantage": 0.004293893129770993, "sp_k_split_trend_lhb": 0.0, "sp_k_split_trend_rhb": 0.0, "lineup_lhb_pct_x_sp_lhb_adv": 0.0011332086803784848, "opp_sp_hr_rate_split": 0.0013449706681928752, "warm_x_barrel": 2.0716473880596986, "warm_x_park_hr": 0.25823999999999986, "high_total_flag": 0.0}