{"is_home": 1.0, "ip_avg_5": 5.466, "k_pct_5": 0.2122987761281911, "k9_5": 8.175233999300955, "era_5": 4.063789728362477, "whip_5": 1.3211991434689507, "fip_5": 4.128872955497144, "bb_pct_5": 0.07910326086956522, "hr9_5": 1.125, "k_pct_10": 0.21448447915558505, "k9_10": 8.251389645776566, "era_10": 4.125, "whip_10": 1.3208291908840624, "fip_10": 4.116828856883353, "starts_in_window_5": 5.0, "starts_in_window_10": 6.0, "last_start_k": 5.0, "last_start_ip": 5.67, "last_start_bb": 2.0, "sp_days_since_last_start": 6.0, "is_short_rest": 0.0, "era_home_10": 3.5347538640221563, "era_away_10": 4.242857142857143, "k9_home_10": 8.369630498390965, "k9_away_10": 7.822643689881377, "fip_home_10": 3.814042306809922, "fip_away_10": 4.1153439153439155, "opp_k_pct_avg_10": 0.24573056611229802, "opp_k_pct_avg_5": 0.24479533748983462, "opp_bb_pct_avg_10": 0.08725383070651613, "opp_avg_avg_10": 0.23900073032425975, "opp_hr_avg_10": 1.0, "opp_iso_avg_10": 0.14308176263091127, "opp_slg_avg_10": 0.3813709253782784, "opp_lineup_k_pct_std": 0.1063905042470398, "opp_lineup_k_pct_cv": 0.4297542153533449, "opp_lineup_pct_lhb": 0.36363636363636365, "park_run_factor": 1.006, "park_hr_factor": 1.012, "ump_k9_avg_10": 8.583992741065298, "ump_bb9_avg_10": 3.281105864598301, "temperature_f": 68.8, "wind_speed_mph": 7.6, "wind_sin": -0.37460659341591235, "wind_cos": -0.20791169081775934, "precip_prob_pct": 0.0, "is_dome": 0.0, "is_day_game": 0.0, "market_total": 8.5, "line_move_total": 1.0, "opp_lineup_avg_avg_10": 0.23777777777777778, "opp_lineup_iso_avg_10": 0.1426388888888889, "opp_top4_slg_avg_10": 0.4333785004516712, "sc_barrel_rate": 8.52867737948084, "sc_hard_hit_pct": 40.87071129707113, "sc_avg_exit_velo": 89.40751445086705, "sc_gb_pct": 28.30249433106576, "sc_fb_pct": 30.45506465517241, "sc_xba": 0.2448960674157303, "sc_xslg": 0.41150609184629805, "sc_xwoba": 0.31736956521739135, "sc_sp_fb_whiff_pct": 20.2, "sc_sp_fb_k_pct": 21.4, "sc_sp_fb_put_away": 17.1, "sc_sp_sl_pct": 19.1, "sc_sp_sl_whiff_pct": 31.1, "sc_sp_sl_k_pct": 25.0, "sc_sp_sl_run_value_per_100": 0.1, "sc_sp_ch_pct": 17.3, "sc_sp_ch_whiff_pct": 30.2, "sc_sp_ch_k_pct": 22.0, "sc_sp_fb_pct": 34.8, "sc_sp_fb_hard_hit_pct": 46.3, "sc_sp_fb_xwoba": 0.347, "sc_sp_fb_run_value_per_100": -0.1, "sc_sp_si_pct": 19.0, "sc_sp_si_whiff_pct": 12.5, "sc_sp_si_k_pct": 12.7, "sc_sp_si_hard_hit_pct": 46.2, "sc_sp_fastball_family_pct": 46.0, "sc_sp_pitch_diversity": 0.638, "sc_sp_oz_swing_pct": 29.0, "sc_sp_iz_contact_pct": 84.1, "sc_sp_oz_contact_pct": 57.5, "sc_sp_disc_whiff_pct": 24.1, "catcher_framing_rv": 0.19697789637114024, "catcher_framing_rate": 0.4722222222222222, "sp_fb_velo_avg_5": 94.04816501296106, "sp_fb_velo_trend_5": 0.04584532112758666, "venue_n_starts": 2.0, "venue_era": 3.7119914346895073, "venue_k9": 8.87916726262613, "venue_fip": 3.75632333767927, "sp_k_pct_vs_lhb_25": 0.25732899022801303, "sp_k_pct_vs_rhb_25": 0.2548076923076923, "sp_k_pct_vs_lhb_10": 0.25757575757575757, "sp_k_pct_vs_rhb_10": 0.2512315270935961, "sp_hr_rate_vs_lhb_25": 0.03333333333333333, "sp_hr_rate_vs_rhb_25": 0.030456852791878174, "sp_hr_rate_vs_lhb_10": 0.03289473684210526, "sp_hr_rate_vs_rhb_10": 0.028169014084507043, "svt_games": 1.0, "svt_era": 3.484995159728945, "svt_k9": 8.427109471838438, "svt_k_pct": 0.43478260869565216, "svt_era_last3": 3.484995159728945, "svt_k9_last3": 8.434864104967199, "sp_lob_pct_career": 62.295081967213115, "sp_lob_pct_10": 63.513513513513516, "park_babip_avg": 0.28778264040846097, "opp_runs_last3": 13.0, "opp_runs_avg3": 4.333333333333333, "opp_runs_last5": 21.0, "sp_babip_against_10": 0.27380952380952384, "sp_babip_against_career": 0.2757731958762887, "sp_babip_starts_10": 10.0, "sp_k_pct_last2": 0.20833333333333334, "opp_team_der_20": 0.7236084452975048, "opp_team_der_career": 0.7237465564738292, "market_k_line": 4.5, "book_line": 4.5, "season_2025-regular": 1.0, "season_2026-regular": 0.0, "pitcher_hand_L": 0.0, "pitcher_hand_R": 1.0, "pitcher_hand_nan": 0.0, "sc_xslg_x_park": 0.4110133333333333, "sp_k_pct_vs_opp_k_rate": 0.051797736559476115, "opp_team_k_trend_5v10": 0.00022693671210077815, "k9_trend_5v10": 0.0, "k_pct_trend_5v10": 0.0, "era_trend_5v10": 0.0, "fip_trend_5v10": 0.0, "sp_era_fip_gap": -0.05432098765432114, "sp_k_bb_ratio_5": 2.635847250560635, "sp_vs_team_reliability": 0.2, "sp_vs_team_has_history": 0.0, "sp_vs_team_era_adj": 0.3854389721627409, "sp_vs_team_era_delta": 0.0, "sp_vs_team_k9_adj": 1.4733969986357436, "sp_vs_team_k9_delta": 0.0, "k_pct_x_park_hr": 0.21306480993928315, "wind_x_park_hr": 7.370400000000001, "is_cold_game": 0.0, "temp_below_60": 0.0, "sp_k_pct_trend_5v10": 0.0, "sp_k9_trend_5v10": 0.0, "k_trend_x_ump_k9": 0.0, "contact_vs_ump_zone": 0.42388694285395495, "ump_k9_x_sp_k_pct": 1.817916977258034, "ump_k9_x_opp_k_pct": 2.1035212779595236, "ump_k9_x_sp_whiff_pct": 208.19400000000002, "ump_k9_x_sp_sl_whiff_pct": 269.89144182013325, "ump_k9_x_sp_k9_5": 70.08699627971534, "ump_k9_x_sp_opp_k_triple": 0.4433615225093603, "sp_lob_pct_filled": 62.295081967213115, "sp_lob_vs_avg": -8.704918032786885, "sp_lob_trend": 0.0, "sp_lob_era_quality": 0.7624075320585116, "sp_lob_luck_flag": 0.0, "park_babip_factor": 0.28778264040846097, "park_babip_vs_avg": -0.007217359591539019, "opp_runs_last3_filled": 13.0, "opp_hot_offense_flag": 0.0, "opp_cold_offense_flag": 0.0, "opp_runs_last3_vs_avg": 1.0, "sp_babip_against_10_filled": 0.27380952380952384, "sp_babip_vs_avg": -0.02119047619047615, "sp_babip_unlucky_flag": 0.0, "sp_babip_lucky_flag": 0.0, "sp_babip_against_career_filled": 0.2757731958762887, "sp_babip_trend": 0.0, "sp_k_pct_last2_filled": 0.20833333333333334, "sp_k_pct_last2_vs_5": -0.0016520771083689545, "sp_k_trending_up": 0.0, "sp_k_trending_down": 0.0, "opp_der_20_filled": 0.7236084452975048, "opp_der_vs_avg": 0.018608445297504828, "opp_good_defense": 1.0, "opp_poor_defense": 0.0, "line_move_total_filled": 1.0, "line_moved_up": 1.0, "line_moved_down": 0.0, "line_move_abs": 1.0, "market_k_line_filled": 4.5, "market_k_line_vs_avg": 0.0, "market_k_line_known": 1.0, "sc_barrel_x_park_hr": 8.482043564356434, "sc_hard_hit_x_fb": 12.126461002953663, "sc_exit_velo_above_avg": 1.4075144508670547, "sc_barrel_vs_k_rate": 37.72570234484312, "sc_hard_hit_vs_opp_k": 9.928598651533626, "sp_days_from_optimal_rest": 2.0, "sp_is_extended_rest": 0.0, "cold_x_sp_sl_pct": 0.0, "cold_x_sp_offspeed_pct": 0.0, "k9_shrunk": 8.322884040120469, "k_pct_shrunk": 0.21586974569581108, "expected_k_from_ip": 4.942366984126985, "framing_hand_benefit": 0.46402877697841727, "sp_k_pct_x_opp_cv": 0.30353360706946575, "venue_k9_adj": 8.492306337597048, "venue_k9_delta": 0.0, "venue_era_adj": 4.010087907667716, "venue_era_delta": 0.0, "venue_fip_adj": 4.0425487098472885, "last_start_dominated": 0.0, "last_start_blowup": 0.0, "last_start_k9": 7.725321888412017, "last_start_k_bb": 1.75, "framing_x_sp_edge_work": 0.0, "framing_x_ump_k9": 0.0, "sp_k_split_advantage": 0.00403419758258472, "sp_k_split_trend_lhb": 0.0, "sp_k_split_trend_rhb": 0.0, "lineup_lhb_pct_x_sp_lhb_adv": 0.0009371562300744772, "opp_sp_hr_rate_split": 0.0030705574912891984}