{"is_home": 1.0, "ip_avg_5": 5.466, "k_pct_5": 0.21192253768676353, "k9_5": 8.149792220178487, "era_5": 4.01535446261056, "whip_5": 1.31893653164591, "fip_5": 4.115978015191056, "bb_pct_5": 0.07921484627581332, "hr9_5": 1.1085890137438683, "k_pct_10": 0.21327085666560947, "k9_10": 8.202450072030935, "era_10": 4.103568834421335, "whip_10": 1.3223287234119958, "fip_10": 4.1192421745687575, "starts_in_window_5": 5.0, "starts_in_window_10": 6.0, "last_start_k": 5.0, "last_start_ip": 5.67, "last_start_bb": 2.0, "sp_days_since_last_start": 6.0, "is_short_rest": 0.0, "era_home_10": 3.4647619047619047, "era_away_10": 4.240677577240747, "k9_home_10": 8.27136918508743, "k9_away_10": 7.762836543475188, "fip_home_10": 3.820831561564952, "fip_away_10": 4.118533608912919, "opp_k_pct_avg_10": 0.24531651620040595, "opp_bb_pct_avg_10": 0.08723711038631708, "opp_avg_avg_10": 0.23964551750236462, "opp_hr_avg_10": 1.0, "opp_iso_avg_10": 0.14310307107414486, "opp_slg_avg_10": 0.3827560249782126, "opp_lineup_k_pct_std": 0.1061715382696331, "opp_lineup_k_pct_cv": 0.42936729528181805, "park_run_factor": 1.006, "park_hr_factor": 1.012, "ump_k9_avg_10": 8.578091547702297, "ump_bb9_avg_10": 3.2477275758788364, "temperature_f": 68.5, "wind_speed_mph": 7.5, "wind_sin": -0.39073112848927355, "wind_cos": -0.22495105434386503, "precip_prob_pct": 0.0, "is_dome": 0.0, "is_day_game": 0.0, "market_total": 8.5, "opp_lineup_avg_avg_10": 0.23896969696969694, "opp_lineup_iso_avg_10": 0.14306397306397306, "opp_top4_slg_avg_10": 0.43713612890442155, "sc_barrel_rate": 8.55958762886598, "sc_hard_hit_pct": 40.91120964453428, "sc_avg_exit_velo": 89.48129649309244, "sc_gb_pct": 28.28118701007839, "sc_fb_pct": 30.773014145810667, "sc_xba": 0.2445907692307692, "sc_xslg": 0.4131079812206573, "sc_xwoba": 0.31749173553719007, "sc_sp_fb_whiff_pct": 20.3, "sc_sp_fb_k_pct": 21.5, "sc_sp_fb_put_away": 16.95, "sc_sp_sl_pct": 19.5, "sc_sp_sl_whiff_pct": 31.7, "sc_sp_sl_k_pct": 24.1, "sc_sp_sl_run_value_per_100": 0.0, "sc_sp_ch_pct": 17.35, "sc_sp_ch_whiff_pct": 30.2, "sc_sp_ch_k_pct": 21.7, "sc_sp_fb_pct": 35.1, "sc_sp_fb_hard_hit_pct": 46.4, "sc_sp_fb_xwoba": 0.3485, "sc_sp_fb_run_value_per_100": -0.1, "sc_sp_si_pct": 19.5, "sc_sp_si_whiff_pct": 12.2, "sc_sp_si_k_pct": 13.4, "sc_sp_si_hard_hit_pct": 46.3, "sc_sp_fastball_family_pct": 46.0, "sc_sp_pitch_diversity": 0.634, "sc_sp_oz_swing_pct": 28.8, "sc_sp_iz_contact_pct": 83.9, "sc_sp_oz_contact_pct": 57.55, "sc_sp_disc_whiff_pct": 24.2, "catcher_framing_rv": 0.156834470147432, "catcher_framing_rate": 0.4722222222222222, "sp_fb_velo_avg_5": 93.98973367781643, "sp_fb_velo_trend_5": 0.03457749766572249, "venue_n_starts": 2.0, "venue_era": 3.799458634758274, "venue_k9": 8.90219348431674, "venue_fip": 3.765219748071249, "book_line": 4.5, "season_2025-regular": 1.0, "season_2026-regular": 0.0, "pitcher_hand_L": 0.0, "pitcher_hand_R": 1.0, "pitcher_hand_nan": 0.0, "sc_xslg_x_park": 0.4128597523364486, "sp_k_pct_vs_opp_k_rate": 0.05159377171367853, "k9_trend_5v10": 0.0, "k_pct_trend_5v10": 0.0, "era_trend_5v10": 0.0, "fip_trend_5v10": 0.0, "k_pct_x_park_hr": 0.21293398703643412, "wind_x_park_hr": 7.2864, "is_cold_game": 0.0, "temp_below_60": 0.0, "sp_k_pct_trend_5v10": 0.0, "sp_k9_trend_5v10": 0.0, "k_trend_x_ump_k9": 0.0, "contact_vs_ump_zone": 0.423466404684832, "ump_k9_x_sp_k_pct": 1.8119748010806747, "ump_k9_x_opp_k_pct": 2.0988259611962192, "ump_k9_x_sp_whiff_pct": 208.1449144102085, "ump_k9_x_sp_sl_whiff_pct": 268.7500642612654, "ump_k9_x_sp_k9_5": 69.78756065023468, "ump_k9_x_sp_opp_k_triple": 0.4413180683035479, "sc_barrel_x_park_hr": 8.580548242811501, "sc_hard_hit_x_fb": 12.199763808012538, "sc_exit_velo_above_avg": 1.4812964930924437, "sc_barrel_vs_k_rate": 37.887172375704324, "sc_hard_hit_vs_opp_k": 9.936887779893922, "k9_shrunk": 8.310738789968493, "k_pct_shrunk": 0.2156136237332496, "framing_hand_benefit": 0.4622222222222222, "sp_k_pct_x_opp_cv": 0.30291361640424513, "venue_k9_adj": 8.487656320013034, "venue_k9_delta": 0.0, "venue_era_adj": 4.008289142238372, "venue_era_delta": 0.0, "venue_fip_adj": 4.043797930183736, "last_start_dominated": 0.0, "last_start_blowup": 0.0, "last_start_k9": 7.7142857142857135, "last_start_k_bb": 1.75, "framing_x_sp_edge_work": 0.0}