{"is_home": 1.0, "ip_avg_5": 5.466, "k_pct_5": 0.21444580963950105, "k9_5": 8.24191881545156, "era_5": 4.294226327944573, "whip_5": 1.3319817999083474, "fip_5": 4.158609794628752, "bb_pct_5": 0.07415750119099401, "hr9_5": 1.225704387990762, "k_pct_10": 0.21537975238751725, "k9_10": 8.245714285714286, "era_10": 4.401190476190476, "whip_10": 1.3398557133922988, "fip_10": 4.212637077722958, "starts_in_window_5": 5.0, "starts_in_window_10": 10.0, "last_start_k": 5.0, "last_start_ip": 5.67, "last_start_bb": 2.0, "sp_days_since_last_start": 6.0, "is_short_rest": 0.0, "era_home_10": 3.839701734396305, "era_away_10": 4.444573481432604, "k9_home_10": 8.442776735459661, "k9_away_10": 8.0, "fip_home_10": 3.9175003575003573, "fip_away_10": 4.244686282006823, "opp_k_pct_avg_10": 0.25085784516819, "opp_bb_pct_avg_10": 0.08151352513406843, "opp_avg_avg_10": 0.23895451641581675, "opp_hr_avg_10": 1.1, "opp_iso_avg_10": 0.1508541717984352, "opp_slg_avg_10": 0.3895716189833837, "park_run_factor": 1.006, "park_hr_factor": 1.012, "ump_k9_avg_10": 8.528214835971752, "ump_bb9_avg_10": 3.110695187165775, "temperature_f": 76.3, "wind_speed_mph": 6.9, "wind_sin": -0.1564344650402311, "wind_cos": -0.30901699437494734, "precip_prob_pct": 0.0, "is_dome": 0.0, "is_day_game": 0.0, "market_total": 8.5, "pitcher_hand": NaN, "opp_lineup_avg_avg_10": 0.23766931216931217, "opp_lineup_iso_avg_10": 0.14907407407407408, "opp_top4_slg_avg_10": 0.4398351648351648, "sc_barrel_rate": 8.4, "sc_hard_hit_pct": 40.2, "sc_avg_exit_velo": 89.3, "sc_gb_pct": 19.9, "sc_fb_pct": 21.4, "sc_xba": 0.245, "sc_xslg": 0.413, "sc_xwoba": 0.317, "sc_sp_fb_whiff_pct": 20.7, "sc_sp_fb_k_pct": 22.2, "sc_sp_fb_put_away": 17.4, "sc_sp_sl_pct": 21.9, "sc_sp_sl_whiff_pct": 31.1, "sc_sp_sl_k_pct": 25.6, "sc_sp_sl_run_value_per_100": 0.1, "sc_sp_ch_pct": 17.3, "sc_sp_ch_whiff_pct": 29.4, "sc_sp_ch_k_pct": 21.0, "sc_sp_fb_pct": 37.5, "sc_sp_fb_hard_hit_pct": 45.5, "sc_sp_fb_xwoba": 0.339, "sc_sp_fb_run_value_per_100": 0.0, "sc_sp_si_pct": 20.8, "sc_sp_si_whiff_pct": 12.6, "sc_sp_si_k_pct": 13.4, "sc_sp_si_hard_hit_pct": 44.8, "sc_sp_fastball_family_pct": 46.5, "sc_sp_pitch_diversity": 0.617, "sc_sp_oz_swing_pct": 28.6, "sc_sp_iz_contact_pct": 83.5, "sc_sp_oz_contact_pct": 57.4, "sc_sp_disc_whiff_pct": 24.1, "catcher_framing_rv": 0.156834470147432, "catcher_framing_rate": 0.4716981132075472, "season_2024-regular": 0.0, "season_2025-regular": 0.0, "season_2026-regular": 0.0, "sp_k_pct_vs_opp_k_rate": 0.0532878450393127, "k9_trend_5v10": 0.0, "k_pct_trend_5v10": 0.0, "era_trend_5v10": 0.0, "fip_trend_5v10": 0.0, "k_pct_x_park_hr": 0.21401989505649882, "wind_x_park_hr": 6.820399999999999, "is_cold_game": 0.0, "temp_below_60": 0.0, "ump_k9_x_sp_k_pct": 1.8168609100706823, "ump_k9_x_opp_k_pct": 2.116184775864208, "sc_barrel_x_park_hr": 8.3249, "sc_hard_hit_x_fb": 8.708400000000001, "sc_exit_velo_above_avg": 1.2999999999999972, "sc_barrel_vs_k_rate": 37.25023732888215, "sc_hard_hit_vs_opp_k": 10.062908370487829}