{"is_home": 1.0, "ip_avg_5": 5.466, "k_pct_5": 0.21439989882624094, "k9_5": 8.25, "era_5": 4.285250480933282, "whip_5": 1.3319818797662917, "fip_5": 4.15859018209295, "bb_pct_5": 0.07488056181579292, "hr9_5": 1.2164052137607895, "k_pct_10": 0.21546491597390421, "k9_10": 8.263382608850398, "era_10": 4.37293391464416, "whip_10": 1.3377972419280406, "fip_10": 4.197285678620858, "starts_in_window_5": 5.0, "starts_in_window_10": 10.0, "last_start_k": 5.0, "last_start_ip": 5.67, "last_start_bb": 2.0, "sp_days_since_last_start": 6.0, "is_short_rest": 0.0, "era_home_10": 3.825, "era_away_10": 4.426604465628856, "k9_home_10": 8.468253968253968, "k9_away_10": 8.006454793241279, "fip_home_10": 3.90135214579659, "fip_away_10": 4.239507355327076, "opp_k_pct_avg_10": 0.25009770717431257, "opp_k_pct_avg_5": 0.24991866160746617, "opp_bb_pct_avg_10": 0.08236536086232396, "opp_avg_avg_10": 0.2387316155899154, "opp_hr_avg_10": 1.1, "opp_iso_avg_10": 0.15013745855119848, "opp_slg_avg_10": 0.3887571542704321, "opp_lineup_k_pct_std": 0.10383931053236159, "opp_lineup_k_pct_cv": 0.4111112332780541, "opp_lineup_pct_lhb": 0.36363636363636365, "park_run_factor": 1.006, "park_hr_factor": 1.012, "ump_k9_avg_10": 8.537636745696943, "ump_bb9_avg_10": 3.1320884275494256, "temperature_f": 75.6, "wind_speed_mph": 7.1, "wind_sin": -0.19080899537654467, "wind_cos": -0.27563735581699905, "precip_prob_pct": 0.0, "is_dome": 0.0, "is_day_game": 0.0, "market_total": 8.5, "line_move_total": 0.5, "opp_lineup_avg_avg_10": 0.237645202020202, "opp_lineup_iso_avg_10": 0.14866666666666664, "opp_top4_slg_avg_10": 0.4388346041880314, "sc_barrel_rate": 8.424642857142857, "sc_hard_hit_pct": 40.752434158020755, "sc_avg_exit_velo": 89.40751445086705, "sc_gb_pct": 27.10148462354189, "sc_fb_pct": 29.066804550155126, "sc_xba": 0.24524242424242426, "sc_xslg": 0.41656, "sc_xwoba": 0.3190190239867659, "sc_sp_fb_whiff_pct": 20.6, "sc_sp_fb_k_pct": 22.1, "sc_sp_fb_put_away": 17.4, "sc_sp_sl_pct": 21.7, "sc_sp_sl_whiff_pct": 31.1, "sc_sp_sl_k_pct": 25.6, "sc_sp_sl_run_value_per_100": 0.1, "sc_sp_ch_pct": 17.5, "sc_sp_ch_whiff_pct": 29.6, "sc_sp_ch_k_pct": 21.1, "sc_sp_fb_pct": 37.2, "sc_sp_fb_hard_hit_pct": 45.6, "sc_sp_fb_xwoba": 0.341, "sc_sp_fb_run_value_per_100": 0.0, "sc_sp_si_pct": 20.6, "sc_sp_si_whiff_pct": 12.5, "sc_sp_si_k_pct": 13.4, "sc_sp_si_hard_hit_pct": 44.8, "sc_sp_fastball_family_pct": 46.3, "sc_sp_pitch_diversity": 0.62, "sc_sp_oz_swing_pct": 28.7, "sc_sp_iz_contact_pct": 83.5, "sc_sp_oz_contact_pct": 57.4, "sc_sp_disc_whiff_pct": 24.2, "catcher_framing_rv": 0.19697789637114024, "catcher_framing_rate": 0.4716981132075472, "sp_fb_velo_avg_5": 93.89261169581943, "sp_fb_velo_trend_5": 0.009911091287520435, "venue_n_starts": 4.0, "venue_era": 3.9390422585544536, "venue_k9": 8.716071428571428, "venue_fip": 3.8673990198014305, "sp_k_pct_vs_lhb_25": 0.25625870473537604, "sp_k_pct_vs_rhb_25": 0.250871249377679, "sp_k_pct_vs_lhb_10": 0.2558139534883721, "sp_k_pct_vs_rhb_10": 0.25, "svt_games": 0.0, "svt_era": 3.4615384615384617, "svt_k9": 8.314087759815243, "svt_k_pct": 0.42857142857142855, "svt_era_last3": 3.453806882332728, "svt_k9_last3": 8.314087759815243, "sp_lob_pct_career": 62.0253164556962, "sp_lob_pct_10": 62.295081967213115, "park_babip_avg": 0.2867943442017519, "opp_runs_last3": 13.0, "opp_runs_avg3": 4.333333333333333, "opp_runs_last5": 22.0, "sp_babip_against_10": 0.2768361581920904, "sp_babip_against_career": 0.27699530516431925, "sp_babip_starts_10": 10.0, "sp_k_pct_last2": 0.2127659574468085, "opp_team_der_20": 0.7222222222222222, "opp_team_der_career": 0.7232819639731427, "market_k_line": 4.5, "season_2024-regular": 0.0, "season_2025-regular": 0.0, "season_2026-regular": 0.0, "pitcher_hand_L": 0.0, "pitcher_hand_R": 1.0, "pitcher_hand_nan": 0.0, "sc_xslg_x_park": 0.4159046728971963, "sp_k_pct_vs_opp_k_rate": 0.053270847513630766, "opp_team_k_trend_5v10": -0.000163045984069507, "k9_trend_5v10": 0.0, "k_pct_trend_5v10": 0.0, "era_trend_5v10": 0.0, "fip_trend_5v10": 0.0, "sp_era_fip_gap": 0.1313657899020937, "sp_k_bb_ratio_5": 2.8680320513029005, "sp_vs_team_reliability": 0.0, "sp_vs_team_has_history": 0.0, "sp_vs_team_era_adj": 0.0, "sp_vs_team_era_delta": 0.0, "sp_vs_team_k9_adj": 0.0, "sp_vs_team_k9_delta": 0.0, "k_pct_x_park_hr": 0.21419244617392869, "wind_x_park_hr": 6.9768, "is_cold_game": 0.0, "temp_below_60": 0.0, "sp_k_pct_trend_5v10": 0.0, "sp_k9_trend_5v10": 0.0, "k_trend_x_ump_k9": 0.0, "contact_vs_ump_zone": 0.42210538499574096, "ump_k9_x_sp_k_pct": 1.8207540085641383, "ump_k9_x_opp_k_pct": 2.1174750970013676, "ump_k9_x_sp_whiff_pct": 206.18171572970084, "ump_k9_x_sp_sl_whiff_pct": 263.3378065268032, "ump_k9_x_sp_k9_5": 69.8451242944015, "ump_k9_x_sp_opp_k_triple": 0.4523954896792294, "sp_lob_pct_filled": 62.0253164556962, "sp_lob_vs_avg": -8.9746835443038, "sp_lob_trend": 0.0, "sp_lob_era_quality": 2.6617259194812535, "sp_lob_luck_flag": 0.0, "park_babip_factor": 0.2867943442017519, "park_babip_vs_avg": -0.008205655798248057, "opp_runs_last3_filled": 13.0, "opp_hot_offense_flag": 0.0, "opp_cold_offense_flag": 0.0, "opp_runs_last3_vs_avg": 1.0, "sp_babip_against_10_filled": 0.2768361581920904, "sp_babip_vs_avg": -0.018163841807909586, "sp_babip_unlucky_flag": 0.0, "sp_babip_lucky_flag": 0.0, "sp_babip_against_career_filled": 0.27699530516431925, "sp_babip_trend": 0.0, "sp_k_pct_last2_filled": 0.2127659574468085, "sp_k_pct_last2_vs_5": -0.002034955370153649, "sp_k_trending_up": 0.0, "sp_k_trending_down": 0.0, "opp_der_20_filled": 0.7222222222222222, "opp_der_vs_avg": 0.01722222222222225, "opp_good_defense": 1.0, "opp_poor_defense": 0.0, "line_move_total_filled": 0.5, "line_moved_up": 1.0, "line_moved_down": 0.0, "line_move_abs": 0.5, "market_k_line_filled": 4.5, "market_k_line_vs_avg": 0.0, "market_k_line_known": 0.0, "sc_barrel_x_park_hr": 8.524488600186466, "sc_hard_hit_x_fb": 11.699109876982716, "sc_exit_velo_above_avg": 1.4075144508670547, "sc_barrel_vs_k_rate": 37.419327600676255, "sc_hard_hit_vs_opp_k": 10.04517828888764, "sp_days_from_optimal_rest": 2.0, "sp_is_extended_rest": 0.0, "cold_x_sp_sl_pct": 0.0, "cold_x_sp_offspeed_pct": 0.0, "k9_shrunk": 8.358571589019764, "k_pct_shrunk": 0.2168831436108057, "framing_hand_benefit": 0.4567307692307692, "sp_k_pct_x_opp_cv": 0.3042440619567874, "venue_k9_adj": 8.440081031023773, "venue_k9_delta": 0.0, "venue_era_adj": 4.2, "venue_era_delta": 0.0, "venue_fip_adj": 4.07281497362856, "last_start_dominated": 0.0, "last_start_blowup": 0.0, "last_start_k9": 8.095952023988005, "last_start_k_bb": 2.0, "framing_x_sp_edge_work": 0.0, "framing_x_ump_k9": 0.0, "sp_k_split_advantage": 0.0042593690317046795, "sp_k_split_trend_lhb": 0.0, "sp_k_split_trend_rhb": 0.0, "lineup_lhb_pct_x_sp_lhb_adv": 0.0011194678723589226}