{"is_home": 1.0, "ip_avg_5": 5.466, "k_pct_5": 0.21199230504256153, "k9_5": 8.169967007588255, "era_5": 4.021955388784657, "whip_5": 1.3198391022643512, "fip_5": 4.115708421587439, "bb_pct_5": 0.0791881420476621, "hr9_5": 1.092515271119411, "k_pct_10": 0.21343127351818614, "k9_10": 8.220487730605923, "era_10": 4.0963213615652645, "whip_10": 1.3225621453452723, "fip_10": 4.115837974020176, "starts_in_window_5": 5.0, "starts_in_window_10": 6.0, "last_start_k": 5.0, "last_start_ip": 5.67, "last_start_bb": 2.0, "sp_days_since_last_start": 6.0, "is_short_rest": 0.0, "era_home_10": 3.45, "era_away_10": 4.24182471703885, "k9_home_10": 8.314087759815243, "k9_away_10": 7.801759940898396, "fip_home_10": 3.8, "fip_away_10": 4.118533608912919, "opp_k_pct_avg_10": 0.2450666137117866, "opp_bb_pct_avg_10": 0.0874527145516933, "opp_avg_avg_10": 0.2396357611285846, "opp_hr_avg_10": 1.0, "opp_iso_avg_10": 0.14362440464639148, "opp_slg_avg_10": 0.3827866005301642, "opp_lineup_k_pct_std": 0.1061974448854903, "opp_lineup_k_pct_cv": 0.4297296699111718, "park_run_factor": 1.006, "park_hr_factor": 1.012, "ump_k9_avg_10": 8.576801941334177, "ump_bb9_avg_10": 3.2469642682170035, "temperature_f": 68.8, "wind_speed_mph": 7.5, "wind_sin": -0.40673664307580015, "wind_cos": -0.24192189559966779, "precip_prob_pct": 0.0, "is_dome": 0.0, "is_day_game": 0.0, "market_total": 8.5, "opp_lineup_avg_avg_10": 0.2389141414141414, "opp_lineup_iso_avg_10": 0.1433888888888889, "opp_top4_slg_avg_10": 0.4367799640110853, "sc_barrel_rate": 8.546641074856046, "sc_hard_hit_pct": 40.89815668202765, "sc_avg_exit_velo": 89.45842055185537, "sc_gb_pct": 28.1277238403452, "sc_fb_pct": 30.4303197353914, "sc_xba": 0.2449448669201521, "sc_xslg": 0.4123890020366599, "sc_xwoba": 0.3170967056323061, "sc_sp_fb_whiff_pct": 20.4, "sc_sp_fb_k_pct": 21.5, "sc_sp_fb_put_away": 16.9, "sc_sp_sl_pct": 19.5, "sc_sp_sl_whiff_pct": 31.6, "sc_sp_sl_k_pct": 24.7, "sc_sp_sl_run_value_per_100": -0.1, "sc_sp_ch_pct": 17.8, "sc_sp_ch_whiff_pct": 30.2, "sc_sp_ch_k_pct": 22.3, "sc_sp_fb_pct": 35.1, "sc_sp_fb_hard_hit_pct": 46.5, "sc_sp_fb_xwoba": 0.349, "sc_sp_fb_run_value_per_100": 0.0, "sc_sp_si_pct": 19.3, "sc_sp_si_whiff_pct": 12.1, "sc_sp_si_k_pct": 13.4, "sc_sp_si_hard_hit_pct": 46.3, "sc_sp_fastball_family_pct": 45.900000000000006, "sc_sp_pitch_diversity": 0.633, "sc_sp_oz_swing_pct": 28.8, "sc_sp_iz_contact_pct": 84.0, "sc_sp_oz_contact_pct": 57.7, "sc_sp_disc_whiff_pct": 24.2, "catcher_framing_rv": 0.156834470147432, "catcher_framing_rate": 0.4722222222222222, "sp_fb_velo_avg_5": 94.01415151515153, "sp_fb_velo_trend_5": 0.029006085616259725, "venue_n_starts": 2.0, "venue_era": 3.7662380487352656, "venue_k9": 8.897186431629224, "venue_fip": 3.7370037232038285, "sp_k_pct_vs_lhb_25": 0.2563696851671535, "sp_k_pct_vs_rhb_25": 0.2548203663647425, "sp_k_pct_vs_lhb_10": 0.25757575757575757, "sp_k_pct_vs_rhb_10": 0.2513021887566459, "book_line": 4.5, "season_2025-regular": 1.0, "season_2026-regular": 0.0, "pitcher_hand_L": 0.0, "pitcher_hand_R": 1.0, "pitcher_hand_nan": 0.0, "sc_xslg_x_park": 0.41287242857142853, "sp_k_pct_vs_opp_k_rate": 0.05176721301940246, "k9_trend_5v10": 0.0, "k_pct_trend_5v10": 0.0, "era_trend_5v10": 0.0, "fip_trend_5v10": 0.0, "k_pct_x_park_hr": 0.2135170327375543, "wind_x_park_hr": 7.316800000000001, "is_cold_game": 0.0, "temp_below_60": 0.0, "sp_k_pct_trend_5v10": 0.0, "sp_k9_trend_5v10": 0.0, "k_trend_x_ump_k9": 0.0, "contact_vs_ump_zone": 0.42291185402242915, "ump_k9_x_sp_k_pct": 1.815677396167842, "ump_k9_x_opp_k_pct": 2.0967411445405277, "ump_k9_x_sp_whiff_pct": 208.0965854444333, "ump_k9_x_sp_sl_whiff_pct": 268.5887146275294, "ump_k9_x_sp_k9_5": 69.96605116471636, "ump_k9_x_sp_opp_k_triple": 0.44328908645033804, "sc_barrel_x_park_hr": 8.58421510173482, "sc_hard_hit_x_fb": 12.40320297975412, "sc_exit_velo_above_avg": 1.4584205518553688, "sc_barrel_vs_k_rate": 37.82835147286195, "sc_hard_hit_vs_opp_k": 9.923749456671736, "k9_shrunk": 8.319758220346445, "k_pct_shrunk": 0.21581847288139955, "framing_hand_benefit": 0.46402877697841727, "sp_k_pct_x_opp_cv": 0.3035299698366961, "venue_k9_adj": 8.477931977509378, "venue_k9_delta": 0.0, "venue_era_adj": 4.001223427693255, "venue_era_delta": 0.0, "venue_fip_adj": 4.035814025293449, "last_start_dominated": 0.0, "last_start_blowup": 0.0, "last_start_k9": 7.875, "last_start_k_bb": 1.75, "framing_x_sp_edge_work": 0.0, "sp_k_split_advantage": 0.0029422000479619043, "sp_k_split_trend_lhb": 0.0, "sp_k_split_trend_rhb": 0.0}