tree
version=v4
num_class=1
num_tree_per_iteration=1
label_index=0
max_feature_idx=224
objective=binary sigmoid:1
feature_names=is_home ip_avg_5 k_pct_5 k9_5 era_5 whip_5 fip_5 bb_pct_5 hr9_5 k_pct_10 k9_10 era_10 whip_10 fip_10 starts_in_window_5 starts_in_window_10 last_start_k last_start_ip last_start_bb sp_days_since_last_start is_short_rest era_home_10 era_away_10 k9_home_10 k9_away_10 fip_home_10 fip_away_10 opp_k_pct_avg_10 opp_k_pct_avg_5 opp_bb_pct_avg_10 opp_avg_avg_10 opp_hr_avg_10 opp_iso_avg_10 opp_slg_avg_10 opp_k_pct_vs_same_hand_10 opp_lineup_k_pct_std opp_lineup_k_pct_cv opp_lineup_pct_lhb park_run_factor park_hr_factor ump_k9_avg_10 ump_bb9_avg_10 temperature_f wind_speed_mph wind_sin wind_cos precip_prob_pct is_dome is_day_game market_total line_move_total opp_lineup_avg_avg_10 opp_lineup_iso_avg_10 opp_top4_slg_avg_10 sc_barrel_rate sc_hard_hit_pct sc_avg_exit_velo sc_gb_pct sc_fb_pct sc_xba sc_xslg sc_xwoba sc_sp_fb_whiff_pct sc_sp_fb_k_pct sc_sp_fb_put_away sc_sp_sl_pct sc_sp_sl_whiff_pct sc_sp_sl_k_pct sc_sp_sl_run_value_per_100 sc_sp_ch_pct sc_sp_ch_whiff_pct sc_sp_ch_k_pct sc_sp_fb_pct sc_sp_fb_hard_hit_pct sc_sp_fb_xwoba sc_sp_fb_run_value_per_100 sc_sp_si_pct sc_sp_si_whiff_pct sc_sp_si_k_pct sc_sp_si_hard_hit_pct sc_sp_fastball_family_pct sc_sp_pitch_diversity sc_sp_oz_swing_pct sc_sp_iz_contact_pct sc_sp_oz_contact_pct sc_sp_disc_whiff_pct catcher_framing_rv catcher_framing_rate sp_fb_velo_avg_5 sp_fb_velo_trend_5 venue_n_starts venue_era venue_k9 venue_fip sp_k_pct_vs_lhb_25 sp_k_pct_vs_rhb_25 sp_k_pct_vs_lhb_10 sp_k_pct_vs_rhb_10 sp_hr_rate_vs_lhb_25 sp_hr_rate_vs_rhb_25 sp_hr_rate_vs_lhb_10 sp_hr_rate_vs_rhb_10 svt_games svt_era svt_k9 svt_k_pct svt_era_last3 svt_k9_last3 sp_lob_pct_career sp_lob_pct_10 park_babip_avg opp_runs_last3 opp_runs_avg3 opp_runs_last5 sp_babip_against_10 sp_babip_against_career sp_babip_starts_10 sp_k_pct_last2 bf_est_avg_5 bf_est_avg_10 opp_team_der_20 opp_team_der_career market_k_line open_k_line k_line_move book_line season_2025-regular season_2026-regular sc_xslg_x_park sp_k_pct_vs_opp_k_rate opp_team_k_trend_5v10 k9_trend_5v10 k_pct_trend_5v10 era_trend_5v10 fip_trend_5v10 sp_era_fip_gap sp_k_bb_ratio_5 sp_vs_team_reliability sp_vs_team_has_history sp_vs_team_era_adj sp_vs_team_era_delta sp_vs_team_k9_adj sp_vs_team_k9_delta k_pct_x_park_hr wind_x_park_hr is_cold_game temp_below_60 sp_k_pct_trend_5v10 sp_k9_trend_5v10 k_trend_x_ump_k9 contact_vs_ump_zone ump_k9_x_sp_k_pct ump_k9_x_opp_k_pct ump_k9_x_sp_whiff_pct ump_k9_x_sp_sl_whiff_pct ump_k9_x_sp_k9_5 ump_k9_x_sp_opp_k_triple sp_lob_pct_filled sp_lob_vs_avg sp_lob_trend sp_lob_era_quality sp_lob_luck_flag park_babip_factor park_babip_vs_avg opp_runs_last3_filled opp_hot_offense_flag opp_cold_offense_flag opp_runs_last3_vs_avg sp_babip_against_10_filled sp_babip_vs_avg sp_babip_unlucky_flag sp_babip_lucky_flag sp_babip_against_career_filled sp_babip_trend sp_k_pct_last2_filled sp_k_pct_last2_vs_5 sp_k_trending_up sp_k_trending_down opp_der_20_filled opp_der_vs_avg opp_good_defense opp_poor_defense line_move_total_filled line_moved_up line_moved_down line_move_abs market_k_line_filled market_k_line_vs_avg market_k_line_known sc_barrel_x_park_hr sc_hard_hit_x_fb sc_exit_velo_above_avg sc_barrel_vs_k_rate sc_hard_hit_vs_opp_k sp_days_from_optimal_rest sp_is_extended_rest cold_x_sp_sl_pct cold_x_sp_offspeed_pct k9_shrunk k_pct_shrunk expected_k_from_ip framing_hand_benefit sp_k_pct_x_opp_cv venue_k9_adj venue_k9_delta venue_era_adj venue_era_delta venue_fip_adj last_start_dominated last_start_blowup last_start_k9 last_start_k_bb framing_x_sp_edge_work framing_x_ump_k9 sp_k_split_advantage sp_k_split_trend_lhb sp_k_split_trend_rhb lineup_lhb_pct_x_sp_lhb_adv opp_sp_hr_rate_split warm_x_barrel warm_x_park_hr high_total_flag pitcher_hand_L pitcher_hand_R pitcher_hand_nan
feature_infos=[0:1] [2.8866666666666667:8.1099999999999994] [0.045657783227354608:0.44166557178230337] [1.813897102976332:16.705223880597014] [0:65.02204492966618] [0.4705467372134039:7.0931310798516334] [0.52881115468099638:25.800782653323068] [0:0.35488224550981373] [0:9.7837497375603615] [0.045657783227354608:0.43214441061331016] [1.813897102976332:16.705223880597014] [0.1875:65.02204492966618] [0.50119100899357516:7.0931310798516334] [0.52881115468099638:25.800782653323068] [3:5] [3:10] [0:15] [0.33000000000000002:9] [0:8] [4:95] none [0:111.01810395172279] [0:67.164179104477611] [0:20.25] [0:19.057835820895523] [-0.55000000000000004:37.226173979984601] [-0.69805097451274356:21.110447761194031] [0.1405217674285569:0.35338711884457152] [0.12039909015715466:0.39253617915757133] [0.032233820101467157:0.1584813897316413] [0.14029786103070147:0.32169675548713789] [0.10000000000000001:2.7999999999999998] [0.054174159174159173:0.28405894935512677] [0.2386032430213465:0.59145238179555271] [0.1405217674285569:0.36303275149456365] [0.030672755031698213:0.3509157521106242] [0.11716069827401822:1.0512350233113004] [0:0.77777777777777779] [0.89900000000000002:1.2110000000000001] [0.76400000000000001:1.226] [6.6729486285354991:11.378219723120703] [1.6549403956674502:5.2212232119234496] [32.899999999999999:110.8] [0:24.800000000000001] [-1:1] [-1:1] [0:99] [0:1] [0:1] [2.5:31.5] [0:20.5] [0.15105555555555555:0.36348484848484852] [0.044166666666666667:0.52283333333333337] [0.19588294588294589:0.83848096176269549] [2.8999999999999999:16.199999999999999] [27.100000000000001:50.992156862745091] [85.302777777777777:92.400000000000006] [16.529566854990584:100] [17.569962335216573:100] [0.17956994818652847:0.30225550660792955] [0.27000000000000002:0.62300000000000011] [0.23799999999999999:0.40799999999999997] [6.5999999999999996:42.600000000000001] [4:55.600000000000001] [3.6000000000000001:35] [4.7000000000000002:47.299999999999997] [10.800000000000001:52.5] [4.2999999999999998:48.899999999999999] [-6.2999999999999998:3.8999999999999999] [5.5:38.5] [10.9:53.600000000000001] [2:50] [4.9000000000000004:63.600000000000001] [17.100000000000001:66.700000000000003] [0.129:0.57699999999999996] [-7.2999999999999998:3.2999999999999998] [5.2000000000000002:57.600000000000001] [2.6000000000000001:28.800000000000001] [0:29.899999999999999] [19.899999999999999:73.700000000000003] [16.899999999999999:72.799999999999997] [0.36399999999999999:0.86599999999999999] [19:38.299999999999997] [71.400000000000006:91.5] [36.5:76] [13.6:38.5] [-10.319790996611326:7.9348535608003736] [0.375:0.56896551724137934] [86.203421717171707:100.87391383803593] [-7.0147206396801636:2.9854775713212973] [0:43] [0:190.90909090909091] [0:18.706697459584294] [-0.46666666666666667:69.86666666666666] [0.050000000000000003:0.51724137931034486] [0.10000000000000001:0.45238095238095238] [0.050000000000000003:0.51724137931034486] [0.10000000000000001:0.45238095238095238] [0:0.11363636363636363] [0:0.090909090909090912] [0:0.11888111888111888] [0:0.092233009708737865] [0:8] [0:43.113772455089823] [0:24.324324324324323] [0:1] [0:43.113772455089823] [0:24.324324324324323] [39.393939393939391:94.444444444444443] [37.313432835820898:94.444444444444443] [0.26336970271979721:0.33152777777777781] [0:37] [0:12.333333333333334] [4:52] [0.10204081632653061:0.46511627906976744] [0.10204081632653061:0.46511627906976744] [2:10] [0.02:0.54545454545454541] [9.1999999999999993:29.199999999999999] [9.1999999999999993:28.199999999999999] [0.65067178502879086:0.80241935483870974] [0.67951807228915662:0.74358974358974361] [2.5:9.5] [2.5:8.5] [0:1] [2.5:9.5] [0:1] [0:1] [0.21541237305699482:0.66623991745283029] [0.011327807120637428:0.12942929832725739] [-0.090079223163408773:0.10018393281271148] [-3.9897973513405738:4.5980696103293166] [-0.11072126858639827:0.11672035608589154] [-22.433615219892047:19.309049363511051] [-6.325902995311508:3.3753818444058457] [-3.8457768260766119:42.26784898329614] [0.42364319094337477:38.478578464870601] [0:1] [0:1] [0:9.1454965357967666] [-42.396923043986604:7.1439874839017081] [0:13.35483870967742] [-5.1789883693931662:6.861996859708281] [0.047712383472585565:0.51417696969696969] [0.18360000000000001:28.222399999999997] [0:1] [0:27.100000000000001] [-0.11072126858639827:0.11672035608589154] [-3.9897973513405738:4.5980696103293166] [-0.95119839592672117:0.97593226280557976] [0.27019316181548381:0.67082560628806798] [0.42277864846300306:4.1745805537753791] [1.0529472139128015:3.5471737107471926] [93.323227513227508:386.85705882352937] [80.290349086504662:505.5861918775725] [16.796193582780798:147.94192226441515] [0.10489241145731716:1.1807990750279531] [39.393939393939391:94.444444444444443] [-31.606060606060609:23.444444444444443] [-22.731713891041402:23.362299465240646] [-78.586471274594842:531.28264224758982] none [0.26336970271979721:0.33152777777777781] [-0.031630297280202779:0.036527777777777826] [0:37] [0:1] [0:1] [-12:25] [0.10204081632653061:0.46511627906976744] [-0.19295918367346937:0.17011627906976745] [0:1] [0:1] [0.10204081632653061:0.46511627906976744] [-0.087472800217598234:0.11538461538461536] [0.02:0.54545454545454541] [-0.2067981864682632:0.2004973165200763] [0:1] [0:1] [0.65067178502879086:0.80241935483870974] [-0.054328214971209099:0.097419354838709782] [0:1] [0:1] [0:20.5] [0:1] none [0:20.5] [2.5:9.5] [-2:5] none [2.8999999999999999:16.248599999999996] [6.3860617117728911:49.538317757009352] [-2.6972222222222229:4.4000000000000057] [10.326009543128917:170.68592116207304] [4.8944137741577851:16.875767429381032] [0:5] [0:1] [0:593.01999999999998] [0:872.03999999999996] [5.1921591619762353:12.533587143973209] [0.13619445672639438:0.3552967536321755] [1.0083924265064719:10.391426732532578] [0:0.56896551724137934] [0.061604163535775046:0.72631136991966272] [1.7383652644180838:14.94916344916345] [-6.3447101693687085:6.3917810813753313] [0:106.98439358947442] [-30.759529201977802:41.962348659808242] [0.52881115468099638:40.489410657770932] [0:1] [0:1] [0:27.272727272727273] [0:15] [-339.26782024132245:269.78502106721271] [-105.60935669799299:80.860911781787223] [-0.23286875725900116:0.23653962492437997] [-0.1117314969911285:0.12969588550983896] [-0.10975258503989171:0.12299421009098427] [-0.10376368271105113:0.094444444444444442] [-0.074700539686718442:0.098039215686274508] [0:22.198791288566245] [0:2.16852] [0:1] [0:1] [0:1] none
tree_sizes=3407 3447 3397 3426 3413 3436 3433 3448 3433 3438 3372 3440 3438 3449 3451 3401 3426 3410 3447 3456 3422 3457 3433 3445 3456 3436 3457 3448 3384 3415 3433 3458 3415 3417 3463 3441 3448 3453 3431 3470 3411 3448 3433 3432 3443 3404 3459 3444 3441 3381 3417 3447 3441 3462 3449 3444 3443 3391 3410 3448 3428 3455 3441 3444 3436 3406 3412 3430 3428 3409 3467 3443 3389 3423 3394 3439 3441 3457 3436 3411 3417 3428 3427 3435 3424 3415 3451 3451 3421 3408 3434 3411 3429 3427 3452 3430 3447 3400 3436 3427 3441 3449 3424 3433 3452 3437 3449 3422 3358 3413 3426 3391 3454 3456 3429 3413 3413 3390 3411 3462 3457 3411 3430 3374 3406 3426 3431 3462 3421 3433 3382 3401

Tree=0
num_leaves=31
num_cat=0
split_feature=62 84 43 9 123 39 39 87 189 35 218 78 149 156 115 220 215 193 61 100 89 13 56 205 60 74 95 205 29 100
split_gain=29.146 18.2584 18.5179 15.8614 13.9077 12.4385 11.2876 13.9401 11.1115 11.2399 10.8585 10.7231 10.1574 12.4039 10.4427 9.84764 9.34861 9.06682 9.86284 8.77238 8.74956 8.32864 7.91304 7.90336 7.54533 7.47291 7.32763 7.13877 6.99185 6.89994
threshold=23.100000000000005 57.050000000000004 6.3500000000000005 0.17147527094084444 4.0000000000000009 1.0275000000000001 1.0720000000000003 0.47084780067709581 9.3348813655603173 0.096761449407684288 0.020470474637919879 14.65 0.076903829578623642 0.47329561655373209 0.27720014208165067 0.45990000000000003 0.016383604440906089 12.787036446392092 0.31666138586265985 0.014760348583877998 -0.55651324108732314 5.1935284083798718 87.548512701978765 3.4962194884903766 0.40238521021021023 0.36050000000000004 0.22818126131884522 4.4066353029953342 0.095246346513248634 0.034384236453201981
decision_type=2 2 2 2 2 2 2 2 2 2 2 2 2 2 2 2 2 2 2 2 2 2 2 2 2 2 2 2 2 2
left_child=1 4 17 -4 28 10 7 12 9 29 19 -7 13 14 -2 20 25 18 26 -5 -9 -10 -21 -17 -22 -11 -3 -27 -1 -6
right_child=6 2 3 5 8 11 -8 15 21 16 -12 -13 -14 -15 -16 23 -18 -19 -20 22 24 -23 -24 -25 -26 27 -28 -29 -30 -31
leaf_value=0.074369283715851234 0.057686322857859185 0.051123767048989771 0.043990419464337585 0.034125688925321918 0.033670348194813599 0.020582299085645427 0.064110997999945379 0.029984724645271001 0.0030588751180230835 0.064750679332594388 0.04459674485395422 0.065402122728221837 0.047077962959481773 -0.0021794775745895036 0.0081550091389343271 0.0084752367107165279 0.024350413497358406 0.048982113539173477 -0.011495109400548622 0.039678576023650665 0.075780742621215605 0.037006375150109891 -0.012096637202498598 0.047951903899162276 0.033688966368916273 0.017898674701407814 0.0083043488250474952 0.056145080797378288 0.031209760009969934 0.0018021569018119507
leaf_weight=24.244095489382744 20.245069429278374 10.49744340777397 75.731556013226509 13.496712952852247 34.241660639643669 32.74202586710453 53.986851811408997 18.245556399226189 49.238008365035057 51.487460523843765 12.247017309069632 15.496225982904432 32.74202586710453 38.740564957261086 13.246773824095724 18.245556399226189 35.991234540939331 5.7485999614000312 76.231434270739555 5.7485999614000312 50.987582266330719 23.244338974356651 62.484782189130783 22.744460716843605 15.496225982904432 21.994643330574036 22.744460716843605 16.995860755443573 12.496956437826155 25.243852004408836
leaf_count=97 81 42 303 54 137 131 216 73 197 206 49 62 131 155 53 73 144 23 305 23 204 93 250 91 62 88 91 68 50 101
internal_value=0.0312098 0.0252009 0.0172523 0.0262079 0.0341723 0.0164561 0.0443473 0.0390163 0.0299633 0.0363669 0.00623758 0.0363698 0.0258554 0.0155073 0.0369961 0.0499811 0.0447309 0.0014329 -0.00194958 -0.000239067 0.0592692 0.0139397 -0.00711286 0.0303623 0.0671792 0.0530346 0.0233157 0.0349412 0.0609804 0.0193026
internal_weight=913.028 628.347 333.169 217.947 295.178 142.215 284.681 230.694 258.437 185.955 93.9771 48.2383 104.974 72.2324 33.4918 125.719 126.469 115.222 109.473 81.7301 84.7294 72.4823 68.2334 40.99 66.4838 90.478 33.2419 38.9905 36.7411 59.4855
internal_count=3653 2514 1333 872 1181 569 1139 923 1034 744 376 193 420 289 134 503 506 461 438 327 339 290 273 164 266 362 133 156 147 238
is_linear=0
shrinkage=1


Tree=1
num_leaves=31
num_cat=0
split_feature=64 85 151 143 39 218 144 152 155 149 6 114 84 160 204 152 154 27 30 70 189 215 34 142 100 8 143 215 173 75
split_gain=26.8815 16.2796 20.7568 15.9576 12.5882 11.8635 11.522 11.4075 10.8535 10.464 12.2409 10.1682 9.49627 9.46961 9.84983 9.13737 8.92299 8.21008 8.11006 8.10065 8.70344 7.7097 11.4081 10.7195 8.97365 8.64718 7.74403 7.67502 7.58205 7.42277
threshold=18.150000000000002 25.450000000000003 1.8537026848981524 0.24254626615178398 1.0720000000000003 -0.006562665543155234 8.1411000000000033 1.7153905504454643 44.690666169679879 0.01119404661229664 6.4320830354163698 0.32028696895424841 54.050000000000004 -17.98357601340669 -1.5715745072152385 2.4752261496787411 246.54560035833239 0.21882190857267783 0.25116992915610231 21.250000000000004 11.074632938196556 0.016780746308372969 0.25050733043767104 -0.12362484239785683 0.024316334072431636 1.8419954320985557 0.29180556936417751 -0.034736605636285341 -0.00062150319654150066 -0.14999999999999999
decision_type=2 2 2 2 2 2 2 2 2 2 2 2 2 2 2 2 2 2 2 2 2 2 2 2 2 2 2 2 2 2
left_child=1 2 6 16 5 9 8 -8 -1 10 17 13 -10 -4 -15 21 -3 -2 -9 -6 -21 23 25 -7 -25 26 -23 -26 -11 -5
right_child=4 3 11 29 19 15 7 18 12 28 -12 -13 -14 14 -16 -17 -18 -19 -20 20 -22 22 -24 24 27 -27 -28 -29 -30 -31
leaf_value=0.01054998488337968 0.0074994340239900054 -0.017680744482630101 0.0047337413954276174 -0.029326609114119467 -0.014581233576070711 0.042035557140790471 -0.03354634631471623 0.0029524490978739739 0.017329642661176294 0.033842894736762046 0.031674603123749888 0.0001904405708454096 -0.02071230188503111 0.0010682462469089615 -0.05148598030503735 -0.014435510291064317 0.025241736753465856 -0.038180036613748004 0.035220203553888545 0.039475894168440266 -0.012614601844544561 0.040513412474806693 -0.028179866637668128 -0.01660907829626028 -0.021287089292127043 -0.025249643046132437 -0.012197871874461284 0.024746671092160992 -0.010596033429135577 0.0033281778023542862
leaf_weight=39.483552649617195 9.494955435395239 9.7479486614465696 8.9975008964538556 27.494641244411469 6.2459556311368933 41.968685641884804 8.7470737695693952 55.475528106093407 13.743199616670607 14.740620270371439 4.9976508170366278 18.994381263852119 158.20786586403847 8.9967513829469663 61.486510679125786 23.489574447274208 81.462872907519341 42.233701393008232 27.73802587389946 59.949841186404228 5.9958218783140174 21.240055918693546 17.994436115026474 18.239198297262192 5.9970815330743781 5.2475630044937125 5.9979850947856894 61.461160972714424 13.99266158044338 32.988228365778923
leaf_count=158 38 39 36 110 25 168 35 222 55 59 20 76 633 36 246 94 326 169 111 240 24 85 72 73 24 21 24 246 56 132
internal_value=2.14996e-06 -0.00686227 -0.0121125 0.00682984 0.010596 0.00555889 -0.00532067 0.00897712 -0.0117185 -0.00952001 -0.0215145 -0.0315278 -0.0171268 -0.0389664 -0.0448202 0.0121465 0.0197142 -0.0294328 0.0153785 0.0286464 0.0338322 0.0160864 -5.05633e-05 0.0224169 0.0107458 0.0165443 0.028039 0.0191227 0.0130978 -0.0122402
internal_weight=912.851 553.564 401.87 151.694 359.287 287.095 303.395 91.9606 211.435 85.4596 56.7263 98.4751 171.951 79.4808 70.4833 201.636 91.2108 51.7287 83.2136 72.1916 65.9457 178.146 50.48 127.666 85.6974 32.4856 27.238 67.4582 28.7333 60.4829
internal_count=3653 2215 1608 607 1438 1149 1214 368 846 342 227 394 688 318 282 807 365 207 333 289 264 713 202 511 343 130 109 270 115 242
is_linear=0
shrinkage=0.05


Tree=2
num_leaves=31
num_cat=0
split_feature=64 85 125 143 34 39 155 98 152 83 2 98 153 207 100 215 131 28 190 150 128 204 106 128 100 25 128 89 75 144
split_gain=24.3192 14.6484 19.0657 14.4967 12.9792 11.3783 10.8904 12.3213 10.8366 13.5622 11.3839 10.4715 12.5584 10.3611 9.9239 10.7398 9.71516 9.13065 8.83573 8.72066 8.51312 8.61961 8.17244 8.00355 7.96423 7.85741 7.67315 7.5926 7.66713 7.53711
threshold=18.150000000000002 25.450000000000003 4.0000000000000009 0.24254626615178398 0.24457816984707617 1.0720000000000003 71.601253994387932 0.030110408187935693 1.987947689157731 79.050000000000011 0.2972632934927027 0.03109959700633276 195.02279928751352 2.9642539927189144 0.014035260514133755 0.0073018516123446184 -0.24189936933259701 0.27126693698981125 8.3513438776035223 0.4473834809533051 0.39140799951990018 -0.71571705621593151 1.9283992654372946 0.4520891645421713 0.025370092254880929 6.6004157450182843 0.34781665491453001 1.1141281240465377 -0.14999999999999999 8.4306000000000019
decision_type=2 2 2 2 2 2 2 2 2 2 2 2 2 2 2 2 2 2 2 2 2 2 2 2 2 2 2 2 2 2
left_child=1 2 4 13 19 8 11 20 -2 -10 14 18 -13 -3 -11 26 -9 25 -4 -1 -8 -22 -17 24 -7 -6 -16 28 -5 -12
right_child=5 3 6 27 17 23 7 16 9 10 29 12 -14 -15 15 22 -18 -19 -20 -21 21 -23 -24 -25 -26 -27 -28 -29 -30 -31
leaf_value=0.01061357663377431 0.017601128056262242 -0.016269676406637037 0.010710748544484354 -0.036661421119419071 0.042502518322641417 0.0072880149844878218 0.020212613846037474 0 0.029458102411767818 -0.029657046997252409 -0.052971814626062444 -0.013022279037779716 0.021139157376966228 0.025745319402951935 -0.011222036240699777 0.019445885314043797 -0.056568610860643791 -0.0027651277057828532 -0.033153146433152564 -0.022834484515261832 0.016265772538514349 -0.041552598502163425 -0.026544343597387533 0.0025298757559543048 0.052937974273450795 -0.010265796203080399 0.023941738429449085 0.027539368483112871 0 0.00091478452983157616
leaf_weight=26.481086209416389 106.12403084337711 13.491587981581686 10.495600089430807 23.99718165397644 31.976668581366539 17.708145067095757 12.244882285594938 8.9967072904109937 23.726428285241127 20.739594683051109 15.240352764725687 74.724980562925339 35.485012233257294 77.671475410461426 16.232587650418282 8.4936428815126401 43.730311721563339 25.737553611397743 59.23008805513382 46.232639029622078 5.4984021931886664 15.244652286171915 30.984007731080055 25.220270350575447 29.179627552628517 5.7461090832948676 57.438165068626404 5.7487519085407248 30.737515464425087 7.9928203821182242
leaf_count=106 425 54 42 96 128 71 49 36 95 83 61 299 142 311 65 34 175 103 237 185 22 61 124 101 117 23 230 23 123 32
internal_value=0 -0.00653228 -0.0115134 0.0064531 0.00347477 0.0100766 -0.0192111 -0.033662 0.00528243 -0.00209089 -0.00777082 -0.011468 -0.00136604 0.0187447 -0.00143663 0.00456061 -0.0477551 0.0193731 -0.025941 -0.0104324 -0.00715725 -0.0250729 -0.0150137 0.027252 0.0385428 0.0336187 0.0156552 -0.0117082 -0.018209 -0.036669
internal_weight=912.551 553.471 401.825 151.647 136.174 359.08 265.651 85.715 286.972 180.848 157.121 179.936 110.21 91.1631 133.888 113.148 52.727 63.4603 69.7257 72.7137 32.9879 20.7431 39.4777 72.108 46.8878 37.7228 73.6708 60.4834 54.7347 23.2332
internal_count=3653 2215 1608 607 545 1438 1063 343 1149 724 629 720 441 365 536 453 211 254 279 291 132 83 158 289 188 151 295 242 219 93
is_linear=0
shrinkage=0.05


Tree=3
num_leaves=31
num_cat=0
split_feature=62 84 143 43 41 210 141 42 62 189 130 136 33 132 156 74 100 130 41 197 201 132 152 193 45 23 99 211 95 30
split_gain=23.2027 14.6254 24.0121 16.3141 13.5771 13.1877 10.691 10.5986 11.238 11.5715 11.2058 10.1895 10.1452 9.91747 11.1404 13.6279 8.91957 8.91653 8.50628 8.49116 8.43968 8.33175 8.49053 8.3211 8.23921 8.21053 7.80094 8.77707 7.77611 7.55278
threshold=23.100000000000005 57.050000000000004 0.24254626615178398 6.3500000000000005 2.6272212533771468 9.8159554813743704 3.2058394160583945 79.450000000000017 27.000000000000004 7.8559987528069826 1.0000000180025095e-35 3.1651992147456407 0.34268034342526837 0.0028969401461575593 0.47469166312596528 0.30650000000000005 0.0350263771316403 0.0050887768019376176 3.6910380399430833 115.56 0.47306657306657313 0.038831371759575219 2.5890990225834138 12.787036446392092 0.34202014332566893 6.7510553470919339 0.026347343178089112 2.8750000000000004 0.29465177703877055 0.26294194836605328
decision_type=2 2 2 2 2 2 2 2 2 2 2 2 2 2 2 2 2 2 2 2 2 2 2 2 2 2 2 2 2 2
left_child=1 2 4 23 -1 6 12 13 9 18 -11 -4 16 14 28 20 -5 -17 -9 21 -16 22 -6 -3 -7 -8 -13 -28 -2 -14
right_child=7 3 11 5 19 24 25 8 -10 10 -12 26 29 -15 15 17 -18 -19 -20 -21 -22 -23 -24 -25 -26 -27 27 -29 -30 -31
leaf_value=-0.026630429452294876 0.036565542259662763 -0.030572162172738233 -0.034484322273066297 -0.04051868371686046 0.025586879733873236 -0.038521332297903534 0.008116847145852096 -0.044042331307116836 0.021997549991506743 -0.016823045117298898 0.031236044783688535 0.015064260360582185 0.023018558999184799 0.034746426218305065 -0.007317804016449065 -0.039400786771375103 0.01084011686353991 0.0060846136319406699 0.0084237982807835263 -0.021168046452413554 0.037052349834658292 -0.023140060389178711 -0.013052660149817655 0.017880810961366789 0.0075881119456266515 -0.031240230295006128 0.0045049784641882822 -0.040658690922978517 -0.0056156132906857803 -0.0084132672069348307
leaf_weight=14.734459117054937 38.178352981805801 109.43040660023689 39.968292415142059 12.242317229509355 150.54014199972153 32.473974704742432 17.237530842423439 25.226040795445442 30.68449592590332 20.470864295959473 17.967693746089935 28.223421469330788 83.428679585456848 60.856581687927246 15.478988051414488 22.970936566591263 12.242067053914068 14.227890163660048 7.4860514700412741 8.9881406873464567 18.946916565299034 6.2400698810815802 11.736621126532553 5.747530758380889 9.9875629991292936 29.97636541724205 18.98321208357811 15.4874931871891 11.726912677288054 20.232354700565338
leaf_count=59 153 438 160 49 603 130 69 101 123 82 72 113 334 244 62 92 49 57 30 36 76 25 47 23 40 120 76 62 47 81
internal_value=0 -0.00534411 0.00268231 -0.0124607 0.0130785 -0.00406383 0.00207537 0.0117501 -0.000956159 -0.0119779 0.00607576 -0.016256 0.00966225 0.0188142 0.00958076 -0.00290578 -0.0165081 -0.0227514 -0.0318478 0.0171509 0.0180701 0.0198899 0.0223362 -0.0273029 -0.0274922 -0.0169911 -0.00257725 -0.0177334 0.0265896 0.0165488
internal_weight=912.122 627.901 294.902 332.999 192.239 217.821 175.359 284.222 101.835 71.1507 38.4386 102.662 128.145 182.387 121.53 71.6247 24.4844 37.1988 32.7121 177.505 34.4259 168.517 162.277 115.178 42.4615 47.2139 62.6941 34.4707 49.9053 103.661
internal_count=3653 2514 1181 1333 770 872 702 1139 408 285 154 411 513 731 487 287 98 149 131 711 138 675 650 461 170 189 251 138 200 415
is_linear=0
shrinkage=0.05


Tree=4
num_leaves=31
num_cat=0
split_feature=62 123 61 205 55 121 173 105 150 34 173 155 49 82 88 50 9 92 153 97 218 1 80 149 70 26 56 58 63 24
split_gain=21.3198 12.9517 12.3926 12.3419 11.63 10.4164 9.88953 10.0781 8.81326 11.5419 10.3608 9.60591 8.7396 12.1553 11.094 8.9077 8.6478 9.23535 8.69205 8.51295 8.15361 9.60988 8.72904 8.11236 7.91608 7.862 7.72755 7.49601 7.30739 7.14687
threshold=23.100000000000005 4.0000000000000009 0.31656964877638377 3.4775683815690113 45.052773826458044 0.71207439541223116 0.025832460364423385 0.26393188854489169 0.41826833151211756 0.24457816984707617 0.029177799492159127 44.690666169679879 10.250000000000002 28.950000000000003 95.018603604023113 0.75000000000000011 0.28560621975491202 9.7417177788706102 230.42411191883113 0.2166282642089094 -0.00092608243856774272 6.4546666666666672 67.450000000000003 -0.19205915554756764 28.850000000000005 4.0848050743475328 88.457417987303344 22.380497022888964 33.250000000000007 8.0985622625943581
decision_type=2 2 2 2 2 2 2 2 2 2 2 2 2 2 2 2 2 2 2 2 2 2 2 2 2 2 2 2 2 2
left_child=1 3 5 27 23 24 7 -2 -5 10 11 -10 13 15 -14 -7 17 -15 -19 -11 28 22 -22 25 -3 -4 -8 -1 29 -9
right_child=6 2 4 8 -6 12 26 20 9 19 -12 -13 14 16 -16 -17 -18 18 -20 -21 21 -23 -24 -25 -26 -27 -28 -29 -30 -31
leaf_value=-0.0030700246820561765 -0.020699039979282782 -0.013651480160965655 -0.027751278802967089 0.025923602319318031 0.013257741143715194 -0.048871689334804985 0.018693893215760621 0.016672614318542542 0.0051181670040580983 0.027166307896310107 0.020066362485878203 -0.041926186152349144 -0.036592035394254506 0.023376101420431811 0.0038558503895198791 0.0011110403564518264 -0.016945997483401833 -0.038569386962575419 0.018921881606030918 -0.0097361576248451848 0.033212852447242043 -0.0098256982348130673 -0.013909521175895147 -0.025533148540059603 0.030336479297950494 0.018471485097877001 -0.023169264556786501 0.048193175807648952 0.025450783031461532 -0.014949873126184508
leaf_weight=7.9884315729141262 13.72124572098255 9.7418482005596143 9.2369264960289019 21.714808434247971 22.954475685954094 13.482845678925516 11.214276000857351 22.954173564910889 12.238764107227324 27.948145717382431 8.4901518076658231 35.458209425210953 37.709194481372833 71.149641379714012 24.955503538250923 14.981334343552588 20.97762306034565 9.4880507588386553 7.2383193075656882 24.71238249540329 115.15346121788025 13.955133199691771 7.2339902669191352 173.26398366689682 33.447480797767639 20.725714012980461 29.439883172512054 19.709765464067459 26.642687946557999 43.670718103647232
leaf_count=32 55 39 37 87 92 54 45 92 49 112 34 142 151 285 100 60 84 38 29 99 462 56 29 694 134 83 118 79 107 175
internal_value=0 -0.00516049 -0.00933181 0.00696418 -0.0176309 -0.00131218 0.0112312 0.0150625 0 -0.00598637 -0.0210392 -0.0300402 -0.00629692 0.000748704 -0.02102 -0.0255822 0.00867466 0.015643 -0.0139104 0.0100727 0.0177017 0.0253584 0.0297947 -0.0214744 0.0195087 0.00157595 -0.0102913 0.0344351 0.00553366 -0.00330265
internal_weight=911.599 627.614 469.353 158.261 226.181 243.172 283.986 243.331 130.562 108.848 56.1871 47.697 199.983 137.318 62.6647 28.4642 108.854 87.876 16.7264 52.6605 229.61 136.343 122.387 203.227 43.1893 29.9626 40.6542 27.6982 93.2676 66.6249
internal_count=3653 2514 1880 634 906 974 1139 976 523 436 225 191 801 550 251 114 436 352 67 211 921 547 491 814 173 120 163 111 374 267
is_linear=0
shrinkage=0.05


Tree=5
num_leaves=31
num_cat=0
split_feature=64 85 123 152 42 29 218 28 173 36 201 29 189 200 36 85 41 30 9 49 220 41 45 25 80 159 37 43 83 51
split_gain=19.6847 12.3689 17.5877 12.0693 10.306 8.99164 8.91584 13.8501 11.8222 13.1123 10.7176 9.53875 9.09993 8.72371 8.69297 8.48637 9.73432 8.65828 8.48627 8.45059 12.3233 12.5649 10.6917 13.8023 10.2444 9.23283 8.08261 8.15156 8.12158 7.99356
threshold=18.150000000000002 27.600000000000005 4.0000000000000009 1.6243026291954068 83.950000000000017 0.1071483753404076 -0.0010386553260220957 0.23323858645314011 0.025526647971802378 0.55223708401174865 0.46416962064444084 0.10427374243125885 5.2108260084375706 5.6552918463734274 0.37460780787255327 20.650000000000002 2.9392038640183165 0.23509929271310689 0.14608423284236058 13.000000000000002 0.32950000000000007 2.5169476534784265 0.052335956242943966 4.9872380434831767 46.350000000000001 -6.136771491355641 0.32051282051282054 9.9500000000000011 84.450000000000017 0.24104166666666674
decision_type=2 2 2 2 2 2 2 2 2 2 2 2 2 2 2 2 2 2 2 2 2 2 2 2 2 2 2 2 2 2
left_child=1 2 3 -1 5 -3 7 -2 9 11 -9 12 -8 -6 -13 17 29 -5 -19 20 25 -22 23 -23 -24 -4 28 -28 -27 -17
right_child=6 4 19 15 13 -7 8 10 -10 -11 -12 14 -14 -15 -16 16 -18 18 -20 -21 21 22 24 -25 -26 26 27 -29 -30 -31
leaf_value=-0.032483600170153372 0.017808212975042419 0.028250813735138866 0.0073334229382541602 -0.024638496214520064 0.022738466081735281 -0.015973843252491387 -0.015751801464967612 -0.032649385947145407 -0.0079920756861480442 -0.0089471924543038008 0.00081473165127419101 0.025555397732469894 0.035949355662243755 -0.034897754225343434 -0.026249556446198544 0.0181591336001053 0.031620428595934273 0.033659433695625136 -0.0063907405579361858 -0.038173121128713121 -0.044467211741480238 0.011137026046864578 0.04979391819552751 -0.03208127377610951 -0.0054815941559533815 -0.024735663268582009 -0.040028721496127434 -0.0071571846055048967 0.013520068128168236 -0.039024730784498661
leaf_weight=13.980419248342512 59.337126851081848 55.364246040582657 22.713750809431076 22.96176090836525 5.2353877276182201 9.9803525358438474 5.7398206442594519 33.437386631965637 38.65886864066124 26.421585753560066 59.091205075383186 10.203318551182749 113.27426467835903 14.483865007758139 12.207409769296644 7.7355906069278699 51.852392375469208 16.967819422483444 28.197701305150986 34.198009163141251 8.4834903478622419 48.926352173089981 17.475838229060177 22.958197638392448 10.734692916274069 22.197059527039528 78.357184261083603 30.208300054073334 22.967972174286842 6.7373277693986893
leaf_count=56 238 222 91 92 21 40 23 134 155 106 237 41 455 58 49 31 208 68 113 137 34 196 70 92 43 89 314 121 92 27
internal_value=0 -0.00592206 -0.00914343 0.00484053 0.0110348 0.0204855 0.00903342 -4.46922e-05 0.015671 0.0213393 -0.0120758 0.0272806 0.0327198 -0.0170801 -0.00139216 0.00992631 0.0220247 -0.00221079 0.0100122 -0.0156973 -0.0123027 0.000765815 0.00677057 -0.00352939 0.0303491 -0.020282 -0.0246221 -0.0318202 -0.00537443 -0.010362
internal_weight=911.089 552.718 467.654 148.433 85.0639 65.3446 358.371 151.866 206.505 167.846 92.5286 141.425 119.014 19.7193 22.4107 134.453 66.3253 68.1273 45.1655 319.221 285.023 108.579 100.095 71.8845 28.2105 176.444 153.731 108.565 45.165 14.4729
internal_count=3653 2215 1874 595 341 262 1438 609 829 674 371 568 478 79 90 539 266 273 181 1279 1142 435 401 288 113 707 616 435 181 58
is_linear=0
shrinkage=0.05


Tree=6
num_leaves=31
num_cat=0
split_feature=62 84 143 43 41 203 22 42 62 189 130 79 117 21 136 205 89 52 149 152 202 11 156 39 27 7 149 142 131 27
split_gain=18.2049 11.8331 21.3742 14.2698 11.8689 11.7073 10.6898 9.66653 10.1325 10.3941 10.1431 10.1248 8.89301 9.35818 8.67616 8.45412 8.40348 8.557 8.313 9.4735 10.0426 12.1409 8.05078 7.69339 7.57452 10.2068 7.95105 8.87562 7.49501 7.15026
threshold=23.100000000000005 57.050000000000004 0.24254626615178398 6.3500000000000005 2.6272212533771468 7.5932495058091494 9.4645340490606102 79.450000000000017 27.000000000000004 7.8559987528069826 1.0000000180025095e-35 43.900000000000006 0.17108013937282232 4.0930096980994115 3.1651992147456407 5.691743114625889 -0.44722891482864918 0.15798148148148153 0.34023984819778358 2.5890990225834138 0.30876006680895507 4.4028766870831708 0.43864695666680659 1.0980000000000003 0.28825991579199489 0.041110182088442963 -0.11271480738908381 0.95132397198468766 0.024747558509542692 0.22114538981362006
decision_type=2 2 2 2 2 2 2 2 2 2 2 2 2 2 2 2 2 2 2 2 2 2 2 2 2 2 2 2 2 2
left_child=1 2 4 24 -1 6 12 11 9 22 -11 -2 29 -14 -4 -15 -13 28 19 20 21 -6 -9 -7 25 -3 27 -27 -18 -5
right_child=7 3 14 5 18 23 -8 8 -10 10 -12 16 13 15 -16 -17 17 -19 -20 -21 -22 -23 -24 -25 -26 26 -28 -29 -30 -31
leaf_value=-0.024875700330849179 0.03214491468426571 0.012158466665493563 -0.032320025347335461 -0.0090123650981504561 -0.010842646813674223 -0.021476853064216515 -0.036126934892511439 0.0036086283725909846 0.020070790056472994 -0.01669135736603216 0.029056850864498097 -0.015462193816815288 0.013843130040601129 -0.044939535195925681 -0.0027674539272091315 0.010723057099262141 -0.014123023053169217 0.031332001189142887 -0.027446958673798684 -0.017250769584038528 0.036740315589706855 0.023860190353512195 -0.045018884664475151 0.014367383581037209 0.005909628014310133 -0.02444429454998118 -0.043210060620916271 0.030344582962347984 0.020724594549056202 0.030512586415407373
leaf_weight=14.724556535482405 66.140684738755226 9.7245294451713544 39.899549171328545 10.733680412173269 36.899946585297585 84.559659779071808 7.9858906716108313 9.9742749482393247 30.602977767586708 20.454483821988106 17.905232027173042 25.680232122540474 27.202247321605682 13.726120635867121 62.630285307765007 7.236711159348487 30.635716423392296 37.307796865701675 5.7357161939144126 12.729085221886633 63.528722494840622 58.291362106800079 22.712935775518417 13.466419890522955 14.229817017912863 17.216816142201427 67.807275921106339 5.9917640537023535 22.12271936237812 52.625380277633667
leaf_count=59 266 39 160 43 148 339 32 40 123 82 72 103 109 55 251 29 123 150 23 51 255 234 91 54 57 69 272 24 89 211
internal_value=-3.88316e-05 -0.004817 0.00240156 -0.0112241 0.0122261 -0.00337173 0.00688951 0.0103402 -0.00176564 -0.0122015 0.0049743 0.0171057 0.0116023 -0.00403551 -0.0154684 -0.0263965 0.00732964 0.0145626 0.0160447 0.0183779 0.0218275 0.0102887 -0.031007 -0.0158518 -0.0251135 -0.0298043 -0.0349478 -0.00654176 0.0005856 0.0232815
internal_weight=910.483 626.946 294.439 332.506 191.909 217.536 119.51 283.537 101.65 71.0469 38.3597 181.887 111.524 48.1651 102.53 20.9628 115.746 90.0662 177.185 171.449 158.72 95.1913 32.6872 98.0261 114.97 100.74 91.0159 23.2086 52.7584 63.3591
internal_count=3653 2514 1181 1333 770 872 479 1139 408 285 154 731 447 193 411 84 465 362 711 688 637 382 131 393 461 404 365 93 212 254
is_linear=0
shrinkage=0.05


Tree=7
num_leaves=31
num_cat=0
split_feature=85 125 203 74 107 132 200 192 109 143 75 56 130 42 104 85 204 59 68 219 93 89 215 27 42 213 90 217 203 156
split_gain=16.3644 14.0471 11.1057 11.0312 10.3164 9.51569 11.4628 10.4699 11.0547 11.0611 9.35538 9.15796 9.09887 9.03781 8.52049 8.33622 13.9603 8.11494 8.02122 8.40246 7.7183 10.9744 10.5842 7.57793 7.34686 7.19585 9.4995 6.78802 7.05327 6.94341
threshold=24.650000000000002 4.0000000000000009 8.6441037139169641 0.28750000000000003 8.2584966319657092 0.0022446619127853011 6.2036360898677829 32.475770725462958 57.459036439227198 0.24657778674814493 0.25000000000000006 90.352154141230827 -0.033983379716220112 80.15000000000002 9.9384198332223388 29.550000000000001 -0.42136227954223665 0.22984302997472014 -0.24999999999999997 5.61295706124712 3.6873438525826674 1.0223504345836505 -0.027209148431132296 0.21638241098444022 62.250000000000007 3.2626702210901044 11.500000000000002 0.02579588578845805 5.8671440042826566 0.39666431503743982
decision_type=2 2 2 2 2 2 2 2 2 2 2 2 2 2 2 2 2 2 2 2 2 2 2 2 2 2 2 2 2 2
left_child=1 4 18 13 12 6 7 24 9 -9 25 20 -1 -4 -15 -7 -17 -10 -2 -20 -12 22 -22 -8 -5 -3 -27 28 -14 -30
right_child=2 10 3 5 -6 15 23 8 17 -11 11 -13 27 14 -16 16 -18 -19 19 -21 21 -23 -24 -25 -26 26 -28 -29 29 -31
leaf_value=0.030300373340880839 -0.001953060602705301 -0.026171448432041368 0.032594647509513568 -0.015103553931628391 0.017773419026053523 -0.0013454616908178659 0.0090152291244928254 0.027367404249023331 0.0011801168444303886 -0.033430360708873848 0.012486942458759696 0.026838567514947897 0.0028765094974947726 -0.028409738756773124 0.022629175006509003 -0.02047390814632432 0.041674292355826474 -0.038447944999277298 0.036794572293325327 -0.0015969355991100214 0.012010896851148804 0.026216051661821567 -0.034208772518380781 -0.035345861607109938 0.029714881352913849 -0.015876700033104867 0.021080363207043512 0.024836954075546803 -0.041970976299026685 0.0019316519691916769
leaf_weight=8.4636826515197736 26.151716813445091 124.35686694085598 42.15657664835453 7.9674097448587409 79.454758867621422 65.218656331300735 8.7213034778833372 23.131696194410328 17.93296380341053 5.237501084804534 28.419920921325684 18.891228511929512 20.19001305103302 12.20032384991646 10.418318092823027 8.2242573499679548 29.345375195145607 30.676842838525772 59.690000966191292 16.190627664327621 12.433571144938467 8.2327960282564145 48.102843910455704 44.638396576046944 31.105575144290924 59.040821045637131 18.702119991183281 4.9812423735857001 29.162997275590897 10.216212689876555
leaf_count=34 105 499 170 32 319 262 35 93 72 21 114 76 81 49 42 33 118 123 240 65 50 33 193 179 125 237 75 20 117 41
internal_value=-5.6033e-05 -0.0065267 0.00682008 0.00224463 0.00571481 -0.00218143 -0.00943619 -0.000123671 -0.0108807 0.0120665 -0.0124677 -0.000840431 -0.00738513 0.0200257 -0.00415491 0.00942672 0.0266755 -0.0246156 0.0208868 0.0287016 -0.00751514 -0.0164063 -0.0241422 -0.0275158 0.019332 -0.0188439 -0.00594743 -0.0145089 -0.0198547 -0.0310835
internal_weight=909.657 470.649 439.008 336.975 152.469 272.2 169.412 116.052 76.979 28.3692 318.18 116.08 73.0141 64.7752 22.6186 102.788 37.5696 48.6098 102.032 75.8806 97.1891 68.7692 60.5364 53.3597 39.073 202.1 77.7429 64.5505 59.5692 39.3792
internal_count=3653 1889 1764 1354 612 1093 680 466 309 114 1277 466 293 261 91 413 151 195 410 305 390 276 243 214 157 811 312 259 239 158
is_linear=0
shrinkage=0.05


Tree=8
num_leaves=31
num_cat=0
split_feature=63 3 84 144 152 1 86 149 39 64 29 80 40 30 91 133 199 71 7 85 105 84 123 35 53 203 53 203 85 78
split_gain=16.1687 11.2656 10.6746 13.5693 12.0972 9.73074 9.64098 10.7939 10.1696 9.82548 8.90882 10.3991 10.7325 9.99478 11.092 8.73692 8.6441 12.6155 8.63806 10.084 8.62151 8.0769 13.3875 8.66715 8.46561 7.97143 8.99821 8.99155 7.91197 7.82009
threshold=22.850000000000005 5.1383607913939677 54.650000000000013 8.1411000000000033 1.7210515732594678 5.2512500000000015 3.6114176571851595 0.1070676748718742 1.0720000000000003 19.450000000000003 0.1071483753404076 45.350000000000009 8.202292585928129 0.24328146389255959 4.4857821187321294 0.52612634149746096 0.26966311741036447 19.250000000000004 0.076349001954849047 27.850000000000005 0.48181216931216936 60.000000000000007 5.0000000000000009 0.089844562608717538 0.3639136764136765 7.636502988743227 0.33970176961265725 7.2273744520589256 21.550000000000004 11.950000000000001
decision_type=2 2 2 2 2 2 2 2 2 2 2 2 2 2 2 2 2 2 2 2 2 2 2 2 2 2 2 2 2 2
left_child=1 5 10 25 -5 -1 7 8 21 -10 11 13 -13 18 -15 -8 17 -9 -3 -20 -6 22 -2 -23 -25 27 -27 28 -4 -11
right_child=6 2 3 4 20 -7 15 16 9 29 -12 12 -14 14 -16 -17 -18 -19 19 -21 -22 23 -24 24 -26 26 -28 -29 -30 -31
leaf_value=-0.0056144054977538948 0.023367918414419656 0.030023915320824032 -0.029659511528866672 -0.041966867829909216 0.015193626611880444 0.037619495845956918 0.040016902096816381 -0.0069509478869845299 -0.0095806254876367996 -0.003719723591824934 -0.022948814039892036 -0.0071684961673159067 0.034299411849427724 -0.033700030764952864 0.022279347297776069 -0.004310235527974912 -0.00018549815462126838 0.046818957528582818 -0.026879932008909358 0.024634468394478134 -0.018548387399238152 0.010081170551197989 -0.010019067824934481 0.011178130709197577 -0.037450845318798609 0.0099572612583592734 -0.033977380264195105 0.011847559897472298 0.0012754189792338869 0.046173082924414327
leaf_weight=21.176643639802933 40.761083707213402 23.140628963708878 49.051560938358307 8.9636997878551465 77.477377206087112 22.169137448072433 34.261116936802864 12.447737097740172 16.946404203772545 8.681369289755823 24.918720379471779 19.42259407043457 43.806594908237457 32.401753947138786 7.208751216530799 12.907007738947867 30.026086121797562 34.22359773516655 19.421715050935749 10.44322995841503 19.43430058658123 14.94926083087921 81.850693091750145 7.7234341949224463 42.345378041267395 9.9599720835685712 98.808726355433464 30.403022199869156 30.403453290462494 23.240766584873199
leaf_count=85 164 93 197 36 311 89 138 50 68 35 100 78 176 130 29 52 121 138 78 42 78 60 329 31 170 40 397 122 122 94
internal_value=-2.20498e-05 -0.00543686 -0.00761374 -0.0129827 0.00147824 0.0175842 0.00811454 0.00462242 -0.000674116 0.0184303 0.00197994 0.0067108 0.0216031 -0.00378589 -0.0215966 0.0281575 0.0203021 0.0327092 0.00980722 -0.00719973 0.00760378 -0.0061289 0.00136491 -0.0197062 -0.0291617 -0.0199741 -0.0294737 -0.00947734 -0.0181515 0.0332611
internal_weight=908.976 548.612 505.266 324.502 105.875 43.3458 360.364 313.196 236.498 48.8685 180.764 155.845 63.2292 92.6161 39.6105 47.1681 76.6974 46.6713 53.0056 29.8649 96.9117 187.63 122.612 65.0181 50.0688 218.627 108.769 109.858 79.455 31.9221
internal_count=3653 2203 2029 1303 425 174 1450 1260 951 197 726 626 254 372 159 190 309 188 213 120 389 754 493 261 201 878 437 441 319 129
is_linear=0
shrinkage=0.05


Tree=9
num_leaves=31
num_cat=0
split_feature=63 198 84 82 30 91 55 93 49 97 85 41 130 94 91 53 63 118 1 36 1 109 130 36 54 132 140 18 29 69
split_gain=14.7855 11.5826 10.7467 9.74087 9.61013 11.8026 8.87392 8.37213 9.59853 8.00014 8.11907 10.1669 9.06546 8.95677 7.76429 9.74652 8.50749 8.5835 7.64325 7.6352 7.47705 8.30013 13.3378 10.4982 7.41223 10.4116 8.03236 7.44571 7.36885 7.32556
threshold=22.850000000000005 6.5103586790525645 54.650000000000013 30.150000000000002 0.24450874943423903 4.4857821187321294 44.070644595384827 2.9839792173125512 13.000000000000002 0.27790234180368717 20.150000000000002 3.373792983586001 -0.030943671088125829 0.21596158760738368 4.1393133081879681 0.35080310501311224 34.800000000000004 19.450000000000003 5.2512500000000015 0.33827200350160536 6.4010000000000007 58.995376208490967 -0.00029890212502527153 0.54981230851449425 8.9718095898409 -0.0039218591163173297 -0.79049775332690386 1.5000000000000002 0.073737313443378014 20.450000000000003
decision_type=2 2 2 2 2 2 2 2 2 2 2 2 2 2 2 2 2 2 2 2 2 2 2 2 2 2 2 2 2 2
left_child=1 18 4 6 7 -6 14 -3 -9 10 12 13 -4 -12 15 -2 17 -17 -1 -19 21 22 -5 -23 25 27 -27 -15 -22 -16
right_child=3 2 9 20 5 -7 -8 8 -10 -11 11 -13 -14 24 29 16 -18 19 -20 -21 28 23 -24 -25 -26 26 -28 -29 -30 -31
leaf_value=-0.0070546365846484507 0.025836209761042624 -0.021434713969702736 0.012011773723649659 -0.024408426776934781 -0.019731555022004299 0.022576503131830059 0.022685955313875777 0.023508768102332142 -0.021449015078267818 -0.029230022188367955 0.012999957038280436 0.0086607736994849371 -0.030283815868268168 -0.0097701942939275484 0.024876568956476657 0.019659939550918035 0.01572399586658001 0.0016819117851801281 0.037112876993973629 -0.035748538911036819 0.025515475298896331 0.032521119842292098 0.023089680440859333 -0.0032023704610466908 -0.038175855887405519 -0.052689011932318564 -0.0056649217939540204 0.043781300802387804 -0.026302384632309928 -0.018713170460618211
leaf_weight=12.212566137313841 9.443295553326605 10.967277020215986 11.941704228520392 22.375066980719566 64.02913960814476 16.644768536090851 27.321337759494781 81.554527670145035 9.1966428756713849 55.462782546877861 21.670137956738472 93.380807369947433 59.227114900946617 8.2224712520837802 26.804809764027596 6.2171679586172095 11.653111696243284 14.928241342306135 20.8876873254776 62.976516082882881 5.2000719904899624 98.066919356584549 27.026784524321556 23.093391716480255 31.049282431602478 9.200587332248686 33.606111541390419 8.9760382771491987 15.908373579382895 8.9580574631690961
leaf_count=49 38 44 48 90 257 67 110 328 37 223 87 375 238 33 108 25 47 60 84 253 21 396 109 93 125 37 135 36 64 36
internal_value=-8.79954e-07 -0.00518148 -0.00712493 0.00778344 0.00247952 -0.00990254 -0.000881498 0.012538 0.0178096 -0.0124225 -0.00851371 -0.00313426 -0.022536 -0.0130705 -0.00624057 -0.0130741 -0.0182502 -0.0238551 0.0213736 -0.0286056 0.0153481 0.0188434 0.000851182 0.0256569 -0.019889 -0.00783341 -0.0207485 0.0206186 -0.0101377 0.0123886
internal_weight=908.203 548.23 515.129 359.973 182.392 80.6739 168.303 101.718 90.7512 332.737 277.274 206.105 71.1688 112.725 140.981 105.218 95.775 84.1219 33.1003 77.9048 191.671 170.562 49.4019 121.16 91.0545 60.0052 42.8067 17.1985 21.1084 35.7629
internal_count=3653 2203 2070 1450 733 324 677 409 365 1337 1114 828 286 453 567 423 385 338 133 313 773 688 199 489 366 241 172 69 85 144
is_linear=0
shrinkage=0.05


Tree=10
num_leaves=31
num_cat=0
split_feature=64 67 143 85 39 160 29 152 83 2 139 4 71 143 54 115 46 50 78 6 97 29 80 80 41 45 40 189 144 98
split_gain=13.8492 12.2954 14.3419 13.6015 9.05709 9.0236 9.84243 8.93426 10.47 10.2601 9.35131 10.3947 8.65996 8.60876 9.11877 10.042 8.69014 11.1425 8.18664 7.98606 8.2313 7.50391 10.0836 9.13227 6.95502 6.94264 9.29536 6.89797 6.82802 6.74712
threshold=18.150000000000002 20.300000000000001 0.24254626615178398 25.450000000000003 1.0720000000000003 -1.9525308662375342 0.078460939215583184 1.987947689157731 79.050000000000011 0.2972632934927027 1.2485565819861435 2.1879284671967603 17.450000000000003 0.21696241063899716 8.7065627950897078 0.28226441883869163 1.0000000180025095e-35 0.75000000000000011 16.600000000000005 2.6281441441570146 0.18203058623619375 0.077641616449163661 42.150000000000013 39.750000000000007 3.8677443350881213 -0.73724926354828224 8.1066540909250335 11.074632938196556 8.4306000000000019 0.028468148605536692
decision_type=2 2 2 2 2 2 2 2 2 2 2 2 2 2 2 2 2 2 2 2 2 2 2 2 2 2 2 2 2 2
left_child=1 18 3 13 7 -4 -7 25 -9 10 11 -10 -6 16 24 -16 17 29 19 -1 -21 22 -19 -23 -15 -2 -27 -14 -11 -3
right_child=4 2 5 -5 12 6 -8 8 9 28 -12 -13 27 14 15 -17 -18 21 -20 20 -22 23 -24 -25 -26 26 -28 -29 -30 -31
leaf_value=0.016936858673883531 -0.0052601702832685941 -0.029631733012366292 0 0.020277723753196128 -0.0082242185520373448 0 -0.045977726787253509 0.024490800183036891 -0.029730684569677042 -0.051315582641370032 -0.021070674278497872 0.013261014489356666 0.036920313264023209 0.0082500307431030324 -0.042971454127629483 0.00081356155901788285 -0.0091861054731520349 0.035590348711713508 0.0095287143357144569 0.01470104937683402 -0.037029838098824694 -0.00024422651797330303 -0.02547607680074046 0.047703870506599272 -0.033783432382919018 0 0.035075739556433221 -0.01056578782816146 0.00022349209946090018 0.0066742870963037455
leaf_weight=5.4764411300420752 28.307344853878021 13.445204898715017 39.062439829111099 81.596574932336807 14.388336658477781 17.929955899715424 33.309354737401009 23.503481492400169 11.708884954452513 15.195157483220102 40.309291705489159 81.237097501754761 51.231158971786499 49.74436491727829 31.5354955047369 18.413810357451439 68.194813638925552 6.2259231358766582 14.41921231150627 5.225766345858573 66.106892660260201 11.945448204874991 11.935262531042097 33.34504209458828 6.9767825603485099 30.807855933904648 46.342471927404404 5.7272864878177634 7.9665620923042288 35.799999192357063
leaf_count=22 114 54 157 329 58 72 134 95 47 61 162 327 208 200 127 74 274 25 58 21 266 48 48 134 28 124 187 23 32 144
internal_value=0 -0.0049793 -0.00149996 0.00286938 0.0075913 -0.0188378 -0.0316618 0.00333251 -0.00334321 -0.00830954 -0.00222684 0.00634865 0.0229646 -0.00224697 -0.0132435 -0.0277699 0.00428492 0.0126928 -0.0212543 -0.027568 -0.0321978 0.0258308 -0.000298324 0.0357934 0.000356861 0.014584 0.0220464 0.0312747 -0.0358085 -0.00459492
internal_weight=907.414 550.689 459.46 369.159 356.725 90.3018 51.2393 285.378 179.92 156.417 133.255 92.946 71.3468 287.562 106.67 49.9493 180.892 112.697 91.2283 76.8091 71.3327 63.4517 18.1612 45.2905 56.7211 105.458 77.1503 56.9584 23.1617 49.2452
internal_count=3653 2215 1848 1485 1438 363 206 1149 724 629 536 374 289 1156 429 201 727 453 367 309 287 255 73 182 228 425 311 231 93 198
is_linear=0
shrinkage=0.05


Tree=11
num_leaves=31
num_cat=0
split_feature=60 95 84 43 29 25 159 49 100 123 82 50 35 68 34 17 34 70 3 108 6 220 192 7 54 31 45 34 82 89
split_gain=12.7327 11.6723 11.8369 11.5139 10.3212 10.9705 9.72959 9.5096 9.19555 9.1684 9.00015 8.86593 14.0876 8.67813 8.33572 8.14925 8.11632 8.05981 7.98235 7.80787 7.76646 10.2614 8.14332 7.45855 8.66501 7.38634 7.28517 8.70836 7.26274 7.64771
threshold=0.39695688840491122 0.27570469383334889 60.650000000000013 6.4500000000000011 0.090736273184368874 5.4528916958087317 -9.4340214346608153 13.000000000000002 0.024465060601526267 4.0000000000000009 25.950000000000003 0.75000000000000011 0.087171781553625025 -1.0000000180025095e-35 0.21128071725255068 5.5000000000000009 0.25882636002626358 38.45000000000001 6.7559174098387169 59.329346724251032 3.0413084513084514 0.25246499999999999 24.874942583412817 0.048153010512417639 9.1231608790175702 0.75000000000000011 0.28400453026986811 0.24281176676397268 30.250000000000004 0.49824485028609194
decision_type=2 2 2 2 2 2 2 2 2 2 2 2 2 2 2 2 2 2 2 2 2 2 2 2 2 2 2 2 2 2
left_child=8 2 7 14 5 -5 -3 11 23 -6 -8 -2 19 26 -4 -11 -16 -14 -9 -13 21 22 -15 -1 28 -22 27 -10 29 -25
right_child=1 6 3 4 9 -7 10 18 13 15 -12 12 17 20 16 -17 -18 -19 -20 -21 25 -23 -24 24 -26 -27 -28 -29 -30 -31
leaf_value=-0.027813501080598092 -0.0038043645725603184 0.026443283296151501 0.0096286545544974067 -0.00016432080747285293 0.033069049718583744 -0.038614839884240332 0.0066480584500958955 0.017801726971110161 -0.017394640113112498 -0.023678604906365645 -0.03407314632967598 0.011443882270240161 0.029276262162708167 0.040751527386825456 -0.044268828357026328 0.01967798271304505 -0.0072898428115232257 -0.015588317387619699 -0.03357374365485799 -0.036112048028322984 -0.0052711171135751923 -0.018600307651699746 -0.0044800342875891321 -0.015286321918151151 -0.035058617451020534 0.029906970737091049 -0.028599782564942524 0.026336602154578906 0.018425586380013223 0.024366729769132661
leaf_weight=19.860361531376839 69.741046816110611 5.2001185268163672 11.913159012794493 62.901842072606087 27.351535782217979 22.153884530067444 13.866806223988531 6.467566370964053 14.909039825201033 18.131656900048256 63.979498878121376 12.413826897740366 99.078469529747963 16.266193583607677 39.946433410048485 15.182872489094732 28.326183632016182 7.226870283484458 19.874019771814346 12.448163241147993 14.340056255459784 25.806228414177895 15.372975423932074 45.002519249916077 8.938046991825102 104.69438573718071 15.393028840422629 21.330919489264488 57.438077390193939 10.931119590997694
leaf_count=80 281 21 48 253 110 89 56 26 60 73 258 50 399 66 161 61 114 29 80 50 58 104 62 181 36 423 62 86 232 44
internal_value=-1.75417e-05 -0.00495217 -0.00163686 -0.00968028 -0.000931738 -0.0120448 -0.0216385 0.00628767 0.00703242 0.0139991 -0.0265542 0.0101564 0.01763 0.0131694 -0.0242977 -0.00327727 -0.0308119 0.0254384 -0.0193344 -0.0135894 0.0183549 0.00243978 0.0204797 -0.00275742 0.00204732 0.0254259 -0.00416859 0.00781175 0.0065412 -0.00576308
internal_weight=906.487 536.204 453.158 225.908 145.722 85.0557 83.0464 227.25 370.283 60.6661 77.8463 200.908 131.167 228.113 80.1858 33.3145 68.2726 106.305 26.3416 24.862 176.48 57.4454 31.6392 142.17 122.31 119.034 51.633 36.24 113.372 55.9336
internal_count=3653 2159 1824 909 586 342 335 915 1494 244 314 809 528 921 323 134 275 428 106 100 713 232 128 573 493 481 208 146 457 225
is_linear=0
shrinkage=0.05


Tree=12
num_leaves=31
num_cat=0
split_feature=63 198 67 143 196 84 143 6 43 101 190 86 149 88 207 13 133 44 71 199 49 125 202 75 53 4 120 50 46 217
split_gain=12.0068 10.7875 9.54959 9.29996 9.02077 8.73617 10.476 13.4351 8.97137 10.5931 8.55225 8.23963 9.40435 8.76536 8.21276 8.09181 7.92521 7.90743 7.75552 8.98828 7.61761 10.4652 9.49735 9.15455 8.26731 9.81981 7.6858 7.48693 9.88367 7.41575
threshold=22.850000000000005 6.5103586790525645 34.550000000000004 0.21696241063899716 122.29500000000003 56.750000000000007 0.24254626615178398 3.2009230612565491 6.7500000000000009 0.047089621188789656 8.8524458453176411 3.6114176571851595 0.1070676748718742 92.68088812033379 2.9509781975520344 2.7406035072511803 0.52612634149746096 -0.43049470426488828 19.250000000000004 0.26966311741036447 9.7500000000000018 4.0000000000000009 0.30106182842162638 0.45000000000000007 0.48842186381660074 4.2970698204234798 0.70359688010651833 0.75000000000000011 1.5000000000000002 -0.0085478771043433991
decision_type=2 2 2 2 2 2 2 2 2 2 2 2 2 2 2 2 2 2 2 2 2 2 2 2 2 2 2 2 2 2
left_child=1 -1 4 -4 5 6 14 -8 -7 27 -9 12 13 17 -3 -14 -13 -2 -17 -20 22 -22 24 26 25 -16 -23 -10 -29 -30
right_child=11 2 3 -5 -6 8 7 10 9 -11 -12 16 15 -15 20 18 -18 -19 19 -21 21 23 -24 -25 -26 -27 -28 28 29 -31
leaf_value=0.020923346089749561 -0.039699171568411067 -0.024897269517128083 0.030387187466272298 -0.0037316378304696413 -0.044014506641487865 -0.026251139011726071 0.011985106084977222 0.0061781442757166197 -0.016709905900336778 -0.032373642033817096 -0.044412344046133846 0.036937434326111011 -0.016441151201289236 0.003113283164124736 -0.014858661845955896 -0.005213639008404854 -0.005061831444739472 0.0018358328704275555 0.047773747785630538 0.0037150477074432888 0.034613694414991618 0.0063398198285875996 0.039809784613232764 0.025042744157259645 -0.024807352614897485 0.034823513028168676 -0.040400773155015834 0.021504262197909015 0.017795509367784578 -0.029970003509259959
leaf_weight=33.019410207867622 20.370169818401337 12.188168585300444 26.802153259515762 48.444568857550621 13.649927169084547 90.365108877420425 22.162192493677139 8.453634560108183 34.546162202954292 24.562529072165489 29.761801093816757 33.998932838439941 9.9070552587509138 197.09176574647427 11.451160073280333 14.175495952367781 12.866489320993422 18.142248883843422 32.16252900660038 20.017452850937843 8.6574278920888883 9.9363232254981977 32.41401781141758 6.4654050171375266 11.705346956849096 21.598132863640785 22.390791237354279 52.989423990249634 7.9659944772720364 17.40532959997654
leaf_count=133 82 49 108 195 55 365 89 34 139 99 120 138 40 796 46 57 52 73 131 81 35 40 131 26 47 87 90 213 32 70
internal_value=-4.83079e-05 -0.00472307 -0.00660477 0.00924576 -0.00945359 -0.00778662 0 -0.0165988 -0.0143451 -0.0056966 -0.0332227 0.00697721 0.00374842 -0.00118668 0.00759366 0.0184374 0.0255485 -0.0215959 0.0247824 0.0331118 0.0118021 -0.00337572 0.0210765 -0.0154088 0.0043691 0.0172618 -0.0264396 0.00102162 0.00967204 -0.0136889
internal_weight=905.667 546.935 513.916 75.2467 438.669 425.019 197.184 60.3776 227.835 137.469 38.2154 358.732 311.867 235.604 136.807 76.2625 46.8654 38.5124 66.3555 52.18 124.619 47.4499 77.1687 38.7925 44.7546 33.0493 32.3271 112.907 78.3607 25.3713
internal_count=3653 2203 2070 303 1767 1712 794 243 918 553 154 1450 1260 951 551 309 190 155 269 212 502 191 311 156 180 133 130 454 315 102
is_linear=0
shrinkage=0.05


Tree=13
num_leaves=31
num_cat=0
split_feature=63 123 85 84 211 9 197 121 192 207 149 216 99 36 39 213 218 99 101 109 121 56 45 89 54 218 58 202 33 32
split_gain=10.9349 11.1401 12.1751 10.871 10.0668 7.95063 8.45413 7.91468 7.63717 8.20665 7.63207 7.27612 6.90321 6.86839 6.75605 11.0851 8.46277 8.04075 8.08374 8.00768 6.59242 6.44698 8.80599 9.52935 9.15426 8.59207 7.97186 7.76756 7.48983 13.5716
threshold=27.900000000000002 4.0000000000000009 24.950000000000003 60.650000000000013 1.7083333333333337 0.28560621975491202 252.45500000000001 0.72940321096167193 36.883948807235122 3.7644013511891248 0.32552885791452113 -1.0000000180025095e-35 0.039863338668119551 0.46155109934925664 1.0485000000000002 27.259258405826817 0.020866896132228856 0.032708692042370861 0.015189970773727121 62.306961273461638 0.71243178352083658 90.352154141230827 0.82409480842201688 0.85878208806696688 9.2530450677361014 -0.018667400422337364 29.504400848356315 0.19397536462185785 0.35275605132673521 0.11572063617277255
decision_type=2 2 2 2 2 2 2 2 2 2 2 2 2 2 2 2 2 2 2 2 2 2 2 2 2 2 2 2 2 2
left_child=1 3 21 4 12 6 8 -5 10 -10 20 -9 -1 -13 15 16 17 18 -2 -19 -4 22 23 27 -24 -23 -25 -3 29 -29
right_child=14 2 5 7 -6 -7 -8 11 9 -11 -12 13 -14 -15 -16 -17 -18 19 -20 -21 -22 25 24 26 -26 -27 -28 28 -30 -31
leaf_value=0.046479551091306331 -0.016141650007583896 0.01100012647440686 0.042354906231686404 -0.010660926564652097 -0.0035099452710327336 -0.014576001881254378 -0.036082880951799706 0.035346534647266468 -0.029778294160241345 0.0048350304408252684 -0.015536418644627462 0.01767950266605715 0.00012889311451802561 -0.037160678615385731 0.02589294131098778 0.032219339684212471 -0.034781368435137419 0.0090138743138925108 0.026098866538895787 -0.035872948112417959 0.012117810024370677 -0.031281078434794267 0.02028522300339641 -0.013845750098195893 -0.026217911416047721 0.016004242433359569 0.03450213028719095 -0.03132813458605075 -0.032032094611663051 0.018863370370379846
leaf_weight=32.598651885986328 10.945284336805342 11.459394991397856 20.792411327362061 72.978429391980171 21.051791742444038 55.873935535550117 6.4345415383577338 17.610475942492489 18.159517392516136 59.233698606491089 13.888016790151594 7.4413309693336469 11.638214424252508 5.4507014602422714 50.211635679006577 22.080111756920815 13.178784564137457 14.593086481094362 36.603783026337624 15.892326578497885 104.24200886487961 7.6649947166442862 27.254377841949463 14.630141675472261 10.622938632965086 33.861349582672119 9.9385686218738538 22.075830817222595 134.5967625528574 21.620827808976173
leaf_count=132 44 46 84 294 85 225 26 71 73 239 56 30 47 22 205 90 53 59 148 64 421 31 110 59 43 137 40 89 543 87
internal_value=-5.01295e-05 -0.00267515 -0.00602535 0.008389 0.0235923 0.00138842 0.00573473 -0.00161797 0.00787869 -0.00429743 0.0147493 0.0177679 0.0360444 -0.00801466 0.0114263 0.00397984 -0.00391541 0.00277678 0.0152891 -0.015439 0.0187736 -0.0130472 -0.0160315 -0.0199159 0.0051236 0.00431523 0.00739357 -0.0236792 -0.0262838 -0.0065934
internal_weight=904.624 741.119 572.349 168.77 65.2887 278.624 222.75 103.481 216.316 77.3932 138.922 30.5025 44.2369 12.892 163.505 113.293 91.2133 78.0345 47.5491 30.4854 125.034 293.725 252.199 214.322 37.8773 41.5263 24.5687 189.753 178.293 43.6967
internal_count=3653 2990 2309 681 264 1124 899 417 873 312 561 123 179 52 663 458 368 315 192 123 505 1185 1017 864 153 168 99 765 719 176
is_linear=0
shrinkage=0.05


Tree=14
num_leaves=31
num_cat=0
split_feature=64 215 49 119 196 85 95 175 35 71 131 214 194 221 72 203 217 131 98 28 133 34 24 50 17 135 215 155 23 62
split_gain=10.4733 9.18067 8.923 13.9543 9.28675 9.28358 13.3068 8.32445 9.92967 10.7664 8.14479 8.09244 7.59426 7.48304 11.9198 9.8275 10.709 12.0862 7.42697 7.30723 11.8305 8.52534 7.25591 8.16074 6.53364 11.6663 7.62308 6.27237 6.16503 6.14013
threshold=18.150000000000002 -0.00030784522852350665 11.250000000000002 20.788888888888895 125.25500000000002 28.350000000000005 0.27570469383334889 0.049078459468912157 0.14213921891764084 23.850000000000005 -0.58983495512480288 -0.009354067449243551 2.5000000000000004 1.0000000180025095e-35 12.500000000000002 8.7868459811758495 -0.017037020680450363 1.0000000180025095e-35 0.050114155251141559 0.21550430220975755 -0.023675366863066479 0.24406483875360871 8.0985622625943581 2.2500000000000004 4.1650000000000009 -0.44309423790005259 0.0055707565617631053 107.72765311538399 9.77755364806867 13.000000000000002
decision_type=2 2 2 2 2 2 2 2 2 2 2 2 2 2 2 2 2 2 2 2 2 2 2 2 2 2 2 2 2 2
left_child=2 11 4 -4 5 6 13 8 9 18 -8 12 -2 15 -15 16 -1 28 22 20 -16 -22 23 -3 -5 26 -26 -13 29 -18
right_child=1 7 3 24 -6 -7 10 -9 -10 -11 -12 27 -14 14 19 -17 17 -19 -20 -21 21 -23 -24 -25 25 -27 -28 -29 -30 -31
leaf_value=-0.034220650968138616 -0.010399766150268754 -0.015731611844363159 0.023847573373110692 0.0041541871316408321 -0.034882710014800179 0.019885165418222932 0.010699258752682817 0.019083325489165665 -0.036510342098310514 0.019668478391202962 -0.029876782968229761 0.026221355530283826 0.02833691210295285 -0.03321087938132259 0.030447036301496762 -0.025774492132059131 -0.00753399152148484 -0.014983604077177928 0.02008806651552322 0.020370134459442989 -0.043358299502273469 0.015958332471538644 -0.025396795276027846 0.029128735667130642 0.015093321537910834 -0.042096331368102355 -0.027380776614055465 -0.014595204065879431 -0.014007664273773075 0.029974485469256369
leaf_weight=12.662090107798575 43.606095254421234 18.608237087726597 13.864769414067267 15.590866535902022 14.345397800207136 49.231558948755264 11.891687780618666 36.729261547327042 17.854510769248009 39.680470928549767 53.370080426335335 99.48414009809494 12.097112432122229 9.41394095122814 8.933655649423601 37.829730659723282 9.927546560764311 34.901727676391602 12.808785066008566 107.3628343641758 14.596285045146944 4.9516035765409461 55.234886184334755 12.598899096250532 19.067926347255707 52.259622275829315 13.632684513926504 6.3851120769977561 8.3908320218324643 56.291025295853615
leaf_count=51 176 75 56 63 58 199 48 149 72 161 216 404 49 38 36 153 40 141 52 433 59 20 223 51 77 211 55 26 34 227
internal_value=-4.90826e-05 0.00656076 -0.00439381 -0.016513 -0.000990958 0.000505446 -0.00223345 -0.000705674 -0.00594255 -0.00070863 -0.0218922 0.0151738 0 0.00217387 0.0102725 -0.00511546 0.00184668 0.00754736 -0.0096478 0.0145354 -0.0064696 -0.0271246 -0.0151849 0.00321036 -0.0231811 -0.0284274 -0.0032337 0.022987 0.0186803 0.023866
internal_weight=903.603 355.088 548.516 114.416 434.1 419.755 370.523 193.515 156.786 138.931 65.2618 161.572 55.7032 305.261 145.258 160.003 122.173 109.511 99.2508 135.844 28.4815 19.5479 86.442 31.2071 100.551 84.9602 32.7006 105.869 74.6094 66.2186
internal_count=3653 1438 2215 462 1753 1695 1496 783 634 562 264 655 225 1232 586 646 493 442 401 548 115 79 349 126 406 343 132 430 301 267
is_linear=0
shrinkage=0.05


Tree=15
num_leaves=31
num_cat=0
split_feature=62 205 73 42 62 189 130 52 117 213 87 43 92 60 142 79 206 52 95 203 81 121 43 147 113 55 92 41 220 108
split_gain=9.9148 9.6456 10.6818 8.97361 8.60931 8.75916 8.6473 8.05179 7.80393 9.1534 10.6816 9.11512 8.52933 8.46508 7.5807 7.41514 8.99599 9.0458 7.31836 8.0535 7.46279 7.29141 10.6566 7.1292 7.05856 8.59467 9.47498 6.89681 6.80108 6.64812
threshold=23.100000000000005 3.1002466955295724 45.250000000000007 79.450000000000017 27.000000000000004 7.8559987528069826 1.0000000180025095e-35 0.16101282051282054 0.17521929824561405 -38.971942387575119 0.47708629252666951 6.3500000000000005 7.4979634069645202 0.41347906844197241 1.1162869864987099 43.900000000000006 0.096821978933358768 0.18695707070707077 0.21373976519095253 6.4014511874173516 0.67700000000000016 0.72925986320912994 6.1500000000000012 0.0081265796794994117 17.500000000000004 43.750116387454348 7.4735107965152929 3.6910380399430833 0.73328999999999989 59.25462962962964
decision_type=2 2 2 2 2 2 2 2 2 2 2 2 2 2 2 2 2 2 2 2 2 2 2 2 2 2 2 2 2 2
left_child=1 2 7 15 5 27 -7 -1 11 28 24 13 -13 -3 18 -2 17 23 19 -14 -20 22 -12 -17 -11 26 -26 -5 -10 -4
right_child=3 8 29 4 -6 6 -8 -9 9 10 21 12 14 -15 -16 16 -18 -19 20 -21 -22 -23 -24 -25 25 -27 -28 -29 -30 -31
leaf_value=0.0069073197716316096 0.027176671671048321 0.012498020228758589 0.024751231634178111 -0.041696184453225427 0.016282172351235778 -0.017309722483555497 0.025112502439076291 0.043106468382267178 0.033997728323373617 -0.004315087122811429 0.03093166814740821 0.029080656081076725 0.013393928003360639 -0.023418051511919644 -0.024604338632924112 -0.021691469960763855 0.027093750812627312 0.023924906831184978 0 -0.039144471999833848 0.032938170598806292 -0.019915672516941714 -0.0055371277756207059 0.011371539643275724 0 6.4644935022283842e-05 -0.041817215956502611 0.0060886534259189462 -0.016695461734087633 -0.016695827453108786
leaf_weight=45.565486893057823 65.152705207467079 18.536299988627434 7.2091579735279074 25.089700385928154 30.240200892090797 20.337444141507149 17.650095164775848 22.313803598284721 13.830152973532678 44.330623850226402 23.223861128091812 31.690227180719376 9.1420441865921038 50.852028697729111 18.131342172622681 46.859930887818336 30.289017125964165 18.692160025238991 39.158595651388168 10.672342717647551 27.76536001265049 37.083863392472267 62.911102026700974 18.944019347429276 16.099191933870316 19.504799231886864 77.713035821914673 7.399400830268859 5.7203327268362036 40.581283092498779
leaf_count=184 266 75 29 101 123 82 72 90 56 179 94 128 37 206 73 189 123 76 158 43 112 150 254 77 65 79 315 30 23 164
internal_value=-7.33475e-05 -0.00361746 0.00905652 0.00762003 -0.00402137 -0.013566 0.0024476 0.021291 -0.00662173 -0.0116998 -0.0141133 0.000768887 0.00830732 -0.0132923 0.000764615 0.0142038 0.00580462 -0.00263481 0.0073921 -0.0160821 0.0153246 -0.00266068 0.0051789 -0.0116891 -0.0225541 -0.0289942 -0.0349864 -0.0307857 0.0177675 -0.00821788
internal_weight=902.69 622.035 115.67 280.655 100.717 70.4766 37.9875 67.8793 506.365 300.417 280.866 205.948 136.56 69.3883 104.87 179.938 114.785 84.4961 86.7383 19.8144 66.924 123.219 86.135 65.804 157.648 113.317 93.8122 32.4891 19.5505 47.7904
internal_count=3653 2514 467 1139 408 285 154 274 2047 1215 1136 832 551 281 423 731 465 342 350 80 270 498 348 266 638 459 380 131 79 193
is_linear=0
shrinkage=0.05


Tree=16
num_leaves=31
num_cat=0
split_feature=68 130 61 93 125 80 121 56 28 37 100 210 153 200 12 128 82 204 29 83 36 113 43 56 10 44 119 106 21 97
split_gain=9.71648 9.81166 9.67113 10.3239 10.2367 11.6274 11.3829 9.80733 13.0819 9.36099 10.3568 9.21788 8.85465 8.54953 8.08926 7.89738 7.60215 7.74601 7.2684 7.15938 8.30783 6.80894 7.39276 7.72351 6.77812 6.69602 6.6497 6.61776 6.57837 6.52315
threshold=2.3000000000000003 -0.041075422192576393 0.31656964877638377 5.3257867319004708 5.0000000000000009 54.500000000000007 0.71224290100109788 90.362995482193909 0.32723596203573962 0.17424242424242428 0.06872933396315542 7.9057539682539693 171.67333332332387 3.9832345719234579 1.1953515017807905 0.46308451595376193 30.050000000000004 0.46479458188128003 0.11607520288359956 81.15000000000002 0.37021285238892271 14.500000000000002 11.65 88.016640450092808 10.633045668953981 -0.5663846699108962 21.950000000000003 1.4864975450081837 2.6712137769755393 0.22081905824237116
decision_type=2 2 2 2 2 2 2 2 2 2 2 2 2 2 2 2 2 2 2 2 2 2 2 2 2 2 2 2 2 2
left_child=1 14 4 7 5 12 -6 8 9 -4 18 15 -3 -7 -1 -5 17 -14 27 20 -8 -21 -23 -24 -18 -22 -16 -11 -27 -29
right_child=-2 2 3 11 6 13 19 -9 -10 10 -12 -13 16 -15 26 -17 24 -19 -20 21 25 22 23 -25 -26 28 -28 29 -30 -31
leaf_value=0.036282047841618002 0.031593849155107552 -0.012611920249834548 0.019272533854079656 0.046511140595982964 0.017823489658541511 0.022560690951345927 0.022818952857856213 0.0043294993517900828 0.023408989984806478 0.00033453381722780298 0.013765230773764925 -0.011404672881653227 -0.0050581174658973251 -0.033199061543700427 0.025426072350656855 -0.0038178022772274688 0.041419954518046753 0.033887795311679347 0.0092498712921918174 0.010760777116663369 -0.02420972776378737 -0.024396680857972912 -0.028360998377437059 0.026182429333423914 -0.0087766686710615983 -0.01198858928588431 -0.010084706069674723 -0.014271726704449914 0.022139476386072558 -0.036016280466926891
leaf_weight=25.337191194295883 18.610445767641068 14.606305196881292 10.896942943334578 17.050040885806087 49.288262665271759 5.432413429021838 29.451486438512802 72.827836275100708 15.104210585355757 19.505967929959297 15.830872654914854 18.977440401911736 33.907186105847359 16.501962125301361 15.329797327518461 9.6315362155437452 52.363586395978928 13.877294436097143 12.108233347535132 18.012627482414246 27.370150178670883 99.875331491231918 4.9591916799545315 13.357879132032393 4.9488276094198218 23.517909318208694 31.921346142888069 67.715722277760506 22.550443023443222 120.76170656085014
leaf_count=103 76 59 44 69 200 22 120 295 61 79 64 77 137 67 62 39 213 56 49 73 111 404 20 54 20 95 129 274 92 489
internal_value=-3.4679e-05 -0.000903568 -0.00254178 -0.00831283 0.00254288 0.0133379 -0.00281077 -0.0114057 -0.0158737 -0.018794 -0.0210195 0.012757 0.0195209 -0.0168366 0.0160496 0.029819 0.0245837 0.00791734 -0.0238827 -0.0074448 0.00227581 -0.0147854 -0.0191603 0.00742809 0.0363279 -0.00657343 0.00228829 -0.0261009 0.00475956 -0.0289039
internal_weight=901.63 883.02 810.431 380.411 430.021 141.638 288.383 334.751 261.924 246.819 235.923 45.659 119.703 21.9344 72.5883 26.6816 105.097 47.7845 220.092 239.095 102.89 136.205 118.192 18.3171 57.3124 73.4385 47.2511 207.983 46.0684 188.477
internal_count=3653 3577 3283 1540 1743 574 1169 1355 1060 999 955 185 485 89 294 108 426 193 891 969 418 551 478 74 233 298 191 842 187 763
is_linear=0
shrinkage=0.05


Tree=17
num_leaves=31
num_cat=0
split_feature=62 205 49 73 108 173 105 117 15 213 87 1 218 60 96 121 43 211 113 55 92 203 1 94 105 49 28 89 115 45
split_gain=8.60209 8.7122 10.1076 7.45152 7.79946 7.28403 7.84914 7.12408 9.05711 8.36024 9.5678 6.99229 7.68672 6.86899 6.68694 6.55451 9.6372 6.47121 6.40508 7.7551 8.50194 6.35933 6.35671 6.25831 6.67992 6.2198 6.2187 7.77107 6.21142 7.319
threshold=23.100000000000005 3.1002466955295724 7.7500000000000009 45.250000000000007 59.25462962962964 0.025832460364423385 0.25290697674418611 0.17521929824561405 5.5000000000000009 -38.971942387575119 0.47708629252666951 6.6673333333333344 -0.0025336603122122158 0.4016693989071039 0.23759641157485917 0.72925986320912994 6.1500000000000012 2.8750000000000004 17.500000000000004 43.750116387454348 7.4735107965152929 8.1548219995179085 6.2670000000000003 0.33118888317035516 0.32071428571428579 10.750000000000002 0.27975603195361265 -0.55651324108732314 0.27090120530536088 -0.83385407025023273
decision_type=2 2 2 2 2 2 2 2 2 2 2 2 2 2 2 2 2 2 2 2 2 2 2 2 2 2 2 2 2 2
left_child=1 2 -1 23 -5 6 -2 8 13 17 18 12 14 -3 -8 16 21 -9 -11 20 -20 -12 -10 24 -4 -7 27 -14 -16 -30
right_child=5 7 3 4 -6 25 11 9 22 10 15 -13 26 -15 28 -17 -18 -19 19 -21 -22 -23 -24 -25 -26 -27 -28 -29 29 -31
leaf_value=-0.025101902089614637 -0.021307854969800061 0.015912076722992337 -0.0098952059343237093 0.035911978761401023 -0.012050568562354156 0.00016127642493568966 0.026322673669947828 0.034000533669683357 0.010064787730414628 -0.0039352683784551609 -0.0023177625067315566 -0.022870189534094004 -0.013230076408545883 -0.023807423484684898 -0.019782545617946363 -0.018842367017866495 -0.00521510971563976 -0.014787906129671813 0 7.7596605078690054e-05 -0.039666823692847221 0.045434944961869367 -0.027059724814427772 -0.011245470824423833 0.03652730063780394 -0.039447423873490511 0.041437413241149412 0.020557914693453912 -0.027452764980435997 0.019374965923038098
leaf_weight=13.841517776250837 13.07043808698654 9.3790581673383695 5.9664494842290869 5.7176669836044303 34.832453101873398 31.621598049998283 17.512192368507385 13.072837740182878 144.32772722840309 44.298496931791306 8.6469867974519747 8.1389174759387952 16.272187829017639 44.453663095831871 31.341055601835251 37.024290889501572 62.864191621541977 6.4305758625268927 16.084346175193787 19.489343971014023 77.36725540459156 14.52869728207588 7.4105499386787406 6.932726338505744 48.173675611615181 8.647586449980734 29.995435357093811 87.641240030527115 5.9298591911792746 29.71781599521637
leaf_count=56 53 38 24 23 141 128 71 53 584 179 35 33 66 180 127 150 254 26 65 79 315 59 30 28 195 35 123 358 24 121
internal_value=0 -0.00327989 0.00877036 0.0145792 -0.00153921 0.00720098 0.0105631 -0.00614096 0.000919225 -0.0109997 -0.0133129 0.0129302 0.0148582 -0.0156981 0.0024722 -0.0024605 0.00496195 0.0171589 -0.0213149 -0.0274639 -0.0331739 0.0294813 0.00728683 0.0249662 0.0305846 -0.0112097 0.0221238 0.0146729 -0.00481071 0.00855158
internal_weight=900.731 620.843 115.464 101.623 40.5501 279.888 239.619 505.378 205.571 299.807 280.304 226.549 218.41 53.8327 84.5009 123.064 86.0399 19.5034 157.239 112.941 93.4516 23.1757 151.738 61.0729 54.1401 40.2692 133.909 103.913 66.9887 35.6477
internal_count=3653 2514 467 411 164 1139 976 2047 832 1215 1136 923 890 218 343 498 348 79 638 459 380 94 614 247 219 163 547 424 272 145
is_linear=0
shrinkage=0.05


Tree=18
num_leaves=31
num_cat=0
split_feature=68 196 99 32 89 7 6 32 97 36 75 49 118 143 93 70 215 110 201 215 15 144 159 86 151 118 50 78 101 54
split_gain=8.81547 9.24022 8.14285 10.0156 10.5354 10.5601 16.0765 10.4191 11.9587 11.3992 9.26453 9.26991 8.39605 8.10497 8.58167 9.6656 9.53722 8.87638 8.33577 8.17047 7.94489 8.93045 7.6047 7.31115 6.79796 6.44856 6.43179 8.47816 6.94978 8.29318
threshold=2.3000000000000003 122.29500000000003 0.03398492453583897 0.19231813682726759 -0.55651324108732314 0.097032163421186937 3.663499863110943 0.16949001042081227 0.28031430442288235 0.27080691838940435 -0.6499999999999998 13.750000000000002 25.100000000000005 0.11296429145793109 3.8971001672252386 25.250000000000004 0.0049502893915993754 0.28951534052239852 0.42837967401725796 0.048143650721768662 5.5000000000000009 10.729750000000001 -4.3199613585519598 -0.48408999160930893 2.2718301885795755 24.633333333333336 0.75000000000000011 10.950000000000001 0.017582502511786075 7.8210060820656002
decision_type=2 2 2 2 2 2 2 2 2 2 2 2 2 2 2 2 2 2 2 2 2 2 2 2 2 2 2 2 2 2
left_child=1 2 3 4 5 6 23 9 20 -6 -11 26 -5 -4 16 -16 17 -15 -19 25 -9 -22 -20 -1 -3 -18 28 -28 -12 -30
right_child=-2 24 13 12 7 -7 -8 8 -10 10 11 -13 -14 14 15 -17 19 18 22 -21 21 -23 -24 -25 -26 -27 27 -29 29 -31
leaf_value=0.0099179565214422144 0.030190217929952547 -0.041567245271050969 0.030104624424997506 0.026895052421363627 -0.025105437282598349 -0.037715067994556623 0.023896911416811602 0.012088351347226297 0.017351663439848661 -0.0065608157560519444 -0.015021544730633786 -0.019326399531767503 -0.012512145418264035 0.0065572132891251718 -0.021646379356839048 0.011298230684427805 -0.037360255281170096 0.013886777785755153 0.0050485226856166777 0.011034927121898803 -0.041625628274203401 0.0076064754203698688 -0.038407399580776137 -0.040538782697030949 0.009878602778273262 0.0034023697993592708 0.0030949996127436919 0.031951511836890968 0.037975099385700331 -0.0016139088915501866
leaf_weight=6.8920899927616146 18.517402946949005 17.949400797486309 9.8409900814294797 65.875722795724869 17.753266796469688 26.81218683719635 26.831658840179443 9.3760952502489072 21.121942013502121 51.625580921769142 22.464497551321983 12.639968201518057 12.616703674197195 74.252826660871506 24.103260964155197 87.892003923654556 62.850648522377014 11.331499099731444 10.831017851829527 9.4065789729356748 36.295770645141602 9.0444684624671918 34.155072405934334 18.819717988371849 5.669068068265914 9.1159395873546583 37.446165665984154 102.81165905296803 18.407383754849434 26.942990571260452
leaf_count=28 76 73 40 268 72 109 109 38 86 209 91 51 51 301 98 357 255 46 44 38 147 37 138 76 23 37 152 419 75 109
internal_value=0 -0.000825409 7.77807e-05 0.00398303 0.000933531 -0.0149581 -0.000642971 0.00460236 -0.0112582 0.00895398 0.011677 0.0161045 0.0198914 -0.00594501 -0.00755712 0.00337223 -0.0133923 -0.00444383 -0.018708 -0.0263729 -0.0232491 -0.0315281 -0.0279862 -0.026787 -0.0287768 -0.0319865 0.0187772 0.0247912 0.0051471 0.0161338
internal_weight=899.694 881.176 857.558 523.778 445.285 79.3557 52.5435 365.93 75.8383 290.092 272.338 220.713 78.4924 333.78 323.939 111.995 211.944 130.57 56.3176 81.3732 54.7163 45.3402 44.9861 25.7118 23.6185 71.9666 208.073 140.258 67.8149 45.3504
internal_count=3653 3577 3481 2127 1808 322 213 1486 308 1178 1106 897 319 1354 1314 455 859 529 228 330 222 184 182 104 96 292 846 571 275 184
is_linear=0
shrinkage=0.05


Tree=19
num_leaves=31
num_cat=0
split_feature=68 130 84 123 89 211 49 50 27 32 98 43 61 92 130 7 159 111 69 108 12 27 17 197 82 44 77 140 116 160
split_gain=8.16188 8.80009 8.37216 13.7648 9.82346 9.57502 8.45419 14.2874 11.4787 9.81074 9.12719 7.78295 10.8764 8.35969 8.3392 7.61719 7.40442 7.15945 7.15511 7.11874 7.10731 6.90136 6.69609 6.43062 6.21359 9.28629 6.16044 6.14291 6.13804 6.52401
threshold=2.3000000000000003 -0.041075422192576393 60.650000000000013 4.0000000000000009 -0.8515546931568635 1.7083333333333337 10.250000000000002 1.0000000180025095e-35 0.22619400366921585 0.11371364992326495 0.026885750619101804 6.4500000000000011 0.31729165661172659 7.9320075644931665 0.039138005288291165 0.12617519681909481 7.7938232276244799 23.500000000000004 18.550000000000004 57.122564935064943 1.1953515017807905 0.30069876882944896 6.1650000000000009 122.41500000000003 28.750000000000004 -0.58068084432175959 13.250000000000002 0.69169491068688094 8.5000000000000018 -3.870559632082418
decision_type=2 2 2 2 2 2 2 2 2 2 2 2 2 2 2 2 2 2 2 2 2 2 2 2 2 2 2 2 2 2
left_child=1 20 3 5 -5 -3 7 18 -8 26 -11 12 -4 16 22 17 27 23 19 -6 -1 -14 -15 -12 -22 -26 -9 -13 -10 -30
right_child=-2 2 11 4 6 -7 8 9 28 10 15 13 21 14 -16 -17 -18 -19 -20 -21 24 -23 -24 -25 25 -27 -28 -29 29 -31
leaf_value=0.034314565922056492 0.029085211289100604 0.034438690573246333 0.0040031881790330501 -0.023109481801718217 0.012830699416487221 -0.0047314990240070569 0.015786444429179008 0.0035925086161210404 0.019875733786416883 -0.00097040064453901499 0.029895936803668012 0.029940483828809844 -0.036674323630771187 -0.021297229139229032 0.025563713089311282 -0.01311301208941941 -0.023118439792877296 -0.012484417717775028 0.01165419311802551 -0.030448287493075262 0.02139166723320449 0.012084323704796987 0.0080964686665208445 -0.01082479137921002 0.013884875631057052 -0.035982990961341679 -0.034628084106386889 -0.012156537587668973 -0.0010375422185330862 -0.029209267882438435
leaf_weight=25.186150044202805 18.451508030295372 42.86080077290535 27.356736853718758 43.855195060372353 7.8741630017757407 19.986580565571785 28.772181123495102 21.446331635117531 5.6469960361719123 63.878194808959961 124.62907104194164 34.601224198937416 58.54006615281105 81.080941930413246 9.3965658694505674 11.044236943125723 6.6587314307689658 8.6585885435342771 15.540561646223066 44.813514217734337 19.709990501403809 4.9751433730125418 20.685183376073837 7.0850659608840934 13.860307335853578 13.603331640362738 12.786805659532545 7.1591933667659751 31.996943101286888 66.609154894948006
leaf_count=103 76 175 111 178 32 81 117 87 23 259 508 140 239 329 38 45 27 35 63 182 80 20 84 29 56 55 52 29 130 270
internal_value=-8.02967e-07 -0.000799525 -0.00235528 0.00103021 -0.00180243 0.0221827 0.000446392 0.00492239 -0.00985528 0.0105132 0.0145115 -0.00986158 -0.0211763 -0.00281904 -0.0103932 0.0210249 0.0134471 0.0242414 -0.0145049 -0.0229954 0.0152777 -0.031887 -0.0149891 0.0272069 0.00232028 -0.0117834 -0.0126402 0.0216608 -0.0175594 -0.0208003
internal_weight=898.749 880.298 807.938 557.484 494.637 62.8474 450.782 317.757 133.025 249.528 215.295 250.454 90.8719 159.582 111.163 151.417 48.4191 140.373 68.2282 52.6877 72.3598 63.5152 101.766 131.714 47.1736 27.4636 34.2331 41.7604 104.253 98.6061
internal_count=3653 3577 3283 2266 2010 256 1832 1292 540 1015 876 1017 370 647 451 617 196 572 277 214 294 259 413 537 191 111 139 169 423 400
is_linear=0
shrinkage=0.05


Tree=20
num_leaves=31
num_cat=0
split_feature=85 125 125 220 211 149 206 6 6 104 67 61 155 50 106 59 98 206 152 120 75 30 128 27 43 29 35 219 57 133
split_gain=7.67016 10.1322 8.83959 9.05789 9.78572 7.82998 8.45362 7.81779 9.43175 7.14759 8.50803 7.04087 6.8768 10.8966 6.61498 6.45879 6.15487 6.10503 7.46047 8.14759 10.197 6.08566 5.91655 5.891 5.73904 7.61028 5.7276 5.55911 6.16958 5.41442
threshold=24.650000000000002 4.0000000000000009 5.0000000000000009 0.42450999999999994 0.53571428571428581 1.0000000180025095e-35 1.1983723016724011 4.4628551609730414 2.9471450566369741 8.5285607383387401 15.900000000000002 0.31300163398692815 87.44435983622013 2.2500000000000004 2.9497883389615147 0.20775805393586008 0.039245305372904458 1.0000000180025095e-35 2.4678054853048308 0.71797435897435913 0.25000000000000006 0.26311991958967912 0.39267451057506364 0.28062391292517824 4.9500000000000011 0.088884420920975135 0.096761449407684288 4.7759818355640524 42.503006329113937 0.067604226291094319
decision_type=2 2 2 2 2 2 2 2 2 2 2 2 2 2 2 2 2 2 2 2 2 2 2 2 2 2 2 2 2 2
left_child=1 9 3 4 -2 11 7 8 27 24 -11 12 13 -4 -13 -14 -15 -3 19 20 -19 -21 -17 29 -1 26 -26 28 -7 -5
right_child=2 17 5 23 -6 6 -8 -9 -10 10 -12 14 15 16 -16 22 -18 18 -20 21 -22 -23 -24 -25 25 -27 -28 -29 -30 -31
leaf_value=-0.02572501095175412 -0.01825065323140259 -0.013655961242508155 0.022551345336090451 0.0070872474592847054 0.033643085245175265 0.023323909146367061 -0.023151572400852766 -0.0090498078828840801 0.035470499077603822 -0.015609341857957818 0.023578223456102509 0.0063274793754605945 0.013202023227750787 -0.022902503308441569 -0.032735301012561807 -0.03493555302391551 0.01271091786068872 -0.031990850448656259 -0.02565139634087989 0.029039252246580452 0.023153039516586139 -0.014845519509580213 0.004886293134232899 0.028939522237430501 -0.034043101251432471 0.022381981619531501 0.0042119374284413707 -0.021768950014428891 -0.021622638200127844 -0.024173970691773555
leaf_weight=18.419887080788612 6.6412348747253409 231.53865154087543 49.459231063723564 24.612108424305916 61.407007455825806 26.92452472448349 12.322570592164992 23.908830180764198 46.127785414457321 12.788858160376547 64.306735455989838 11.773649036884306 11.12981143593788 27.815111875534058 33.228310629725456 27.435143038630486 14.246385976672171 16.467173606157306 14.269810542464255 37.239438861608505 8.7956185489892942 5.6387567520141593 10.0966729670763 9.0448558777570707 11.360039517283441 24.16304238140583 19.694225534796715 10.888875514268873 5.1972398310899726 20.691555082798004
leaf_count=75 27 942 201 100 251 110 50 98 189 52 261 48 46 113 135 111 58 67 58 151 36 23 41 37 46 98 80 44 21 84
internal_value=0 -0.00445912 0.0047392 0.0158319 0.0273337 0.000106499 0.00961951 0.0142328 0.0208922 0.00596388 0.0162184 -0.00628594 -0.000345819 0.00747218 -0.0224047 -0.0148416 -0.01024 -0.00955681 0.00179639 0.00924682 -0.0113123 0.0217983 -0.02432 0 -0.00480289 0.00331783 -0.0118692 0.00267085 0.0134453 -0.00767734
internal_weight=897.633 464.682 432.951 122.397 68.0482 310.554 125.37 113.047 89.1384 150.733 77.0956 185.184 140.182 91.5207 45.002 48.6616 42.0615 313.949 82.4108 68.141 25.2628 42.8782 37.5318 54.3485 73.6372 55.2173 31.0543 43.0106 32.1218 45.3037
internal_count=3653 1889 1764 499 278 1265 512 462 364 612 313 753 570 372 183 198 171 1277 335 277 103 174 152 221 299 224 126 175 131 184
is_linear=0
shrinkage=0.05


Tree=21
num_leaves=31
num_cat=0
split_feature=68 196 130 85 203 143 99 151 39 52 30 106 198 121 198 49 35 80 95 214 28 12 76 97 113 12 88 43 101 140
split_gain=7.46588 8.2055 7.94713 8.02593 10.356 9.36689 7.6579 9.3228 10.5563 8.64963 8.3833 7.54753 11.1845 8.22897 7.58169 7.49333 7.7431 8.03643 7.33237 7.03373 8.39396 6.90733 7.43791 6.84711 7.39194 6.73408 6.53583 6.43186 6.90882 6.75313
threshold=2.3000000000000003 190.84500000000003 -0.041075422192576393 24.750000000000004 8.6441037139169641 0.11296429145793109 0.032980978412450505 1.8537026848981524 1.0275000000000001 0.19429629629629633 0.22394912593302965 2.6039358856021639 9.9413722530437578 0.73056106352300609 10.284707637182651 10.250000000000002 0.10876910469236843 42.850000000000009 0.23916175917804791 0.053783449827515838 0.30019968497165389 0.9940466030954983 14.900000000000002 0.22081905824237116 19.500000000000004 1.1953515017807905 92.741330009713749 6.8500000000000005 0.013808994120451298 0.27729690063561718
decision_type=2 2 2 2 2 2 2 2 2 2 2 2 2 2 2 2 2 2 2 2 2 2 2 2 2 2 2 2 2 2
left_child=1 2 25 5 21 -4 7 8 9 27 -9 12 26 15 -15 18 17 -17 -13 20 23 -5 -23 24 -8 -1 -6 -7 -29 -30
right_child=-2 -3 3 4 11 6 19 10 -10 -11 -12 13 -14 14 -16 16 -18 -19 -20 -21 -22 22 -24 -25 -26 -27 -28 28 29 -31
leaf_value=0.033987733580681682 0.027863108334494596 -0.034474257008033131 0.026151784237082684 -0.012915928283696938 -0.015855996450261183 -0.024733543331301809 0.014494635336451331 0.0095903725861328261 0.022900519260697721 0.025623610965673362 -0.027109420080734577 0.035635580785530974 -0.014661634242703709 -0.034210528091730238 0.01099470601167862 -0.030543905225133866 -0.032101739023281943 0.019723714055781459 0.00099405368458115972 0.0063875139594524498 0.0059519733929743295 -0.0011493285594010761 0.0334982254177092 -0.033892380748661653 -0.020463210644369813 0.0025418736358504682 0.029070888795933475 -0.028822165885887537 0.019482207762041966 -0.018988612734518087
leaf_weight=24.803823098540306 18.349004074931145 12.7103423923254 16.209512233734131 10.522089794278143 5.4504201263189307 36.823053777217865 17.244649961590767 17.906605169177055 50.205482423305511 15.732806682586668 47.466869503259659 13.640220433473585 23.273238524794579 33.530395910143852 8.5723363161087018 6.6400881856679943 26.36026494204998 19.646166175603867 95.977780386805534 27.876069068908691 24.402761220932007 18.904839843511581 52.35991632938385 74.778671473264694 42.00116303563118 46.375277265906334 51.063325300812721 10.160762265324591 37.024879589676857 10.613179206848143
leaf_count=102 76 52 66 43 22 150 70 73 204 64 194 56 95 136 35 27 107 80 391 113 99 77 214 305 171 188 209 41 150 43
internal_value=-1.51671e-05 -0.000780334 -6.1684e-05 -0.00156026 0.00380828 -0.00619431 -0.00782426 -0.00143467 0.00496104 -0.0036226 -0.0167345 -0.000711907 0.0117893 -0.00587689 -0.0242857 -0.00036772 -0.0151985 0.00337465 0.00688925 -0.0152023 -0.0192333 0.0189372 0.0245065 -0.024048 -0.00956275 0.0153396 0.0233949 -0.00977831 0.000562094 0.00944687
internal_weight=896.626 878.277 865.567 794.388 365.941 428.446 412.237 225.934 160.56 110.355 65.3735 284.154 79.787 204.367 42.1027 162.265 52.6465 26.2863 109.618 186.303 158.427 81.7868 71.2648 134.024 59.2458 71.1791 56.5137 94.6219 57.7988 47.6381
internal_count=3653 3577 3525 3235 1492 1743 1677 919 652 448 267 1158 326 832 171 661 214 107 447 758 645 334 291 546 241 290 231 384 234 193
is_linear=0
shrinkage=0.05


Tree=22
num_leaves=31
num_cat=0
split_feature=64 215 87 203 215 11 132 2 32 152 206 49 119 194 217 75 22 152 22 211 7 89 133 94 80 32 32 115 154 96
split_gain=7.14003 7.78529 10.2924 9.93877 9.6131 7.93715 7.77779 10.6832 7.64033 7.72818 7.58743 7.33887 11.956 8.32213 9.66003 7.77829 6.56945 6.43348 6.39797 6.28282 6.0308 11.018 8.09824 8.24076 7.04181 6.52996 7.88322 7.50392 7.40727 8.08607
threshold=18.150000000000002 0.017168575360375419 0.47306657306657313 7.1685714768974877 0.0020682217999151158 3.8132240636508934 0.0041677509424291334 0.18480297467664578 0.12449697109564282 2.003367370624924 0.88585008123097764 11.250000000000002 20.788888888888895 3.5000000000000004 -0.021900196067203077 -0.6499999999999998 2.2852807432349924 1.7721227663503922 3.5039480728051395 0.63333333333333341 0.067245183607845246 -0.63665863066550787 -1.2262928735412302 0.20576470407237038 45.050000000000004 0.18078368890864688 0.16869089104956508 0.29455369404009896 239.11175470638776 0.24012987012987017
decision_type=2 2 2 2 2 2 2 2 2 2 2 2 2 2 2 2 2 2 2 2 2 2 2 2 2 2 2 2 2 2
left_child=11 2 4 -4 6 -6 7 -2 18 -10 -8 13 -13 14 17 -15 -14 -1 -3 -18 22 24 -16 -24 -22 26 28 -28 29 -23
right_child=1 8 3 -5 5 -7 10 -9 9 -11 -12 12 16 15 20 -17 19 -19 -20 -21 21 25 23 -25 -26 -27 27 -29 -30 -31
leaf_value=0.010517023626101636 0.029630903236206613 0.033333230964728414 -0.0089908105811746068 0.027289359536721337 0.0050354822910331646 -0.038977014135878757 0.031275193649329437 -0.012762039654632851 0.0028498464950456777 -0.030515540389391072 -0.015425617944422574 0.022717555672731718 0.010646343671677078 -0.011879872193930113 0.019923999712542856 0.032873712192054733 0.0070794560839785806 -0.034688689026679445 -0.0090646179891196773 -0.029969809282934436 -0.038323594517263436 0.0099195981671286564 0.0150376417495106 -0.020479415673316331 0 0.026867553827633863 -0.03685575666922334 0.017683374681356112 0.014593669532552582 -0.036753441429600429
leaf_weight=6.6459421515464774 14.528813138604162 13.229437515139582 19.540983662009239 94.509307071566582 14.683490514755247 18.691996440291405 38.620545670390129 56.290319189429283 27.217406332492828 34.684235021471977 6.836405172944068 13.737797975540159 10.786493837833403 9.8258626163005811 15.268600434064863 27.511015042662621 10.085973396897314 29.974744692444801 12.795297935605047 78.738627821207047 16.7266955524683 15.488851964473726 15.216903567314146 87.004033431410789 24.283849507570267 38.04349473118782 14.972186550498011 4.9565539062023154 112.49203145503998 12.126343876123427
leaf_count=27 59 54 80 389 60 76 159 229 111 141 28 56 44 40 62 112 41 122 52 321 68 63 62 354 99 155 61 20 458 50
internal_value=-1.01037e-05 0.00547031 0.00976435 0.0207467 0.000832818 -0.0208291 0.00785913 -0.00235472 -0.00697146 -0.0163549 0.0229236 -0.00361635 -0.0146523 -0.000518623 -0.00280891 0.0204934 -0.0208846 -0.0256062 0.0135807 -0.0253434 -7.67757e-05 0.0043983 -0.00919542 -0.0145044 -0.0176328 0.00940458 0.00441361 -0.0214622 0.00887915 -0.0123013
internal_weight=895.514 351.628 263.702 114.05 149.652 33.3755 116.276 70.8191 87.9264 61.9016 45.457 543.886 113.349 430.537 393.2 37.3369 99.6111 36.6207 26.0247 88.8246 356.58 239.09 117.49 102.221 41.0105 198.079 160.036 19.9287 140.107 27.6152
internal_count=3653 1438 1080 469 611 136 475 288 358 252 187 2215 462 1753 1601 152 406 149 106 362 1452 974 478 416 167 807 652 81 571 113
is_linear=0
shrinkage=0.05


Tree=23
num_leaves=31
num_cat=0
split_feature=196 68 130 40 42 151 130 41 85 54 23 52 111 27 38 140 204 143 80 98 203 87 12 130 156 98 8 203 95 42
split_gain=6.83618 7.096 7.44683 9.54617 6.9584 6.91479 6.75225 8.49065 13.6264 9.47765 10.6139 10.563 12.6908 7.53693 7.8306 7.53186 9.24319 7.74996 7.32799 7.32226 7.20417 6.60427 6.56617 8.00334 6.43809 8.51919 6.41963 6.29948 6.21551 9.65333
threshold=122.29500000000003 1.5500000000000003 0.046881254297913212 8.8769994854939593 79.750000000000014 2.2718301885795755 -0.041075422192576393 3.4887577656429909 20.650000000000002 8.8074611052250056 13.014398380127526 0.20401388888888891 17.500000000000004 0.23572846582491241 1.05 0.036173141633526994 -0.030088113077328057 0.18608133512789546 37.95000000000001 0.036091778629647554 7.6135633878316815 0.44293872835907683 1.5824982905592069 0.020091470642634463 0.47114174538592463 0.020736138283920628 1.0073265441487222 5.3222050789630266 0.26747093023255819 72.65000000000002
decision_type=2 2 2 2 2 2 2 2 2 2 2 2 2 2 2 2 2 2 2 2 2 2 2 2 2 2 2 2 2 2
left_child=1 2 6 -4 21 -2 -1 9 26 10 11 12 13 -8 19 16 18 20 -11 22 -18 -3 23 -15 25 -10 -9 -28 29 -26
right_child=5 4 3 -5 -6 -7 7 8 24 15 -12 -13 -14 14 -16 -17 17 -19 -20 -21 -22 -23 -24 -25 28 -27 27 -29 -30 -31
leaf_value=0.012726275211182303 -0.037009616553501677 -0.012216459035077688 0.033539166538656635 -0.0093140832630840657 -0.0025421689991906283 0.011984624968263533 0.015858953673167722 0.0050003503756661819 -0.0075093679268393434 -0.020005773178307418 -0.039633540491765679 0.029037387584323778 -0.025599842303450322 -0.035667947479612341 0.025766838311543638 -0.03297701314668857 0.019536915888157855 -0.024749122908913082 0.028850422013428575 0.0073092760800159869 -0.022803183389551424 0.035282639570823886 0.0099385350293435676 0.0032454049609517387 -0.011145579311675827 0.025522220907219662 0.0067557008105059158 -0.044734795791592209 -0.010443629816063595 0.030760396060113632
leaf_weight=66.629856988787651 18.500025480985645 5.4476366043090811 29.033098131418228 16.939510315656662 28.704189389944077 6.5825522541999808 68.809880465269089 12.782691925764082 21.582881838083267 6.3635589927434948 12.062960922718046 24.976093888282776 42.619974970817566 42.002302974462509 13.658943369984625 46.039635613560677 21.435928598046303 71.00456041097641 19.867251664400101 38.980453625321388 11.041786938905714 35.275938630104065 12.734603703022001 15.72978340089321 19.550833016633987 78.447725221514702 5.1831310093402889 20.289937391877174 55.311012297868729 26.757845565676689
leaf_count=272 76 22 119 69 117 27 281 52 88 26 49 102 174 171 56 188 87 291 81 159 45 146 52 64 80 320 21 83 226 109
internal_value=-3.41006e-06 0.000775335 -0.000565182 0.0178938 0.015555 -0.0234659 -0.00183429 -0.00336383 0.00410324 -0.00742485 -0.00139221 0.00100644 -0.00241806 0.00312241 -0.00414263 -0.0163119 -0.00920682 -0.0159507 0.0148922 -0.00905639 0.00335326 0.0277408 -0.0183252 -0.0252534 0.00945334 0.018139 -0.0213527 -0.034048 0.000219329 0.013219
internal_weight=894.347 869.264 799.836 45.9726 69.4278 25.0826 753.864 687.234 239.906 447.328 271.575 259.512 234.536 191.916 123.106 175.753 129.713 103.482 26.2308 109.447 32.4777 40.7236 70.4667 57.7321 201.65 100.031 38.2558 25.4731 101.62 46.3087
internal_count=3653 3550 3265 188 285 103 3077 2805 979 1826 1108 1059 957 783 502 718 530 423 107 446 132 168 287 235 823 408 156 104 415 189
is_linear=0
shrinkage=0.05


Tree=24
num_leaves=31
num_cat=0
split_feature=68 196 144 45 85 123 220 97 105 106 108 21 173 211 80 21 83 34 34 24 21 7 15 19 89 95 119 44 119 32
split_gain=6.49863 7.1406 6.9296 10.1875 7.83531 12.2914 10.4858 9.51439 10.0496 11.8988 8.97353 8.07749 7.97731 7.57331 8.42737 7.36312 9.25312 7.35595 7.71387 6.44234 7.49145 7.74531 6.33941 6.15576 5.97147 5.88575 5.7778 5.61373 5.60885 9.59782
threshold=2.3000000000000003 190.84500000000003 8.1411000000000033 0.27563735581699933 24.650000000000002 5.0000000000000009 0.42450999999999994 0.20962912883909604 0.34330357142857149 1.6741278502752157 66.258006799069605 7.8627977565160014 -0.0013863941709951753 0.53571428571428581 35.050000000000004 1.6288359788359792 80.550000000000011 0.20830417667325571 0.29231985347156836 5.4543798262548266 2.6942981834841588 0.059483337068955422 4.5000000000000009 6.5000000000000009 1.0031413080383589 0.27419155725916466 21.450000000000003 0.069756473744125427 23.183333333333337 0.14838022226182276
decision_type=2 2 2 2 2 2 2 2 2 2 2 2 2 2 2 2 2 2 2 2 2 2 2 2 2 2 2 2 2 2
left_child=1 2 4 15 7 6 13 8 -1 -10 17 22 -7 -6 -15 25 -17 -9 23 -18 -21 -22 -11 24 -19 -4 -23 28 29 -14
right_child=-2 -3 3 -5 5 12 -8 10 9 11 -12 -13 27 14 -16 16 19 18 -20 20 21 26 -24 -25 -26 -27 -28 -29 -30 -31
leaf_value=-0.019960464812104034 0.026097002932622085 -0.03226496560961474 0.0013668664307392581 0.01916931087395192 -0.013247401792771238 0.0061431419960691971 -0.0022567650842364208 0.0081868070111721057 -0.02366783641753856 -0.0047056812909233511 0.0064775185151913495 -0.011092626527743246 -0.029090098728354559 -0.0081643051229595316 0.044769469562886924 0.028014033634927667 0.023019692779165532 -0.034523921170929874 0.0052574664196189894 0.017068554373517071 -0.034867235827394136 -0.023459344021065757 0.038836367664897051 -0.002066297168866655 0.0067488974629438181 -0.042481820940353049 0.0042935378942672645 0.0022518364696366604 -0.034502352283752806 0.021417600023156159
leaf_weight=25.906787440180779 18.174073159694672 12.591178342700003 11.315568596124651 94.70140066742897 5.3482145667076102 84.102394089102745 37.451734244823456 17.875551491975784 12.293750166893004 7.8132255971431723 37.280595868825912 10.348707675933836 13.544999629259111 6.4118371456861487 41.14590385556221 26.378100275993347 17.114691078662872 105.27010226249695 18.375462129712105 22.778901174664497 22.783341333270073 21.037386119365692 40.307412996888161 23.780858844518661 6.8307695537805548 12.260103300213812 60.169065549969673 30.634529456496239 35.353843301534653 13.903676271438597
leaf_count=106 76 52 46 386 22 344 153 73 50 32 152 42 55 26 170 109 70 432 75 93 93 86 164 97 28 50 245 125 144 57
internal_value=-1.02334e-05 -0.000726007 -5.34716e-05 0.00617558 -0.00325427 0.00289696 0.0174592 -0.00867849 0.00396188 0.0137893 -0.0145865 0.0233029 -0.00465267 0.0308374 0.0370594 -0.000369326 0.00335216 -0.0193437 -0.0228479 -0.00179015 -0.00607577 -0.0119254 0.0315185 -0.0268777 -0.0316147 -0.0240043 -0.00354978 -0.0144424 -0.0225199 -0.00337778
internal_weight=893.284 875.11 862.519 288.539 573.98 267.897 90.3577 306.083 96.6699 70.7631 209.413 58.4693 177.539 52.906 47.5577 193.837 170.261 172.133 154.257 143.883 126.769 103.99 48.1206 135.882 112.101 23.5757 81.2065 93.437 62.8025 27.4487
internal_count=3653 3577 3525 1178 2347 1096 371 1251 394 288 857 238 725 218 196 792 696 705 632 587 517 424 196 557 460 96 331 381 256 112
is_linear=0
shrinkage=0.05


Tree=25
num_leaves=31
num_cat=0
split_feature=125 85 85 41 34 215 49 89 87 9 198 128 28 49 81 80 98 115 150 43 29 136 197 207 83 120 114 213 29 68
split_gain=6.42987 9.30681 7.42096 8.05541 7.45809 6.78204 7.90783 8.80888 7.81735 12.302 8.91834 8.65411 7.91635 7.66387 7.56569 7.49566 7.6197 7.3902 6.54265 6.4791 5.85094 6.70528 5.822 5.79709 6.45992 6.87547 5.66166 5.50627 6.1802 5.42076
threshold=4.0000000000000009 24.550000000000004 20.650000000000002 2.9221864486671039 0.19480736318143577 0.01755658098720381 13.000000000000002 -0.79694066907160976 0.47084780067709581 0.22844105909212128 8.2613679431634726 0.40072187191613545 0.24985707357742462 8.7500000000000018 0.65100000000000013 43.400000000000006 0.023162326291866923 0.27705189990326501 0.48298194455206828 3.7500000000000004 0.087189157293053501 2.7238814674443499 165.18000000000004 3.3184529142277097 79.750000000000014 0.72504899873811479 0.27297565822155995 3.0708260809313641 0.074688329828693681 -0.44999999999999996
decision_type=2 2 2 2 2 2 2 2 2 2 2 2 2 2 2 2 2 2 2 2 2 2 2 2 2 2 2 2 2 2
left_child=2 -2 18 26 -5 8 7 -7 9 10 17 12 14 27 -11 20 -17 -3 -1 -6 21 -10 23 24 -18 -26 -4 -9 -29 -15
right_child=1 5 3 4 19 6 -8 13 15 11 -12 -13 -14 29 -16 16 22 -19 -20 -21 -22 -23 -24 -25 25 -27 -28 28 -30 -31
leaf_value=0.008762497613550144 -0.0089644479063537147 0.013835839505724708 0.01612887497591884 -0.01237753842438572 -0.010177408148200879 -0.036279028091709319 -0.035735536165401087 0.0047369807355650282 -0.010534109763651588 0.024823680485090108 0.036405592453819344 -0.035514034464939358 -0.02036951400748228 -0.010089237733633322 -0.017104248427970242 -0.00095770355343837799 0.032976864654616606 -0.033099479631402737 -0.018449077110959396 0.037380287681239459 -0.01626236384797598 0.028680609353356062 -0.012575477066789626 0.040661527063023027 0.018130399034872149 -0.029998798700043919 -0.029579028960404742 0.010114245198645589 -0.041320294325699607 0.027740076311382329
leaf_weight=51.172282814979553 290.31967703998089 17.905187785625461 7.7253241688013103 7.3523497432470313 5.1386691033840171 10.59300811588764 15.839385002851484 27.36896938085556 14.673288881778715 27.291429966688156 22.961049526929855 24.888873055577278 30.078517690300941 8.6346532851457578 11.21617555618286 29.533312156796455 12.530074924230574 8.1108665615320188 31.135871753096581 53.341839075088501 28.46822190284729 19.776905462145805 5.0594150424003592 50.937093690037727 9.4164474159479159 10.087224692106245 9.3438728898763639 5.1296977251768139 13.492300882935522 32.564785644412041
leaf_count=209 1188 73 32 30 21 43 65 112 60 112 94 102 123 35 46 121 53 33 127 219 116 81 21 210 39 41 38 21 55 133
internal_value=-2.27054e-05 -0.00208591 0.00870254 0.018836 0.0264673 0.00248156 -0.00770713 -0.0014062 0.00620548 -0.0023797 0.0166902 -0.0129655 -0.00258616 0.00429725 0.0114745 0.0129979 0.0202081 -0.00296783 -0.00171191 0.0323351 -0.000602138 0.0121261 0.0272476 0.0305368 0.0104463 -0.00678358 -0.00879201 -0.0089883 -0.0269517 0.0190367
internal_weight=892.087 726.877 165.21 82.9021 65.8329 436.557 113.623 97.7834 322.934 142.452 48.9771 93.475 68.5861 87.1904 38.5076 180.482 117.564 26.0161 82.3082 58.4805 62.9184 34.4502 88.0303 82.9708 32.0337 19.5037 17.0692 45.991 18.622 41.1994
internal_count=3653 2977 676 340 270 1789 464 399 1325 583 200 383 281 356 158 742 485 106 336 240 257 141 364 343 133 80 70 188 76 168
is_linear=0
shrinkage=0.05


Tree=26
num_leaves=31
num_cat=0
split_feature=143 63 46 143 182 85 26 81 85 219 213 43 144 132 218 121 211 148 34 39 53 63 130 217 97 1 18 8 213 144
split_gain=6.16456 6.91928 7.91816 9.18031 8.44644 11.9458 9.44899 9.15145 6.89382 6.77397 7.94946 6.65865 6.62036 6.04983 6.30581 5.7482 5.5923 5.53727 5.51782 5.36209 5.56952 5.38645 8.15056 6.38576 5.65728 5.35911 7.3459 5.15714 5.10462 5.15242
threshold=0.11296429145793109 22.850000000000005 1.0000000180025095e-35 0.24254626615178398 0.75000000000000011 26.300000000000001 6.0797771777625984 0.68700000000000017 29.550000000000001 5.61295706124712 15.45214485536914 6.3500000000000005 8.1810500000000008 -0.01153328445939633 0.0081397221881296684 0.72443860986057318 2.4166666666666674 -0.18007382197775532 0.26623482929560366 1.0485000000000002 0.48842186381660074 23.950000000000003 -0.041075422192576393 -0.0099970442621739441 0.24397502903600468 5.7420000000000009 1.5000000000000002 0.95989116420511644 -37.416507568346908 7.8562000000000003
decision_type=2 2 2 2 2 2 2 2 2 2 2 2 2 2 2 2 2 2 2 2 2 2 2 2 2 2 2 2 2 2
left_child=-1 2 3 4 5 13 11 17 27 10 19 18 -11 14 -2 -12 -14 -8 -6 21 -21 23 -23 -3 -25 26 -13 -5 -4 -30
right_child=1 9 28 8 6 -7 7 -9 -10 12 15 25 16 -15 -16 -17 -18 -19 -20 20 -22 22 -24 24 -26 -27 -28 -29 29 -31
leaf_value=0.02420647676550251 -0.013473762156388493 -0.012993969811558341 0.00975340589907874 -0.0041737449611936378 -0.011775915763047607 0.028343140082428282 0.0051710634164043555 0.016324225305876513 0.0091301171533112648 -0.020953305616638537 0.037353804572091504 -0.0071117996239598432 -0.0086242985937589594 -0.018968590545459487 0.033200920240027174 0.0043526651622099255 0.030609406575876776 -0.044356429169517902 0.022005591136199515 0.023939431184379509 -0.0056939485231027103 0.02603935221233496 -0.010833628758748104 -0.0026316256447823025 0.042481286556856034 0.046710922480731186 0.027639962769876132 -0.038234760725130129 -0.022476520476374395 -0.0045968824307470665
leaf_weight=20.395184770226479 10.02456469833851 9.8286606818437559 18.849740639328957 22.308088943362236 25.526827916502953 16.321267828345299 5.6362518519163123 13.975246921181677 16.470517635345459 40.564321234822273 30.443959876894951 19.684711828827858 16.083157643675808 76.176860138773918 8.9086071699857694 26.423426330089569 10.825289845466612 12.89701682329178 14.871598944067953 45.555835619568825 18.956802442669868 12.021032169461249 114.62293766438961 8.2888501733541506 15.001801013946531 21.556115970015526 36.864783152937889 25.971228912472725 97.390883162617683 78.461556866765022
leaf_count=84 41 40 77 91 105 67 23 57 67 166 127 80 66 312 36 109 45 53 61 189 78 50 469 34 62 88 150 107 399 320
internal_value=-4.85015e-05 -0.000780321 -0.00443154 0.000278389 0.00456023 -0.00559264 0.0121513 -0.0101068 -0.0158011 0.00460041 0.00805165 0.0186217 -0.00899852 -0.0127906 0.00979148 0.024015 0.00869912 -0.0303335 0.00116314 0.00345951 0.0150889 -0.00140011 -0.00628767 0.0150068 0.0279149 0.0267377 0.0155418 -0.0248343 -0.0122805 -0.0149849
internal_weight=890.907 870.512 521.896 327.194 262.444 111.431 151.013 32.5085 64.7498 348.616 281.143 118.504 67.4728 95.11 18.9332 56.8674 26.9084 18.5333 40.3984 224.276 64.5126 159.763 126.644 33.1193 23.2907 78.1056 56.5495 48.2793 194.702 175.852
internal_count=3653 3569 2134 1338 1073 456 617 133 265 1435 1158 484 277 389 77 236 111 76 166 922 267 655 519 136 96 318 230 198 796 719
is_linear=0
shrinkage=0.05


Tree=27
num_leaves=31
num_cat=0
split_feature=37 197 130 160 35 142 215 212 29 100 144 89 201 98 198 160 141 98 69 24 7 80 207 32 158 194 52 142 89 160
split_gain=6.05953 8.31987 7.73564 7.21133 7.80893 9.95488 7.61804 9.26014 8.09367 7.5537 7.4633 7.14947 6.93877 8.01401 6.95352 6.62997 8.82045 12.8788 6.86931 10.2038 8.4601 6.91254 6.59437 8.53978 6.33632 6.32781 7.4351 7.60898 6.26025 6.03539
threshold=0.24038461538461542 252.45500000000001 0.025748811754002138 -12.067849890245716 0.099083565574539526 0.31896305473344266 -0.00030784522852350665 -109.95952817157981 0.074445916906459478 0.064400921658986185 6.4483000000000006 0.19568044400018184 0.46692904900742066 0.043723812710095754 9.5991516891539828 14.482448744573398 3.2791276520090089 0.035759956156375595 20.200000000000006 8.4339616825674728 0.08596065157645473 42.050000000000004 3.1644883726032647 0.18338808354455272 -2.2744853491409027 2.5000000000000004 0.19429629629629633 -1.788981404276613 0.80794431017383073 -9.1077593490564031
decision_type=2 2 2 2 2 2 2 2 2 2 2 2 2 2 2 2 2 2 2 2 2 2 2 2 2 2 2 2 2 2
left_child=2 3 12 4 10 -6 8 -8 11 25 -2 22 -1 14 -14 18 17 -17 20 -20 21 -10 -5 -24 -13 26 27 -9 -29 -23
right_child=1 -3 -4 6 5 -7 7 9 15 -11 -12 24 13 -15 -16 16 -18 -19 19 -21 -22 29 23 -25 -26 -27 -28 28 -30 -31
leaf_value=-0.010674100012410336 -0.037969296840322318 -0.030721837336436731 0.031095575377080405 -0.026113155496081522 0.0313416109414522 -0.0085472205548565734 0.015627964385306479 0.020124111014170522 -0.015800420839786722 0.015855399691551531 0.0060798711544998692 -0.035660446615993317 0.038337676105802389 -0.013582033830063201 -0.0056524929967594721 -0.017684942263619996 -0.029471092044173215 0.02748542223645405 0.01629385338721975 -0.034511025535503261 0.03498473432054347 -0.021753203231669176 0.022329862947960549 -0.028957588070263857 0.012618249543069008 0.001537485915549618 0.0044593646742886722 -0.025683187631008155 0.00057136336267864403 0.021031110605618467
leaf_weight=45.926251769065857 8.2395335137844068 18.967013999819756 27.768856436014175 10.278835847973822 50.456326439976692 18.047645837068558 32.186452060937881 6.810284584760665 18.598417669534683 19.810090273618698 29.341338723897934 27.139908999204636 26.092337355017662 13.309651106595991 9.7160562574863416 24.782501101493835 19.38592441380024 28.303393512964249 17.080786436796192 12.745620235800741 45.046277612447739 4.8661521524190894 32.851819783449173 5.3905784338712683 5.0198457092046729 56.621483206748962 32.232387959957123 164.21043215692043 23.838300302624702 54.685955598950386
leaf_count=188 34 79 114 42 207 74 133 28 76 81 120 111 107 54 40 101 80 116 70 52 185 20 135 22 21 232 133 674 98 226
internal_value=0 -0.0016956 0.0100578 -0.000727232 0.0110023 0.0206261 -0.00277449 -0.00794348 0.00284932 -0.0107369 -0.00631516 -0.0102045 0.00241444 0.0149699 0.0265589 0.00774841 -0.00425992 0.00626066 0.0135486 -0.00653638 0.0186715 0.00742962 0.00178175 0.01201 -0.026768 -0.0129227 -0.0165912 -0.0202228 -0.0222969 0.0157337
internal_weight=889.75 766.937 122.813 747.97 106.085 68.504 641.885 335.709 306.176 303.523 37.5809 80.681 95.0443 49.118 35.8084 225.495 72.4718 53.0859 153.023 29.8264 123.197 78.1505 48.5212 38.2424 32.1598 283.713 227.091 194.859 188.049 59.5521
internal_count=3653 3150 503 3071 435 281 2636 1379 1257 1246 154 331 389 201 147 926 297 217 629 122 507 322 199 157 132 1165 933 800 772 246
is_linear=0
shrinkage=0.05


Tree=28
num_leaves=31
num_cat=0
split_feature=125 85 110 120 84 95 37 68 78 133 132 98 40 1 10 141 72 28 216 106 205 198 7 72 202 205 189 41 150 21
split_gain=6.0029 8.14625 6.75085 6.81535 7.80119 6.09469 10.832 7.8301 8.04687 8.05958 10.5982 6.54218 11.424 9.00605 5.81614 7.2106 5.76053 5.72498 5.75751 5.43504 9.47084 5.47093 6.13564 5.7624 5.39848 5.83571 5.28668 6.34337 7.70558 6.11012
threshold=4.0000000000000009 24.550000000000004 0.28951534052239852 0.73050951731499059 66.100000000000009 0.2791732585338394 0.24038461538461542 -0.54999999999999993 18.850000000000005 -0.54055555555555534 0.018806393885424866 0.023007410768300065 9.0768297398100746 5.097500000000001 8.9491077230814398 2.2232029028145539 27.150000000000002 0.16702710629298448 -0.034685205570468981 6.031230863441519 6.4999228136489657 10.359807169618156 0.11739712134405748 17.250000000000004 0.4212332172215621 2.6212140446602912 5.8506410798836592 2.5169476534784265 0.40313912377309069 7.3660714285714297
decision_type=2 2 2 2 2 2 2 2 2 2 2 2 2 2 2 2 2 2 2 2 2 2 2 2 2 2 2 2 2 2
left_child=2 26 3 4 -1 11 -7 -8 9 10 -9 16 17 -14 15 -11 -3 -13 -19 20 21 22 23 -20 -16 -26 -2 -28 -29 -30
right_child=1 5 -4 -5 -6 6 7 8 -10 14 -12 12 13 -15 24 -17 -18 18 19 -21 -22 -23 -24 -25 25 -27 27 28 29 -31
leaf_value=0.03944174426813582 -0.028516272105108206 0.019135937663076349 -0.0012399253969941457 0 -0.0033568228260285431 0.021927709358909964 -0.031503868143063045 0.034787715659364081 0.018868716784849599 0.026347915296729054 -0.020783375811123453 -0.019278576185144267 0.020547619104888844 -0.025631895077804997 -0.032475727652976703 -0.017303813945189019 -0.018322455257468576 -0.0094985505114691983 0.0023117543239278026 0 -0.015193022969936514 -0.0039851182130542315 0 0.044668106205164045 0.022217609857298044 -0.017723952401180444 -0.03233241780221878 0.016599380135125217 -0.0032486314521712936 -0.026273441929261634
leaf_weight=36.889294639229774 25.497389286756516 8.9420251101255399 84.380666449666023 31.398434311151505 11.89922061562538 29.574528098106384 26.152094513177872 16.465646862983707 26.902702182531357 12.874888345599176 9.467776030302046 5.1008414924144736 10.828366801142691 26.842198401689529 44.704231485724449 14.837913826107977 33.254023998975754 10.720320016145704 11.019911766052244 20.645841062068939 8.0137403160333616 7.3641676902770987 9.7359733432531339 71.070565611124039 8.8047753870487231 21.444999024271965 16.261555224657059 34.987083569169044 182.05335211753845 30.662827163934708
leaf_count=152 104 37 346 129 49 122 107 68 113 53 39 21 45 109 183 61 136 44 45 85 33 30 40 294 36 88 68 143 747 126
internal_value=-7.31527e-06 -0.00200544 0.00843845 0.0183915 0.0291969 0.00227523 -0.00369396 -0.00847491 -0.00358543 -0.00900025 0.0136115 0.00798256 0.0121198 -0.0109195 -0.015311 0.00313927 -0.00866839 0.018493 0.0206804 0.0236614 0.0279996 0.0322907 0.0355137 0.0397284 -0.022215 -0.00388657 -0.00844931 -0.00592393 -0.00348587 -0.00720963
internal_weight=888.797 724.23 164.568 80.1869 48.7885 434.768 211.23 181.655 155.503 128.6 25.9334 223.538 181.342 37.6706 102.667 27.7128 42.196 143.671 138.571 127.85 107.204 99.1906 91.8265 82.0905 74.954 30.2498 289.462 263.965 247.703 212.716
internal_count=3653 2977 676 330 201 1789 870 748 641 528 107 919 746 154 421 114 173 592 571 527 442 409 379 339 307 124 1188 1084 1016 873
is_linear=0
shrinkage=0.05


Tree=29
num_leaves=31
num_cat=0
split_feature=99 41 36 193 144 29 144 4 63 105 96 175 37 95 64 68 21 45 218 29 159 43 193 117 64 57 178 44 98 58
split_gain=5.86717 8.29835 6.55392 7.58215 7.41229 7.72415 8.30403 7.30095 9.79091 6.55112 7.35723 6.39379 10.0847 8.83549 7.24213 6.94431 6.68042 6.3722 7.06673 6.91768 6.1476 6.95961 8.96437 7.3093 6.878 6.8472 6.06895 6.03139 6.65644 5.88912
threshold=0.03398492453583897 2.7676066040013931 0.48710130461578161 8.4825745911598176 7.5864000000000003 0.066452197263117005 4.9213500000000012 2.2586351828728435 24.050000000000004 0.35032467532467537 0.29393382352941183 0.04388070843537261 0.24038461538461542 0.27963633371729474 15.750000000000002 -0.24999999999999997 7.3660714285714297 -0.19080899537654469 0.0059773775128542329 0.096188341740305064 3.3595452489618052 6.3500000000000005 11.106187281145155 0.17047223663726002 13.850000000000003 32.924747474747484 0.75250505026164982 -0.97233289553061575 0.023334959331147691 23.65324954020452
decision_type=2 2 2 2 2 2 2 2 2 2 2 2 2 2 2 2 2 2 2 2 2 2 2 2 2 2 2 2 2 2
left_child=11 -2 4 -4 5 -3 9 -6 -9 -7 -11 12 -1 16 -13 -15 20 19 26 -8 21 25 23 -23 -25 -14 -19 -26 -29 -22
right_child=1 2 3 -5 7 6 17 8 -10 10 -12 14 13 15 -16 -17 -18 18 -20 -21 29 22 -24 24 27 -27 -28 28 -30 -31
leaf_value=0.018612231990695238 -0.024028823543298009 0.015582452730927768 -0.014759491958181143 0.015633639797018935 -0.028902669281613159 -0.026312387465859607 -0.022834282532271002 -0.0011814647872036813 0.0368795526026909 0.034360035447810432 -0.019482518824519367 -0.0066568132922288376 -0.015608442076136042 -0.031865133354375283 0.022446649928681298 -0.0051223560953497227 -0.01725545237859917 -0.055441636479180482 0 0.016987238782540087 -0.022494246857452934 0.041156530552641207 -0.0072580513150435058 -0.022094649924381742 -0.018321217778557091 0.018605708988006484 0 -0.0045601426059924382 0.036209698969850039 0.0055376165764136646
leaf_weight=61.277349412441254 44.937729716300964 13.838616639375685 22.160562872886658 77.603774696588516 8.7961933016777021 6.9641954451799419 25.348080769181252 51.706398591399193 19.092574134469032 14.633116304874422 4.8715609014034262 25.496974408626556 36.700941845774651 32.112452477216721 70.708778709173203 86.61723792552948 31.592541381716728 29.99681943655014 8.3769353777170164 11.94111132621765 27.923750564455986 35.519423842430115 24.923673748970032 8.0914011448621732 5.1638525724411002 17.286738216876984 5.3476358354091635 11.195506468415259 29.753223925828934 37.732508108019829
leaf_count=251 185 57 91 319 36 29 104 212 80 60 20 105 151 132 292 358 130 123 35 49 114 146 102 33 21 72 22 46 123 155
internal_value=-2.57422e-05 -0.00510242 -0.00184522 0.0082616 -0.00706397 -0.0146641 -0.0193004 0.00440663 0.0105084 0.00373274 0.0186606 0.00318227 0.000542507 -0.00247414 0.0145387 -0.0135528 0.00253958 -0.0268962 -0.0391649 -0.00899033 0.00561806 0.0106448 0.0174224 0.0245634 0.0107102 -0.00358085 -0.0478568 0.0185539 0.0252357 -0.00677872
internal_weight=887.712 345.615 300.678 99.7643 200.913 121.318 107.479 79.5952 70.799 26.4689 19.5047 542.096 445.891 384.613 96.2058 118.73 265.884 81.0106 43.7214 37.2892 234.291 168.635 114.647 89.7234 54.204 53.9877 35.3445 46.1126 40.9487 65.6563
internal_count=3653 1422 1237 410 827 499 442 328 292 109 80 2231 1834 1583 397 490 1093 333 180 153 963 694 471 369 223 223 145 190 169 269
is_linear=0
shrinkage=0.05


Tree=30
num_leaves=31
num_cat=0
split_feature=3 49 50 190 215 81 130 210 130 218 41 81 75 45 7 7 108 4 84 10 193 130 7 100 41 81 212 11 133 105
split_gain=5.79487 6.07663 8.56304 8.4052 8.13476 7.69991 7.24711 7.3155 7.36734 7.14318 6.92152 10.2824 6.65648 6.51621 6.45999 8.12556 9.04688 9.31802 7.2736 6.81638 6.8107 6.51012 9.11217 6.94409 6.67892 6.45236 10.9284 6.41604 6.1854 6.41554
threshold=4.1242977528089897 13.000000000000002 5.7500000000000009 11.797880708207893 0.016383604440906089 0.57450000000000012 0.046881254297913212 3.4486596495691164 -0.041075422192576393 -0.0074549849346183675 2.8598797117730208 0.6645000000000002 -0.74999999999999989 0.3090169943749474 0.036053830020071696 0.059483337068955422 61.80438821551801 7.8198832250670565 61.250000000000007 7.707382907234396 10.285008570311824 0.016804824086363777 0.097355520725007985 0.015444245676803818 3.2170327588261221 0.56150000000000022 -10.258989963095821 3.7188918564203592 -0.76495475732454665 0.48610038610038614
decision_type=2 2 2 2 2 2 2 2 2 2 2 2 2 2 2 2 2 2 2 2 2 2 2 2 2 2 2 2 2 2
left_child=-1 2 6 5 -5 -3 7 -2 27 -4 11 25 -13 -14 -12 28 17 18 -17 -20 -19 22 24 -24 -18 -10 -27 -9 -16 -30
right_child=1 3 9 4 -6 -7 -8 8 10 -11 14 12 13 -15 15 16 21 20 19 -21 -22 -23 23 -25 -26 26 -28 -29 29 -31
leaf_value=0.029861259738417981 -0.018420724207902969 0.0073487693057613214 -0.012895702614772948 0.013009435416483625 -0.030934631746924558 -0.035195128287918133 0.018589772086720826 0.034172940930940358 -0.0035776560324647134 0.033213053697361265 0.021342917716919492 -0.020723308953167683 0.029373024810829942 -0.014456029911049521 0.0086482106579338271 0.023089820274451969 -0.018235807053072071 -0.033676258832293693 0.01283836666999898 -0.023478687586122177 0.010341793337386945 0.010326584452801785 0.0033361660013504 -0.034401696846163933 0.0093929238026561074 0.0046189685576851604 -0.053341897604535497 0.0009503921018663696 -0.029531252776589512 0
leaf_weight=10.868703603744505 54.531215652823448 10.870294675230978 7.2526219487190238 39.486579865217209 8.713441923260687 38.636565148830414 42.150116428732872 22.802389159798622 23.4612677693367 29.18237778544426 30.111288368701935 12.324957549571989 22.580572381615642 7.7978219985961905 20.339609622955322 99.201204612851143 27.9174784719944 14.064599946141245 29.320274010300636 15.665473908185957 11.759815275669096 47.205307960510254 13.826954141259192 41.595836609601974 60.181464090943336 9.0431057214736921 25.426068529486656 34.482179209589958 49.951794922351837 25.888015791773796
leaf_count=45 224 45 30 163 36 160 174 95 97 121 124 51 93 32 84 409 114 58 120 65 48 194 57 171 248 37 105 141 205 107
internal_value=-5.40174e-05 -0.000621074 0.000852573 -0.0120697 0.00243468 -0.0255778 -0.000347798 -0.00164829 -6.08941e-05 0.0229829 -0.00181754 -0.0134318 0.00452984 0.0169629 0.000643589 -0.000882652 0.002539 0.0108148 0.0158285 -0.000391751 -0.0143944 -0.00479799 -0.0101211 -0.0250761 0 -0.0263774 -0.0388435 0.0162578 -0.0134546 -0.0198599
internal_weight=886.639 875.771 778.064 97.7069 48.2 49.5069 741.629 699.479 644.947 36.435 587.663 100.634 42.7034 30.3784 487.029 456.918 360.738 170.011 144.187 44.9857 25.8244 190.727 143.522 55.4228 88.0989 57.9304 34.4692 57.2846 96.1794 75.8398
internal_count=3653 3608 3204 404 199 205 3053 2879 2655 151 2419 415 176 125 2004 1880 1484 700 594 185 106 784 590 228 362 239 142 236 396 312
is_linear=0
shrinkage=0.05


Tree=31
num_leaves=31
num_cat=0
split_feature=123 85 205 202 207 220 35 100 8 149 30 150 143 216 45 19 64 90 218 141 213 29 69 132 156 143 111 30 73 119
split_gain=5.55896 7.64743 7.38133 7.33859 7.03817 12.6298 8.16512 6.94909 6.94078 6.889 7.92824 6.82969 7.70674 7.45802 6.53224 9.93603 9.62776 7.5724 8.24416 7.35951 7.02769 6.50845 6.71651 6.44178 6.33701 7.69493 6.18507 6.06548 5.93098 6.78542
threshold=4.0000000000000009 27.600000000000005 3.4775683815690113 0.3413789189422165 4.0671389389721337 0.57592000000000021 0.13855562777242039 0.04213696892834496 1.5606705797921689 1.0000000180025095e-35 0.22704457762057889 0.41826833151211756 0.19349558363957262 -0.015734208015178077 -0.7933231318270072 6.5000000000000009 20.000000000000004 1.0000000180025095e-35 0.002605523837885921 2.3134597736310805 3.0708260809313641 0.086618840963706381 20.050000000000004 -0.0017887630588397511 0.38551638996394083 0.23029359179356257 17.500000000000004 0.20612958849256946 49.900000000000006 23.366666666666671
decision_type=2 2 2 2 2 2 2 2 2 2 2 2 2 2 2 2 2 2 2 2 2 2 2 2 2 2 2 2 2 2
left_child=2 14 8 -3 5 9 -6 -7 -1 28 -11 -4 13 -13 15 20 17 19 21 -16 27 24 -23 -18 -19 -26 -20 -2 29 -5
right_child=1 3 11 4 6 7 -8 -9 -10 10 -12 12 -14 -15 16 -17 23 18 26 -21 -22 22 -24 -25 25 -27 -28 -29 -30 -31
leaf_value=0.038565193248154273 0.0034342513291801334 0.022616374901082273 0.023775646841980608 0.034305366794089874 -0.030171369171093133 -0.027692758216357471 0.016263574206711352 0.017279712130192339 -0.0097913784678957862 -0.0041478443842875492 0.045313351091041877 0.028836592287312036 -0.017826313381429686 -0.0035979975269885035 0.032151511352173381 0.012979202924334871 -0.006246488481158362 0.014592964933198544 0.0040289976395506688 -0.0041824463408753195 -0.0051016851617937632 -0.039544094906600658 0 0.020992018814842698 -0.031519316223955846 0.0093519183454489046 -0.020320745180692053 -0.03919659380004354 -0.020081928619963 -0.0037371482943368058
leaf_weight=25.117258176207546 7.7562438249588004 45.577474683523178 24.892451256513596 16.221517026424408 26.888820931315422 27.810470521450043 8.9912297129631025 7.0983160883188239 6.5604812353849402 8.824303597211836 24.938270717859268 21.370206877589226 46.213272646069527 48.174471199512482 18.30308336019516 20.911860004067421 28.153128787875175 18.892372086644173 111.95213875174522 29.831762418150902 43.056537672877312 43.499434679746628 13.982059523463247 59.152583092451096 26.017419144511223 14.144357994198797 28.403919503092766 47.748917877674103 13.012615352869032 21.998677134513855
leaf_count=105 32 189 103 68 110 114 37 30 27 37 105 88 190 198 75 86 116 78 460 123 177 180 58 245 107 58 117 196 53 91
internal_value=-5.98214e-05 -0.00204469 0.00783947 0.00605436 0.000500728 0.00652573 -0.0173577 -0.0169025 0.0278993 0.0168303 0.0328735 0.00234722 -0.00284734 0.00729905 -0.00530725 -0.0153255 -0.00203908 -0.00628912 -0.00974961 0.0108883 -0.0219091 -0.0193009 -0.0307419 0.0120751 -0.00624395 -0.0171298 -0.00125617 -0.0330347 0.00383025 0.0139313
internal_weight=885.496 713.168 172.328 201.362 155.784 119.904 35.8801 34.9088 31.6777 84.9954 33.7626 140.65 115.758 69.5447 511.806 119.474 392.332 305.027 256.892 48.1348 98.5617 116.536 57.4815 87.3057 59.0541 40.1618 140.356 55.5052 51.2328 38.2202
internal_count=3653 2942 711 834 645 498 147 144 132 354 142 579 476 286 2108 491 1617 1256 1058 198 405 481 238 361 243 165 577 228 212 159
is_linear=0
shrinkage=0.05


Tree=32
num_leaves=31
num_cat=0
split_feature=68 196 49 159 216 159 50 210 19 95 83 25 144 160 31 217 51 26 87 11 22 211 56 93 88 88 35 8 78 31
split_gain=5.44874 5.95357 5.85053 8.34147 8.32493 8.25767 10.2334 7.03454 7.93681 7.37276 10.0304 9.14138 8.89424 9.91349 9.06324 8.02514 7.79997 7.5604 7.20597 7.02754 6.93731 6.73177 10.4683 6.68045 6.53589 8.1852 6.93188 7.52427 6.27378 7.21904
threshold=2.3000000000000003 190.84500000000003 11.750000000000002 -0.046760639739769509 -0.012056208839600997 -4.3199613585519598 5.7500000000000009 3.8557662893851332 6.5000000000000009 0.27570469383334889 82.65000000000002 2.843574000676595 8.1411000000000033 -12.067849890245716 1.3500000000000003 0.014856163784369115 0.25337474279835398 3.1037821405598347 0.44805660377358497 8.3103404090418262 10.906418590689695 1.3666666666666669 89.156539043484003 3.3882443784223928 96.637112002327257 93.461582899823767 0.085147045098958804 1.3714910957148645 11.65 0.75000000000000011
decision_type=2 2 2 2 2 2 2 2 2 2 2 2 2 2 2 2 2 2 2 2 2 2 2 2 2 2 2 2 2 2
left_child=1 2 5 21 -5 19 7 8 18 12 11 -11 13 -9 24 -14 28 -12 -7 23 -21 22 -4 -1 25 -15 -27 -28 -13 -30
right_child=-2 -3 3 4 -6 6 -8 9 -10 10 17 16 15 14 -16 -17 -18 -19 -20 20 -22 -23 -24 -25 -26 26 27 -29 29 -31
leaf_value=-0.0064210609417229255 0.0240189619873186 -0.029680497127324776 0.032702263202029035 -0.023443429043116956 0.012734680213667186 0.011295651559536074 0.029992910423631898 0.020672274016043511 0.015528718413939328 -0.015515135601630928 1.0410352316133565e-05 -0.014267163142563622 0.024972690221874105 0.010247688846418228 -0.022747060898229615 -0.0052746511105694555 -0.011723659707600699 -0.034956818243722529 -0.034081793071117909 -0.035702686922458433 0.01390582166415706 -0.03488861595002328 -0.022699713974314601 0.021370326375306888 0.027347404515272129 0.014817445773532768 -0.034758999149128243 0 -0.0041719078193750208 0.041301568819445494
leaf_weight=22.799352690577507 17.877501994371414 12.371888965368269 8.7090197950601596 17.158801272511482 50.463283598423004 7.2854404002428046 20.332878187298775 36.801060333848 9.9641755521297437 44.917876973748207 20.928288102149963 5.586723029613494 68.855905652046204 55.693528592586517 52.927862942218781 27.271322444081306 18.358750209212303 41.945541322231293 41.138353526592255 9.9013644009828585 8.6254049837589246 35.996543809771538 17.415804356336594 106.40531416237354 14.946287572383879 12.039806127548216 34.692238748073578 24.123746752738953 9.2860353142023069 29.285003140568733
leaf_count=94 76 52 36 71 209 30 85 152 41 185 86 23 283 229 218 112 76 174 169 41 36 149 72 439 62 50 143 100 38 122
internal_value=-3.81543e-05 -0.000698344 -7.89547e-05 -0.00967765 0.00222837 0.00166118 -0.0010295 -0.00246563 -0.0181632 -0.000411822 -0.00874886 0.0005074 0.00391676 -0.00136489 -0.00607522 0.0163078 0.0126863 -0.0238059 -0.0263685 0.0120127 -0.0134972 -0.0222109 -0.00114109 0.0162235 0.000553916 -0.00333968 -0.0143206 -0.0213706 0.0235035 0.0305576
internal_weight=884.105 866.228 853.856 129.743 67.6221 724.112 576.381 556.048 58.388 497.66 170.308 107.434 327.352 231.225 194.423 96.1272 62.5165 62.8738 48.4238 147.731 18.5268 62.1214 26.1248 129.205 141.496 126.549 70.8558 58.816 44.1578 38.571
internal_count=3653 3577 3525 537 280 2988 2378 2293 240 2053 704 444 1349 954 802 395 259 260 199 610 77 257 108 533 584 522 293 243 183 160
is_linear=0
shrinkage=0.05


Tree=33
num_leaves=31
num_cat=0
split_feature=3 74 125 85 85 189 41 93 33 95 37 37 32 49 119 155 32 218 118 199 103 41 152 34 173 25 12 94 200 19
split_gain=5.29333 5.63463 5.38312 8.07999 6.31247 5.75441 5.95123 6.60964 6.47664 5.67174 8.62089 6.56801 10.2702 8.08003 7.2796 6.04112 5.56712 5.52748 7.69199 6.85332 6.86946 5.7088 5.20929 5.1327 5.07123 5.03452 5.0121 5.34861 5.00359 6.1051
threshold=4.1242977528089897 0.42650000000000005 4.0000000000000009 22.350000000000005 24.550000000000004 5.8506410798836592 2.6730653569356662 3.6333868206932434 0.41559955305270779 0.2791732585338394 0.24038461538461542 0.40833333333333338 0.18505835620442504 9.2500000000000018 21.050000000000004 105.46205894591822 0.19509916905886357 -0.014674693713604635 23.775000000000002 0.196388665584696 6.2079368512110742 3.064996415797038 2.3093075914323458 0.20520724526040127 0.020568236846022412 6.3990478708792642 1.181693689097713 0.29689688375350148 7.5988157946306112 6.5000000000000009
decision_type=2 2 2 2 2 2 2 2 2 2 2 2 2 2 2 2 2 2 2 2 2 2 2 2 2 2 2 2 2 2
left_child=-1 2 3 25 5 -4 7 -7 -8 15 -11 12 28 22 -15 17 -10 -6 19 -19 -21 -20 -13 -5 -16 -2 27 -23 29 -12
right_child=1 -3 4 23 9 6 8 -9 16 10 11 13 -14 14 24 -17 -18 18 21 20 -22 26 -24 -25 -26 -27 -28 -29 -30 -31
leaf_value=0.028619366768974797 0.0063155956433478631 -0.016746314863033362 -0.028144524926563809 -0.0042470989034246081 -0.0074358368469904512 0.013231174558330117 0.0046954349458060039 -0.035390251345319777 -0.023264335925224523 0.019704374869038518 -0.038181521517652639 0.0018609016038360574 0.013921992747526224 0.019254282971927567 -0.036582875517608346 -0.021109459075166499 0.0025081619756484666 -0.016255932620442528 0.020978696208496832 0.030288414294676026 -0.0052031309932552543 0.029130774817996072 0.035131861845566513 0.035880549897800554 0.0076394369112487903 -0.021405635732168183 -0.022498440845449566 -0.013152662243849665 0.00074314212496845303 0
leaf_weight=10.790149688720701 86.443414211273193 45.886703297495842 25.135183811187744 7.6927843838930121 31.671488404273987 5.571461126208308 143.77180747687817 22.408911257982254 44.994137823581696 28.552194252610207 47.238127648830414 34.958115145564079 17.331346154212952 7.0407920926809302 21.035670623183254 11.402466118335722 31.795005619525909 6.8141109496355048 17.339652836322784 86.2253597676754 13.098091781139372 9.3579848259687441 14.771706894040106 29.816006779670715 5.4864871352910987 14.843842178583143 25.615147456526756 10.382154271006582 13.457251265645025 11.998109087347983
leaf_count=45 356 189 103 32 131 23 592 94 186 119 195 145 72 29 87 47 131 28 72 359 54 39 62 125 23 61 105 43 56 50
internal_value=-4.22607e-05 -0.000586487 0.000376225 0.00920095 -0.00142295 -0.00726836 -0.00454514 -0.0244126 -0.00142863 0.0024242 -0.0034492 -0.00784925 -0.0168706 0.00202126 -0.0153129 0.0080852 -0.0127864 0.0103403 0.0139368 0.0218365 0.0253433 0 0.0145072 0.027531 -0.0268811 0.00120193 -0.00939028 0.00771794 -0.0249573 -0.0307885
internal_weight=882.926 872.136 826.249 138.796 687.453 273.677 248.541 27.9804 220.561 413.776 201.87 173.318 90.0248 83.2928 33.5629 211.906 76.7891 200.504 168.833 106.138 99.3235 62.6949 49.7298 37.5088 26.5222 101.287 45.3553 19.7401 72.6935 59.2362
internal_count=3653 3608 3419 574 2845 1129 1026 117 909 1716 838 719 373 346 139 878 317 831 700 441 413 259 207 157 110 417 187 82 301 245
is_linear=0
shrinkage=0.05


Tree=34
num_leaves=31
num_cat=0
split_feature=196 130 68 11 130 204 10 153 79 107 110 46 9 60 173 92 128 10 216 220 131 84 49 175 66 52 94 130 160 152
split_gain=5.07367 5.0799 6.14385 5.9994 5.53176 7.78296 5.66674 9.11148 7.12632 6.80054 6.39236 8.70746 9.79633 7.8869 8.68343 8.68458 7.02899 6.75558 6.52892 9.67098 9.63133 6.25234 6.1677 8.54867 5.87265 5.79968 5.80506 5.65045 5.63977 5.45133
threshold=190.84500000000003 -0.041075422192576393 2.3000000000000003 3.7188918564203592 0.046881254297913212 0.02905647093161701 10.658869644118132 231.18167609412041 43.350000000000001 8.651100508114963 0.28828402822157634 8.5000000000000018 0.24540787314791343 0.39399669003753174 0.010327742098369981 8.1007148926850547 0.363996716687569 9.929477773571703 -0.030200961811215978 0.037505000000000017 -0.041027737015512759 60.000000000000007 9.7500000000000018 -0.020423429548342528 38.600000000000009 0.18517592592592594 0.27653182201943638 -0.00029890212502527153 -0.22258430071847848 1.7768669418403762
decision_type=2 2 2 2 2 2 2 2 2 2 2 2 2 2 2 2 2 2 2 2 2 2 2 2 2 2 2 2 2 2
left_child=1 3 4 -1 6 -6 7 10 -9 -8 11 12 18 16 15 -15 -12 -14 -3 20 -20 27 23 -10 -25 26 -22 -13 -11 -17
right_child=-2 2 -4 -5 5 -7 9 8 22 28 13 21 17 14 -16 29 -18 -19 19 -21 25 -23 -24 24 -26 -27 -28 -29 -30 -31
leaf_value=0.030153030292092653 -0.02583068905044715 -0.010123122995826898 0.026704298618441081 0.00082982993440182124 -0.00073906963353768799 0.037242274469804403 -0.027470849463784915 0.026677989430663285 -0.010353380041452568 0.01650069302308578 -0.012888970723681448 -0.023074785687078377 -0.033719038997832289 -0.0042973504936099213 0.0013185864327186522 -0.00027175796897283829 0.019927442314875712 0.0069051486652905187 0.023705563539839374 0.024281609090717544 -0.027139959816536486 -0.038000548014462197 -0.014854558822607068 0.034279050221409438 -0.0031052747505427394 0.016806437294831549 0.009874016740051169 0.021577483831248447 -0.015598717572645623 -0.037447217759821398
leaf_weight=25.261198580265045 13.706075847148893 31.235542297363281 14.918977469205855 46.263000950217247 31.993282601237297 16.66067810356617 41.973602473735809 40.570401906967163 25.459250956773758 21.300060421228409 23.479263156652451 8.1504865884780902 20.232302308082581 50.090808734297752 55.062915787100792 13.172215938568113 32.596307501196861 13.338822692632673 25.201006203889847 87.277649641036987 36.197573512792587 17.161901295185089 29.867875516414642 29.77674113214016 12.275810554623602 10.232506841421126 10.184254646301268 10.301782652735708 23.516509875655174 64.325564056634903
leaf_count=106 58 129 64 190 133 69 173 170 105 88 97 34 84 207 227 54 135 55 104 361 150 72 123 124 51 42 42 43 97 266
internal_value=-4.02503e-05 0.000483917 -0.000664346 0.0128065 -0.00138493 0.0140596 -0.00253229 -0.00083313 0.0102895 -0.0141764 -0.00397166 0.00123122 0.0049327 -0.00985284 -0.0148335 -0.0217796 0.00584734 -0.0181269 0.00926612 0.0131792 0.000331337 -0.0200776 0.00224815 0.0106619 0.0236643 -0.010747 -0.0183561 7.37373e-05 0 -0.031831
internal_weight=881.784 868.078 796.554 71.5242 781.635 48.654 732.981 646.191 137.95 86.7902 508.241 269.514 233.9 238.727 182.652 127.589 56.0756 33.5711 200.329 169.093 81.8153 35.6142 97.3797 67.5118 42.0526 56.6143 46.3818 18.4523 44.8166 77.4978
internal_count=3653 3595 3299 296 3235 202 3033 2675 573 358 2102 1116 967 986 754 527 232 139 828 699 338 149 403 280 175 234 192 77 185 320
is_linear=0
shrinkage=0.05


Tree=35
num_leaves=31
num_cat=0
split_feature=143 99 39 153 120 131 81 36 21 160 94 34 98 1 174 26 135 189 83 23 52 43 111 121 121 28 143 83 156 113
split_gain=5.09274 5.81125 7.23095 7.53561 8.04363 7.48695 6.90867 6.3416 6.42094 8.31636 7.14048 9.24949 6.83329 5.81656 5.72125 6.2402 5.69561 5.31015 7.29965 7.14095 6.24592 6.02062 5.65076 5.30855 5.75686 6.39524 5.2387 8.97928 7.07761 7.42688
threshold=0.11296429145793109 0.033930353578557178 0.95950000000000013 225.23797084994251 0.72773853347925599 -1.4557456511592604 0.63450000000000017 0.49323116990168953 4.0930096980994115 -10.718895435251499 0.22550474195612966 0.22381109993132034 0.025439137134052391 6.5453333333333346 0.16172624237140368 3.9695079306774876 0.19860420938936299 9.356403554040897 88.850000000000009 7.8227458556958558 0.13408712121212124 10.350000000000003 11.500000000000002 0.73056106352300609 0.7320290674574973 0.23023660207127955 0.21306512811995362 82.450000000000017 0.4574509313923027 15.500000000000002
decision_type=2 2 2 2 2 2 2 2 2 2 2 2 2 2 2 2 2 2 2 2 2 2 2 2 2 2 2 2 2 2
left_child=-1 2 3 4 14 -4 16 26 9 -9 -10 -12 -11 17 -2 -16 -5 18 23 -19 21 -21 -22 -7 -25 -26 -3 -28 29 -29
right_child=1 7 5 6 -6 13 -8 8 10 12 11 -13 -14 -15 15 -17 -18 19 -20 20 22 -23 -24 24 25 -27 27 28 -30 -31
leaf_value=0.022151627935717504 0.00014635402272005781 -0.00066501877501350202 -0.020321246457943507 0.034937488135428262 0.0031330479053316043 0.020729343821296962 -0.010638490091456607 0.02048108487815473 -0.011218911603956366 0.0065715517314591815 -0.0083932848197527301 0.036876999113797639 -0.035249120674301422 -0.01461804169700477 -0.0086861716512704381 -0.046785119134965164 -0.00046104494963031739 0.016068064872258689 -0.014258327997005972 0.02615323116709807 0.0025461220833888688 -0.022759612662929349 -0.037242703853585586 -0.016156912321211012 -0.013876400214897444 0.03019831698127904 0.00049128048969994669 0.005435781280012264 -0.010732822298656478 -0.048553962494411913
leaf_weight=20.069250419735909 16.915548980236053 89.731451004743576 18.914762258529663 20.839659214019775 41.130015537142754 167.7613070756197 26.742350354790688 11.8666685372591 15.727191612124441 11.59671466052532 12.765134438872336 32.163837507367134 22.725504770874977 20.128066435456276 23.528594717383385 26.20164667069912 17.628574997186661 32.787011027336121 16.257634624838829 12.443065688014032 11.014080688357355 4.7923074662685385 20.805522337555885 20.581831395626068 8.1965807527303713 18.27141846716404 48.794321209192276 5.5445476025342932 51.14197701215744 33.442400977015495
leaf_count=84 70 371 77 87 169 699 111 49 65 48 53 133 94 83 97 109 73 136 67 52 46 20 86 85 34 76 203 23 214 139
internal_value=-3.48003e-05 -0.000706162 0.00254018 -0.00564758 -0.0136097 0.00665727 0.00718765 -0.00582169 0.0039435 -0.0092361 0.0142994 0.0239617 -0.0214442 0.00854137 -0.0237888 -0.0316567 0.0199534 0.0103162 0.0141249 -0.000343222 -0.0122462 0.00936901 -0.0243157 0.0166622 0.00108191 0.0157187 -0.0104785 -0.0164 -0.0253527 -0.0405623
internal_weight=880.509 860.44 524.94 172.986 107.776 351.954 65.2106 335.5 106.845 46.1889 60.6562 44.929 34.3222 333.039 66.6458 49.7302 38.4682 312.911 231.069 81.842 49.055 17.2354 31.8196 214.811 47.0498 26.468 228.655 138.923 90.1289 38.9869
internal_count=3653 3569 2177 716 445 1461 271 1392 442 191 251 186 142 1384 276 206 160 1301 961 340 204 72 132 894 195 110 950 579 376 162
is_linear=0
shrinkage=0.05


Tree=36
num_leaves=31
num_cat=0
split_feature=125 61 98 191 100 121 160 156 204 6 70 70 125 83 120 169 96 82 13 69 217 33 216 135 96 204 43 91 90 34
split_gain=4.96162 6.0892 7.11096 9.78936 9.82438 6.49352 6.55137 7.08617 6.09283 5.81814 5.9454 5.76183 5.73911 7.81229 7.03682 7.7128 6.63465 6.42819 6.85408 6.80557 6.32265 6.87791 7.12455 6.4061 6.1881 5.6803 5.61015 10.3931 7.00616 6.57251
threshold=4.0000000000000009 0.31647391340344239 0.026686449060336303 2.375031338376751 0.051508489993935723 0.71224290100109788 16.136800273762976 0.79448755044669317 1.8657488226026551 7.3714549732877055 33.500000000000007 28.750000000000004 5.0000000000000009 81.250000000000014 0.75927737914039295 0.023991961074677413 0.30340953118946151 29.950000000000003 4.8875181320547538 25.350000000000005 0.015095874687180598 0.35698964090581653 -0.0058433408552016472 -0.82289458946646954 0.32824160447761203 0.46479458188128003 6.5500000000000007 5.9690829307611555 1.5000000000000002 0.29748508883019542
decision_type=2 2 2 2 2 2 2 2 2 2 2 2 2 2 2 2 2 2 2 2 2 2 2 2 2 2 2 2 2 2
left_child=-1 5 8 9 -5 6 7 11 -3 10 26 -2 16 20 15 -15 17 18 25 -19 21 22 -14 -22 -18 -7 29 28 -28 -4
right_child=1 2 3 4 -6 12 -8 -9 -10 -11 -12 -13 13 14 -16 -17 24 19 -20 -21 23 -23 -24 -25 -26 -27 27 -29 -30 -31
leaf_value=0.0076517578468080355 -0.003943709814133659 -0.026123724646586549 -0.034143067795092817 0.034116832431100884 -0.013725569582008799 -0.029136630711774959 -0.014455680030636662 -0.020005821465939502 0.013127997419330354 0.021407208583215299 0.010513706101761992 0.034272544152707619 0.016478451849808982 -0.020672000028996627 0.023833648071170915 0.011765810835065633 -0.035809795542177968 0.034567324710449869 0.023169818534678355 -0.0052617292952542964 0.010954745136092276 0.018530611840060579 -0.026964197481679955 -0.032651686951039476 0.014692910257557255 0.015114462633912203 0.0097172477783000824 0.028096148308973889 -0.021499672781039633 0.011066586803153936
leaf_weight=162.82733407616615 9.7003173232078534 61.793099120259285 42.595989540219307 26.164082869887352 12.089280903339384 17.866785898804668 10.927536919713019 4.8522554337978354 7.5645399093627921 10.603200435638426 23.930886507034302 44.696349650621414 11.444180831313135 113.25292526185513 7.2620345652103415 17.286776632070541 9.8513327986001951 38.174624651670456 12.567672178149222 11.318247035145758 9.9073176234960574 67.696096777915955 16.976639568805695 15.433051109313963 5.763081267476081 6.0919648855924597 20.080413475632668 13.213019490242003 61.155181735754013 6.2530848681926718
leaf_count=676 40 257 179 108 50 74 45 20 31 44 99 188 48 468 30 71 41 159 52 47 42 284 70 64 24 25 83 55 253 26
internal_value=-6.28136e-05 -0.00189148 -0.00750754 -0.00271649 0.0185803 0.00181345 0.0152029 0.0217614 -0.0209116 -0.00781721 -0.010383 0.0272784 -0.000894008 -0.00489454 -0.0128854 -0.0159164 0.00882755 0.0144475 -0.0010011 0.0253532 0.00412493 0.0101417 -0.00887494 -0.0157832 -0.0169145 -0.0163547 -0.0142782 -0.00620307 -0.0133773 -0.0274014
internal_weight=879.339 716.512 285.443 216.085 38.2534 431.069 70.1765 59.2489 69.3576 177.832 167.229 54.3967 360.893 259.259 137.802 130.54 101.634 86.0193 36.5264 49.4929 121.457 96.1169 28.4208 25.3404 15.6144 23.9588 143.298 94.4486 81.2356 48.8491
internal_count=3653 2977 1185 897 158 1792 293 248 288 739 695 228 1499 1077 569 539 422 357 151 206 508 402 118 106 65 99 596 391 336 205
is_linear=0
shrinkage=0.05


Tree=37
num_leaves=31
num_cat=0
split_feature=3 74 121 39 52 62 151 144 93 84 95 33 109 173 53 46 26 78 215 173 113 160 70 55 62 50 87 119 71 60
split_gain=4.74413 4.93733 6.53583 4.47558 6.97739 6.76449 11.362 6.93082 6.4361 6.13703 8.52044 8.07757 7.74081 8.33097 9.41687 7.82458 6.7014 6.58521 7.50645 7.9028 6.1959 5.74275 6.75332 6.37686 6.88539 5.68271 5.72751 5.35391 5.30448 5.8732
threshold=4.1242977528089897 0.42650000000000005 0.72508462739141566 1.0720000000000003 0.24802028218694888 19.950000000000003 1.7550383582114608 6.2314500000000015 6.1851445813337262 61.45000000000001 0.28281685634626813 0.32662386341903021 57.555002075550028 -0.013789930580264382 0.36013280667885933 1.0000000180025095e-35 4.2396909315244926 18.850000000000005 -0.00030784522852350665 -0.013789930580264382 19.500000000000004 -16.122037037037028 38.650000000000013 41.69986643814466 26.150000000000002 4.7500000000000009 0.46010051587211803 24.612500000000004 17.450000000000003 0.42944468583983736
decision_type=2 2 2 2 2 2 2 2 2 2 2 2 2 2 2 2 2 2 2 2 2 2 2 2 2 2 2 2 2 2
left_child=-1 3 -3 4 8 6 7 -5 9 10 12 -11 25 15 -15 -14 -17 18 19 -12 -21 -16 23 24 -23 26 -2 -19 -7 -30
right_child=1 2 -4 5 -6 28 -8 -9 -10 11 17 -13 13 14 21 16 -18 27 -20 20 -22 22 -24 -25 -26 -27 -28 -29 29 -31
leaf_value=0.027186526508862642 -0.0011087018807828363 -0.030798848423697872 0.0039762954356653262 -0.018145987555338829 0.03089686947107248 -0.0071261033613862074 -0.025636683993125353 0.025691229580447245 0.019360541105452447 -0.041609621975095989 -0.024623751646718844 -0.0070332267409700198 0.024320838229439156 0.020144209865281117 0.01679379585559088 -0.02187614065515427 0.018621914517889918 0.021580256532377554 -0.026896936515140968 -0.012644710696417101 0.023069531979088936 -0.033615603609307862 0.016010500307964522 -0.0021760112440626107 0.004132946079113956 -0.0058406588718981122 0.031680425691959932 -0.018844054264192181 0.027150655085512943 -0.0077875685124924659
leaf_weight=10.686638057231901 15.475547775626181 24.98541784286499 20.703036189079285 7.8965021073818198 11.229321345686911 15.919189184904097 28.554523929953575 26.316960260272026 27.589191347360611 15.422311395406721 20.314423233270645 141.67765639722347 47.643849015235901 21.905750259757042 10.81909456849098 20.294644385576248 11.925186425447462 21.700056642293934 60.704704761505127 14.545690134167669 27.006140932440758 62.253496870398521 11.020327672362326 41.815106004476547 12.097062960267065 17.423210546374321 47.449252769351006 6.7854147255420676 64.920417219400406 10.957788765430449
leaf_count=45 65 103 86 33 47 66 119 109 114 64 85 588 199 91 45 84 50 93 251 60 112 257 46 173 51 72 197 28 275 45
internal_value=-3.56218e-05 -0.000553585 -0.01571 0.000348864 -0.00140898 0.00789874 -0.00427452 0.0139124 -0.0022295 -0.00336242 -0.000415747 -0.0117605 0.00414396 -0.000349922 -0.00699059 0.0122806 -0.00572732 -0.0100622 -0.0150847 -0.00197587 0.010015 -0.0120263 -0.0152095 -0.0189161 -0.0272853 0.0170824 0.0237603 0.00982841 0.0162715 0.0216265
internal_weight=878.038 867.351 45.6885 821.663 667.097 154.565 62.768 34.2135 655.868 628.279 471.179 157.1 320.123 239.775 159.911 79.8637 32.2198 151.056 122.571 61.8663 41.5518 138.005 127.186 116.166 74.3506 80.348 62.9248 28.4855 91.7974 75.8782
internal_count=3653 3608 189 3419 2772 647 261 142 2725 2611 1959 652 1330 996 663 333 134 629 508 257 172 572 527 481 308 334 262 121 386 320
is_linear=0
shrinkage=0.05


Tree=38
num_leaves=31
num_cat=0
split_feature=196 49 119 50 218 205 17 189 210 8 5 219 3 84 89 16 157 61 115 4 31 24 90 113 22 42 28 25 83 104
split_gain=4.68409 4.64375 7.76627 7.08436 6.37181 5.58347 6.32002 5.41999 5.28397 6.43103 7.71329 7.69128 6.25077 6.21609 7.7658 7.76906 8.17049 9.33954 7.43253 7.01958 7.12968 6.49642 6.07697 5.87614 5.80312 6.92558 6.76647 6.45537 6.55384 5.77333
threshold=190.84500000000003 11.750000000000002 22.527777777777782 5.7500000000000009 -0.0092411114891028986 3.6925708838035329 4.1650000000000009 7.0744616422176572 3.8557662893851332 1.3201798035416881 1.856313857605145 0.14955199146829454 5.1383607913939677 60.650000000000013 -0.79694066907160976 5.5000000000000009 62.588670322483274 0.29238368193604153 0.25410284955021284 1.5830937162192842 0.65000000000000002 7.9716147596479354 12.500000000000002 29.500000000000004 2.8311991680635753 84.050000000000011 0.27164161766559142 4.448935408539068 78.250000000000014 9.5422959574553889
decision_type=2 2 2 2 2 2 2 2 2 2 2 2 2 2 2 2 2 2 2 2 2 2 2 2 2 2 2 2 2 2
left_child=1 3 -3 8 -5 7 -7 -4 9 11 22 -1 -10 14 -14 16 23 -18 21 -20 -21 -17 -11 -16 25 -22 27 28 -26 -15
right_child=-2 2 5 4 -6 6 -8 -9 12 10 -12 -13 13 29 15 18 17 -19 19 20 24 -23 -24 -25 26 -27 -28 -29 -30 -31
leaf_value=-0.01922166880775367 -0.024874879102514499 0.0059927118916498247 -0.018850757351898687 -0.013641299621654616 0.035165873870408988 0.012003953851003777 -0.032978383202108399 0.019565217891179373 0.025122443874982792 -0.043008879768110297 0.017733604695351689 0.02201929578303001 -0.014278300785520136 -0.010992996531930458 0.029158943033395546 0.013329093837592851 0.026455929329552659 -0.0065562821956438276 0.032000405355466437 -0.026845370129893471 0.032073431708333669 -0.027119893216004654 0.0018766985425713173 -0.00097988772603360675 0.021524432277169325 -0.014630299081141745 0.017362545751817469 0.014680487226924215 -0.023839955934111381 0.012130786567693881
leaf_weight=15.153274163603781 13.606640562415121 53.666463375091553 12.957112461328508 5.0068692713975933 22.708402723073959 5.7253509908914557 44.815885156393051 13.728314235806463 24.311922490596771 25.587613582611084 5.344032108783721 20.397517055273056 43.735922679305077 137.66754646599293 79.967894956469536 9.0351188927888852 24.894390046596527 69.469542935490608 15.992727175354956 15.036109402775763 26.811933398246765 33.445857152342796 8.092970594763754 17.626550853252411 4.7766814082860938 6.4862214028835288 28.393026575446129 15.555409848690031 48.73505000770092 27.97652193903923
leaf_count=63 58 224 54 21 96 24 187 58 101 106 22 84 181 572 333 38 106 288 67 62 113 139 34 73 21 27 119 65 201 116
internal_value=-2.65884e-05 0.000477357 -0.00798135 0.00206726 0.0248472 -0.0177702 -0.0268107 9.21048e-05 0.000967059 -0.01113 -0.0240213 0.00362153 0.00251496 0.00136816 0.00450313 0.00679065 0.0138762 0.00279418 0 0.00492914 0.000831211 -0.0174927 -0.0327288 0.0236894 0.00506944 0.0216008 -0.00111314 -0.00970525 -0.01787 -0.00669998
internal_weight=876.709 863.102 130.893 732.209 27.7153 77.2267 50.5412 26.6854 704.494 74.5754 39.0246 35.5508 629.918 605.607 439.962 396.227 191.958 94.3639 204.268 161.787 145.794 42.481 33.6806 97.5944 130.758 33.2982 97.4602 69.0671 53.5117 165.644
internal_count=3653 3595 547 3048 117 323 211 112 2931 309 162 147 2622 2521 1833 1652 800 394 852 675 608 177 140 406 546 140 406 287 222 688
is_linear=0
shrinkage=0.05


Tree=39
num_leaves=31
num_cat=0
split_feature=130 44 142 68 23 85 52 87 19 25 95 121 82 25 199 7 103 144 45 216 104 128 85 120 108 29 41 159 59 210
split_gain=4.80597 5.58182 6.97463 5.57971 6.09372 6.11044 8.52971 9.72933 9.53146 12.139 11.9103 7.30638 6.69488 6.47178 7.16826 6.33187 6.26057 5.94084 8.49762 7.35265 8.40001 7.63496 6.36299 8.23171 6.11286 5.59921 5.54114 5.81095 5.31433 5.12656
threshold=-0.041075422192576393 -0.58068084432175959 0.0097964639631555901 2.3000000000000003 13.13217502206232 27.750000000000004 0.19429629629629633 0.46339736721261293 6.5000000000000009 4.4107843585933644 0.27570469383334889 0.72846987197270774 25.950000000000003 2.2456759058474698 0.24557489239510413 0.047147275996038247 4.6138304302735724 7.9692499999999997 0.31729257441605191 -0.014496933722455916 11.106438650593404 0.45426758876645712 25.450000000000003 0.73345945868619833 68.758202099737545 0.096544387274537194 3.5828503535193854 -0.74305969654807302 0.23250897226353731 14.180433310765066
decision_type=2 2 2 2 2 2 2 2 2 2 2 2 2 2 2 2 2 2 2 2 2 2 2 2 2 2 2 2 2 2
left_child=1 -1 -3 4 5 6 8 -8 10 11 17 -10 -12 14 -7 -9 29 19 22 21 24 -2 23 25 -21 -19 27 -14 -11 -15
right_child=3 2 -4 -5 -6 13 7 15 9 28 12 -13 26 16 -16 -17 -18 18 -20 20 -22 -23 -24 -25 -26 -27 -28 -29 -30 -31
leaf_value=0.025593927338218709 0.014573826613211247 -0.016348509013900687 0.022150392715029311 0.024162493220887791 -0.02213005155590856 0.01677936576309701 -0.0098754779284060297 -0.011060766193756599 0.034769345834588676 0.020214468161770558 0.0092637144852248301 -0.00012399775136358009 -0.012870738071448321 0.022056265152639566 -0.027811372642467438 0.028902446654113109 -0.007546457937860164 -0.037798885496711981 0.024261927161486115 -0.02176432718255239 0.016885491658932602 -0.021161607854817771 0.021745119398645093 0.010306170328758623 0.0080643456593957052 0.0022187468166595349 -0.0064606581519262539 -0.051621157070195073 -0.019212530193532765 -0.0090174748156277591
leaf_weight=32.934500738978386 49.159016013145447 24.639822274446487 14.431575283408163 16.060840293765068 30.543373107910156 9.5251610577106494 32.644740164279938 8.3296656161546689 35.265191256999969 5.8807103633880606 9.1100403964519483 21.604775309562683 21.893778651952744 90.441875830292702 19.041642278432846 49.275484383106232 26.042863607406616 23.851825296878815 33.313822105526924 131.70866087079048 14.463132604956625 15.458330616354941 12.286758080124853 20.264422744512558 15.718714207410811 10.157021522521971 23.261112973093987 31.001681283116341 35.823034971952438 11.394230127334593
leaf_count=138 205 102 60 70 127 40 136 35 147 25 38 89 92 381 79 205 108 99 138 549 60 64 51 84 65 42 97 130 149 48
internal_value=-2.11645e-06 0.0119048 -0.000661424 -0.00116708 -0.00186443 -0.000873995 -0.00320246 0.0104934 -0.00575188 0.00779473 -0.00911038 0.0221706 -0.0252747 0.00773068 -0.0119138 0.0223026 0.0125904 -0.00449439 0.00532937 -0.00895551 -0.0145583 0.00475992 -0.00483028 -0.0125952 -0.0182598 -0.0264539 -0.0300306 -0.0385106 -0.0115487 0.0180862
internal_weight=875.528 72.0059 39.0714 803.522 787.461 756.918 600.472 90.2499 510.222 98.5737 411.648 56.87 85.2666 156.446 28.5668 57.6051 127.879 326.382 99.8738 226.508 161.891 64.6173 66.56 54.2733 147.427 34.0088 76.1566 52.8955 41.7037 101.836
internal_count=3653 300 162 3353 3283 3156 2500 376 2124 410 1714 236 357 656 119 240 537 1357 414 943 674 269 276 225 614 141 319 222 174 429
is_linear=0
shrinkage=0.05


Tree=40
num_leaves=31
num_cat=0
split_feature=123 150 216 143 63 141 42 97 41 54 52 49 160 44 79 159 30 115 90 45 40 101 99 69 99 23 25 203 93 87
split_gain=4.7113 5.75062 6.67333 6.54964 5.40673 6.53987 7.73211 7.73009 5.90282 6.91112 5.29187 5.92306 6.80762 9.79663 5.94527 5.81085 6.29579 5.56951 5.48498 5.76233 5.34135 5.28961 5.23396 5.89893 5.79597 5.22652 5.47508 6.77093 6.13523 5.1367
threshold=4.0000000000000009 0.47504851649217822 -0.0062381312717479783 0.2069277356081235 27.900000000000002 3.9131901840490806 79.050000000000011 0.24397502903600468 2.478044558033766 7.0797679918979357 0.2451666666666667 13.750000000000002 -11.400029756284349 -0.087155742747658124 45.20000000000001 -6.2518836648583465 0.20395976031293869 0.32030818852319559 32.500000000000007 -0.96359376111369344 8.5625373174521098 0.014742103738046944 0.030602489561790302 19.650000000000002 0.035747914985203126 11.854287600575638 5.2500440917107598 7.1392050654120753 3.7834385666312129 0.472915057915058
decision_type=2 2 2 2 2 2 2 2 2 2 2 2 2 2 2 2 2 2 2 2 2 2 2 2 2 2 2 2 2 2
left_child=1 21 3 -3 8 6 29 -8 9 -2 11 12 13 -10 -13 25 -17 18 19 -18 -15 -1 -23 24 -24 26 27 -14 -29 -6
right_child=4 2 -4 -5 5 -7 7 -9 10 -11 -12 14 15 20 -16 16 17 -19 -20 -21 -22 22 23 -25 -26 -27 -28 28 -30 -31
leaf_value=-0.013051870560633769 0.013422764085264821 0.026582118743342445 -0.020043368055676941 -0.017580918213081456 -0.0031309368360185629 0.022795189181487503 0.017293604970743583 -0.027906241663174427 0.025592756279169078 -0.038830279609911644 0.024942463958146699 -0.0044440355274397922 -0.015317976917206981 0.009531388442631716 -0.043436233184045242 0.011634893997131556 0.0088275831182449294 0.013832981844632023 0.016776141435737458 -0.015015217267269277 -0.025592807858916738 0.029828791589034859 -0.0090640954745820988 -0.019797645873545502 0.025015384592917946 -0.023161756136705694 -0.0080788997600890946 0 0.045722814999230421 0.02181763963111745
leaf_weight=11.741692215204237 4.971588388085368 18.345389902591709 30.06714816391468 8.1843485534191114 36.636037856340408 38.620458364486694 8.3390420824289304 30.602189615368843 43.674179583787918 18.488550439476967 11.431479796767233 27.575666666030884 5.1096483170986167 16.656840890645981 13.254798993468283 34.389508455991745 23.432534903287888 18.786607146263123 11.65698119997978 257.00764566659927 16.391196757555008 43.543006241321564 14.170718163251875 11.536179840564726 32.734181776642799 5.5256147384643546 14.096966981887816 10.057144269347193 21.409656941890717 35.701513335108757
leaf_count=49 21 76 125 34 153 164 35 128 182 79 48 115 21 69 56 143 97 79 48 1070 68 184 59 48 136 23 59 42 89 153
internal_value=0 0.00731893 -0.00509907 0.0115376 -0.00183502 0.00638573 0 -0.0167916 -0.00414164 -0.0264658 -0.00286972 -0.00376214 -0.00203596 0.01107 -0.0210054 -0.00470741 -0.00718393 -0.009496 -0.0112881 -0.0128157 -0.00830637 0.0136639 0.0174397 0.00619145 0.0143564 0.00944308 0.0152083 0.024677 0.0330668 0.00947342
internal_weight=874.139 170.323 56.5969 26.5297 703.816 149.899 111.279 38.9412 553.917 23.4601 530.456 519.025 478.195 76.7222 40.8305 401.472 345.273 310.884 292.097 280.44 33.048 113.726 101.984 58.4411 46.9049 56.199 50.6734 36.5764 31.4668 72.3376
internal_count=3653 711 235 110 2942 633 469 163 2309 100 2209 2161 1990 319 171 1671 1437 1294 1215 1167 137 476 427 243 195 234 211 152 131 306
is_linear=0
shrinkage=0.05


Tree=41
num_leaves=31
num_cat=0
split_feature=130 37 68 156 153 198 39 119 110 204 144 36 155 205 142 207 118 149 23 90 97 110 63 205 60 190 105 216 28 144
split_gain=4.407 6.11206 5.12242 5.34386 10.023 8.42495 8.32405 7.58971 10.1416 8.59991 7.38301 7.26857 9.63897 7.39775 7.38035 8.48602 7.10057 7.04341 8.0458 8.60756 7.45084 7.34054 6.50197 7.42722 6.47138 6.38808 6.1132 5.74297 7.0157 6.54938
threshold=-0.041075422192576393 0.13247863247863251 2.3000000000000003 0.46978839455116006 196.33663554916129 8.2357082433136117 1.0980000000000003 21.950000000000003 0.28828402822157634 1.3877071379351087 14.628200000000003 0.44283059521641971 60.776768713828716 3.0330054553158772 0.8259136627430077 5.9869777539287927 19.633333333333336 -0.017565718679935272 12.168040691555829 3.5000000000000004 0.31437556154537288 0.27994548192577134 27.700000000000006 4.7833443680897849 0.42586733332494903 9.5069888562146332 0.37089947089947095 0.012976429020240684 0.24259175866680943 7.8033500000000009
decision_type=2 2 2 2 2 2 2 2 2 2 2 2 2 2 2 2 2 2 2 2 2 2 2 2 2 2 2 2 2 2
left_child=-1 -2 3 4 10 6 -5 8 -6 25 11 12 -3 26 15 -15 -10 21 19 20 -19 -7 23 -23 27 -9 -13 28 -21 -30
right_child=1 2 -4 5 7 17 -8 9 16 -11 -12 13 -14 14 -16 -17 -18 18 -20 24 -22 22 -24 -25 -26 -27 -28 -29 29 -31
leaf_value=0.011434682602559389 0.017328152467658318 0.0090242291060335603 0.022381382512316153 -0.041568012345929432 0.011404750352410412 -0.038354441322213058 0.01200242225612645 0.00045342503031969589 0.010242033956732594 -0.0089851587340066558 0.027372590636430924 -0.018255760913738053 -0.021295012703597321 -0.035002646112048792 0.0041787719183621046 0.0078460591147843303 -0.042216917093455014 0.028824639781698927 -0.018049794538847367 -0.022117593082464894 -0.015756020908465878 -0.032659632206247007 0.018308611250042947 0.010578167611523793 -0.024873548079508548 0.029507470764096058 0.033918484388555464 0.02033466257353294 -0.0074371219066501557 0.025473131285720124
leaf_weight=71.79248420894146 37.391318053007126 88.751704484224319 15.559813261032103 25.700516715645794 33.726779401302338 22.944282978773117 6.1693986505269995 27.278330102562904 5.878050938248637 23.199619337916374 10.657249659299849 4.9377476871013632 31.342156410217285 65.666496589779854 18.770104601979256 10.79314638674259 16.591512843966484 43.626861825585365 44.483479052782059 28.48162753880024 7.4389767199754706 20.70595009624958 14.89381295442581 11.908320575952528 20.741320818662643 75.213593706488609 8.1886196881532651 28.632094979286194 30.362784951925278 21.091372445225716
leaf_count=300 156 368 68 107 141 95 26 113 25 97 44 21 132 275 78 45 69 183 186 119 31 86 63 50 88 316 34 120 128 89
internal_value=0 -0.00110075 -0.00214236 -0.00283076 0.000847591 -0.00758061 -0.0302984 0.00960316 -0.00504024 0.0162838 -0.0057706 -0.00797697 0.000376759 -0.0170644 -0.0219523 -0.0285368 -0.0282172 -0.00458203 -3.38717e-05 0.0046413 0.0210585 -0.0178026 -0.00469375 -0.0169002 -0.00219852 0.0223881 0.013291 0.00281766 -0.00399009 0.00667146
internal_weight=872.92 801.127 763.736 748.176 420.995 327.181 31.8699 181.888 56.1963 125.692 239.107 228.45 120.094 108.356 95.2297 76.4596 22.4696 295.311 224.859 180.375 51.0658 70.4524 47.5081 32.6143 129.309 102.492 13.1264 108.568 79.9358 51.4542
internal_count=3653 3353 3197 3129 1758 1371 133 761 235 526 997 953 500 453 398 320 94 1238 944 758 214 294 199 136 544 429 55 456 336 217
is_linear=0
shrinkage=0.05


Tree=42
num_leaves=31
num_cat=0
split_feature=3 62 25 156 39 51 117 22 125 84 91 147 143 203 32 203 133 162 136 147 114 27 62 207 73 198 128 114 98 90
split_gain=4.29435 4.35178 8.62449 6.47926 5.76051 7.03763 7.79929 6.80122 6.13477 8.57635 9.34066 7.54974 5.69092 9.44985 11.2231 5.60282 5.57081 7.01198 6.68902 5.52306 7.63906 5.40726 5.57835 5.97159 5.58855 5.20196 6.54262 5.82858 5.10711 5.08761
threshold=4.1242977528089897 15.450000000000001 5.3605671680721976 0.2746690643107973 1.0720000000000003 0.23829166666666671 0.16302800189843383 2.7324033647984298 5.0000000000000009 61.250000000000007 5.2699378164608106 0.0084175107510185716 0.2574220947467446 6.9971881512775296 0.14446656947272282 11.12799015009381 0.82266998484306753 0.29328236611640013 4.7996774421089823 0.042312823642877119 0.2776172125883109 0.23837084322787047 29.700000000000006 3.8131201522696183 44.550000000000004 9.1159727639267452 0.38219837196841516 0.25935935935935944 0.020040160642570286 7.5000000000000009
decision_type=2 2 2 2 2 2 2 2 2 2 2 2 2 2 2 2 2 2 2 2 2 2 2 2 2 2 2 2 2 2
left_child=-1 2 12 -4 8 -6 -7 -8 9 -3 16 21 13 -2 -15 19 18 -18 28 20 -13 25 23 -23 -25 26 27 -10 -11 -22
right_child=1 4 3 -5 5 6 7 -9 11 10 -12 15 -14 14 -16 -17 17 -19 -20 -21 29 22 -24 24 -26 -27 -28 -29 -30 -31
leaf_value=0.026009561273684718 -0.012400695968673056 0.011117411674228106 0.0055754701162921702 -0.033679801856726949 0.021172818755196377 0.02695193811586627 0.014048485136330301 -0.023279187576430996 -0.0022509593650864418 0.0034496005646261086 0.023032833505385986 0.02185935849305681 -0.024623200037537863 -0.0070695854280652618 0.032176038480950409 0.030082064807120858 0.03327581462778275 -0.019462333478327418 0.01856342937570369 -0.022665580015008503 0.0064282834086653098 -0.029477357387856364 0.0096548162624827717 -0.020950389680082469 0.010063269400556931 -0.013516623197422271 -0.012879766580253159 0.043463159933959029 -0.029226095136225334 -0.032962060463889345
leaf_weight=10.576808154582976 45.777546942234039 172.61784417927265 10.996485620737074 36.594107732176781 67.618720516562462 12.391013160347937 13.162069976329802 32.750497043132782 8.8826476782560366 11.945600241422651 16.88533028960228 32.226161137223244 15.489033430814741 27.707142442464828 37.54585987329483 13.938647776842116 9.0687018483877164 6.4283552616834632 6.4404735863208762 15.822384044528006 13.313081786036493 70.317577317357063 13.252024829387663 23.652791619300842 23.9341039955616 29.811767548322678 11.429761603474615 13.41087646782398 57.442072302103043 10.080345287919043
leaf_count=45 191 725 45 154 287 52 56 137 37 50 70 137 65 116 156 60 38 27 27 66 55 293 55 99 100 124 48 56 240 42
internal_value=0 -0.000478443 -0.00744315 -0.0244662 0.00129201 0.0107515 -0.00165757 -0.0117584 -0.0008637 0.00426952 -0.006442 -0.00608308 -0.000163103 0.0039477 0.0158389 0.00588782 -0.0130639 0.0107686 -0.0186087 -0.000164425 0.00716571 -0.011474 -0.0170984 -0.0205792 -0.00540278 0.000172124 0.0131015 0.0272572 -0.0234109 -0.0124803
internal_weight=871.51 860.933 174.11 47.5906 686.823 125.922 58.3036 45.9126 560.901 280.828 108.211 280.072 126.52 111.031 65.253 85.3806 91.3252 15.4971 75.8281 71.442 55.6196 194.692 131.156 117.904 47.5869 63.5351 33.7233 22.2935 69.3877 23.3934
internal_count=3653 3608 727 199 2881 532 245 193 2349 1177 452 1172 528 463 272 360 382 65 317 300 234 812 547 492 199 265 141 93 290 97
is_linear=0
shrinkage=0.05


Tree=43
num_leaves=31
num_cat=0
split_feature=196 143 53 41 1 52 61 5 52 204 100 51 46 1 36 21 203 100 51 93 16 135 78 147 42 108 6 110 42 189
split_gain=4.27202 4.22733 4.90155 5.98127 5.99894 5.34108 5.30907 7.56981 8.07128 6.90204 5.90621 6.29918 8.43513 6.20386 6.07042 7.34683 8.35978 5.36522 11.1708 7.09468 6.61475 6.455 7.21405 6.37696 5.9825 5.66514 7.48683 5.2169 5.18887 5.03053
threshold=190.84500000000003 0.11296429145793109 0.35080310501311224 3.2170327588261221 5.2110000000000012 0.26338293650793659 0.29830653061224494 0.77822061407427279 0.10840909090909093 -0.067300707830854276 0.061381475667189961 0.247962962962963 9.5000000000000018 6.0010000000000003 0.30169174211106592 5.1579676674364903 9.3278816265349018 0.027460098026894562 0.24272222222222226 3.97982691129004 5.5000000000000009 1.7311603753986671 16.600000000000005 -0.040205489851724265 56.95000000000001 66.310068649885594 3.0654610475632342 0.29125504435162636 85.65000000000002 8.9872111017893346
decision_type=2 2 2 2 2 2 2 2 2 2 2 2 2 2 2 2 2 2 2 2 2 2 2 2 2 2 2 2 2 2
left_child=1 -1 3 -3 -5 6 7 -4 -9 -10 13 12 -12 17 -15 16 27 18 21 24 -21 22 -8 -20 -19 26 -26 -16 -11 -25
right_child=-2 2 5 4 -6 -7 10 8 9 28 11 -13 -14 14 15 -17 -18 19 23 20 -22 -23 -24 29 25 -27 -28 -29 -30 -31
leaf_value=0.021207189557525687 -0.023795383231556569 -0.0034586784061350732 -0.023993360221973428 0.038687738239309127 0.0055658489693369787 0.028025429297334176 -0.029767140675300393 -0.021476641796250681 -0.006255622527613954 0.023787031167252802 0.034283222010945774 -0.0082446752757402934 -0.019302533630526912 -0.02721160657150808 0.039607448241824911 -0.022772825380503754 -0.012842379179188936 0.0072262964192315315 -0.024219655573595872 0.0081214647244353452 -0.021806149521966443 0.0069776798047619763 0.007173489436341972 0.022570541765245748 0.0053792165752714217 0.0020783146025024515 -0.029625601453452739 0.0022801722591434051 -0.002730261255383221 -0.00080728733103768496
leaf_weight=19.010929882526398 13.452136427164076 44.150279581546783 14.35542421042919 20.759317979216576 38.227393537759781 9.8872046172618848 52.801947236061096 14.266867175698279 31.754835516214371 88.360677927732468 26.826102375984192 22.578556567430496 5.3571926653385153 6.2445604652166358 28.885016664862633 7.8420885950326911 12.089604571461676 15.861976251006125 7.4516861736774436 57.157545775175095 21.198749288916588 22.304668292403221 13.645936146378515 54.768516272306442 14.497257247567175 18.66527459025383 118.55185253918171 15.870670497417448 19.759800538420677 33.623336136341095
leaf_count=81 58 185 60 88 160 42 221 60 134 377 111 95 22 26 121 33 50 67 31 239 89 93 57 227 61 77 496 66 85 141
internal_value=0 0.000518957 -4.38925e-05 0.0098687 0.0197255 -0.0015267 -0.0021534 0.0054471 0.0090137 0.0129301 -0.0045284 0.0102709 0.0232949 -0.00627935 0.00687172 0.012237 0.0189217 -0.00855748 -0.00187275 -0.0133381 -0.000497665 -0.0143603 -0.0218599 0.0095817 -0.0190089 -0.0220544 -0.0255736 0.0284327 0.0188133 0.013843
internal_weight=870.207 856.755 837.744 103.137 58.9867 734.607 724.72 168.498 154.142 139.875 556.223 54.7619 32.1833 501.461 70.9319 64.6874 56.8453 430.529 184.596 245.933 78.3563 88.7526 66.4479 95.8435 167.576 151.714 133.049 44.7557 108.12 88.3919
internal_count=3653 3595 3514 433 248 3081 3039 716 656 596 2323 228 133 2095 296 270 237 1799 770 1029 328 371 278 399 701 634 557 187 462 368
is_linear=0
shrinkage=0.05


Tree=44
num_leaves=31
num_cat=0
split_feature=125 110 179 84 100 121 64 152 25 38 6 210 200 200 175 68 22 50 141 41 100 153 46 75 156 53 8 56 141 55
split_gain=4.30965 5.28213 5.83484 6.14444 5.25165 7.85726 5.72649 6.81834 5.15346 4.81088 4.66838 6.68838 5.78092 7.4683 5.50064 5.83926 6.69017 7.93827 10.537 6.79496 7.03212 5.66188 5.57624 5.45014 6.36705 5.35645 5.32895 6.15253 6.7124 5.30368
threshold=4.0000000000000009 0.28951534052239852 0.025509517314990519 66.100000000000009 0.018237250554323726 0.72768583351893046 16.150000000000002 1.9966437058519877 5.8521164021164029 0.95950000000000013 4.5107329272498964 3.8557662893851332 5.2437785471466425 5.0663843300103135 0.045449156343931298 -1.4499999999999997 3.6418247170388502 0.75000000000000011 4.3868146672914721 3.5495993425248469 0.024465060601526267 279.76084124251992 12.500000000000002 -1.0000000180025095e-35 0.60208234004081695 0.44218398105593232 2.4002297172359577 88.626410697653498 3.0073272854152133 40.15340326340327
decision_type=2 2 2 2 2 2 2 2 2 2 2 2 2 2 2 2 2 2 2 2 2 2 2 2 2 2 2 2 2 2
left_child=1 2 3 -1 -3 6 9 -8 -4 -6 14 -12 13 26 15 -2 19 -18 22 21 25 -17 -19 24 -16 -21 -13 -28 -29 -20
right_child=10 4 8 -5 5 -7 7 -9 -10 -11 11 12 -14 -15 23 16 17 18 29 20 -22 -23 -24 -25 -26 -27 27 28 -30 -31
leaf_value=0.03555693355271302 -0.025792784799403091 0.02235630745931156 0.010873255462620954 -0.0027211585737514088 0.0074280455098041697 0.019049045376125298 0.027260454291671562 -0.019748046324286613 -0.027775203359539015 -0.035629005555229722 -0.028055826691866625 -0.0077946771311599543 -0.015759701090414285 0.029503596403133006 0.011656541269927776 -0.016413925059584094 -0.0078685860566529171 0.026526072233884729 0.012226779759047273 0.011943621562915429 0.022907968766375429 0.015487649887702147 -0.0073024540483629359 0.021951124583233762 -0.030118908421728565 -0.025461093139481389 -0.01957217807339522 0.037677659006378719 -0.0091322093699189675 -0.025808123891817226
leaf_weight=35.823426529765129 17.763451606035233 13.378882512450216 23.337932363152508 11.630214646458624 5.0663379281759253 15.828563675284384 9.9773441106081027 10.703637152910231 7.3612725138664237 27.898791268467903 28.540831357240677 112.28151854872704 65.095498397946358 15.716836735606192 19.54187631607056 111.96937127411366 54.428444042801857 81.913735657930374 10.711507737636568 12.302910909056665 29.174094751477242 11.004750102758406 10.703488126397131 51.367774590849876 9.3476778119802457 16.250138744711876 6.0850033760070792 18.927318409085277 7.7395145893096915 17.072587221860886
leaf_count=152 75 56 98 49 21 66 42 45 31 116 120 471 276 66 82 469 228 343 45 52 124 48 45 218 39 68 26 79 32 71
internal_value=0 0.00725595 0.0161882 0.0263338 -0.00132672 -0.00741783 -0.0166116 0.00284931 -0.000286037 -0.0282464 -0.00168911 -0.00705674 -0.00374452 0.00129881 0.00131107 -0.00122941 0.000269196 0.0072048 0.0142603 -0.00631974 0.00714948 -0.0128702 0.0221867 0.0127998 -0.00357228 -0.00922099 -0.00247241 0.0137272 0.0240057 -0.0107537
internal_weight=868.945 161.006 78.1528 47.4536 82.8536 69.4747 53.6461 20.681 30.6992 32.9651 707.938 254.387 225.846 160.75 453.552 373.294 355.531 174.83 120.401 180.701 57.7271 122.974 92.6172 80.2573 28.8896 28.553 145.033 32.7518 26.6668 27.7841
internal_count=3653 676 330 201 346 290 224 87 129 137 2977 1070 950 674 1907 1568 1493 732 504 761 244 517 388 339 121 120 608 137 111 116
is_linear=0
shrinkage=0.05


Tree=45
num_leaves=31
num_cat=0
split_feature=125 49 7 88 133 87 144 173 111 105 7 36 76 38 135 35 111 215 213 94 144 130 94 156 24 117 75 26 16 63
split_gain=3.96858 4.99167 6.75508 6.42095 7.43517 6.75555 6.2985 9.81964 7.72161 9.40957 6.61078 7.40281 6.04369 7.53496 6.01319 7.46315 6.91188 9.19942 5.94818 5.79335 5.75091 6.44071 6.22797 5.70825 7.87994 7.31063 5.67073 5.34284 4.98021 4.96358
threshold=4.0000000000000009 11.750000000000002 0.13388323748270817 94.346331069637003 -1.0062520680506779 0.44595951588182453 8.361600000000001 -0.037577399599243617 19.500000000000004 0.25290697674418611 0.09668037706907126 0.64178776253118286 23.350000000000005 0.95950000000000013 2.4654487504095721 0.087492728677800932 6.5000000000000009 0.03256647791051779 8.2765311565322559 0.26308936403508776 7.6382000000000003 -0.033983379716220112 0.27377627028465024 0.43032355374339265 8.0141333500677856 0.26975051975051983 -0.44999999999999996 4.0276417624695515 6.5000000000000009 15.050000000000002
decision_type=2 2 2 2 2 2 2 2 2 2 2 2 2 2 2 2 2 2 2 2 2 2 2 2 2 2 2 2 2 2
left_child=-1 2 6 -3 -5 -6 8 -8 9 -2 11 14 13 -10 15 18 -17 -18 -9 -4 21 26 23 24 29 -25 -11 -27 -22 -23
right_child=1 3 19 4 5 -7 7 10 12 20 -12 -13 -14 -15 -16 16 17 -19 -20 -21 28 22 -24 25 -26 27 -28 -29 -30 -31
leaf_value=0.0069725939078285242 -0.031129090438612939 -0.023986302534659019 0.0059488051413575382 -0.031544493005452645 -0.02534180127823768 0.017344395302840526 -0.019556409970432374 0.017716686595499739 0.005313972314764776 -0.0028399970722025264 -0.0045324967400957941 -0.02391875242546505 0.0088473783170019416 -0.03854687465792115 -0.0071741466418012685 -0.0057244744712477875 0.044276544210362201 -0.003407413537575921 -0.022845948551044243 -0.030917097984975068 0 -0.0073037842219373338 0.011276417731032915 -0.023202592906631569 -0.016442385275256627 0.023601746907707079 0.036897504024949027 -0.017255934186249842 -0.0361521791305041 0.026767403991972805
leaf_weight=160.62842957675457 16.399593502283096 47.823786780238152 12.653424575924872 9.4193903803825361 6.5972801446914664 40.477303668856621 20.908167779445648 18.471762388944629 10.704456821084021 10.691275238990782 35.405331626534462 5.0428776890039435 11.50266247987747 30.531839907169342 12.692080333828924 8.0014024674892408 61.89219756424427 9.9891603589057905 9.5703539848327619 25.635611906647682 21.79890912771225 10.987977132201193 107.49280844628811 52.375373050570488 20.419207066297531 15.247535824775698 22.499006688594818 8.088350832462309 11.144076079130171 32.649183228611946
leaf_count=676 69 201 53 40 28 172 87 78 45 45 149 21 48 128 53 34 262 41 40 107 91 46 455 219 86 64 96 34 47 138
internal_value=0 -0.00162009 0.000120653 -0.011453 0 0.00902322 0.0016075 0.00915787 -0.00199157 0.000876319 0.0135125 0.0187669 -0.0188812 -0.027277 0.0216316 0.0254082 0.0328247 0.0375342 0.00175438 -0.0188765 0.0030922 0.00554355 0.00242737 -0.00436 0.00612609 -0.0133715 0.0247466 0.00801194 -0.0150983 0.0178053
internal_weight=867.741 707.112 602.795 104.318 56.494 47.0746 564.506 181.973 382.532 329.793 161.065 125.66 52.739 41.2363 120.617 107.925 79.8828 71.8814 28.0421 38.289 313.394 280.451 247.26 139.768 64.0564 75.7113 33.1903 23.3359 32.943 43.6372
internal_count=3653 2977 2536 441 240 200 2376 765 1611 1390 678 529 221 173 508 455 337 303 118 160 1321 1183 1042 587 270 317 141 98 138 184
is_linear=0
shrinkage=0.05


Tree=46
num_leaves=31
num_cat=0
split_feature=52 87 79 42 216 107 130 6 115 130 129 41 216 118 135 87 105 11 56 119 211 44 76 76 152 152 23 117 175 133
split_gain=3.95296 9.79189 6.38895 6.51107 6.4163 7.383 7.65639 7.05151 6.128 5.97103 6.23533 6.55439 7.84788 6.0362 7.12273 7.04379 5.38208 5.36188 5.35977 5.20613 5.16571 4.95711 5.75804 5.19399 4.93687 4.84274 5.15367 4.81554 6.11172 11.3709
threshold=0.19515909090909092 0.46266051176305184 32.800000000000004 62.750000000000007 -0.0031904036178272695 10.80098199672668 0.04839880656016627 4.8371574410648686 0.26503245819466709 -0.054780406392949101 0.034413362800889392 3.2054370035677882 -0.010532873388165149 22.775000000000002 -0.75333512016438864 0.44996440436639779 0.53279569892473122 3.6436820511336649 90.307532271470521 22.414285714285715 0.69047619047619058 -0.91702515554752051 16.050000000000004 18.250000000000004 2.3140569554253143 1.920762037427348 11.141815369973829 0.16302800189843383 0.047174226515871352 0.86953126827098404
decision_type=2 2 2 2 2 2 2 2 2 2 2 2 2 2 2 2 2 2 2 2 2 2 2 2 2 2 2 2 2 2
left_child=2 -2 3 -1 9 6 7 18 24 -4 20 12 25 -13 17 -16 -7 -15 27 -20 -11 22 -9 -23 -3 -12 -27 -6 29 -29
right_child=1 8 4 -5 5 16 -8 21 -10 10 11 13 -14 14 15 -17 -18 -19 19 -21 -22 23 -24 -25 -26 26 -28 28 -30 -31
leaf_value=-0.015911401682854608 -0.010659099692726878 -0.013626116038337691 0.03460904085840056 0.021694441690087406 0.0065713662577981009 0.024570355361678269 0.018703238888421063 -0.028662027972152976 0.025884979905107783 -0.0061151833300902266 0.00036448069651197785 0.017172928522696022 0.010146881066882933 0.029882624390097669 0.015935391768784002 -0.019952853368060415 -0.0058390855585725276 -0.0070441482754422038 0.030946796223054237 -0.0066622004760412586 0.029637992426383316 -0.0056532798482006857 0.016190834995538674 -0.035591596940878975 0.024484453495044418 -0.030531166262175786 0.011517687953621028 -0.023099147105635924 0.0067234392171541578 0.022022833811782164
leaf_weight=10.089086040854452 42.712095260620117 21.48437370359898 8.8051974922418577 46.665660426020622 33.217063575983047 24.533323794603348 16.865253269672394 6.327939078211787 58.557590052485466 11.305888146162031 21.284468919038773 54.427539020776749 26.850518807768822 18.34889313578606 12.972448348999022 53.564040288329124 23.641404151916504 12.716886445879934 13.040547728538515 14.153569698333738 25.814973115921021 24.515583738684654 14.413319930434225 56.983971819281578 7.4338315576314917 53.163846090435982 4.7827883511781684 109.62104839086533 26.818718865513802 11.33570848405361
leaf_count=43 180 91 37 200 140 103 72 27 247 47 90 230 113 78 54 224 100 53 55 59 108 103 61 239 32 225 20 461 113 48
internal_value=-2.84783e-05 0.00780525 -0.0014907 0.0138575 -0.00290102 -0.00724925 -0.00998069 -0.0118901 0.0171801 0.00241829 0.000814563 -0.00197263 -0.0113013 0.00453003 -0.00276988 -0.0119816 0.0100312 0.0151924 -0.00617829 0.0126014 0.0187218 -0.0224572 0 -0.0277223 -0.000927041 -0.0190376 -0.0260242 -0.00939726 -0.0132479 -0.0179656
internal_weight=866.448 130.188 736.26 56.7547 679.505 375.467 327.293 310.427 87.4758 304.037 295.232 258.111 106.082 152.03 97.6023 66.5365 48.1747 31.0658 208.187 27.1941 37.1209 102.241 20.7413 81.4996 28.9182 79.2311 57.9466 180.993 147.775 120.957
internal_count=3653 550 3103 243 2860 1581 1378 1306 370 1279 1242 1087 448 639 409 278 203 131 876 114 155 430 88 342 123 335 245 762 622 509
is_linear=0
shrinkage=0.05


Tree=47
num_leaves=31
num_cat=0
split_feature=196 53 118 106 80 90 26 143 52 159 49 76 4 27 140 4 144 8 129 40 218 51 36 210 77 134 0 115 134 76
split_gain=3.88381 3.88535 5.95568 4.68422 5.52255 5.33631 5.03303 4.66575 4.76893 4.75746 8.14968 7.09823 6.46549 6.63262 6.14938 5.70474 7.67689 9.95157 7.00425 7.32566 6.45085 7.12038 6.04056 5.96402 5.94748 6.01973 10.2854 6.41974 5.60938 5.52933
threshold=190.84500000000003 0.35080310501311224 21.708333333333339 2.9497883389615147 44.900000000000006 8.5000000000000018 3.7990354427319706 0.11296429145793109 0.26338293650793659 -4.3199613585519598 11.250000000000002 18.350000000000005 8.1089887256430213 0.2558042363864505 0.65787690219436767 3.1274701743652495 8.1810500000000008 1.4122545700744755 0.049300947743946534 9.0450981837385083 -0.0048774594406911414 0.24951851851851853 0.34274255988804653 11.180555555555557 10.750000000000002 0.55788907062497606 1.0000000180025095e-35 0.33376511226252165 -0.2460648712813813 24.200000000000006
decision_type=2 2 2 2 2 2 2 2 2 2 2 2 2 2 2 2 2 2 2 2 2 2 2 2 2 2 2 2 2 2
left_child=1 2 -1 -4 6 -6 -5 -3 9 10 12 -12 14 -14 -9 18 24 22 -11 20 -20 -22 -18 -23 -17 27 -27 -26 -24 -13
right_child=-2 7 3 4 5 -7 -8 8 -10 15 11 29 13 -15 -16 16 17 -19 19 -21 21 23 28 -25 25 26 -28 -29 -30 -31
leaf_value=0.027781733399256232 -0.022773999443290879 0.021394781261288413 -0.016285330879080014 0.019603297652497395 0.03282379961171962 -0.0063625026914875251 -0.020608860430213538 0.023833246926363953 0.026519639688109688 0.017753907087606016 -0.032922139185331052 0.017678206261251394 -0.027070621495164232 0.021936367105030479 -0.0080905381735646344 -0.024844275309825664 -0.012036190125371115 -0.011514918534082132 -0.0132135693860268 -0.022559889530188629 0.022837768148267847 -0.022948740325172103 -0.00083449522769011046 0.017613328692957161 -0.015255394416389657 -0.015744084681172357 0.026919996006530764 0.023621528866889476 0.033162164369647695 -0.024102277858386097
leaf_weight=26.338921844959259 13.340306788682936 17.90468430519104 20.599438816308975 6.6664365828037289 22.915134266018867 9.1667571216821653 17.808978840708733 76.24849508702755 9.7934359163045865 50.817382663488388 16.960152328014374 19.651652127504352 14.248647898435594 5.7617814242839804 14.592421561479567 69.107255846261978 11.066670328378676 58.799827888607979 34.388585865497589 31.398077949881554 45.822997480630875 17.704128801822666 15.062490865588186 9.9068465977907163 134.55351948738098 21.295819982886314 25.266885191202164 6.6083187311887732 34.964618861675262 6.5146422535181037
leaf_count=112 58 77 87 28 97 38 75 322 42 215 72 83 60 24 61 292 46 247 145 133 196 74 63 42 566 90 106 28 147 27
internal_value=0 0.000479752 0.00934169 0.00143485 0.00909361 0.0216047 -0.00734057 -0.000766374 -0.00148526 -0.00208032 0.00552402 -0.0117338 0.0126706 -0.0103956 0.0182897 -0.00422022 -0.00776621 0.0024464 0.00269993 -0.00304664 0.00316203 0.0115028 0.0161163 -0.00715931 -0.0125848 -0.0074145 0.00728784 -0.0125186 0.0233262 0.00427603
internal_weight=865.275 851.935 103.496 77.1567 56.5573 32.0819 24.4754 748.439 730.535 720.741 153.978 43.1264 110.851 20.0104 90.8409 566.763 376.725 119.894 190.038 139.221 107.823 73.434 61.0938 27.611 256.832 187.725 46.5627 141.162 50.0271 26.1663
internal_count=3653 3595 437 325 238 135 103 3158 3081 3039 649 182 467 84 383 2390 1585 503 805 590 457 312 256 116 1082 790 196 594 210 110
is_linear=0
shrinkage=0.05


Tree=48
num_leaves=31
num_cat=0
split_feature=37 22 130 82 44 22 178 93 210 61 56 40 28 129 3 110 215 103 132 35 26 21 94 46 214 155 175 121 130 132
split_gain=3.79254 5.33263 5.08144 5.55058 6.40778 5.02655 4.70028 4.57103 9.71018 6.6805 7.15092 9.24217 7.13255 6.30116 6.21372 5.10808 6.6912 7.65655 6.34084 6.19933 5.15718 4.92385 6.8625 4.9115 5.38328 5.5211 4.78662 4.72776 5.31523 5.03619
threshold=0.13247863247863251 3.5499926233814443 -0.041075422192576393 28.150000000000002 -0.58068084432175959 3.825351782363978 0.73163326122927019 5.3257867319004708 7.9057539682539693 0.31656964877638377 90.352154141230827 7.5136179494996211 0.33270951256632381 0.049515471211584151 7.3213411595843381 0.29125504435162636 1.0000000180025095e-35 7.0559228906686542 0.012342054141220945 0.10442050713634872 6.3434935008808901 5.9123227441521555 0.26205857914416292 1.0000000180025095e-35 0.0028146548222482974 65.911120938137671 -0.0058197090858995845 0.71207439541223116 -0.016003982868140722 1.0000000180025095e-35
decision_type=2 2 2 2 2 2 2 2 2 2 2 2 2 2 2 2 2 2 2 2 2 2 2 2 2 2 2 2 2 2
left_child=1 -1 3 -2 6 -6 -5 9 -9 13 11 -11 15 23 -15 16 17 20 -18 -20 26 22 -12 -4 -25 -26 -13 28 -16 -29
right_child=2 -3 7 4 5 -7 -8 8 -10 10 21 12 -14 14 27 -17 18 -19 19 -21 -22 -23 -24 24 25 -27 -28 29 -30 -31
leaf_value=-0.00710867240692418 0.032639535020097421 0.026295201404483538 0.020549570118796625 0.031685594497315221 0.011330556996951388 -0.02788262745433804 -0.0071404904181239116 0.028202070778751972 -0.0085871808388700496 0.020766849553072536 0.023312732788491664 0.0023745584860278965 0.020770446840166268 -0.035142309096711066 -0.014884080950403467 -0.026952165695790942 -0.03006540437130005 0.035300171669444699 -0.022794901575417005 0.030395990459677738 0.013600549672274554 -0.01414967135400814 -0.012331319013893633 0.015752934299616397 -0.030143809975653371 0.01533051560845866 -0.027027951535132367 -0.010621814741622273 0.022042314520679614 0.0036610609009547763
leaf_weight=15.097614973783491 17.380242571234703 25.803090870380402 57.925134927034378 16.196788355708126 8.5242103487253207 16.631572306156158 8.4641430377960187 31.373917728662491 30.418711751699448 14.274882912635801 37.861171647906303 20.459165588021275 8.2973889261484128 8.9701927304267866 8.2405377775430662 84.49323371052742 45.971025332808495 7.9963857233524314 4.960303843021391 6.9732314944267273 17.432147279381752 19.150789886713028 14.951386913657187 18.539283826947212 15.977193266153337 5.3074383586645117 27.187254056334499 122.17964944243431 34.152924612164497 112.75805880129337
leaf_count=64 74 108 245 69 36 69 36 132 128 60 160 86 35 38 34 358 196 33 21 29 73 81 63 79 67 22 115 515 147 480
internal_value=0 0.013989 -0.000776222 0.0118574 0.00183492 -0.0140904 0.0185595 -0.00200278 0.0104304 -0.00321216 -0.00861982 -0.0127621 -0.0154174 0.00114337 -0.00255665 -0.0173638 -0.010231 0 -0.0221855 0.00660784 -0.00648432 0.0046965 0.0125956 0.0118209 -0.00119359 -0.0170942 -0.0149013 -0.000810436 0.013524 -0.00372913
internal_weight=863.949 40.9007 823.048 67.197 49.8167 25.1558 24.6609 755.851 61.7926 694.059 310.008 238.045 223.77 384.05 286.301 215.473 130.98 73.075 57.9046 11.9335 65.0786 71.9633 52.8126 97.7491 39.8239 21.2846 47.6464 277.331 42.3935 234.938
internal_count=3653 172 3481 284 210 105 105 3197 260 2937 1310 1006 946 1627 1214 911 553 307 246 50 274 304 223 413 168 89 201 1176 181 995
is_linear=0
shrinkage=0.05


Tree=49
num_leaves=31
num_cat=0
split_feature=197 99 39 44 131 6 15 27 192 10 40 37 72 27 139 101 44 35 69 99 87 109 6 143 143 94 59 7 155 54
split_gain=3.66265 3.76215 5.99776 8.71794 7.846 7.22488 7.24236 6.39883 6.212 6.07761 5.97664 5.69093 5.62084 6.11902 5.51984 5.42148 5.24544 4.83643 4.98118 4.58608 4.56552 4.4453 5.81969 6.09564 10.3232 5.80789 6.21791 5.77063 5.94328 6.98248
threshold=305.38000000000005 0.031887359281634817 0.95950000000000013 -0.95368063612909426 -1.4557456511592604 3.2286645083479146 5.5000000000000009 0.23257002957452289 55.371508865116958 6.9373276773630357 9.1320202788608196 0.40833333333333338 26.950000000000003 0.22619400366921585 1.7471611986913607 0.019560019129603066 0.13052122218260645 0.081385124479347523 25.850000000000005 0.016340835399580398 0.48225108225108232 70.341435185185205 4.594346843035841 0.21696241063899716 0.21887182089228432 0.30301478215767635 0.23739152483587264 0.11213434095528908 43.103696520947246 9.2352688394179214
decision_type=2 2 2 2 2 2 2 2 2 2 2 2 2 2 2 2 2 2 2 2 2 2 2 2 2 2 2 2 2 2
left_child=1 2 3 -1 -4 10 -7 9 11 -5 12 -9 16 -14 15 -13 -6 -8 20 -15 -19 22 23 -3 -25 26 -26 28 -24 -30
right_child=-2 21 4 7 5 6 17 8 -10 -11 -12 14 13 19 -16 -17 -18 18 -20 -21 -22 -23 27 24 25 -27 -28 -29 29 -31
leaf_value=0.023537111842843239 -0.021504314133226354 0.019568209664659712 -0.020463626005225354 -0.02283641106944467 0.035159448533868827 0 0 -0.029927500857761042 0.019762736899190017 0.017066054169614972 -0.024695911556497682 -0.0144330453352396 0.017231172319325635 0.012286053052535684 -0.027227073227217381 0.024237824876261686 -0.0074475856982217318 0.01944521207619564 -0.0050344989099483694 -0.022599059780289324 0.046308168140638518 -0.017740767899949578 0.01153106330456531 -0.021727979695817662 0.030441582507730158 -0.012259505220258687 0 0.009888725676506482 -0.0038552182968344981 -0.027296079211893472
leaf_weight=18.929974749684334 14.314220279455183 48.884787768125534 17.951282292604446 7.7909590154886237 17.322828337550167 53.272262737154961 20.068216189742088 50.820872709155083 6.5428365170955649 31.542523398995399 16.425103262066841 10.603167802095415 17.828704953193665 8.0581793785095197 11.33295828104019 16.336121574044228 7.2016108632087699 77.180600717663765 9.4624982029199582 31.931691959500313 27.044952541589737 40.696477919816971 19.660391107201576 34.924255713820457 31.134994938969612 18.830348908901215 29.793562307953835 35.032764986157417 72.45065413415432 59.266715586185455
leaf_count=80 62 206 74 33 74 226 85 213 28 133 69 44 76 34 48 70 30 329 41 134 115 171 83 148 135 80 126 148 306 252
internal_value=0 0.000513552 0.00359693 -0.00425074 0.00765852 0.00983236 0.0154934 -0.00902828 -0.0158514 0.00691435 -0.000876467 -0.0196437 0.00473035 -0.00367443 -0.00353018 0.00835773 0.0226587 0.0215102 0.0253534 -0.0144296 0.0284454 -0.00303503 -0.00102878 0.00567955 -0.000601919 0.00908971 0.0164964 -0.00704029 -0.0113089 -0.0151979
internal_weight=862.637 848.322 457.647 153.899 303.748 285.797 187.029 134.969 95.636 39.3335 98.7681 89.0931 82.343 57.8186 38.2722 26.9393 24.5244 133.756 113.688 39.9899 104.226 390.675 349.978 163.568 114.683 79.7589 60.9286 186.411 151.378 131.717
internal_count=3653 3591 1936 649 1287 1213 796 569 403 166 417 375 348 244 162 114 104 570 485 168 444 1655 1484 695 489 341 261 789 641 558
is_linear=0
shrinkage=0.05


Tree=50
num_leaves=31
num_cat=0
split_feature=46 52 57 35 94 3 213 86 5 135 144 8 136 149 4 77 92 115 82 26 88 69 112 219 160 36 149 219 87 42
split_gain=3.61142 8.16595 7.03986 7.72492 6.69584 13.8517 7.99122 5.91969 7.02145 6.46789 6.35377 5.97374 5.78999 5.74933 5.73892 6.2033 6.18145 10.8372 6.75759 8.47443 6.62964 7.24972 6.48263 6.69769 5.98833 5.85745 5.598 5.58267 5.94374 6.03529
threshold=1.0000000180025095e-35 0.19515909090909092 24.885263298423819 0.10581827810178439 0.30216947936977528 9.7576813869457784 31.360882399614244 -2.8872431005116606 1.3772454548824584 -2.0871578698140314 7.938200000000001 1.4122545700744755 1.6921959234587818 -0.32731103835159309 7.8847557114801612 5.7000000000000002 8.7927898929830217 0.28302729110512131 28.950000000000003 5.28319831485154 93.634979451104471 15.500000000000002 7.5000000000000009 5.5509787717968182 -12.420240785993878 0.37635505480255055 0.40086145160402192 3.2006470499818906 0.46240288916500377 67.350000000000009
decision_type=2 2 2 2 2 2 2 2 2 2 2 2 2 2 2 2 2 2 2 2 2 2 2 2 2 2 2 2 2 2
left_child=1 14 3 -3 5 7 -6 12 9 -9 13 -12 -2 -10 15 -1 17 -17 19 20 21 -18 23 27 -22 -16 -7 28 -20 -30
right_child=4 2 -4 -5 6 26 -8 8 10 -11 11 -13 -14 -15 25 16 18 -19 22 -21 24 -23 -24 -25 -26 -27 -28 -29 29 -31
leaf_value=0.03751585152590825 -0.01768345016110014 -0.018899495373633425 0.030734341933765626 0.021626680180428532 -0.027063079667669854 0.02680759010610988 0.013885013938936203 0.015825221064632199 0.020706732799677753 -0.024321700553178859 0.037324988948334227 -0.0004476760626961479 0.022892866988201362 -0.019529064932914994 0.0076688379064603716 0.022819250996543666 0.027599376636752729 -0.008418121934899124 -0.010148030014463185 0.007022168651312697 0.0083464811298671962 -0.015731032563911181 -0.027855544974073672 -0.013975167516952634 -0.036358640779035029 -0.028924634833432744 -0.011336503146184508 0.027264424064909316 0.025699372400429327 -0.0001781261801108145
leaf_weight=6.7853666096925727 7.6487018913030651 19.094783887267113 38.793798610568047 17.901072040200233 48.577037170529366 47.462748736143112 11.053116127848623 7.1473229229450217 6.2618297636508933 79.573415130376816 12.148516565561293 23.341077551245689 24.192357435822487 38.177330330014229 12.584146022796629 65.910292893648148 9.0079842954874021 40.737338528037071 40.862681329250336 37.439893141388893 5.8308418691158286 25.622927069664001 10.678811356425284 30.827448129653931 46.085870683193207 26.919249817728996 7.8102425783872595 31.386911422014236 36.78057436645031 44.675553798675537
leaf_count=29 32 80 166 76 206 201 48 31 27 337 51 98 103 163 53 279 38 171 173 158 25 109 45 130 194 114 34 134 157 191
internal_value=0 0.00246451 0.017154 0.000354676 -0.00422004 -0.000450493 -0.0185991 -0.00677057 -0.0106168 -0.020058 0 0.0148774 0.0113901 -0.0118331 0 0.00169143 0.000633838 0.0108206 -0.00280694 -0.0117384 -0.0200675 -0.00176929 0.00289244 0.00549162 -0.0306064 -0.0171538 0.0205096 0.00987071 0.0043157 0.0120279
internal_weight=861.319 547.926 75.7897 36.9959 313.394 253.764 59.6302 198.491 166.649 86.7207 79.9288 35.4896 31.8411 44.4392 472.136 432.632 425.847 106.648 319.199 123.988 86.5476 34.6309 195.212 184.533 51.9167 39.5034 55.273 153.706 122.319 81.4561
internal_count=3653 2322 322 156 1331 1077 254 842 707 368 339 149 135 190 2000 1833 1804 450 1354 524 366 147 830 785 219 167 235 655 521 348
is_linear=0
shrinkage=0.05


Tree=51
num_leaves=31
num_cat=0
split_feature=123 84 211 121 216 36 139 149 132 62 143 61 109 85 202 26 45 189 64 155 156 105 132 27 42 26 50 30 96 53
split_gain=3.65482 4.90729 5.89658 5.01556 5.08081 5.18172 4.68428 6.81109 5.82748 4.34072 5.01881 4.28914 4.16736 4.09133 6.15691 6.6319 6.07023 7.93203 5.8351 5.93305 7.76192 6.06571 5.88362 5.69177 7.86872 7.04825 6.44486 5.42268 6.2464 6.44575
threshold=4.0000000000000009 60.650000000000013 1.7083333333333337 0.72940321096167193 -1.0000000180025095e-35 0.46155109934925664 0.29598540145985414 -0.11084251308633662 -0.029539619823433363 14.65 0.21357232303295479 0.35128044280442811 65.978723404255334 27.600000000000005 0.34037085621893598 4.3123087744437063 -0.7933231318270072 8.1556393624564958 20.000000000000004 78.282443328844082 0.48350179531754878 0.3628526645768026 -0.00057554304830759173 0.2258701365991265 79.450000000000017 3.4902777777777785 0.75000000000000011 0.26311991958967912 0.28484220651892417 0.38849433757759316
decision_type=2 2 2 2 2 2 2 2 2 2 2 2 2 2 2 2 2 2 2 2 2 2 2 2 2 2 2 2 2 2
left_child=1 2 11 6 -5 -6 9 8 -8 -3 -11 -1 -9 16 -15 23 17 -2 27 20 -20 -21 -23 -16 26 -26 -25 28 29 -18
right_child=13 3 -4 4 5 -7 7 12 -10 10 -12 -13 -14 14 15 -17 18 -19 19 21 -22 22 -24 24 25 -27 -28 -29 -30 -31
leaf_value=0.032887059063272328 -0.027465183603029054 -0.013322489914483607 -0.0038182237041113204 0.030429851065521929 0.01600452646123773 -0.032237016266770543 -0.017431846365598105 -0.03517641303838797 0.032662403349532035 0.037765376360399713 -0.0067914427504349954 -0.0037632629331863922 0.003441879493583887 0.019955995059525188 0.023155917831745382 -0.01711484204946772 -0.010752907310301376 -0.0012961154335171311 0.011821706240565232 -0.012603469425326677 -0.026730465438930304 -0.0055871010134109405 0.041513410937922268 -0.011411698718063521 -0.032912434479142154 0.010542026989208489 0.02211739118508305 -0.018182445402130831 -0.013648302807693309 0.0096406136895567183
leaf_weight=36.261394798755646 51.504480019211769 10.133670359849932 20.279681757092476 17.081894397735599 7.0769143551588041 5.1520779728889465 5.9959190040826797 26.807769358158112 7.2555444538593274 10.477754682302477 7.1082235276699057 7.2571206986904135 6.4377520829439154 43.507159903645515 28.472610712051392 38.720869526267052 48.508702427148819 64.852365121245384 32.762606009840965 5.7110683768987647 14.866431340575216 5.9663039743900326 25.26518514752388 17.402598664164543 22.111079141497612 10.157155916094778 34.880350559949875 51.425910174846649 64.84006255865097 131.75769253075123
leaf_count=158 216 42 85 73 30 22 25 114 30 44 30 31 27 186 122 163 206 275 140 24 63 25 109 73 93 44 153 218 276 556
internal_value=2.05093e-05 0.00656925 0.0169236 -6.69452e-05 0.015679 -0.00632581 -0.00719832 -0.0164262 0.0100604 0.00766123 0.0211322 0.026502 -0.0275723 -0.00156126 0.00443799 -0.000346383 -0.00398643 -0.01374 -0.000804398 0.0103328 -0.00113284 0.024084 0.0322962 0.0056682 -0.000905704 -0.0189841 0.0104987 -0.00418232 -0.00084022 0.00387579
internal_weight=860.038 167.326 63.7982 103.528 29.3109 12.229 74.2166 46.497 13.2515 27.7196 17.586 43.5185 33.2455 692.713 195.252 151.745 497.461 116.357 381.104 84.5716 47.629 36.9426 31.2315 113.024 84.5512 32.2682 52.2829 296.532 245.106 180.266
internal_count=3653 711 274 437 125 52 312 196 55 116 74 189 141 2942 834 648 2108 491 1617 361 203 158 134 485 363 137 226 1256 1038 762
is_linear=0
shrinkage=0.05


Tree=52
num_leaves=31
num_cat=0
split_feature=37 173 130 82 1 207 118 200 73 43 111 62 67 21 98 155 46 41 23 39 43 11 102 139 215 13 3 11 136 4
split_gain=3.47907 4.93799 4.68845 5.0105 6.01413 5.27011 4.31428 5.48962 6.20927 5.04163 12.016 7.02108 6.1042 6.68534 5.82647 6.32228 8.56072 7.36688 6.67711 8.00572 6.26458 6.10524 6.10941 5.63788 6.46335 5.54664 5.80192 5.23782 5.45908 5.22626
threshold=0.13247863247863251 0.00036112413342266619 -0.041075422192576393 28.150000000000002 5.7990000000000004 3.6020132931427713 19.100000000000005 5.5701441345285252 46.250000000000007 6.3500000000000005 19.500000000000004 15.450000000000001 11.200000000000001 1.3992238178058047 0.024708316374983042 60.152316092199563 1.5000000000000002 3.4641496070751123 8.7467479312716012 1.0850000000000002 10.850000000000003 4.6582679964731328 1.0000000180025095e-35 3.4517291281541342 -0.0077177062907656654 4.198954356393382 9.2064436532868346 3.7413524953852426 4.7382653705785973 2.7328648303060592
decision_type=2 2 2 2 2 2 2 2 2 2 2 2 2 2 2 2 2 2 2 2 2 2 2 2 2 2 2 2 2 2
left_child=1 -1 3 -2 5 -5 7 8 -4 10 11 -8 -11 -14 27 16 20 18 19 -17 -16 22 29 24 -13 -20 -27 28 -15 -19
right_child=2 -3 6 4 -6 -7 9 -9 -10 12 -12 23 13 14 15 17 -18 21 25 -21 -22 -23 -24 -25 -26 26 -28 -29 -30 -31
leaf_value=0.025914300238924982 0.031305256406843333 -0.0060087737332778232 0.040347873933679536 0.012121913917937469 0.024671068999665799 -0.022706329977520791 -0.020264253435764976 -0.019102441840403689 -0.002797820037364169 -0.02547234062825611 -0.034593151738364955 0.01809635344349092 -0.01652536886760787 0.015607313430284101 0.035429830559126629 -0.025171865529954675 -0.0052743144397097048 0.0098650802311813571 0.01405879156916367 0.017982565544394809 0.0017814521123249176 0.027712902506116924 0.012773707290407818 -0.023798739633432472 -0.0030113593360981822 0.0082528877151958804 -0.028280660465209703 -0.016114846209321614 -0.018856231817982062 -0.038398326552263766
leaf_weight=24.592894911766052 17.211249500513077 16.07390558719635 15.550617098808294 13.218255981802939 14.710901439189909 21.628169238567352 43.729561045765877 5.000105842947959 11.30935165286064 17.110809907317162 32.946042731404305 51.542311191558838 41.543870985507965 33.647180631756783 47.439832150936127 49.23177507519722 27.15286011993885 5.366199627518653 50.38020795583725 8.8853005170822126 21.730505123734474 35.322959050536156 32.754035040736198 14.602368548512457 93.99899123609066 16.880327180027962 16.623915523290634 57.892393007874489 11.141962796449659 9.3719247281551343
leaf_count=105 74 67 68 56 64 90 188 21 48 73 140 218 176 144 200 208 115 23 216 38 91 151 140 62 402 72 72 245 47 39
internal_value=1.18795e-05 0.0134726 -0.000704794 0.011465 0.00187878 -0.00900427 -0.00188827 0.0147183 0.0238087 -0.00275487 -0.00864929 -0.00360933 0.000146113 0.00140198 0.00338975 0.00672501 0.017133 0.00188117 -0.00488298 -0.0172762 0.0260286 0.0133819 0.000622274 0.001263 0.00465047 0.00391088 -0.0105433 -0.00663716 0.00549923 -0.0215114
internal_weight=858.591 40.6668 817.924 66.7686 49.5573 34.8464 751.155 31.8601 26.86 719.295 236.819 203.873 482.476 465.365 423.821 321.14 96.3232 224.817 142.002 58.1171 69.1703 82.8151 47.4922 160.144 145.541 83.8845 33.5042 102.682 44.7891 14.7381
internal_count=3653 172 3481 284 210 146 3197 137 116 3060 1010 870 2050 1977 1801 1365 406 959 606 246 291 353 202 682 620 360 144 436 191 62
is_linear=0
shrinkage=0.05


Tree=53
num_leaves=31
num_cat=0
split_feature=196 53 118 17 84 131 9 44 85 97 60 87 44 101 45 16 11 200 191 191 50 101 139 8 91 29 131 25 212 37
split_gain=3.42257 3.68581 5.08028 6.18596 6.70105 6.68228 6.32482 4.38276 7.81852 6.75632 6.48066 5.84168 6.27889 6.1007 8.33546 5.67947 5.52463 5.37745 5.13248 8.43497 6.98284 6.30596 6.04571 5.70099 5.36355 5.17808 5.12489 7.03174 8.09101 6.87485
threshold=190.84500000000003 0.35080310501311224 21.708333333333339 6.1650000000000009 56.900000000000006 -0.843115417215201 0.23747865226553061 -0.63605400036818838 28.150000000000002 0.22902895645869761 0.42550794505790474 0.47934346068146266 0.85260769842926931 0.034982517482517496 0.35019404643548474 2.5000000000000004 3.2728982413269514 5.1263580862011233 1.3285487708168093 -0.3151313554160779 1.0000000180025095e-35 0.047924698548109268 0.5101887802918732 1.3504221388367732 4.1631356665316162 0.064142027058452747 1.0000000180025095e-35 5.2602509031696059 -0.36631570807407665 0.37412587412587422
decision_type=2 2 2 2 2 2 2 2 2 2 2 2 2 2 2 2 2 2 2 2 2 2 2 2 2 2 2 2 2 2
left_child=1 2 -1 4 6 -6 -4 18 9 26 11 13 17 14 -11 -12 -15 -13 19 -3 24 25 -21 -24 -20 -22 27 -9 -29 -28
right_child=-2 7 3 -5 5 -7 -8 8 -10 10 15 12 -14 16 -16 -17 -18 -19 20 22 21 -23 23 -25 -26 -27 29 28 -30 -31
leaf_value=0.026315545374293772 -0.021432621406125514 0.018101534948807892 0.029304266721705559 0.022494776194488156 0.017917755328038885 -0.031602477479123578 -0.012499169076826844 0.017227256995230419 0.0092952381657768843 -0.033152574218674104 0.0026228268791403868 0.017451923840532211 0.034204470100037583 -0.027685244960554519 0.0020992732513892515 -0.030129876438167863 0.01483330797103068 -0.015976411404341025 -0.025178842486201725 -0.019327401316360196 -0.0089100900840415175 -0.0076485902687628456 0.015965763441520262 -0.014678811568008944 0.017073060651334508 0.023947202836734974 -0.028260242344965825 0.017911524087230634 -0.028958218168838243 0.0056264635465429818
leaf_weight=26.012703508138657 13.176048338413237 32.110297322273254 14.014957010746004 20.650391608476639 4.5811487734317806 24.950423151254654 12.239018544554709 63.94765068590641 85.446232169866562 42.229363903403282 13.878683507442473 14.848112881183622 10.710832044482229 5.0164489448070553 23.147390797734261 61.478026837110519 26.021682918071747 25.003998890519142 17.437088221311573 60.678679585456848 9.8782643377780897 20.661992996931076 30.837965056300163 20.990643486380577 6.3955224752426139 92.439279362559319 23.214516624808311 10.494046509265901 17.741789609193802 26.979887440800667
leaf_count=112 58 138 60 87 19 107 52 269 367 178 59 64 45 21 98 263 112 106 74 258 42 88 132 90 27 394 98 44 75 116
internal_value=5.5868e-06 0.000493945 0.00916742 0.00176717 -0.00671358 -0.0217145 0.0101346 -0.00072416 -0.00382909 -0.00705565 -0.0124173 -0.00572075 0.00727845 -0.0128072 -0.0210536 -0.0239987 0.00437998 -0.00240721 0.00397124 -0.00255302 0.0104351 0.0152724 -0.00918011 0.00291523 -0.0119789 0.0202747 0.00128461 0.0083012 -0.0107125 -0.0107333
internal_weight=857.213 844.037 102.449 76.4359 55.7855 29.5316 26.254 741.588 450.159 364.712 222.335 146.978 50.5629 96.4149 65.3768 75.3567 31.0381 39.8521 291.43 144.618 146.812 122.98 112.507 51.8286 23.8326 102.318 142.378 92.1835 28.2358 50.1944
internal_count=3653 3595 437 325 238 126 112 3158 1915 1548 946 624 215 409 276 322 133 170 1243 618 625 524 480 222 101 436 602 388 119 214
is_linear=0
shrinkage=0.05


Tree=54
num_leaves=31
num_cat=0
split_feature=3 130 1 99 43 68 91 135 125 8 63 134 8 108 29 105 82 35 134 22 135 58 115 192 201 217 134 78 153 92
split_gain=3.34023 3.48807 6.22555 6.2262 6.42724 4.03725 5.89028 10.1303 5.43694 6.75914 6.47832 5.58693 5.41592 8.50881 6.45228 5.87896 5.77615 6.2457 6.2032 5.74364 6.70823 5.44284 6.3049 6.32594 6.18858 5.35932 7.19531 5.34695 5.17045 5.08949
threshold=4.1242977528089897 0.046881254297913212 5.801000000000001 0.040032051282051291 9.5500000000000025 1.1500000000000001 3.8393557845249857 -0.66297721440691404 6.0000000000000009 1.1315873015873017 11.550000000000002 0.2007849520398324 1.3201798035416881 66.258006799069605 0.077075444541138363 0.37089947089947095 29.550000000000004 0.08218792745459752 0.29717714963174152 4.9506742632813312 0.092691563179368122 21.60644909470928 0.26656024013494856 27.395379394549646 0.45510957066189628 0.0076313220667432709 1.0124954416193408 13.950000000000001 180.54301954265696 7.6502677384658497
decision_type=2 2 2 2 2 2 2 2 2 2 2 2 2 2 2 2 2 2 2 2 2 2 2 2 2 2 2 2 2 2
left_child=-1 5 3 4 -3 8 7 -7 10 27 -2 -11 16 15 -15 -14 19 -18 -19 20 -12 -17 25 -24 28 26 -23 -10 -25 -22
right_child=1 2 -4 -5 -6 6 -8 -9 9 11 12 -13 13 14 -16 21 17 18 -20 -21 29 22 23 24 -26 -27 -28 -29 -30 -31
leaf_value=0.023229111278585231 -0.017278247413316281 0.045938568853084817 -0.013285932532785347 -0.010419883047877956 -0.0012735634387761939 0.022765420716613877 0.017431652308091686 -0.023717868276291344 -0.038427924747850124 0.019684775476427933 0.0017613485009865975 -0.01592840915277232 -0.021138055773553842 -0.0088598883688034147 0.033055448445111914 -0.019888224920126072 -0.0085225094588423141 0.021225107284366773 -0.0082763039790944449 0.011351410503049046 0.0087952198898058522 -0.031062346654449575 -0.026164544137948699 0.022191034282611714 0.023851445853159747 0.012089032331406124 0.014927554541814759 -0.0045762167085740173 -0.014296072256929769 -0.03059611541652367
leaf_weight=10.244973272085188 49.981450036168098 18.83508858084679 12.770313337445257 7.6526719331741324 8.5184691399335843 13.825334563851355 59.384962424635887 25.675456151366234 27.043488100171089 18.027232557535172 63.166795715689659 15.827822744846342 57.69758477807045 10.671064078807833 19.482343047857285 32.53662146627903 25.494535908102989 105.75863689184189 17.121759802103043 51.655808582901955 6.8858947157859793 30.305862948298454 6.3213442414998999 9.192283019423483 50.32430200278759 12.322284355759619 7.061306580901145 23.68448631465435 25.053711175918579 33.178631335496902
leaf_count=45 213 81 54 33 37 59 256 110 114 77 269 68 248 45 84 138 109 452 72 219 29 130 27 39 214 52 31 101 106 141
internal_value=4.28419e-06 -0.000382664 0.012028 0.0223939 0.0325384 -0.00122743 0.0079255 -0.00615696 -0.00260528 -0.0141332 -0.00087609 0.00248441 0.000671955 -0.00451181 0.0183604 -0.00793176 0.00521471 0.0121134 0.0167561 -0.00140968 -0.00825559 -0.00292013 0.00138349 0.00921497 0.0134515 -0.0120174 -0.0210455 -0.0249001 -0.0022858 -0.0230465
internal_weight=855.703 845.458 47.7765 35.0062 27.3536 797.681 98.8858 39.5008 698.795 84.583 614.212 33.8551 564.231 260.969 30.1534 230.815 303.262 148.375 122.88 154.887 103.231 173.118 140.581 90.8916 84.5703 49.6895 37.3672 50.728 34.246 40.0645
internal_count=3653 3608 205 151 118 3403 425 169 2978 360 2618 145 2405 1114 129 985 1291 633 524 658 439 737 599 386 359 213 161 215 145 170
is_linear=0
shrinkage=0.05


Tree=55
num_leaves=31
num_cat=0
split_feature=37 22 105 196 205 53 41 32 90 159 49 76 81 109 128 97 152 34 75 78 35 159 97 38 35 41 10 76 97 40
split_gain=3.30392 4.94941 4.25282 3.93925 3.83718 3.7882 6.27804 5.92818 4.64026 4.19495 7.42327 6.44241 5.15714 6.23698 5.63944 5.421 5.12214 6.32049 7.22476 6.95939 10.2695 7.1692 5.30697 4.59594 4.60946 4.5274 4.77126 4.52578 4.50029 4.95267
threshold=0.13247863247863251 3.5499926233814443 0.49576271186440685 190.84500000000003 3.8566698364527521 0.35080310501311224 3.2170327588261221 0.097364553502357773 21.500000000000004 -4.3199613585519598 11.250000000000002 18.350000000000005 0.61450000000000016 58.280590717299582 0.36425146757141824 0.26065090249067263 2.5987204205931849 0.29231985347156836 -0.54999999999999993 10.500000000000002 0.14723611834081424 1.0000000180025095e-35 0.18867346938775512 0.95950000000000013 0.073908940415312777 3.5272759564077822 5.8964000267634118 24.200000000000006 0.19830544830544833 8.1260451668067564
decision_type=2 2 2 2 2 2 2 2 2 2 2 2 2 2 2 2 2 2 2 2 2 2 2 2 2 2 2 2 2 2
left_child=1 4 -3 5 -1 6 -2 -8 -9 10 12 -12 13 15 -14 -7 17 19 -19 21 22 -11 -21 -23 -25 26 -26 -13 -24 -30
right_child=3 2 -4 -5 -6 9 7 8 -10 16 11 27 14 -15 -16 -17 -18 18 -20 20 -22 23 28 24 25 -27 -28 -29 29 -31
leaf_value=0.010278314356203119 -0.0049931922323772958 0.034140208358280522 -0.0066752937393523698 -0.024117236109079992 -0.029084851193615036 -0.02477486011496708 -0.0074902920632733839 0.032773984033503671 -0.0088384575558867681 -0.024997881049122206 -0.030523958449199695 0.016231911991506816 -0.0042133713804395068 0.02516145349004166 0.029905513298796055 0.0099617789794836879 -0.021355106303334877 -0.015282509331964742 0.030220058079837159 0.020466573763650235 0.028135032237702463 0.02015477410888929 -0.028777838545710643 0.021316391248118891 0.010816836150460508 0.0072828620371330234 -0.027313850919313782 -0.021147491865021968 -0.01239516095922568 0.0015911458277145145
leaf_weight=9.1596808135509473 42.800706639885902 20.196076199412349 5.3677261769771567 12.597635746002195 5.7871987223625174 20.963721334934235 12.541972190141676 38.837797462940216 4.685047671198844 61.639059484004974 17.339073553681374 20.529862940311435 12.870878636837004 12.76005122065544 45.272613078355789 14.798412650823591 33.023895129561424 8.0382180064916593 24.090108945965767 18.298917278647423 25.027307167649269 12.980060756206511 12.801598682999609 6.4357736408710471 6.2502655386924735 15.752809733152388 37.547719419002533 6.6708371043205252 84.65264780819416 204.74356636404991
leaf_count=40 183 85 23 56 24 89 53 168 20 263 75 87 56 55 193 62 142 35 104 77 106 56 54 27 27 67 160 28 359 879
internal_value=0 0.0131351 0.0250621 -0.000705715 -0.00717939 -0.000159408 0.00872345 0.0191558 0.0273302 -0.0014977 0.00569566 -0.0103813 0.012797 1.58542e-05 0.0222213 -0.0103287 -0.0035491 -0.00217348 0.0176374 -0.00369992 9.08649e-05 -0.0128703 -0.00242082 -0.0021813 -0.0080373 -0.0130023 -0.0208093 0.00442815 -0.00419866 -0.00255617
internal_weight=854.461 40.5107 25.5638 813.951 14.9469 801.353 98.8655 56.0648 43.5228 702.487 151.205 44.5398 106.666 48.5222 58.1435 35.7621 551.282 518.258 32.1283 486.13 345.524 140.606 320.497 78.9666 65.9866 59.5508 43.798 27.2007 302.198 289.396
internal_count=3653 172 108 3481 64 3425 424 241 188 3001 645 190 455 206 249 151 2356 2214 139 2075 1475 600 1369 337 281 254 187 115 1292 1238
is_linear=0
shrinkage=0.05


Tree=56
num_leaves=31
num_cat=0
split_feature=52 1 216 79 42 216 107 130 6 192 141 62 40 218 99 132 24 101 120 122 45 142 105 141 104 211 103 159 60 59
split_gain=3.31342 8.90565 7.43616 5.32237 5.55985 5.52423 6.11448 6.21911 5.66543 5.59607 6.32944 6.77588 6.65368 6.20332 5.59109 5.14351 5.13727 4.91578 5.87276 5.97537 6.26158 7.00143 5.85539 5.61167 7.28555 5.51614 5.53514 5.04674 4.93082 5.08506
threshold=0.19515909090909092 6.4840000000000009 -0.0015049944264328705 32.800000000000004 62.750000000000007 -0.0031904036178272695 10.80098199672668 0.04839880656016627 4.8371574410648686 23.84678324802837 5.2999774286191892 19.150000000000002 8.4443315039872875 -0.0055823892696763048 0.047888266021149199 0.010242969106835769 8.1013513513513526 0.039441275602800106 0.71569601995867937 6.0000000000000009 0.95878322595067733 0.1126676313922154 0.25290697674418611 1.2704016587511735 10.645727200975822 0.69047619047619058 2.3581235697940506 1.0909784150298203 0.40238521021021023 0.26821679748516097
decision_type=2 2 2 2 2 2 2 2 2 2 2 2 2 2 2 2 2 2 2 2 2 2 2 2 2 2 2 2 2 2
left_child=3 2 -2 4 -1 14 7 8 9 -7 11 -11 15 -14 17 -13 -4 18 28 20 21 22 -20 -19 -25 -23 -27 -28 -5 -30
right_child=1 -3 16 5 -6 6 -8 -9 -10 10 -12 12 13 -15 -16 -17 -18 23 19 -21 -22 25 -24 24 -26 26 27 -29 29 -31
leaf_value=-0.014741875395469617 -0.0010144745451499228 -0.037080017270226133 0.038175635437369751 0.0043511715493051292 0.020119061313183789 -0.020681710142801374 0.0091431084705554163 0.016831905921101113 -0.02047609668630249 -0.0098418486755413002 -0.025442560036640773 -0.014322815150596533 -0.0014752178126818173 0.034092917899427054 -0.020061844967350494 0.021792842803700571 0.0074016904659350152 -0.002978961633865592 -0.0081753450355418859 -0.014233639732465667 -0.019733913347177185 -0.02778552697319835 0.030604022136192871 0.03432885859861446 -0.012680540982256525 -0.013757138937675807 0.037786147278695004 -0.002667798827620861 -0.027900055809574598 0.0098555182192916879
leaf_weight=9.9616985619068128 62.696266010403633 5.4523503929376593 25.278891384601593 29.259045287966728 45.954439297318459 43.39934153854847 47.461484953761101 16.544791966676712 100.59554399549961 58.242282405495644 18.190143153071404 28.640345811843872 15.726286157965658 32.28288871049881 20.254639625549316 8.7656645178794843 34.74983049929142 22.618619039654732 8.2808466255664808 23.211419627070427 9.7823047339916211 8.7299666851758939 55.391443267464638 35.620268449187279 6.681436985731124 12.475779488682745 13.369683355093004 10.381691023707388 35.755694061517715 7.5422408729791632
leaf_count=43 269 23 109 125 200 184 203 72 430 249 78 122 66 138 87 39 149 97 35 99 42 37 237 153 29 52 57 44 153 32
internal_value=0 0.00727513 0.0108159 -0.00130047 0.0127978 -0.00260172 -0.00666836 -0.00917656 -0.010912 -0.00573014 -0.00107141 0.00259828 0.0114325 0.0229301 0.00236742 -0.00369833 0.0226843 0.00440757 0.000516224 0.00649662 0.0111748 0.0149241 0.0249685 0.0159331 0.0258198 0 0.00879681 0.0218454 -0.0105008 -0.0204662
internal_weight=853.297 128.177 122.725 725.12 55.9161 669.204 369.849 322.387 305.842 205.247 161.848 143.657 85.4152 48.0092 299.355 37.406 60.0287 279.1 214.18 141.623 118.412 108.629 63.6723 64.9203 42.3017 44.9571 36.2272 23.7514 72.557 43.2979
internal_count=3653 550 527 3103 243 2860 1581 1378 1306 876 692 614 365 204 1279 161 258 1192 913 603 504 462 272 279 182 190 153 101 310 185
is_linear=0
shrinkage=0.05


Tree=57
num_leaves=31
num_cat=0
split_feature=125 110 153 100 121 150 173 45 120 49 60 192 5 7 152 71 179 43 36 23 207 139 207 7 29 111 139 36 117 199
split_gain=3.35723 4.21946 5.12799 4.69167 6.45985 6.70661 8.61773 4.19517 4.12288 4.08007 5.54748 7.13686 5.79339 5.48013 5.61472 5.41404 4.91273 6.76573 6.38121 5.7556 5.6485 6.19425 5.72949 4.786 4.69454 5.21985 14.0212 6.15947 5.64882 6.69607
threshold=4.0000000000000009 0.28951534052239852 166.32292608387672 0.018237250554323726 0.72768583351893046 0.42760621791265191 0.013857504787149174 -0.72534675097891077 0.73566619057335247 13.000000000000002 0.39852397688222435 25.222522490452963 1.1999858000143513 0.13388323748270817 2.1105576910880122 20.100000000000005 0.030264166766503012 8.8500000000000032 0.34274255988804653 5.7753145137962809 5.1839215704745678 1.4305263157894739 4.6736104667456821 0.07232480985032462 0.094335767605715062 7.5000000000000009 1.5504163525969366 0.46049122702738349 0.26253132832080206 0.27847853943821854
decision_type=2 2 2 2 2 2 2 2 2 2 2 2 2 2 2 2 2 2 2 2 2 2 2 2 2 2 2 2 2 2
left_child=1 2 7 -3 5 -5 -7 -1 -4 13 11 12 -11 16 -15 -13 19 20 23 -2 21 22 -18 -19 25 26 -21 -27 -29 -30
right_child=9 3 8 4 -6 6 -8 -9 -10 10 -12 15 -14 14 -16 -17 17 18 -20 24 -22 -23 -24 -25 -26 27 -28 28 29 -31
leaf_value=-0.027303237504589978 -0.022725339806136027 0.021234876197784386 0.032829130774110697 0.012101198071427299 0.017083031225799118 -0.036339261485962046 0.01157741258507578 0.0086742377559951376 0 -0.042148015908196973 -0.024831411405381566 -0.015799750238991456 0.0064003778801921193 -0.035693148301459608 0 0.029304930358325893 0.010030338375320738 0.015018668842408149 0.026823020631203606 -0.027010607395717215 0.025027722470150261 -0.022487754515478704 -0.027216067701786174 -0.032431752179506897 -0.0081776460232541055 0.013896114024282003 0.026000971605628927 -0.012031502690851219 0.023851987676250169 -0.020678150612136972
leaf_weight=6.2887170910835293 25.4209353774786 13.167342111468313 32.407966047525406 12.295463055372236 15.470993429422377 31.153477370738983 9.0301117151975614 23.136852398514748 14.499035343527792 7.9725722372531918 36.545219480991364 4.8967509567737606 8.1032672077417356 16.1595548838377 22.737155988812447 18.093436285853386 56.445232570171356 5.6796308159828168 54.936866819858551 33.988565310835838 14.022322282195089 28.085852205753326 7.2880616635084143 5.4991629123687744 118.79513703286648 126.47541983425617 13.352124541997908 57.552940368652344 25.767658084630966 6.7476594746112815
leaf_count=27 109 56 142 53 66 133 38 99 62 34 158 21 35 68 97 79 240 24 235 144 60 121 32 23 508 546 58 245 111 29
internal_value=0 0.00647798 0.0145566 -0.00123755 -0.00709192 -0.0155198 -0.0249285 -0.00113732 0.0240445 -0.00150093 -0.0120845 0.000737145 -0.0207775 -8.15064e-05 -0.0171563 0.0176985 0.00115758 0.00814614 0.020074 -0.00178956 0 -0.00477326 0.0037374 -0.00958739 -5.91806e-05 0.00358671 -0.0105259 0.00695277 -0.0027523 0.0124203
internal_weight=852.015 157.45 76.3326 81.1174 67.95 52.4791 40.1836 29.4256 46.907 694.566 75.6112 39.066 16.0758 618.954 38.8967 22.9902 580.058 171.957 66.1157 408.1 105.841 91.8191 63.7333 11.1788 382.68 263.884 47.3407 216.544 90.0683 32.5153
internal_count=3653 676 330 346 290 224 171 126 204 2977 327 169 69 2650 165 100 2485 735 282 1750 453 393 272 47 1641 1133 202 931 385 140
is_linear=0
shrinkage=0.05


Tree=58
num_leaves=31
num_cat=0
split_feature=95 18 41 95 201 152 59 52 8 152 97 211 81 87 111 21 139 42 30 35 33 42 83 125 46 219 28 143 72 104
split_gain=3.32021 7.00037 8.93722 7.57813 6.4144 6.3921 5.82885 5.93409 5.86937 5.61257 8.66124 8.61123 6.98988 6.40386 5.64801 5.4926 5.08767 5.77252 6.48678 5.5773 5.08122 4.78819 5.21492 4.89089 4.66108 4.6197 6.72245 4.54446 4.43829 4.39207
threshold=0.2791732585338394 1.0000000180025095e-35 3.6002289463941461 0.3079913577188782 0.45758777174103055 1.649628410913347 0.22592500476099794 0.19771296296296301 0.9921528336162484 2.1514644216823364 0.26023902711769648 1.7750000000000001 0.64250000000000018 0.48390496656815835 22.500000000000004 7.6159207843477512 2.7013265927860863 66.350000000000009 0.23795575986674114 0.078083000811703565 0.39676700105604495 80.450000000000017 84.350000000000009 4.0000000000000009 1.5000000000000002 3.1450729713051548 0.23485036468907441 0.24188424194131733 21.950000000000003 8.3723741291038607
decision_type=2 2 2 2 2 2 2 2 2 2 2 2 2 2 2 2 2 2 2 2 2 2 2 2 2 2 2 2 2 2
left_child=5 4 3 6 -2 -1 8 -8 -3 10 12 15 21 20 -12 -11 17 -14 -19 -20 25 22 -7 -24 -6 26 -13 29 -28 -15
right_child=1 2 -4 -5 24 9 7 -9 -10 11 14 13 16 27 -16 -17 -18 18 19 -21 -22 -23 23 -25 -26 -27 28 -29 -30 -31
leaf_value=-0.016326328787539146 -0.011947129455222031 -0.022050760657859794 0.0082367493545698247 0.00025966653438425454 0.037029401317242798 0.014328311488858448 -0.037902235208712109 0.0044221876693303734 0.012748917603734394 0.010101521570609655 0.026264446916204005 0.018267044905122962 -0.003806624099138105 0.017357080922326934 -0.015262846805706913 -0.015863585134719919 -0.010657988276747146 0 -0.0019842759064167895 0.036010040156282216 -0.031898544996530928 -0.021494507766617505 0.0076979593084843395 -0.027007191468040828 -0.0011503397965943159 0.0109392819582812 0.0056969816076586875 0.031456313732800174 -0.03557197362572366 -0.01831344111558058
leaf_weight=39.119408011436462 13.550778225064276 20.573445931077003 50.985736429691315 50.439351812005043 18.526772990822796 31.770694583654404 51.691163465380669 7.3523857444524756 17.664525479078293 127.35987533628941 69.19549548625946 6.286241650581359 29.036550223827362 9.0200977474451083 5.1528565138578406 18.826945871114731 19.726842254400253 27.390998423099518 9.7178302556276304 47.626849606633186 35.608783215284348 31.845749974250793 13.577073112130167 17.835619732737541 9.8042196035385114 18.41394279897213 5.6151789426803616 7.3510436862707129 22.792615190148354 16.804365605115891
leaf_count=167 58 89 219 217 82 137 223 31 75 548 298 27 124 38 22 82 85 117 41 205 152 136 58 77 42 79 24 31 98 71
internal_value=0 -0.00493103 -0.00892719 -0.0150907 0.0124254 0.00194591 -0.0229178 -0.0323077 -0.00578116 0.00337212 0.00799609 -0.00181126 0.00286076 -0.011456 0.0222908 0.00617815 0.0101582 0.0142748 0.0206162 0.0295276 -0.0182596 -0.00713632 0.000779392 -0.0123232 0.0248763 -0.00672654 -0.0169294 0.00609169 -0.0270345 -0.00424874
internal_weight=850.663 240.588 198.707 147.721 41.8818 610.075 97.2815 59.0435 38.238 570.956 302.877 268.079 228.528 121.892 74.3484 146.187 133.499 113.772 84.7357 57.3447 88.7168 95.0291 63.1834 31.4127 28.331 53.108 34.694 33.1755 28.4078 25.8245
internal_count=3653 1036 854 635 182 2617 418 254 164 2450 1300 1150 980 520 320 630 572 487 363 246 380 408 272 135 124 228 149 140 122 109
is_linear=0
shrinkage=0.05


Tree=59
num_leaves=31
num_cat=0
split_feature=125 162 154 59 105 93 182 207 53 136 42 39 130 219 120 162 132 36 83 44 206 81 37 7 46 44 96 119 62 9
split_gain=3.21197 7.86222 6.22058 6.95094 7.44685 5.62126 7.41759 6.8292 6.87725 5.48672 7.50533 7.9449 7.04554 5.29631 6.3587 5.22921 5.15806 5.10002 5.14454 4.83793 5.1144 4.79999 4.74643 4.67759 4.61897 5.21846 4.59595 5.10016 5.07918 4.54304
threshold=5.0000000000000009 0.29125504435162636 216.750915901257 0.25666484341484347 0.45738498789346255 4.4649506175963438 0.75000000000000011 4.0433009138150995 0.34297554133080455 2.5070670051139872 81.65000000000002 1.0850000000000002 0.015296445792769316 3.2006470499818906 0.69641162916779631 0.29816986200022572 0.0044057418637969978 0.56352494285154675 79.050000000000011 0.043617726472722482 -2.1481520828502805 0.67700000000000016 0.45804195804195807 0.11398908911097257 9.5000000000000018 -0.90255091666790832 0.23652281313571641 21.162500000000005 29.700000000000006 0.28560621975491202
decision_type=2 2 2 2 2 2 2 2 2 2 2 2 2 2 2 2 2 2 2 2 2 2 2 2 2 2 2 2 2 2
left_child=1 2 -1 4 -4 6 23 -8 -9 12 13 26 16 14 -11 -10 -2 18 -16 20 -5 -14 -19 -3 25 -22 -12 -28 -29 -20
right_child=9 5 3 19 -6 -7 7 8 15 10 11 -13 21 -15 17 -17 -18 22 29 -21 24 -23 -24 -25 -26 -27 27 28 -30 -31
leaf_value=-0.0095891012791244901 -0.027655415358445047 -0.032087328014430504 0.025123992817889868 -0.018031079227927703 -0.0027335348391511506 0.010094488451085917 0.011818176590788675 0.025602845665400276 -0.029798436325124512 0.026277345240069666 0.0065392317151108884 0.013820075353909604 0.017174696328150604 0.024229298618306822 0.021243392916735521 8.7020260258109162e-05 0.0024395758161612924 -0.034216369595988977 0.0037848849655426858 -0.011759084803981662 -0.0012493808262526488 -0.018222286959020836 0.0081776054719414262 0.0042906448819835154 -0.016146614466243339 0.030007773046258082 0.0054455801092386565 -0.037635261498925474 0.0049525629307197883 -0.017590029450095603
leaf_weight=36.569425895810127 57.041640937328339 37.097863346338272 99.59719455242157 9.1371000707149488 27.919809028506279 43.381452411413193 46.917041137814522 5.4294294714927664 32.727416977286339 18.286897867918015 10.098699256777762 18.222548469901085 23.312268152832985 27.385343015193939 23.283677563071251 21.178481012582779 15.573766767978666 15.220473974943163 76.967984586954117 37.70656730234623 17.154293730854988 9.2478780150413495 6.1666270941495887 8.3522219657897931 5.7226249724626532 35.376021236181259 8.3179715871810895 39.801078245043755 5.8375452756881705 30.248068809509277
leaf_count=159 244 159 431 39 120 187 201 23 140 79 44 79 101 118 106 90 67 64 330 162 74 39 27 36 25 150 35 171 25 128
internal_value=0 0.00276282 0.00827178 0.0113276 0.0189629 -0.00473044 -0.00931619 -0.00149527 -0.0125113 -0.00337707 0.000252326 -0.0119186 -0.0128338 0.00561369 0.00186917 -0.0186219 -0.0211375 -0.00165399 0.00214809 0.0013959 0.00940563 0.00536808 -0.021812 -0.025144 0.0151895 0.0201444 -0.0200733 -0.0256104 -0.0317431 -0.00253774
internal_weight=849.279 464.267 269.183 232.614 127.517 195.084 151.702 106.252 59.3353 385.012 279.837 82.2778 105.176 197.559 170.174 53.9059 72.6154 151.887 130.5 105.097 67.39 32.5601 21.3871 45.4501 58.2529 52.5303 64.0553 53.9566 45.6386 107.216
internal_count=3653 1996 1160 1001 551 836 649 454 253 1657 1206 354 451 852 734 230 311 655 564 450 288 140 91 195 249 224 275 231 196 458
is_linear=0
shrinkage=0.05


Tree=60
num_leaves=31
num_cat=0
split_feature=125 150 216 104 101 13 103 49 7 88 134 87 210 179 35 108 24 142 43 53 94 23 108 7 29 111 213 39 115 88
split_gain=3.03997 3.88667 4.48573 4.26488 4.1907 4.10588 5.81143 3.76988 5.7311 5.10799 6.8271 6.88295 5.18725 5.08207 9.53007 5.86278 5.19979 6.12072 5.61552 6.8381 4.9668 4.70215 4.69136 4.23006 4.22729 5.23335 7.22779 5.39894 5.6444 5.1398
threshold=4.0000000000000009 0.47504851649217822 -0.0062381312717479783 8.4358524883870469 0.014742103738046944 6.3109905247713902 4.2179262441935235 11.750000000000002 0.13388323748270817 94.346331069637003 -0.47458036772283346 0.44595951588182453 4.596805736636246 0.030264166766503012 0.093977241739457804 58.500488183097382 10.836960665713555 0.68617449831305366 5.3500000000000005 0.32840154242593272 0.26308936403508776 5.7753145137962809 65.971060679539605 0.14533704141310214 0.094335767605715062 7.5000000000000009 -10.487498758990364 0.89350000000000007 0.25299050985046795 94.2749996529284
decision_type=2 2 2 2 2 2 2 2 2 2 2 2 2 2 2 2 2 2 2 2 2 2 2 2 2 2 2 2 2 2
left_child=1 4 3 -3 -1 6 -6 8 13 12 -11 -12 -9 21 15 -15 17 18 -16 -20 -10 -2 -17 -22 25 26 -23 -27 29 -29
right_child=7 2 -4 -5 5 -7 -8 9 20 10 11 -13 -14 14 16 22 -18 -19 19 -21 23 24 -24 -25 -26 27 -28 28 -30 -31
leaf_value=-0.0126567340761446 -0.021071938267416587 -0.0060262077898585766 -0.016860310383209173 0.028872404059015061 0.027429635110566165 -0.0075214675317337183 -0.0010154067195938157 0.0090328459038594815 0.0055039207886624945 -0.029839797945632129 -0.025013171877284586 0.017862214742162263 -0.028530690594661252 0.017839214522536881 0.0017553918086185454 -0.030796050591354152 -0.0048303844777002483 -0.0047453999846216828 -0.0064980373383593318 0.039774452993882346 -0.047925539760892394 0.024268847731533996 0.0026428549654884614 -0.005760569751677512 -0.0077632817948809765 -0.012890670854582321 -0.019780685464431926 0.015058423812299852 0.013804630126433093 -0.023070566917432977
leaf_weight=10.671197995543478 23.6783726811409 15.422942042350771 28.240834280848503 10.228843599557875 56.89524681866169 12.634969800710676 22.473068833351135 7.9195782095193854 12.423604041337965 9.4851111918687803 6.8662292063236228 38.732556566596031 38.706887602806091 9.9365572929382306 20.029430195689201 22.366863235831261 19.929124012589455 15.779219999909399 6.7531628161668769 51.952978864312172 10.213340297341349 6.8828596323728553 13.742817133665083 14.964604601263998 115.81614628434181 24.324462845921516 38.382444471120834 9.216404855251314 155.17934001982212 18.114659637212753
leaf_count=46 102 66 121 44 247 55 97 34 53 41 30 169 167 43 86 96 86 68 29 223 44 30 59 63 497 106 163 39 671 78
internal_value=0 0.00615874 -0.00414025 0.00951398 0.011738 0.0153317 0.0194963 -0.0014537 6.86419e-05 -0.0101037 3.5209e-05 0.00907825 -0.0214093 0.00146124 0.00883445 -0.00934056 0.0164413 0.0211952 0.0266653 0.0339669 -0.0175631 -0.00157082 -0.018688 -0.0287997 0 0.0035755 -0.0108375 0.00702912 0.0100902 -0.00909935
internal_weight=847.964 156.567 53.8926 25.6518 102.674 92.0033 79.3683 691.397 589.686 101.71 55.0839 45.5988 46.6265 552.085 160.49 46.0462 114.444 94.5148 78.7356 58.7061 37.6015 391.595 36.1097 25.1779 367.916 252.1 45.2653 206.835 182.51 27.3311
internal_count=3653 676 231 110 445 399 344 2977 2536 441 240 199 201 2376 690 198 492 406 338 252 160 1686 155 107 1584 1087 193 894 788 117
is_linear=0
shrinkage=0.05


Tree=61
num_leaves=31
num_cat=0
split_feature=143 99 36 36 10 70 12 29 155 21 53 134 94 88 42 120 39 44 131 143 131 83 51 218 216 219 85 73 193 99
split_gain=3.06552 3.49581 5.74875 5.9168 7.23321 6.34384 6.04106 6.38789 5.97272 5.41565 7.67205 6.47374 6.46564 5.26606 5.8387 5.07761 5.05221 6.89514 6.83293 4.97104 5.76946 7.67735 6.66227 6.21782 6.21081 5.17149 4.9081 4.86499 5.08249 5.68601
threshold=0.11296429145793109 0.031887359281634817 0.49111770434938101 0.37460780787255327 5.8615762386237051 21.000000000000004 1.2486724289360336 0.073737313443378014 52.274752090159929 4.1065964999849012 0.56253733790640081 -0.37043190209168703 0.22550474195612966 96.293948342554756 65.15000000000002 0.72403900576726032 0.95950000000000013 -0.95368063612909426 -1.4557456511592604 0.22550268249925906 1.2988461665327959 84.450000000000017 0.24206790123456789 0.0052936355974969431 0.017423058092780223 1.4152531237267427 28.250000000000004 50.750000000000007 9.9897568139008879 0.01590463542654778
decision_type=2 2 2 2 2 2 2 2 2 2 2 2 2 2 2 2 2 2 2 2 2 2 2 2 2 2 2 2 2 2
left_child=-1 16 3 5 -5 -3 7 -7 -8 10 11 -4 -11 14 -10 -13 17 -2 -18 27 21 22 23 -21 -23 -24 -6 28 29 -20
right_child=1 2 9 4 26 6 8 -9 13 12 -12 15 -14 -15 -16 -17 18 -19 19 20 -22 24 25 -25 -26 -27 -28 -29 -30 -31
leaf_value=0.017583538558311847 0.01959701446418325 -0.030695192199991506 0.018594767449424354 0.015859660083245301 -0.022875435093690725 0.019145213939734673 -0.01249632559016779 -0.023013471752871609 -0.0022238207552507903 -0.010133242293050453 0.029170351017016906 -0.0011923987693941219 0.023355828067549503 -0.010055310347039036 0.034529917344981162 -0.03639359586248863 -0.020349283729077534 -0.0093631749516968586 -0.01040692188850894 -0.0033841296624419282 0.02755715522359517 -0.037296159449885243 0.0065396481822606201 0.031857178166895435 0.0064369312807071519 -0.027573240678470182 0.00082096251590313158 -0.0020960716615100834 0.0054967555519997123 0.030568324603332614
leaf_weight=18.921851217746735 19.05184768140316 9.6685037016868574 7.7067593038082114 12.675840944051741 107.21425904333591 7.6668040603399268 14.304614767432211 26.389900624752045 12.110962703824041 15.486130446195601 7.6030373573303214 19.784230098128319 46.761694476008415 8.8044558018445951 36.970916002988815 21.468083202838898 17.507444053888321 129.54093615710735 6.1658227145671836 18.765508413314819 11.726484745740889 19.724570214748386 17.768899515271187 23.381614729762077 8.8558346629142743 16.774789452552795 24.221817940473557 35.097307279706001 57.429492309689522 67.119685441255569
leaf_count=84 82 42 33 55 465 35 60 114 52 67 32 85 201 38 158 93 73 556 27 82 51 85 77 104 38 71 105 150 247 291
internal_value=-3.19604e-05 -0.000567819 -0.00410112 -0.00825047 -0.0148387 8.44593e-06 0.0042812 -0.0116467 0.0123869 0.00474469 -0.00591122 -0.0140207 0.0145186 0.0194381 0.0256315 -0.0220058 0.00237121 -0.00497019 0.00610742 0.00815716 1.83246e-06 -0.00395126 0.00425056 0.0169413 -0.0240599 -0.0107856 -0.0184552 0.0135967 0.0179165 0.0263571
internal_weight=846.67 827.748 378.838 260.028 144.112 115.916 106.248 34.0567 72.1909 118.81 56.5621 48.9591 62.2478 57.8863 49.0819 41.2523 448.91 148.593 300.317 282.81 116.998 105.271 76.6908 42.1471 28.5804 34.5437 131.436 165.812 130.715 73.2855
internal_count=3653 3569 1635 1124 625 499 457 149 308 511 243 211 268 248 210 178 1934 638 1296 1223 508 457 334 186 123 148 570 715 565 318
is_linear=0
shrinkage=0.05


Tree=62
num_leaves=31
num_cat=0
split_feature=52 87 5 79 42 118 56 217 49 131 50 18 109 82 101 26 211 218 119 53 175 103 38 9 135 213 173 30 217 117
split_gain=3.01106 8.0237 5.63166 4.712 4.95334 4.94075 7.04164 6.40977 6.91056 7.10253 6.41964 5.93589 6.75522 5.90092 7.26773 6.39361 6.22899 5.37944 5.85572 5.37759 5.33109 5.26207 5.27052 5.00129 6.37579 4.95648 4.76741 4.51358 4.46799 4.45267
threshold=0.19515909090909092 0.46266051176305184 1.1168158235523336 32.800000000000004 62.750000000000007 22.633333333333336 90.632652959576049 -0.022513801854109023 10.250000000000002 -0.86750980156808388 0.75000000000000011 1.0000000180025095e-35 55.725995316159263 29.550000000000004 0.019950248756218907 5.4407738095238107 2.2916666666666674 0.015716923779331142 21.387500000000003 0.53288189778397865 0.0748618804471399 4.26428036916937 0.97950000000000015 0.30531025935969419 0.80046266340411643 5.9451456060738641 -0.037577399599243617 0.24328146389255959 0.017589062499999999 0.24780701754385967
decision_type=2 2 2 2 2 2 2 2 2 2 2 2 2 2 2 2 2 2 2 2 2 2 2 2 2 2 2 2 2 2
left_child=3 -2 -3 4 -1 6 11 -7 10 -10 13 12 -5 15 -15 25 -16 26 -19 20 -11 23 -23 24 29 28 -13 -26 -9 -12
right_child=1 2 -4 5 -6 7 -8 8 9 19 21 17 -14 14 16 -17 -18 18 -20 -21 -22 22 -24 -25 27 -27 -28 -29 -30 -31
leaf_value=-0.013995104166718262 -0.0099545283112917569 -0.0049619668037847002 0.0225885791518813 -0.010287097531294101 0.018987250087342825 -0.026894932718699999 0.028347963123972805 -0.044126609840591767 0.012684272290622679 -0.029514580409430981 0.012983542053677558 0.018970664226749003 0.027285615221608814 -0.019267667678550478 0.034183940461642116 0.0061198995632566209 -0.0057561100800339162 -0.0068659988107716095 0.026801981413076471 0.0095131176259380616 0.011513238304472066 0.017747528219486202 -0.01733431970432301 -0.021386322064074415 -0.02158189218725344 0.0016808515639787453 -0.0096693036607249597 0.014786690114094954 -0.00049143036221667923 0.042156277897605038
leaf_weight=9.8615777790546399 41.695653840899467 21.38113896548748 63.85521624982357 13.434682428836821 45.40217898786068 29.869444295763969 18.898003712296486 26.46333409845829 14.610718831419943 66.05498081445694 58.008191108703613 10.72462674975395 31.403552532196045 15.905627429485319 17.419563010334972 15.959682062268255 13.470155254006384 19.578234538435936 22.482839271426201 8.9679644852876645 5.3352951556444159 10.065501391887663 31.0163883715868 5.0810529589653006 13.639320924878122 9.518916964530943 167.4237589687109 10.413189291954039 8.7947088032960874 18.505261421203613
leaf_count=43 180 94 276 59 200 128 82 114 62 286 248 46 138 67 76 68 58 84 98 38 23 44 133 22 58 40 725 45 38 80
internal_value=-2.21518e-05 0.00689451 0.0155086 -0.00131817 0.012014 -0.00254841 0.00235353 -0.00626789 -0.00407837 -0.0152201 0.000200019 0 0.0156236 -0.00875488 0.00400171 -0.0185205 0.0176951 -0.00344599 0.0115348 -0.0210324 -0.0255682 0.00699973 -0.00720335 0.0128246 0.015721 -0.0275377 -0.00733783 -0.0051411 -0.0352762 0.0224989
internal_weight=845.241 126.932 85.2364 718.309 55.2638 663.045 283.946 379.099 349.23 94.969 254.261 265.048 44.8382 107.532 46.7953 60.7366 30.8897 220.209 42.0611 80.3582 71.3903 146.729 41.0819 105.647 100.566 44.777 178.148 24.0525 35.258 76.5135
internal_count=3653 550 370 3103 243 2860 1232 1628 1500 409 1091 1150 197 461 201 260 134 953 182 347 309 630 177 453 431 192 771 103 152 328
is_linear=0
shrinkage=0.05


Tree=63
num_leaves=31
num_cat=0
split_feature=130 37 141 215 140 68 93 210 61 2 40 191 28 100 34 8 11 5 41 46 170 46 11 173 55 37 12 74 67 111
split_gain=3.06291 4.39016 4.2258 5.60703 4.50886 4.08285 4.26909 7.83012 5.01152 5.79844 5.20707 6.79723 6.34154 6.99222 7.04221 5.46125 5.32352 5.31348 5.16245 4.33846 5.45103 5.64511 6.07226 5.49864 5.51021 5.1519 5.35256 5.75991 5.79547 5.29538
threshold=-0.041075422192576393 0.13247863247863251 1.3496626686656674 -0.024237464218670023 -0.2146187432438568 2.3000000000000003 5.3257867319004708 7.9057539682539693 0.31656964877638377 0.14425942601241523 7.5136179494996211 2.3629954821938957 0.32723596203573962 0.053869184707508073 0.30725195002598288 1.2909211476903735 4.19295870083638 1.4734567901234572 4.0688063449965002 1.0000000180025095e-35 1.0000000180025095e-35 2.5000000000000004 2.9869084582441117 -0.02259744221880176 40.726638176638183 0.56944444444444453 0.9940466030954983 0.35600000000000004 25.800000000000001 15.500000000000002
decision_type=2 2 2 2 2 2 2 2 2 2 2 2 2 2 2 2 2 2 2 2 2 2 2 2 2 2 2 2 2 2
left_child=2 -2 -1 -4 -5 6 8 -8 9 -3 -10 12 13 14 18 -13 -15 -17 -12 25 21 23 -23 -21 -25 26 -11 29 -29 -28
right_child=1 5 3 4 -6 -7 7 -9 10 19 11 15 -14 16 -16 17 -18 -19 -20 20 -22 22 -24 24 -26 -27 27 28 -30 -31
leaf_value=-0.0035642240892720953 0.014872245242420163 0.027695942088218919 -0.0077002848248299664 0.0069240897354135387 0.048275283371012598 0.0203331298122091 0.025901939398510394 -0.0074918295505068391 0.014571506323870238 -0.011414276393247212 -0.025463831591905513 0.017033793115093936 0.016472134386313519 -0.023473646401873133 0.020708754675981687 -0.034659880748474384 0.01193053422335898 0.0042398509516356165 0.0055873388442482918 0.0019328722378857577 0.018774191861418672 0.016580768392454658 -0.01094223269326278 -0.041848308258400198 0.00016247578887902071 -0.026752625986747228 0.021553482740934413 -0.026447019988252097 0.0064416524547068728 -0.0010345006772205536
leaf_weight=30.092105090618134 36.222990900278091 13.279502004384993 10.30497309565544 16.560517057776451 12.342484921216966 14.986252650618551 30.32424932718277 29.809121638536453 17.7211684435606 33.542341560125351 149.4981227517128 32.646023347973824 11.073739275336264 9.8685029149055463 5.404977321624755 8.8500928878784197 31.519385442137718 19.06000180542469 11.474122881889341 13.522495359182356 12.266146510839461 23.966987952589989 58.821825131773949 27.894095495343208 8.6451327204704267 8.1902981102466565 82.692272543907166 14.861328929662703 35.083375498652458 33.303920403122902
leaf_count=131 156 58 44 71 54 68 131 128 76 144 650 142 48 43 23 38 136 82 49 59 52 106 253 120 37 35 359 64 152 144
internal_value=0 -0.000952889 0.00967121 0.0196491 0.0298351 -0.00185776 -0.00248828 0.00965991 -0.00369126 0.000173538 -0.0084598 -0.010239 -0.0142967 -0.0164027 -0.0208697 0.00401523 0.00132961 -0.0107272 -0.0229982 -0.00116513 -0.0077103 -0.0109292 -0.00219912 -0.0234018 -0.0324836 0.00336464 0.00534736 0.00911648 -0.0044057 0.0150868
internal_weight=843.829 774.528 69.3001 39.208 28.903 738.305 723.319 60.1334 663.186 366.07 297.116 279.395 218.839 207.765 166.377 60.5561 41.3879 27.9101 160.972 352.79 145.117 132.851 82.7888 50.0617 36.5392 207.674 199.483 165.941 49.9447 115.996
internal_count=3653 3353 300 169 125 3197 3129 259 2870 1583 1287 1211 949 901 722 262 179 120 699 1525 627 575 359 216 157 898 863 719 216 503
is_linear=0
shrinkage=0.05


Tree=64
num_leaves=31
num_cat=0
split_feature=3 1 130 52 37 204 82 173 49 152 7 100 130 119 1 84 143 64 93 28 84 32 3 89 152 200 174 100 214 144
split_gain=2.9475 3.0584 5.00287 4.99333 4.89654 4.95381 4.27103 6.11041 7.35791 6.01418 5.20437 4.60473 4.14494 5.6356 5.87729 4.53507 5.35211 6.78652 6.10087 5.32051 5.27022 7.42718 7.5809 7.31226 7.10362 6.96614 6.4284 5.23222 6.73629 5.16135
threshold=4.1242977528089897 6.4546666666666672 0.046881254297913212 0.15034343434343436 0.40833333333333338 0.16239039785706935 32.750000000000007 0.011298578064512817 11.250000000000002 2.6222275442340801 0.067245183607845246 0.042796092796092804 -0.041075422192576393 21.950000000000003 5.7330000000000014 64.700000000000017 0.24254626615178398 18.150000000000002 3.4169159413600063 0.265288509183773 54.550000000000004 0.16004339900331363 9.7576813869457784 0.70940667480793007 2.1676781585710452 3.8556606656286498 0.25472370766488417 0.054911551862771378 -0.026223187108496176 7.7357000000000005
decision_type=2 2 2 2 2 2 2 2 2 2 2 2 2 2 2 2 2 2 2 2 2 2 2 2 2 2 2 2 2 2
left_child=-1 2 6 -3 -4 -6 12 9 10 -8 -9 -12 13 -2 -15 16 18 27 -14 -19 24 22 -22 26 25 -20 29 28 -18 -23
right_child=1 3 4 -5 5 -7 7 8 -10 -11 11 -13 15 14 -16 -17 17 19 20 -21 21 23 -24 -25 -26 -27 -28 -29 -30 -31
leaf_value=0.021952959060220559 0.030606034031660526 0.0038478519080033615 0.028191195928779257 -0.02621945989944148 -0.019401858396299154 0.024591210034642309 0.01939023729197022 -0.010124232633382184 -0.031075732015024945 -0.016464927700817294 0.034256719245761451 -0.010311719881924865 -0.012772558408254829 -0.014810494639660284 0.022586911605631945 -0.015433124093947781 0.0029310903330779263 -0.0087325983419846674 -0.009041292432184829 0.019488153141870281 0.011327764293781253 -0.031368902943148001 -0.026557496173088037 0.021562504159415286 -0.0029945042789939289 0.032807973829048119 0.014995783357257429 0.0053042151261288731 -0.039043620835524914 -0.00057924870651359262
leaf_weight=10.029137000441549 16.385533019900322 22.060107663273811 25.621946915984154 23.74181666970253 12.473884999752046 4.9554721415042868 79.539303213357925 20.174897223711014 14.569544211030005 8.9227347970008832 14.036545097827913 4.5550515204668036 59.741069361567497 24.45892122387886 11.230858981609343 68.895498380064964 10.272165372967718 48.20677325129509 9.1070590168237668 19.339393720030785 117.16068562865257 44.499480530619621 9.7183696776628476 9.6491213887929899 33.676666483283043 43.276443883776665 9.2003629952669126 10.366084620356558 35.142215996980667 21.359267622232437
leaf_count=45 71 95 112 102 54 22 351 88 64 40 63 20 258 104 49 299 44 207 39 85 503 193 42 41 144 188 39 45 154 92
internal_value=0 -0.000387486 0.000347445 -0.0122923 0.016005 -0.00308563 -0.00062666 0.00698638 -0.00573254 0.0148189 0.00568298 0.0224063 -0.00250481 0.0102466 -0.00109846 -0.00383956 -0.00198475 -0.0107642 0.00108256 0 0.00411111 -9.8211e-05 0.00733949 -0.0113055 0.0141718 0.0249428 -0.0169258 -0.0228861 -0.0297045 -0.0224815
internal_weight=842.366 832.337 786.535 45.8019 43.0513 17.4294 743.484 141.798 53.336 88.462 38.7665 18.5916 601.686 52.0753 35.6898 549.611 480.715 123.327 357.389 67.5462 297.647 211.587 126.879 84.7082 86.0602 52.3835 75.0591 55.7805 45.4144 65.8587
internal_count=3653 3608 3411 197 188 76 3223 626 235 391 171 83 2597 224 153 2373 2074 535 1539 292 1281 910 545 365 371 227 324 243 198 285
is_linear=0
shrinkage=0.05


Tree=65
num_leaves=31
num_cat=0
split_feature=95 18 152 67 201 78 59 152 211 97 103 81 87 21 112 25 33 142 216 211 120 103 42 49 35 30 144 6 25 34
split_gain=2.99238 6.02843 5.92321 5.94729 5.57587 5.5274 5.7886 4.81365 7.57875 7.37096 6.2591 6.20989 6.00416 5.08115 4.93273 5.09553 4.65337 4.53402 5.10976 6.3333 4.82772 4.51493 4.43277 5.78036 6.69556 5.26766 4.78733 4.46459 4.38691 5.10318
threshold=0.2791732585338394 1.0000000180025095e-35 1.649628410913347 25.650000000000002 0.45758777174103055 18.850000000000005 0.24125621019201673 2.1514644216823364 1.7750000000000001 0.26023902711769648 3.6481562540666519 0.64250000000000018 0.48390496656815835 7.6159207843477512 6.8333333333333348 2.1522256941865119 0.33428710571866932 -0.28478135273748034 -0.019019388448466592 2.4166666666666674 0.70894189765458426 2.5450837823872452 66.350000000000009 13.750000000000002 0.078993399786287083 0.2383271684463508 8.4650500000000033 3.1043419286794234 2.4165564489357987 0.28014546693184811
decision_type=2 2 2 2 2 2 2 2 2 2 2 2 2 2 2 2 2 2 2 2 2 2 2 2 2 2 2 2 2 2
left_child=2 4 3 -1 -2 6 28 9 13 11 14 17 -10 -9 15 -11 -8 20 -19 -20 -4 -7 26 24 -24 -26 -13 -27 -3 -30
right_child=1 5 7 -5 -6 21 16 8 12 10 -12 22 -14 -15 -16 -17 -18 18 19 -21 -22 -23 23 -25 25 27 -28 -29 29 -31
leaf_value=-0.03685147849182735 -0.011158885189838827 -0.023686285346057111 -0.018274895849617927 0 0.023287302931326692 -0.017175928581316103 0.005968325652149966 0.0097685302617516526 -0.017314845729442498 -0.0024920989335673709 0 -0.017031286661093173 0.0063467147352429774 -0.015305562050937097 -0.0055543715443519184 0.042309204552505399 -0.034938389737934346 0.0046579478595407831 -0.032008657065850064 0.0045928852482059832 0.023388893750046283 0.018205000156891971 -0.0090857677696589631 -0.014870386129741626 0.0051818840846684852 -7.1820288934469653e-05 0.018579415802889944 0.039848276286792099 0.0035737246912565489 -0.025212593669868263
leaf_weight=13.962611511349676 13.444363027811049 23.257607653737068 5.2565253376960781 24.835147470235825 27.792043715715408 7.5166118443012229 5.6994450241327277 126.00263652205467 87.570119112730026 5.6405721157789221 25.418394237756729 23.211932480335236 32.845255136489868 18.621751666069031 5.7281472235918036 36.565697833895683 32.631021022796631 24.094615936279297 34.118615686893463 13.726926013827322 16.723983213305473 26.555227518081665 13.990725457668303 9.9507838487625104 28.314607754349709 6.7818496972322455 8.9614256024360639 40.802336826920509 87.34932678937912 13.390066385269163
leaf_count=60 58 100 23 107 124 33 25 548 380 24 110 100 140 82 25 161 143 107 147 59 72 119 60 45 121 29 39 178 377 57
internal_value=0 -0.00468422 0.00188336 -0.0157638 0.0115238 -0.00841303 -0.0122745 0.00326831 -0.00155342 0.00757582 0.0208568 0.00279747 -0.0106657 0.00596934 0.0306513 0.0361624 -0.0282921 -0.0066714 -0.012745 -0.0215936 0.0109584 0.0085606 0.00971415 0.0148041 0.0189629 0.0246843 -0.00527502 0.0342175 -0.00622455 -0.00102734
internal_weight=840.76 237.636 603.125 38.7978 41.2364 196.399 162.327 564.327 265.04 299.287 73.3528 225.934 120.415 144.624 47.9344 42.2063 38.3305 93.9207 71.9402 47.8455 21.9805 34.0718 132.014 99.8403 89.8895 75.8988 32.1734 47.5842 123.997 100.739
internal_count=3653 1036 2617 167 182 854 702 2450 1150 1300 320 980 520 630 210 185 168 408 313 206 95 152 572 433 388 328 139 207 534 434
is_linear=0
shrinkage=0.05


Tree=66
num_leaves=31
num_cat=0
split_feature=123 4 27 100 40 4 82 53 81 144 8 4 45 59 136 67 29 152 108 115 99 63 6 119 97 8 16 93 210 118
split_gain=2.89243 3.13362 7.21974 6.3215 6.84322 8.14998 9.07497 6.45611 7.17771 5.32081 9.34856 8.77617 8.44802 6.94376 6.61228 5.62383 5.5957 6.75231 5.33984 5.31935 5.99467 5.00651 5.22741 4.96745 5.02634 4.61963 4.45732 4.42639 4.38303 4.3771
threshold=3.0000000000000004 3.1147676623286382 0.22549158288308221 0.024465060601526267 9.0450981837385083 2.1367499152102094 32.250000000000007 0.44039427318010821 0.6625000000000002 8.1411000000000033 1.4008768595974741 4.3660285078876315 -0.22495105434386511 0.25649966227625803 4.0599062907780921 33.95000000000001 0.076092663242387795 1.9478701769059148 66.066965168761598 0.28463237086497883 0.031793480608568694 26.900000000000002 5.7188132854352789 21.683333333333337 0.31104336043360442 2.9601293696092048 3.5000000000000004 3.4431692779360894 3.4486596495691164 22.366666666666671
decision_type=2 2 2 2 2 2 2 2 2 2 2 2 2 2 2 2 2 2 2 2 2 2 2 2 2 2 2 2 2 2
left_child=-1 2 -2 7 5 6 -5 -4 -9 11 23 19 13 16 15 18 17 -13 25 -3 -21 22 -12 -11 -25 -14 28 -7 -15 -23
right_child=1 9 3 4 -6 27 -8 8 -10 10 21 12 14 26 -16 -17 -18 -19 -20 20 -22 29 -24 24 -26 -27 -28 -29 -30 -31
leaf_value=0.023352675415684407 0.018362936809836288 -0.022505443945094579 0.0020972273864263225 -0.024455538192412953 -0.015009490219460124 0 0.023460169140222357 -0.039621672874612344 0.0029298635564875006 -0.0032520868752465544 -0.021988853506686654 -0.030544942993840099 -0.025152187119257721 -0.018417351365762894 0.016978807937431187 0.011832352769312021 0.025016281545717375 0.015046173270804998 0.0066764068485510092 0.015110290985188604 -0.018621048704829772 -0.0091320555436226816 0.0012821234428478572 0.026544595148770358 -0.0088866861690000843 0.0094411364779080076 -0.020950344818029581 0.034090982978749594 0.01998259213886492 0.03102294320013076
leaf_weight=8.0385401397943479 62.022020861506462 90.163041964173317 39.869675263762474 19.062802836298946 21.324004009366035 11.342793941497801 11.611255958676336 23.169798001646996 12.696163028478621 23.160322666168213 44.550446018576622 8.1074617803096789 82.626877650618553 6.0517254620790508 16.437474116683006 15.032980233430861 58.044895693659782 16.064108610153198 16.011713609099388 22.531066671013832 20.137162163853645 7.5277271866798428 42.335486814379692 61.689017578959465 8.1158845126628858 7.1419240087270728 21.197531506419182 35.615509197115898 17.07984846830368 10.666826531291006
leaf_count=35 269 395 174 83 93 51 53 100 55 101 192 35 361 27 72 64 251 69 69 97 87 33 181 267 35 32 93 156 74 49
internal_value=0 -0.000379628 0.00439331 -0.000800236 0.00722793 0.0141772 -0.00487093 -0.0113975 -0.0254316 -0.00234201 0.00421017 -0.0056876 -0.000243802 0.00879952 -0.00877373 -0.0130118 0.0171265 -0.00200306 -0.0171428 -0.0159163 -0.000568049 -0.00574344 -0.0109251 0.015435 0.0217723 -0.0217833 -0.00630821 0.0263724 0.0075598 0.0149443
internal_weight=839.426 831.388 236.714 174.692 98.9564 77.6324 30.6741 75.7356 35.866 594.674 198.046 396.628 263.797 126.546 137.251 120.813 82.2165 24.1716 105.781 132.831 42.6682 105.08 86.8859 92.9652 69.8049 89.7688 44.3291 46.9583 23.1316 18.1946
internal_count=3653 3618 1034 765 436 343 136 329 155 2584 858 1726 1147 549 598 526 355 104 462 579 184 455 373 403 302 393 194 207 101 82
is_linear=0
shrinkage=0.05


Tree=67
num_leaves=31
num_cat=0
split_feature=123 205 205 53 8 26 151 60 136 19 130 7 49 153 21 42 211 23 128 34 49 18 37 160 34 68 107 115 133 160
split_gain=2.88954 4.04113 4.97617 4.99054 4.70067 3.58038 3.28056 4.05138 3.7039 3.58621 5.54809 3.23283 4.40597 4.81993 5.05085 6.32179 6.29023 5.59587 5.50575 5.01419 6.98696 4.9139 4.75369 4.74637 4.73451 4.73209 4.68814 4.97335 4.63729 6.06452
threshold=4.0000000000000009 3.4775683815690113 4.0029173875020225 0.35215289620730233 1.3393731904911717 4.9100768914525839 1.2045428471604434 0.41837002444218579 1.631449052641331 6.5000000000000009 -0.033983379716220112 0.13388323748270817 11.750000000000002 173.74991174064436 3.3809536340298343 80.250000000000014 0.53571428571428581 11.915011164010599 0.36836441677301573 0.27940360392338343 8.7500000000000018 2.5000000000000004 0.24038461538461542 -7.171790634285081 0.21555705404446332 1.5500000000000003 7.7099588770741656 0.27759651550635162 -1.0160592171335217 -0.29516875225654371
decision_type=2 2 2 2 2 2 2 2 2 2 2 2 2 2 2 2 2 2 2 2 2 2 2 2 2 2 2 2 2 2
left_child=1 4 5 -4 -1 -3 8 -8 -5 10 -9 12 13 -2 15 22 -16 19 -19 -18 23 24 -15 -21 -17 26 27 -24 -14 -30
right_child=11 2 3 6 -6 -7 7 9 -10 -11 -12 -13 28 14 16 21 17 18 -20 20 -22 -23 25 -25 -26 -27 -28 -29 29 -31
leaf_value=0.033286687258797153 -0.011646637406349974 -0.032215284277617877 0.029706462704569982 -0.0016033737895883961 -0.0038111670009474651 0.0069000868222586905 0.013250558977128355 0.016243173798437271 0.025837245461560118 0.0074255300749448685 -0.027953088176458887 -0.014221322861956176 -0.03164650720187584 0.021710449470796311 -0.019389806446683099 0.011293401299166013 0.016558435565115874 0.013125277099164008 -0.023974242788117359 0.010637511542546782 0.01456069656956536 0.0069454528350098525 0.022663595178233013 -0.033890492553452015 -0.027636359329513527 0.022499090669365812 -0.010356694268328859 -0.011550976526453559 0.012994208763967808 -0.014158190143842939
leaf_weight=19.413174897432331 58.566833838820457 11.66134086251259 13.506767511367796 21.883899554610252 9.9825525283813459 5.3161168545484534 15.27870438992977 4.5917498767375866 18.022545650601387 11.731706246733664 30.971663579344757 41.324124693870544 15.564206287264822 22.911709204316139 14.78345727920532 5.4621963798999777 168.54322224855423 12.343389347195627 18.346289172768593 4.7989019155502346 23.579434007406235 15.310997650027273 22.460715875029564 14.440770268440245 44.2006746083498 13.810668855905531 89.44893941283226 12.288573786616324 27.488049924373627 49.837896659970284
leaf_count=89 255 50 60 96 43 23 67 20 77 51 135 178 69 100 64 24 734 54 81 21 102 66 98 63 189 63 389 53 120 219
internal_value=0 0.0058837 0.00166104 0.0057422 0.0212391 -0.0200463 0.00111613 -0.00564971 0.0117296 -0.0129166 -0.0203316 -0.00144971 -0.00047365 0.00123977 0.00295783 -0.00238995 0.00771266 0.00982808 -0.00860397 0.0127569 -0.00185041 -0.0150128 0.00285485 -0.0218494 -0.0222559 -0.000750283 -0.00429975 0.0100042 -0.010267 -0.00399933
internal_weight=837.871 162.36 132.964 115.987 29.3957 16.9775 102.48 62.5738 39.9064 47.2951 35.5634 675.511 634.187 541.297 482.73 225.894 256.835 242.052 30.6897 211.362 42.8191 64.9739 160.921 19.2397 49.6629 138.009 124.198 34.7493 92.8902 77.3259
internal_count=3653 711 579 506 132 73 446 273 173 206 155 2942 2764 2356 2101 982 1119 1055 135 920 186 279 703 84 213 603 540 151 408 339
is_linear=0
shrinkage=0.05


Tree=68
num_leaves=31
num_cat=0
split_feature=125 110 154 59 105 68 6 213 8 30 122 68 83 3 82 73 64 113 24 35 93 206 110 120 74 216 218 77 80 89
split_gain=2.93575 6.92079 5.35712 5.54701 6.55579 5.05518 4.87467 5.81764 5.34034 7.08167 5.39283 7.41015 5.11371 5.43719 4.871 5.82086 4.48319 4.45368 4.29286 6.47053 6.14718 4.6971 4.45602 4.25137 4.23438 4.19374 4.17854 4.05532 4.05403 4.04319
threshold=5.0000000000000009 0.29125504435162636 216.750915901257 0.25666484341484347 0.45738498789346255 0.65000000000000002 4.4451314013460914 21.980767946931199 1.1315873015873017 0.26851842986134133 6.0000000000000009 0.8500000000000002 82.350000000000009 9.3602784383249809 27.550000000000004 43.250000000000007 17.950000000000003 26.500000000000004 9.1242246808963809 0.095227350199259514 4.4649506175963438 -2.782957535426688 0.29816986200022572 0.76205699839117458 0.28900000000000003 -0.033117650792333468 -0.026409158392377806 11.950000000000001 47.750000000000007 0.92580296329057898
decision_type=2 2 2 2 2 2 2 2 2 2 2 2 2 2 2 2 2 2 2 2 2 2 2 2 2 2 2 2 2 2
left_child=1 2 -1 4 23 18 8 -8 10 12 14 29 -10 -14 -2 24 -6 -7 20 22 21 -3 -20 26 -16 -23 -4 -27 -26 -12
right_child=6 5 3 -5 16 17 7 -9 9 -11 11 -13 13 -15 15 -17 -18 -19 19 -21 -22 25 -24 -25 28 27 -28 -29 -30 -31
leaf_value=-0.008783228240907659 -0.020266553439132608 0.011799191053630186 -0.007118361950250101 0.0017575200382577952 -0.016884436602253503 0.027357929357613525 -0.018509868859453996 0.0075475941949379845 0.029654043511291923 -0.021487612742554979 -0.029164858983411826 0.0037282352121144101 0.023494010315284749 -0.015792755687695129 0.011437637554425896 0.017564351959649838 0.018341391865495334 -0.0091125146251445337 -0.035583072363546811 0.021892105130190034 0.0067216602856530437 0.0021033849012852732 0.010550212346431651 -0.0091694445407465713 0.00043702217638846603 -0.0087035487719242955 0.028892642311514668 -0.034166437305447987 -0.032348320230821834 0.0059686825148083317
leaf_weight=35.957994595170021 13.72581873834133 8.2136342823505384 5.7244195193052283 103.64674025774002 17.81780128180981 16.563315227627758 79.796088710427284 23.982437089085579 34.370733201503754 8.6026946604251844 45.422162383794785 36.701722785830498 10.203139007091524 15.85543832182884 18.091060012578964 56.22512423992157 9.7235434353351575 9.1665467768907529 6.96704153716564 21.965116932988167 29.95383208990097 14.25369770824909 5.0193519741296768 5.8051234632730475 16.299136787652973 33.268818467855453 86.508888810873032 46.772261932492256 13.186631873250006 6.62844394147396
leaf_count=159 61 36 24 450 78 71 348 106 153 38 197 162 44 69 79 245 42 39 31 95 132 62 21 25 69 146 382 203 57 29
internal_value=0 0.00269279 0.00790018 0.0107556 0.017639 -0.00438539 -0.00322185 -0.0121882 0.000225945 0.0118601 -0.00373767 -0.0127535 0.0182689 9.07274e-05 0.00310934 0.00721943 -0.00277233 0.0141828 -0.00773209 0.00693697 -0.0117894 -0.017492 -0.0173738 0.023472 -0.00503818 -0.0207609 0.0261494 -0.0250108 -0.0160646 -0.0241215
internal_weight=836.419 457.328 265.185 229.227 125.58 192.144 379.091 103.779 275.312 69.032 206.28 88.7523 60.4293 26.0586 117.528 103.802 27.5413 25.7299 166.414 33.9515 132.462 102.508 11.9864 98.0384 47.5768 94.2948 92.2333 80.0411 29.4858 52.0506
internal_count=3653 1996 1160 1001 551 836 1657 454 1203 304 899 388 266 113 511 450 120 110 726 147 579 447 52 431 205 411 406 349 126 226
is_linear=0
shrinkage=0.05


Tree=69
num_leaves=31
num_cat=0
split_feature=46 52 41 193 217 50 26 160 31 95 99 139 139 205 28 63 201 200 25 3 95 217 133 160 35 110 26 29 114 38
split_gain=2.92001 6.60493 5.79687 5.96973 5.62885 5.64506 6.17551 5.99725 5.95347 6.5605 5.71461 6.35911 4.85713 5.32421 5.41055 4.84445 6.93408 4.94827 5.46278 4.81197 4.75459 4.57961 4.48434 5.07488 4.55046 4.43537 4.36715 4.34359 7.05518 4.04038
threshold=1.0000000180025095e-35 0.19515909090909092 3.4388194241635541 9.0041798793382899 -0.025494396536287611 0.75000000000000011 5.6425507330632474 5.1408091976896646 1.1500000000000001 0.2778410528980006 0.041945738153322989 3.437209488700113 2.736443738263759 6.2562124781434401 0.29849271746935824 22.450000000000003 0.43521745314889232 5.4403703703703714 2.9835521612244591 7.8316885553470934 0.24370560603351596 0.0013618857349963619 0.68149755592233241 -7.4165358351982515 0.082559836073660922 0.2844123017371965 3.2950095108974264 0.1071483753404076 0.30142022562449639 1.0440000000000003
decision_type=2 2 2 2 2 2 2 2 2 2 2 2 2 2 2 2 2 2 2 2 2 2 2 2 2 2 2 2 2 2
left_child=1 4 3 25 -1 6 22 8 9 10 11 -7 13 14 26 27 -17 19 -19 -18 -8 -15 23 24 -6 -3 -9 -2 -29 -10
right_child=15 2 -4 -5 5 7 20 12 29 -11 -12 -13 -14 21 -16 16 17 18 -20 -21 -22 -23 -24 -25 -26 -27 -28 28 -30 -31
leaf_value=-0.021112348292681809 -0.0049326333446641215 -0.023960170899242805 -0.002026816158133056 0.036269187894142241 -0.026216096135827396 0.038631229627630208 0.024973528246342983 0.0017045807106463218 -0.0058391207873041686 0 -0.0011911380195708367 -0.01029233820585464 0.019288791323606926 -0.0079732325398489609 0.012383625262467212 -0.02422460111951481 0.00025261954355833565 0.013073035712593998 -0.014379406046911137 0.031770342851860194 -0.0078438417070210032 0.026559069665119384 0.0075285373653688264 -0.021934843308198587 0.011514260392122153 0.01847945277769544 -0.029443486202918936 -0.039879862046055654 0.0049601089098766007 0.024185194381384598
leaf_weight=24.738823726773262 147.63944438099861 6.2723241150379172 26.801109850406647 31.846301570534706 5.8111683577299145 50.949920684099197 20.377411276102066 12.328847885131834 55.779708713293076 33.117650330066681 12.483553215861319 4.5749952644109717 14.485178142786024 15.631305336952211 9.6591312140226346 14.243590861558912 22.406276747584343 29.388551220297813 32.995791509747505 26.606098473072052 14.687713161110876 12.743621453642843 22.046189442276955 74.562392354011536 25.061003252863884 8.5204379558563215 40.168088093400002 19.900626599788669 10.596984148025511 8.7259564548730832
leaf_count=108 644 27 117 140 25 222 88 54 245 146 54 20 63 67 43 62 99 130 144 119 64 55 95 327 110 38 175 87 46 39
internal_value=0 0.00223174 0.0156386 0.0254875 -1.00482e-05 0.00136516 -0.0058165 0.00579629 0.0116272 0.0189106 0.0272851 0.0336699 -0.00328345 -0.00797729 -0.0159157 -0.00387168 0.00343001 0.00806952 -0.00106544 0.0191819 0.0113399 0.00844214 -0.0109742 -0.0152351 0.00105105 0 -0.0221815 -0.00911113 -0.025091 0
internal_weight=835.15 531.373 73.4402 46.6391 457.933 433.194 162.546 270.648 165.632 101.126 68.0085 55.5249 105.016 90.531 62.1561 303.777 125.64 111.397 62.3843 49.0124 35.0651 28.3749 127.481 105.435 30.8722 14.7928 52.4969 178.137 30.4976 64.5057
internal_count=3653 2322 322 205 2000 1892 709 1183 726 442 296 242 457 394 272 1331 554 492 274 218 152 122 557 462 135 65 229 777 133 284
is_linear=0
shrinkage=0.05


Tree=70
num_leaves=31
num_cat=0
split_feature=31 216 23 48 44 68 125 63 29 67 215 211 131 53 0 130 215 8 131 135 29 149 45 189 8 134 94 15 115 97
split_gain=2.86142 7.29108 5.05924 4.73757 4.29209 4.2128 5.76493 7.07937 6.02025 5.73547 7.19853 5.66852 6.10998 5.66691 5.55857 6.98508 6.08817 9.02392 6.15213 5.22784 4.97414 5.85342 4.8975 5.76288 5.35548 4.62719 4.60169 4.48632 4.44105 4.91698
threshold=0.75000000000000011 -0.0031904036178272695 9.0769581765494589 1.0000000180025095e-35 -0.96359376111369355 1.0500000000000003 6.0000000000000009 11.550000000000002 0.078981461979209383 23.950000000000006 0.03698599457738231 1.8166666666666669 -0.77875315018109459 0.36294286886893595 1.0000000180025095e-35 0.011388709326421583 0.0020682217999151158 0.80896176635958661 -1.0078123411580304 -0.75333512016438864 0.077806250255559317 0.05088718609043847 -0.78257835753184624 8.3817165123245765 1.9276078311410219 0.8021541805636786 0.26283882783882789 4.5000000000000009 0.27678948161543104 0.25495098039215691
decision_type=2 2 2 2 2 2 2 2 2 2 2 2 2 2 2 2 2 2 2 2 2 2 2 2 2 2 2 2 2 2
left_child=1 2 3 -1 -3 6 7 -2 -8 10 20 12 -7 27 16 -16 18 -18 -15 -17 -9 28 23 -20 -24 -19 -21 -11 29 -22
right_child=5 4 -4 -5 -6 11 8 9 -10 13 -12 -13 -14 14 15 19 17 25 22 26 21 -23 24 -25 -26 -27 -28 -29 -30 -31
leaf_value=0.025770537966630699 -0.016050922802961786 0.010656787194675849 -0.012208952999748321 -0.0076453083869697435 -0.021575701028003644 -0.0056943553835521405 0.0048382993954096112 -0.023235445790619976 -0.023175166667871977 -0.0078860977280000057 0.029763064263946478 0.00048109461878861524 0.036780411820284846 -0.023241573623475432 0.0026796832617977553 -0.0023519153247203175 0.012942438196716194 -0.033143742437611839 -0.025132994459786857 0.045550883399351427 0.019610538123051375 0.018005077327564244 0.022875722972353213 0.015200382408067134 -0.0096347350996683467 0.0027194505122007809 0.0088563797555099421 0.029584045951776768 -0.021334694430097181 -0.020850418399621054
leaf_weight=27.959699496626854 46.306775435805321 7.9628297984600058 20.085116103291512 11.419783428311346 62.406790167093277 8.8014548271894437 26.309064745903015 37.884490847587585 46.026037871837616 6.5006801635026923 7.7879759967327109 56.775983661413193 25.053748473525047 11.525629475712774 112.75792787969112 12.015318170189856 17.203165888786316 34.951478347182274 14.593019753694536 22.788574159145355 15.932075932621958 21.227251350879669 55.056209728121758 10.955751985311506 11.813007220625876 9.0797779560089094 19.498614817857742 35.132830366492271 31.517109721899033 6.5248245745897284
leaf_count=122 202 35 87 50 271 37 116 167 200 29 34 252 111 50 493 54 75 152 64 100 70 93 241 47 52 40 86 155 139 29
internal_value=0 -0.00666459 0.00570223 0.0157473 -0.0171317 0.00128165 -0.00019859 0.00157173 -0.013009 0.00341528 -0.00577958 0.0110478 0.0257829 0.00649102 0.00404067 0.0103644 -0.00232479 -0.0143202 0.00484527 0.0243286 -0.00959562 -0.00139232 0.00961776 -0.00736192 0.0165139 -0.0257153 0.0318852 0.0229791 -0.0103247 0.00528799
internal_weight=833.853 129.834 59.4646 39.3795 70.3696 704.019 613.388 541.052 72.3351 494.746 120.874 90.6312 33.8552 373.872 332.238 167.06 165.178 61.2344 103.944 54.3025 113.086 75.2013 92.418 25.5488 66.8692 44.0313 42.2872 41.6335 53.974 22.4569
internal_count=3653 565 259 172 306 3088 2688 2372 316 2170 532 400 148 1638 1454 733 721 267 454 240 498 331 404 111 293 192 186 184 238 99
is_linear=0
shrinkage=0.05


Tree=71
num_leaves=31
num_cat=0
split_feature=125 107 153 151 203 41 121 134 6 139 111 99 41 94 3 30 151 101 35 94 114 32 1 30 61 175 7 175 118 44
split_gain=2.74882 3.62636 4.41016 5.34615 3.85817 6.31279 4.15947 4.88879 3.59109 3.23045 3.17672 2.88291 4.77228 5.21771 6.75506 8.14382 6.39451 5.87319 5.23631 4.96569 4.81415 3.99456 7.70464 6.43328 7.81288 4.96908 6.76332 5.7793 5.83872 5.70533
threshold=4.0000000000000009 8.2584966319657092 154.24638537568885 1.1278847008187178 6.7121031412588756 2.7946798459654869 0.73036026947193255 -0.1105167806037639 4.8074443235935034 1.906162712216396 10.500000000000002 0.03398492453583897 3.0573416966806612 0.29811981349627165 8.2636676261178383 0.2539456295158527 1.4839815318483098 0.028943620675211532 0.15161621476874826 0.28445096122515484 0.31959937918323805 0.19231813682726759 6.3990000000000009 0.26185477666327567 0.28753250534568786 0.04388070843537261 0.10491083281796003 0.0033621961737959065 22.100000000000005 0.47714059151611399
decision_type=2 2 2 2 2 2 2 2 2 2 2 2 2 2 2 2 2 2 2 2 2 2 2 2 2 2 2 2 2 2
left_child=1 2 3 -1 6 -6 7 -3 9 -4 -9 21 19 14 16 17 20 -16 -15 -13 -14 23 -23 25 -25 27 -27 29 -29 -2
right_child=11 4 8 -5 5 -7 -8 10 -10 -11 -12 12 13 18 15 -17 -18 -19 -20 -21 -22 22 -24 24 -26 26 -28 28 -30 -31
leaf_value=0.0065887568563812136 -0.00059455341095794351 0.016098720237435603 0.030969433319207009 -0.038556653060835389 -0.013024056834306722 0.031923028382102349 0.02341855244176106 0.0062958182128738938 -0.0059387426181960398 -0.00028515893797505411 -0.028618904066255453 -0.022931904501389131 0.019052749943942286 -0.02462671394074907 -0.011239046659458801 -0.0097673465645492664 -0.01933243331154736 0.030686312218728737 0.017968403490985104 0.0036778115629726551 -0.021177883987090109 0.018228401214338292 -0.029634097795131004 0.010765414095962277 -0.027953797385074731 0.02224169657768155 -0.014996962777098772 0.0078677198093387579 -0.018445808586778818 0.020971042794907035
leaf_weight=7.9451910555362728 127.96117570996284 9.7890037447214109 13.154156729578974 10.158927008509634 6.0434643179178229 32.158053532242775 10.602136537432669 5.6023706048727062 29.10706128180027 12.194395110011099 16.804430156946182 55.52815081179142 23.973055675625805 30.203621476888657 6.4226559251546851 21.053221836686134 40.020196929574013 43.877560272812843 4.5180572271347037 20.824418798089027 4.9548021107912055 57.875631034374237 4.777391552925109 14.633708998560904 36.715958639979362 48.260174855589867 11.144250229001043 24.962146311998367 66.889115333557129 34.41916061937809
leaf_count=34 557 43 59 44 27 143 47 25 128 53 73 247 104 132 28 94 176 192 20 91 22 252 20 65 160 213 49 112 293 150
internal_value=0 0.00595453 -0.00186201 -0.0205238 0.0129485 0.0235493 0.0014895 -0.00723695 0.00512597 0.0175402 -0.019421 -0.00135189 -0.00556257 -0.000739121 0.00352967 0.0139748 -0.00715577 0.0243488 -0.0168907 -0.0155871 0.00931962 0.00110114 0.0122889 -0.000891881 -0.0164997 0.00180385 0.0142456 -0.00122559 -0.0109995 0.00431716
internal_weight=832.574 153.559 72.5597 18.1041 80.9995 38.2015 42.7979 32.1958 54.4556 25.3486 22.4068 679.014 251.376 175.023 140.301 71.3534 68.9481 50.3002 34.7217 76.3526 28.9279 427.639 62.653 364.986 51.3497 313.636 59.4044 254.232 91.8513 162.38
internal_count=3653 676 318 78 358 170 188 141 240 112 98 2977 1106 768 616 314 302 220 152 338 126 1871 272 1599 225 1374 262 1112 405 707
is_linear=0
shrinkage=0.05


Tree=72
num_leaves=31
num_cat=0
split_feature=143 105 52 91 95 78 15 119 172 215 152 211 38 84 219 11 11 67 5 12 41 42 50 73 46 154 192 5 12 200
split_gain=2.71291 2.99294 6.01448 5.40687 3.3683 5.24961 7.90763 6.12269 5.13791 5.29392 5.21868 6.5091 5.19064 5.01677 4.68221 4.39608 6.11814 6.56801 6.28395 6.25336 5.76382 5.21903 8.61936 6.69357 5.35451 5.15143 5.10188 5.08327 4.90916 4.6737
threshold=0.11296429145793109 0.25290697674418611 0.17058080808080814 4.9491791761819384 0.28281685634626813 18.850000000000005 4.5000000000000009 24.612500000000004 0.27678948161543104 0.016780746308372969 1.8185410370697606 2.4166666666666674 1.0090000000000001 57.750000000000007 5.3448592943994129 3.7413524953852426 4.0195911138847533 18.250000000000004 1.2714179185316461 1.375338970098724 2.6272212533771468 83.850000000000009 0.75000000000000011 45.250000000000007 24.500000000000004 271.89685855957163 52.118997194743635 1.3341935418643582 1.0818379567214895 3.7554217627647417
decision_type=2 2 2 2 2 2 2 2 2 2 2 2 2 2 2 2 2 2 2 2 2 2 2 2 2 2 2 2 2 2
left_child=-1 2 3 -2 15 6 14 -7 9 13 -10 -12 -11 -8 -6 21 26 -18 29 -20 -21 22 23 25 27 -3 -17 -24 -23 -19
right_child=1 4 -4 -5 5 7 8 -9 10 12 11 -13 -14 -15 -16 16 17 18 19 20 -22 28 24 -25 -26 -27 -28 -29 -30 -31
leaf_value=0.016749988472626324 -0.030867505084523617 0.021934452430859511 0.010522970399598324 0.0080683134270247547 -0.036299820755594854 0.021850836079017704 0.019175740130298529 -0.01793800018388465 0.013608900536403991 -0.041194646493430728 -0.036739604265251136 0 0.0081932276171942427 -0.0080659972433877441 0.0075385917949177417 -0.026735791790323607 -0.014500508166858118 0.018410449937760771 0.026781434648373483 -0.021915949269335013 0.0069946500255866073 -0.026310987299279682 0.030478298596831162 -0.02039201550300393 -0.013241537165980408 -0.018326746323388259 0.014562941913082598 0 0.0058943008100580457 -0.015748062450846142
leaf_weight=18.537693947553635 29.436095342040062 24.538093909621242 17.007520318031311 8.4203726500272733 27.830913931131363 28.062477692961693 47.794658124446869 8.6974091082811338 9.2629859298467618 6.1977222114801389 23.649671822786331 22.48429436981678 6.2572226226329803 19.952982440590858 4.5236338227987281 30.535046488046646 48.897748529911041 7.2874571979045859 33.669769361615181 13.852041706442831 178.23922446370125 13.926153868436812 70.909366935491562 24.030588090419769 6.1149550378322592 5.9641267955303183 5.1941144317388526 15.498152509331701 25.797720551490784 48.590064853429794
leaf_count=84 130 108 74 37 123 129 210 38 40 26 104 97 27 87 20 132 216 32 146 63 779 61 315 106 27 26 22 68 113 213
internal_value=0 -0.00046724 -0.0112437 -0.0216928 0.000348821 -0.00501762 -0.00884052 0.0108175 -0.00290928 0.00489484 -0.0140917 -0.0209293 -0.0197109 0.0108059 -0.0293127 0.00240721 -0.000731828 0.00143024 0.00448803 0.00825168 0.00427991 0.00855168 0.0128668 -0.00243609 0.0218052 0.0118856 -0.0190675 0.0251476 -0.00651631 -0.0097363
internal_weight=831.16 812.623 54.864 37.8565 757.759 204.714 167.954 36.7599 135.6 80.2026 55.397 46.134 12.4549 67.7476 32.3545 553.045 366.265 330.536 281.639 225.761 192.091 186.779 147.055 54.5328 92.5225 30.5022 35.7292 86.4075 39.7239 55.8775
internal_count=3653 3569 241 167 3328 901 734 167 591 350 241 201 53 297 143 2427 1603 1449 1233 988 842 824 650 240 410 134 154 383 174 245
is_linear=0
shrinkage=0.05


Tree=73
num_leaves=31
num_cat=0
split_feature=46 94 198 213 52 57 35 153 143 4 77 6 8 175 98 207 23 135 214 120 134 91 55 36 7 31 86 115 175 45
split_gain=2.60027 5.76275 11.6934 5.83298 5.67273 5.43497 6.09417 5.08746 4.73149 4.37395 4.87662 4.88265 5.61718 5.83591 4.50849 6.40805 6.59801 5.95729 8.65235 6.12963 6.68313 6.33361 4.58467 4.49346 4.42288 5.95925 4.37075 5.67507 5.78607 5.01534
threshold=1.0000000180025095e-35 0.30216947936977528 9.1795350145615284 31.360882399614244 0.19515909090909092 24.885263298423819 0.10581827810178439 293.05606346197925 0.19424789842667217 7.8847557114801612 5.7000000000000002 6.2295491184989125 2.0595637443593851 0.043246116536583633 0.02436057207287402 3.7999241443924507 8.297675388247983 -0.50984201216737357 -0.013786316533379956 0.72211708053535217 0.129676110988489 5.620990341214819 37.967432950191572 0.37635505480255055 0.10591377729463478 1.2500000000000002 -2.8872431005116606 0.29385378138034163 0.022777737264426699 -0.97988739209073461
decision_type=2 2 2 2 2 2 2 2 2 2 2 2 2 2 2 2 2 2 2 2 2 2 2 2 2 2 2 2 2 2
left_child=4 2 26 7 9 6 8 -3 -6 10 -1 12 13 14 15 16 -12 18 -16 -19 21 -21 -17 -11 25 -15 -2 29 -29 -28
right_child=1 3 -4 -5 5 -7 -8 -9 -10 23 11 -13 -14 24 17 22 -18 19 -20 20 -22 -23 -24 -25 -26 -27 27 28 -30 -31
leaf_value=0.033755106861181793 0.0098447644011376689 -0.030404446254208264 0.019542140246381266 0.011048108425366552 0.012329011254569125 0.026776413379177539 0.019008387839772958 0.010168324242928867 -0.030889404378707859 0.0066856297050016771 0.021505524291226499 0.020630407110112679 -0.020306996440887626 0.0306270870199296 -0.0081888058596803915 0.00028061117343740441 -0.012507113395424367 0.0066711177183978168 0.024596152488928158 -0.028206658228866335 0.0087381178127655321 0.013320900765217867 -0.037749510987537455 -0.025733618886430793 -0.012135854597477574 -0.0050258322994293572 0.015523453387378316 0.018980777740986644 -0.01784197260589206 -0.017360631157203644
leaf_weight=6.4365217089653006 30.46208019554615 41.359289914369583 52.894666954874992 10.577758818864821 5.3446007370948818 36.995567411184311 17.22685307264328 5.7153432965278617 13.299687534570692 12.128031492233275 17.499327152967453 23.305403217673302 29.000231936573982 34.897138953208923 27.425377041101456 9.2436657547950762 33.927590921521187 65.587909638881683 49.084897637367249 49.10233761370182 20.528074398636818 7.079872414469718 22.371051922440529 25.86676524579525 8.0993847846984846 13.244195863604544 8.1781321763992292 26.141661494970322 11.035114780068396 115.46790285408497
leaf_count=29 134 181 234 48 23 166 76 25 57 53 76 102 128 156 121 41 148 289 217 214 90 31 97 114 36 58 36 115 48 510
internal_value=0 -0.00368214 -0.000105676 -0.0172135 0.00209615 0.0145667 0 -0.0244951 -0.0174557 0 0.00151044 0.000544325 -0.000848888 0.000916028 -0.00183695 -0.0114407 0 0.00187031 0.0127561 -0.00404733 -0.0133651 -0.0219039 -0.0274274 -0.0152298 0.0150434 0.0207981 -0.00602552 -0.00938854 0.0066386 -0.0144725
internal_weight=829.526 301.832 244.18 57.6524 527.694 72.8667 35.8711 47.0746 18.6443 454.828 416.833 410.396 387.091 358.091 301.85 83.0416 51.4269 218.808 76.5103 142.298 76.7103 56.1822 31.6147 37.9948 56.2407 48.1413 191.285 160.823 37.1768 123.646
internal_count=3653 1331 1077 254 2322 322 156 206 80 2000 1833 1804 1702 1574 1324 362 224 962 338 624 335 245 138 167 250 214 843 709 163 546
is_linear=0
shrinkage=0.05


Tree=74
num_leaves=31
num_cat=0
split_feature=5 4 27 27 144 4 8 45 21 136 115 142 153 193 45 71 38 73 43 79 213 123 189 107 78 40 117 144 110 6
split_gain=2.73667 3.45481 5.69178 5.07508 5.03012 8.33417 7.52345 7.49905 6.50676 5.75751 4.97789 7.41078 6.23326 4.61337 4.87882 4.57271 4.56779 4.75379 4.77174 5.2697 4.46894 4.35314 4.45944 4.29676 5.95443 4.82996 5.4556 5.03504 4.2612 4.28174
threshold=0.69484126984126993 3.1147676623286382 0.22549158288308221 0.26309240083103574 8.1411000000000033 4.3660285078876315 1.4008768595974741 -0.22495105434386511 2.5427248677248682 4.0599062907780921 0.2742512718150899 0.72450506993000541 196.33663554916129 10.763296285440129 -0.87878364999916114 28.500000000000004 1.05 56.250000000000007 10.250000000000002 32.800000000000004 8.4630193558991582 5.0000000000000009 8.1075859913857311 7.3622980073361761 17.450000000000003 8.5436204779894585 0.22318007662835251 14.628200000000003 0.28828402822157634 3.1604162204611983
decision_type=2 2 2 2 2 2 2 2 2 2 2 2 2 2 2 2 2 2 2 2 2 2 2 2 2 2 2 2 2 2
left_child=-1 2 20 -4 5 16 23 8 -7 10 21 12 -12 -8 -15 28 17 18 19 -3 -2 22 -9 -6 25 27 -27 -25 29 -5
right_child=1 4 3 15 6 7 13 9 -10 -11 11 -13 -14 14 -16 -17 -18 -19 -20 -21 -22 -23 -24 24 -26 26 -28 -29 -30 -31
leaf_value=-0.02118316066455227 0.025796096186075198 0.0093874979935683212 -0.0068004701842428591 0.028425847681000278 0.032028707135982375 -0.0174939448823789 -0.011115753689639638 0.028459803173130967 0.013300151951762894 0.016482298645047709 -0.04076321219783801 0.011913765546869765 -0.0072694816539597478 -0.018343538598110883 0.01948436817125479 0.032889472446102234 0.014186131196231492 0.017830000598807627 0.0072987430027052352 -0.025945625074285258 -0.002780463864787057 -0.01850085847373276 -0.0037818834593981035 -0.022844733261018501 0.034150883548326898 0.03044889984250625 -0.0074682207261326091 0.018157922826372585 -0.011569420077752661 -0.0029668148410653804
leaf_weight=9.9538685679435712 43.830963879823685 8.1187970191240293 93.65482434630394 17.086853951215744 22.865742266178131 15.032074898481367 72.236405804753304 13.626275375485418 111.8821559548378 16.259546771645546 30.585102245211601 11.711244270205496 30.657066822052002 6.6112199127674094 26.896260663866997 12.644695162773131 8.0015716254711133 4.6147099286317816 11.200321257114409 100.30246344208717 15.675908803939818 14.273744657635687 20.331269606947899 24.415288582444195 11.04278191924095 15.002069711685182 13.492452934384344 5.2336735427379599 23.639596298336983 17.205500334501266
leaf_count=45 194 37 417 75 100 67 316 60 491 72 136 51 135 29 119 58 36 20 49 442 68 62 91 105 50 66 59 24 104 75
internal_value=0 0.000399676 0.00564925 0.000532052 -0.00156528 -0.00482652 0.00480828 0.000265662 0.00893846 -0.00759983 -0.0115542 -0.0193792 -0.0261883 -0.00406391 0.00995878 0.0103992 -0.0148273 -0.017366 -0.0195852 -0.0227822 0.0182486 0.000520735 0.0105063 0.014942 0.00717988 0 0.0133137 -0.0133096 0.00287 0.0136657
internal_weight=828.084 818.131 223.738 164.231 594.392 396.596 197.796 264.358 126.914 137.444 121.185 72.9534 61.2422 105.744 33.5075 70.5766 132.238 124.236 119.622 108.421 59.5069 48.2313 33.9575 92.052 69.1863 58.1435 28.4945 29.649 57.932 34.2924
internal_count=3653 3608 991 729 2617 1749 868 1165 558 607 535 322 271 464 148 312 584 548 528 479 262 213 151 404 304 254 125 129 254 150
is_linear=0
shrinkage=0.05


Tree=75
num_leaves=31
num_cat=0
split_feature=132 131 189 109 99 31 68 143 99 29 29 43 157 101 220 36 89 89 76 140 40 84 207 57 17 18 89 30 119 153
split_gain=2.66095 4.04279 5.46506 5.52443 4.3446 4.25671 4.35168 5.5515 6.35674 5.67457 4.75246 6.63254 7.87799 5.77627 5.29079 4.75186 4.67478 4.61979 4.57653 4.44243 4.33464 4.33453 4.27476 4.18681 4.12817 5.35695 8.061 5.08921 4.29158 4.96037
threshold=0.050323031925770915 1.0471679886931307 7.6058108961732698 65.184453227931513 0.038988590231950934 0.75000000000000011 -1.0000000180025095e-35 0.23236735271049561 0.029932653396448999 0.10491853159246751 0.083907400705447402 6.5500000000000007 64.208871712044314 0.01912351811781916 1.2312200000000004 0.45613879710035904 -1.1101546992434022 0.96140919470497732 20.750000000000004 0.93106961872815552 8.6173702698548507 68.250000000000014 5.241761379136471 24.683714387464391 6.8350000000000009 1.5000000000000002 -0.79694066907160976 0.2383271684463508 20.866071428571434 241.21056693733408
decision_type=2 2 2 2 2 2 2 2 2 2 2 2 2 2 2 2 2 2 2 2 2 2 2 2 2 2 2 2 2 2
left_child=1 5 3 -3 -4 22 7 8 15 -10 13 12 17 19 16 -7 -15 20 -14 -8 -12 -18 -1 -22 25 28 -27 -28 -13 -30
right_child=-2 2 4 -5 -6 6 10 -9 9 -11 11 24 18 14 -16 -17 21 -19 -20 -21 23 -23 -24 -25 -26 26 27 -29 29 -31
leaf_value=-0.013258758872314015 -0.015413460901912696 -0.023205746640512462 0.030024919257387324 0.019878341344282766 -0.0042579231426412767 0.022125521929955354 -0.013127078472069106 -0.020512338877024271 -0.016662634095292034 0.014494693835497641 -0.040046539582835085 0.014958734664271471 -0.0053297709098131668 -0.014982497379328032 -0.014919530780083415 -0.0049270135423694454 0.020251840401677986 0.012247257843945647 0.030279045639792914 0.02112478607066463 -0.025342990273303469 -0.013079964566491778 0.0097653728011856192 0.010887395993404521 0.021240853967465334 -0.021015452676694163 0 0.027933397514069886 -0.022881609265240216 0.0091479013485426149
leaf_weight=98.806889474391937 21.912138670682907 13.861318439245226 31.980725362896919 7.1206889599561682 9.2158453911542875 35.224737793207169 37.950284227728844 40.481560349464417 58.447584077715874 13.956135421991346 26.388956263661385 9.8715791255235654 21.090629935264591 6.8841400593519202 10.306749120354651 22.517259538173676 138.24215963482857 4.5314292907714835 8.6011498123407346 6.9715526401996604 10.402115151286127 6.2219908833503714 19.874590754508972 11.189767286181448 26.398008406162262 12.233109414577482 25.573704347014427 37.201563760638237 41.264022290706635 11.981666475534437
leaf_count=433 97 61 145 32 40 153 164 181 258 62 118 44 93 30 46 99 614 20 38 32 47 28 88 49 116 54 112 165 181 53
internal_value=2.19681e-05 0.000565676 0.0123263 -0.00661041 0.0221838 -0.000461444 0.00117415 -0.00547158 -2.23839e-05 -0.00978558 0.0037626 -0.000843679 -0.0121162 0.00927226 0.0136372 0.0116256 0.0161567 -0.0231143 0.00714212 -0.00572726 -0.0277665 0.0182595 -0.00896206 -0.00711011 0.0048324 0.000889328 0.0097874 0.0172664 -0.00926033 -0.0150783
internal_weight=826.704 804.792 62.1786 20.982 41.1966 742.613 623.932 170.627 130.146 72.4037 453.305 246.728 82.204 206.577 161.655 57.742 151.348 52.5123 29.6918 44.9218 47.9808 144.464 118.681 21.5919 164.524 138.126 75.0084 62.7753 63.1173 53.2457
internal_count=3653 3556 278 93 185 3278 2757 753 572 320 2004 1090 365 914 718 252 672 234 131 196 214 642 521 96 725 609 331 277 278 234
is_linear=0
shrinkage=0.05


Tree=76
num_leaves=31
num_cat=0
split_feature=125 130 94 15 30 120 44 193 149 113 89 89 83 7 152 142 13 41 207 219 207 36 30 63 35 173 121 41 118 108
split_gain=2.60467 3.77288 4.0202 4.926 7.00605 4.90299 4.5485 4.03451 4.62861 5.15258 3.289 4.4783 2.85015 3.39933 4.05774 4.21488 3.78069 6.57558 4.12112 6.04325 6.75277 6.37416 5.9853 5.40029 5.29248 4.99515 5.2807 6.18299 6.49055 4.81582
threshold=4.0000000000000009 -0.033983379716220112 0.27760618492235695 8.5000000000000018 0.26422446759073798 0.70327436790851439 -0.25037047035109422 8.2976701845490464 -0.24005760548101199 30.500000000000004 0.27173369914728346 -0.38742811499102453 88.950000000000017 0.13388323748270817 2.0704883051031433 -0.48558746340477582 6.0466094451687686 2.8452676469943685 4.0671389389721337 5.5509787717968182 3.6656834335308455 0.27080691838940435 0.20395976031293869 15.300000000000002 0.084103256245902522 0.043729836604360507 0.71207439541223116 3.733823490707644 25.100000000000005 65.595698924731195
decision_type=2 2 2 2 2 2 2 2 2 2 2 2 2 2 2 2 2 2 2 2 2 2 2 2 2 2 2 2 2 2
left_child=1 -1 3 4 5 -3 10 -5 -9 -10 11 -7 13 16 -15 -16 18 -18 19 21 -21 -2 23 -20 -23 26 -26 29 -29 -28
right_child=12 2 -4 7 -6 6 -8 8 9 -11 -12 -13 -14 14 15 -17 17 -19 22 20 -22 24 -24 -25 25 -27 27 28 -30 -31
leaf_value=0.025323484118900036 -0.019983087541253945 0.013026887297929108 0.024985923203288518 -0.012688224515522085 0.016602504946796753 -0.016635271227530151 -0.04055380943691133 -0.010789256100637678 0.031471495104061394 -0.011169502442372921 -0.025330844951357935 0.022801654010833748 -0.016167213457698414 -0.030501983145036261 0.027066018106198811 -0.011163479095942454 -0.020512256208869782 0.027393308914817612 -0.015572240218156798 -0.021055830962141614 0.009652336580894233 0.024609395721819388 -0.008896222003080238 0.02609838841281591 0.022534333576317192 -0.020283585877511168 0.0062728940886674217 0.030960135685778264 -0.013010866215856938 -0.011305172180642913
leaf_weight=16.782094329595566 16.68675135076046 6.8521143943071356 12.373462542891501 10.381748884916304 14.858171969652174 8.3051261454820615 18.181019648909572 8.1217181980609876 30.558997645974159 5.1679314225912085 10.129542872309683 10.313042864203455 25.893001079559326 15.141909763216971 5.0540551394224158 20.451987549662594 4.8897227793931988 23.891007021069527 6.5254548937082317 43.667603120207787 23.310314118862152 37.094039410352707 197.90210291743279 20.311776369810104 39.001350268721581 13.090948924422262 79.599487096071243 27.024561479687691 7.2875844687223426 66.444456607103348
leaf_count=76 74 31 55 45 68 37 80 36 135 23 44 46 116 66 22 89 22 103 28 192 102 165 878 91 175 57 353 121 31 292
internal_value=1.4594e-05 0.00584666 0.00243487 -0.000528816 -0.00932118 -0.0177115 -0.0235033 0.010025 0.0166627 0.0240756 -0.00756839 0.00435378 -0.00129883 -0.000546465 -0.0137219 0 0.000400305 0.0166829 -0.000503789 0.00280637 -0.010093 0.00603215 -0.0057628 0.0143266 0.00806835 0.00486083 0.00689144 0.00285723 0.0205182 -0.00166844
internal_weight=825.293 152.025 135.243 122.869 68.639 53.7808 46.9287 54.2304 43.8486 35.7269 28.7477 18.6182 673.268 647.375 40.648 25.506 606.727 28.7807 577.946 353.207 66.9779 286.229 224.739 26.8372 269.542 232.448 219.357 180.356 34.3121 146.044
internal_count=3653 676 600 545 306 238 207 239 194 158 127 83 2977 2861 177 111 2684 125 2559 1562 294 1268 997 119 1194 1029 972 797 152 645
is_linear=0
shrinkage=0.05


Tree=77
num_leaves=31
num_cat=0
split_feature=1 52 216 139 155 105 22 52 52 52 70 19 25 85 95 80 89 144 45 173 121 152 159 143 3 1 131 203 26 16
split_gain=2.61682 4.16956 5.72443 6.34079 7.66051 4.28836 5.10153 4.1523 4.10939 4.01438 4.18634 3.91966 6.5148 6.2179 10.0835 8.41553 6.13473 5.90584 8.37031 6.31974 6.93987 6.22009 6.02362 5.34157 5.26686 5.10241 4.6504 5.20395 4.61029 4.52992
threshold=6.4546666666666672 0.19429629629629633 -0.0015049944264328705 1.9319387785958362 90.969505858987006 0.25290697674418611 3.2467060093130762 0.21023484848484852 0.25467592592592597 0.15291335978835982 28.750000000000004 6.5000000000000009 5.4328486554096322 27.600000000000005 0.27570469383334889 48.050000000000004 0.72506680975105564 7.9692499999999997 -0.77159520228797429 -0.0065071878254418227 0.71554224168909586 2.3845790719459035 -0.046760639739769509 0.14461012045171553 10.747837271840273 4.7990000000000004 0.017123284501332939 8.55687966006872 4.3032142272086942 4.5000000000000009
decision_type=2 2 2 2 2 2 2 2 2 2 2 2 2 2 2 2 2 2 2 2 2 2 2 2 2 2 2 2 2 2
left_child=1 5 7 4 -4 6 -1 -3 -9 -2 -11 13 16 14 17 -16 24 19 22 20 -7 23 -19 -20 -13 -17 27 -22 -14 -21
right_child=9 2 3 -5 -6 11 -8 8 -10 10 -12 12 28 -15 15 25 -18 18 21 29 26 -23 -24 -25 -26 -27 -28 -29 -30 -31
leaf_value=-0.035683885356369786 0.0030451089958805221 0.012417369081798931 0.035200874823320648 -0.010983516123443594 -0.0099639110616333137 -0.017571594748676572 -0.0016311813448132179 -0.020684476416846096 0.012681789923161851 0.0081337507049806159 -0.033428079751794369 0.025950987748976563 0.01109472506754991 0.008585818313296965 -0.036065162806020033 0.017048078274986788 -0.010535647317856861 -0.032335151174472887 -0.0067364753467866346 -0.0018435715284048 0.012791550172405096 -0.0064194742058653722 0.0078570342097631415 0.033684386496273602 -0.0045206554779496991 -0.014072262095277482 0.029500248086024847 -0.023791603381563473 -0.02507290718489795 -0.021069859917552475
leaf_weight=13.641346752643583 22.686150923371315 25.181742995977402 40.590662226080894 9.99864813685417 8.4546083956956846 18.098066240549088 32.245026051998138 27.787872269749641 8.0018885284662229 4.7830662280321148 17.998566642403603 63.856833904981613 9.7450768053531664 108.64732956886292 36.190462902188301 13.75360196828842 15.854115799069403 11.97620375454426 6.8843650072813025 65.590857073664665 27.158007398247719 14.277177318930624 15.773176193237303 42.850832372903824 14.507506042718886 37.834188178181648 23.310407504439354 8.8298000544309598 17.170313537120819 60.339148163795471
leaf_count=60 100 113 182 44 38 81 144 122 36 20 80 285 43 485 165 60 68 53 30 288 120 62 68 188 65 168 102 40 76 267
internal_value=9.16603e-06 0.000749814 0.00913886 0.0196121 0.0267511 -0.000798726 -0.0147574 -0.00134202 -0.0119715 -0.0109955 -0.0239088 0.000317281 0.00821923 -0.00164297 -0.00468334 -0.0190627 0.0144026 -7.63405e-05 0.0100484 -0.00489719 0.00590575 0.0196779 -0.0110143 0.0275283 0.0200771 -0.00456037 0.0142692 0.00139841 -0.011508 -0.0116996
internal_weight=824.017 778.549 120.015 59.0439 49.0453 658.534 45.8864 60.9715 35.7898 45.4678 22.7816 612.647 121.134 491.514 382.866 87.7783 94.2185 295.088 91.7618 203.326 77.3963 64.0124 27.7494 49.7352 78.3643 51.5878 59.2982 35.9878 26.9154 125.93
internal_count=3653 3453 535 264 220 2918 204 271 158 200 100 2714 537 2177 1692 393 418 1299 401 898 343 280 121 218 350 228 262 160 119 555
is_linear=0
shrinkage=0.05


Tree=78
num_leaves=31
num_cat=0
split_feature=123 189 10 10 11 5 120 125 131 85 30 33 205 16 78 35 3 118 118 109 37 12 173 214 30 175 8 46 215 30
split_gain=2.56387 2.62977 2.75201 4.06694 5.83922 3.87536 4.4399 3.70851 5.26511 4.50567 5.48416 5.70085 5.40464 5.51765 6.47285 6.33343 5.3601 4.33466 5.07911 4.18366 5.70048 5.90313 5.31289 4.74468 5.12415 5.01807 4.43835 4.34316 4.99424 4.03033
threshold=3.0000000000000004 11.969321691792297 10.658869644118132 10.108131835669694 3.6681682265053568 1.2184832451499121 0.73020590148876729 6.0000000000000009 0.024747558509542692 21.350000000000005 0.20395976031293869 0.32454375741200886 3.0330054553158772 3.5000000000000004 7.3500000000000005 0.089844562608717538 7.4921678893740022 19.633333333333336 20.633333333333336 63.250300120048024 0.37412587412587422 1.1848954222116983 -0.033597898200135361 -1.0000000180025095e-35 0.24580631103862335 0.045449156343931298 1.2009055474852968 1.0000000180025095e-35 0.019987216363055258 0.23575874253449816
decision_type=2 2 2 2 2 2 2 2 2 2 2 2 2 2 2 2 2 2 2 2 2 2 2 2 2 2 2 2 2 2
left_child=-1 2 3 7 -5 -6 -7 9 -9 12 -11 -12 -2 -14 -15 16 -16 -13 29 20 21 -20 -22 24 25 -21 -26 28 -23 -19
right_child=1 -3 -4 4 5 6 -8 8 -10 10 11 17 13 14 15 -17 -18 18 19 23 22 27 -24 -25 26 -27 -28 -29 -30 -31
leaf_value=0.022134808382384921 0.014534826679737788 -0.017296026512695278 -0.0072790261215556415 0.028308173015155744 -0.022975703418908706 0.022973604146890911 -0.012328340261737455 -0.023402296026370277 0.0063330619764985236 0.021022072089571658 -0.023393297520762628 0.021669449256274304 0.00095842630549606135 0.010670004549014643 0.017285706152377543 -0.032902645387605615 -0.024964331435177949 0.0040183140111086013 0.023066363266048856 -0.031205047554498173 -0.012857216040159526 0.013102927796586126 0.022078372258633096 0.0051939041550509418 0.015750660552463495 0.0090382541930867175 -0.020710868173005752 -0.025014555263164935 -0.023592606583221577 -0.033089877905581606
leaf_weight=7.8813638240098944 23.777779310941696 17.281615704298019 103.52653419971466 27.315448224544525 8.7854750305414182 16.237539783120159 10.189160838723181 32.542157903313637 19.999109134078026 38.4748295545578 15.618772491812704 25.539961636066437 71.283137694001198 12.866529762744902 13.117466300725939 46.929072603583336 7.8154515922069541 8.9471920132637042 13.690877079963682 30.055310115218163 8.3108954280614835 25.556193500757217 75.090112507343292 86.898835927248001 19.808288022875789 6.3831091821193686 7.3843582421541205 20.019011914730072 8.1965185403823835 12.836609542369841
leaf_count=35 106 76 459 123 39 72 45 144 91 173 69 115 316 57 57 209 35 39 62 134 37 111 334 383 89 28 33 90 36 56
internal_value=0 -0.000346595 9.51851e-05 0.00127575 0.0129385 -0.000400011 0.00877107 0 -0.0120827 0.0012215 0.00415929 0.00205036 -0.00530082 -0.0089268 -0.0174939 -0.0235426 0 0.00357521 0.00176072 0.0036293 0.00940851 -0.00111331 0.0177839 -0.00211824 -0.0121193 -0.0233122 0.00339382 -0.00913371 0.00165241 -0.0190103
internal_weight=822.359 814.477 797.196 693.669 62.5276 35.2122 26.4267 631.142 52.5413 578.6 402.811 364.336 175.789 152.012 80.7285 67.862 20.9329 348.717 323.177 301.394 150.864 67.4626 83.401 150.53 63.6311 36.4384 27.1926 53.7717 33.7527 21.7838
internal_count=3653 3618 3542 3083 279 156 117 2804 235 2569 1789 1616 780 674 358 301 92 1547 1432 1337 670 299 371 667 284 162 122 237 147 95
is_linear=0
shrinkage=0.05


Tree=79
num_leaves=31
num_cat=0
split_feature=3 1 40 130 40 77 1 52 83 9 4 35 67 31 144 31 81 136 193 216 44 206 82 113 157 90 193 52 58 105
split_gain=2.51013 2.55794 4.28359 3.86878 5.65054 4.07097 4.25136 3.2813 3.14966 3.77434 3.8098 5.02387 4.06069 6.07472 5.461 7.75001 5.67585 6.56695 5.63669 5.5787 5.21597 5.56312 4.81722 4.81509 4.73568 4.99544 5.37219 4.72776 4.75133 4.61376
threshold=4.1242977528089897 6.5453333333333346 8.396644507080353 0.046881254297913212 8.8769994854939593 15.050000000000002 5.7990000000000004 0.15167748917748922 78.15000000000002 0.29439882608044016 2.8450793650793655 0.1065901900178091 18.150000000000002 0.65000000000000002 8.1810500000000008 1.3500000000000003 0.5335000000000002 2.2116210912128391 11.048949732246777 0.010394928741174913 -0.73724926354828224 -0.97847322037024309 32.650000000000013 17.500000000000004 68.11791651857996 16.500000000000004 10.704238396023209 0.11295833333333334 25.617326876652932 0.53279569892473122
decision_type=2 2 2 2 2 2 2 2 2 2 2 2 2 2 2 2 2 2 2 2 2 2 2 2 2 2 2 2 2 2
left_child=-1 3 -3 8 5 6 -5 -6 -2 10 11 -10 24 -14 15 16 -15 18 -18 23 -17 -22 -23 -19 25 26 -12 -21 -29 -16
right_child=1 2 -4 4 7 -7 -8 -9 9 -11 12 -13 13 14 29 20 17 19 -20 27 21 22 -24 -25 -26 -27 -28 28 -30 -31
leaf_value=0.020445940311881117 0.015245921830066782 0.0047748647098799267 -0.027484581928261101 0.044305812016988494 -0.024127863938856298 -0.0068699867509862235 -0.00062790719065976763 0.011567371605203823 -0.0030897885400091862 -0.013587122892069495 -0.032782253647044228 0.016457788322888973 -0.017504770416175392 0.021760767871843226 0.013629829376143435 0.002708918138195624 0.019597775796685091 0.0019223240132296483 -0.0096626220877781329 -0.02000740540025648 0.0023387677792066864 -0.035454268390817251 0.0033739394641879878 -0.025346493907846875 0.01409254089019909 0.008471977031571102 0 -0.006945093836943886 0.033413461351652955 -0.0084524352038448762
leaf_weight=9.7302907705306989 24.681478872895241 14.804125696420671 17.159459322690964 16.769239917397506 8.2107226997613889 4.5781109482049933 5.3419424295425406 7.2592782974243155 55.469312191009521 52.928703546524048 37.987907811999321 65.848804906010628 41.191147178411484 29.49915885925293 116.28426536917686 29.135082677006721 47.978291034698486 20.703850969672203 18.965154781937599 5.8438773006200817 15.992691874504088 40.585305079817772 7.3118548542261115 44.27375228703022 9.4703281968831998 11.206576049327849 15.624077796936033 8.1344674825668353 13.733740851283072 24.296978563070297
leaf_count=45 115 64 77 77 36 21 23 33 247 233 172 296 183 128 512 128 214 92 85 26 70 180 33 196 43 49 70 36 61 108
internal_value=0 -0.000379441 -0.0132423 0.000197315 0.0141069 0.0265771 0.0344142 -0.00742252 -0.000654203 -0.00134228 -0.000227153 0.00755376 -0.00208043 -0.000235657 0.00157353 -0.00237638 0.00335181 -0.000455766 0.0108653 -0.00902577 -0.0138545 -0.0214191 -0.0292956 -0.016784 -0.0125443 -0.0175247 -0.0236444 0.008186 0.0189718 0.00948235
internal_weight=821 811.27 31.9636 779.306 42.1593 26.6893 22.1112 15.47 737.147 712.465 659.537 121.318 538.219 463.93 422.738 282.157 189.132 159.633 66.9434 92.6897 93.0249 63.8899 47.8972 64.9776 74.2889 64.8186 53.612 27.7121 21.8682 140.581
internal_count=3653 3608 141 3467 190 121 100 69 3277 3162 2929 543 2386 2052 1869 1249 838 710 299 411 411 283 213 288 334 291 242 123 97 620
is_linear=0
shrinkage=0.05


Tree=80
num_leaves=31
num_cat=0
split_feature=37 22 105 196 11 44 9 68 44 89 24 108 8 207 62 133 146 121 60 53 139 98 28 89 207 18 51 11 8 24
split_gain=2.46387 4.30713 3.3293 3.05462 2.94528 2.88364 5.66341 4.15386 4.81756 4.51995 3.84677 4.02418 6.58576 3.95812 4.44006 4.1763 3.91291 4.06438 3.74781 6.99678 5.14959 6.18303 5.53461 5.45848 5.54075 4.86679 4.52684 4.09839 3.94336 3.88977
threshold=0.13247863247863251 3.5499926233814443 0.49576271186440685 190.84500000000003 3.7413524953852426 0.91702515554752073 0.2581152399288647 0.95000000000000007 0.99901018088683491 0.4596528016186881 7.6535395150485686 59.481639050604578 1.3582325128867714 5.4431711557791038 15.65 0.39295098964827496 7.7500000000000009 0.73372536497492269 0.40076270499818406 0.33797730047730051 0.5204932594837498 0.024853299474966544 0.22387122195425063 0.073353425559943744 2.9509781975520344 2.5000000000000004 0.22095679012345681 3.127388973822959 1.856244928531303 8.3546807895191488
decision_type=2 2 2 2 2 2 2 2 2 2 2 2 2 2 2 2 2 2 2 2 2 2 2 2 2 2 2 2 2 2
left_child=1 4 -3 5 -1 10 7 8 9 -7 11 12 -2 15 -15 -14 17 18 20 29 21 26 28 24 -23 -24 -12 -21 -22 -20
right_child=3 2 -4 -5 -6 6 -8 -9 -10 -11 16 -13 13 14 -16 -17 -18 -19 19 27 22 23 25 -25 -26 -27 -28 -29 -30 -31
leaf_value=0.0075719189629143138 0.026385601890413647 0.031017264043651644 -0.0055546309185042497 -0.021637670505453104 -0.02748073097098654 -0.035541825535215808 0.013184830357866929 0.013678240329735657 0.012275568016678978 0.0011072764129063965 0.001182059966684844 0.00090211651350004447 -0.02549156169198576 -0.0099789810567634286 0.027257401192946919 0.0093264293430323549 0.021266588931115975 0.013801325726958328 -0.010857456658988091 0.0018214031189100314 0.030017754575797501 -0.014281891608880326 -0.0093605076330027636 -0.013781901735645816 0.021909149143687325 0.017822756921014704 -0.032583801373178158 -0.018208885157150776 -0.0089756947484293803 0.029961176649091006
leaf_weight=9.1956383436918241 44.115890651941299 19.432824313640598 5.1158166527748099 11.979173913598059 5.1314345747232428 32.784927114844322 15.370451197028158 5.0737189799547187 4.9664926379919043 8.7750974744558317 11.996914327144621 202.0790925770998 15.913240611553194 8.5397042036056536 15.467374548316 9.8501460105180723 11.673604264855383 26.455305859446526 4.8115761429071418 28.581439152359962 27.352826297283176 9.9212431609630567 47.006297782063484 29.727225095033646 32.364248663187027 19.008831888437271 26.380426168441772 114.79468333721161 4.5494229644536963 11.10940560698509
leaf_count=42 197 85 23 56 22 146 69 22 23 39 53 898 71 38 70 44 53 118 22 126 123 44 211 132 145 85 115 513 20 48
internal_value=0 0.0115262 0.0228995 -0.000648776 -0.0075506 -0.000151641 -0.00971196 -0.0175363 -0.0224224 -0.0279788 0.000787685 0.00510332 0.0133903 5.77439e-05 0.013713 -0.0120147 -0.00232333 -0.0033425 -0.00481203 -0.010463 -0.000229478 -0.00758726 0.00778823 0.000998642 0.0122768 -0.000477388 -0.0225326 -0.0141206 0.0233169 0.0167835
internal_weight=819.524 38.8757 24.5486 780.649 14.3271 768.67 66.9707 51.6002 46.5265 41.56 701.699 295.965 93.8864 49.7705 24.0071 25.7634 405.733 394.06 367.605 159.297 208.307 110.39 97.9174 72.0127 42.2855 66.0151 38.3773 143.376 31.9022 15.921
internal_count=3653 172 108 3481 64 3425 299 230 208 185 3126 1318 420 223 108 115 1808 1755 1637 709 928 489 439 321 189 296 168 639 143 70
is_linear=0
shrinkage=0.05


Tree=81
num_leaves=31
num_cat=0
split_feature=152 152 101 46 119 95 211 68 28 144 4 33 8 37 85 153 118 220 210 36 151 87 87 117 133 202 218 45 6 4
split_gain=2.44025 7.37561 4.34926 3.91322 4.70019 3.76832 5.11581 5.73999 6.6508 4.54379 7.2862 5.54313 5.88485 5.17796 7.70428 7.28939 6.74062 6.13676 6.25361 5.38271 5.06167 4.77312 4.558 4.5081 4.25577 4.98653 4.68079 5.74135 4.23792 4.10565
threshold=1.649628410913347 1.762501793463048 0.015523958709884727 13.500000000000002 24.738888888888891 0.2791732585338394 2.4166666666666674 1.0500000000000003 0.29849271746935824 8.1411000000000033 2.1367499152102094 0.37833533049977897 1.3926277148975224 0.39230769230769241 22.750000000000004 204.53785977910886 25.225000000000005 0.48065999999999981 9.7226193046228193 0.451770671352624 1.8123788117502964 0.47137443187182221 0.4883821600058606 0.17595459236326114 -0.98786476022504199 0.23849030315835915 -1.0000000180025095e-35 -0.22495105434386511 4.3861860091128397 5.6760147095811506
decision_type=2 2 2 2 2 2 2 2 2 2 2 2 2 2 2 2 2 2 2 2 2 2 2 2 2 2 2 2 2 2
left_child=-1 2 -2 4 -4 9 7 8 -7 13 -11 12 -12 17 16 -16 -15 24 28 -18 -17 -22 -14 -13 25 -3 27 -26 -19 -28
right_child=1 5 3 -5 -6 6 -8 -9 -10 10 11 23 22 14 15 20 19 18 -20 -21 21 -23 -24 -25 26 -27 29 -29 -30 -31
leaf_value=-0.010068410730434858 -0.0070183279579506376 0.0173931558258382 0.034191242561881156 -0.0090092667822351518 -0.0078438593324437651 -0.024904385081740928 0.0020209743415506459 0.0074282849346294297 0.0086430749437305925 -0.019999561229230346 0.013761034610076321 0.032855435833412029 -0.024420505954929828 -0.025757165457407489 0.024091905514639144 -0.02189651075386069 0.027163059864044527 0.02044312731987661 -0.030699556635227377 -0.018093813635952881 -0.011430262302672222 0.017592515075036674 0.015337783363713969 0.0088247404156315372 0.019044554488743329 -0.028634804593400971 0.032359747900647162 -0.013762347844561923 -0.0097979658887754947 0.0019208203956373418
leaf_weight=50.923269167542458 10.976331099867819 5.0247449427843085 36.730024620890617 4.6907083541154853 4.8687235414981833 73.761634185910225 93.12452220916748 21.827695056796074 14.284787327051161 15.252733528614042 31.298536390066147 33.960052639245987 23.280835449695591 63.015195921063423 22.399427935481071 25.465258225798607 9.4591148495674151 14.764932587742804 16.005221843719482 6.8692639470100394 21.680742457509041 24.576822802424431 5.0652426332235327 58.250330701470375 20.162587851285934 9.2774284183979017 37.480519071221352 23.096467167139053 22.362940460443497 18.342375382781029
leaf_count=227 48 22 164 21 22 332 417 96 64 68 138 152 104 287 101 112 41 65 71 31 97 110 22 258 89 40 167 105 100 82
internal_value=0 0.000747467 0.017264 0.0236323 0.0284212 -0.000660965 -0.00635696 -0.0134543 -0.0190209 0.00161024 0.00825891 0.0118037 0 -0.00165757 -0.00765133 0.00185008 -0.0186604 0.00448158 -0.00875397 0.00717324 -0.00588769 0.00371385 -0.0153318 0.0191669 0.0110029 -0.0108521 0.0147675 0.00139947 0.00263379 0.0237492
internal_weight=818.278 767.355 57.2658 46.2895 41.5987 710.089 202.999 109.874 88.0464 507.091 167.108 151.855 59.6446 339.983 173.466 94.1223 79.3436 166.517 53.1331 16.3284 71.7228 46.2576 28.3461 92.2104 113.384 14.3022 99.0819 43.2591 37.1279 55.8229
internal_count=3653 3426 255 207 186 3171 909 492 396 2262 742 674 264 1520 779 420 359 741 236 72 319 207 126 410 505 62 443 194 165 249
is_linear=0
shrinkage=0.05


Tree=82
num_leaves=31
num_cat=0
split_feature=130 141 215 103 37 189 156 153 119 163 204 198 39 41 97 43 58 118 211 23 23 92 90 118 128 204 100 175 152 154
split_gain=2.45196 3.73615 4.87441 3.94953 3.53568 3.37716 3.13755 6.65088 5.88838 6.57975 6.33349 5.4011 6.09171 5.09235 6.81909 4.73617 5.6626 4.51628 5.89168 4.59955 4.57239 8.02757 5.17337 4.4965 4.43273 4.37984 4.34125 5.03467 4.59865 4.20901
threshold=-0.041075422192576393 1.3496626686656674 -0.024237464218670023 3.8552154263664042 0.13247863247863251 8.276500740946048 0.46978839455116006 196.33663554916129 21.950000000000003 -0.0067159717784237008 1.3877071379351087 8.2357082433136117 1.0980000000000003 3.2227698367027338 0.21835033187631539 5.3500000000000005 32.721913365310137 23.450000000000003 4.166666666666667 8.4944475315110903 11.245929670837777 11.397239799061746 3.5000000000000004 19.633333333333336 0.45384773794579253 -0.76000866919677568 0.043597053932050371 -0.00061556090733155811 2.5145100197543999 292.54991280550536
decision_type=2 2 2 2 2 2 2 2 2 2 2 2 2 2 2 2 2 2 2 2 2 2 2 2 2 2 2 2 2 2
left_child=1 5 -3 -4 -2 -1 7 15 9 24 13 12 -8 29 -15 16 -6 18 20 -19 22 -22 -13 -11 -9 -20 28 -28 -21 -10
right_child=4 2 3 -5 6 -7 11 8 10 23 -12 17 -14 14 -16 -17 -18 19 25 26 21 -23 -24 -25 -26 -27 27 -29 -30 -31
leaf_value=0.01177840597075101 0.013575748469037153 -0.0072405001889276222 0.0067179387108366045 0.046140371798674362 -0.025309709176185958 -0.017495895538847391 -0.034070998573523741 0.018698384620638699 0.013730787100659562 0.0076518012071390903 -0.0076787915742109114 0.0213268559851338 0.011934696817075614 -0.00068756422010875359 0.037469644851717998 0 0.0077633438746559508 0.0085595179072873017 -0.009716732855234186 -0.025716759382350709 -0.02425597930261595 0.017108506564435116 -0.0031862909663668755 -0.034959526139524216 -0.016672967901150023 0.029021982484888877 0.021495279757459591 -0.016695775270935583 0.008000777069040536 -0.018268456148166475
leaf_weight=13.117756485939028 35.084938183426857 10.084963500499724 16.67815122008324 11.334461852908133 40.452562123537064 15.941884264349936 24.189922928810123 25.047076463699341 30.2505933791399 5.4053274393081692 21.700469225645065 25.717613533139229 5.8020371943712226 13.43286122381687 44.595349475741386 171.54833693802357 13.965577736496924 20.96748673915863 5.8354543596506145 61.467597782611847 38.69386051595211 11.281474500894545 64.68501490354538 15.800500780344008 7.4602510184049597 24.364018976688385 12.156500086188318 12.125997275114058 8.2855923473834974 9.2654636204242689
leaf_count=60 156 44 74 51 186 71 108 112 134 25 97 116 26 60 201 760 63 95 26 273 173 51 290 70 32 112 54 54 37 42
internal_value=0 0.00882918 0.0183325 0.0279987 -0.000818018 -0.00375808 -0.00164899 0.00124622 0.00854447 -0.00457263 0.0146005 -0.00534925 -0.024023 0.0199334 0.0288862 -0.00429577 -0.0164622 -0.00292246 0.00212843 -0.010399 -0.00222325 -0.0137568 0.00427738 -0.0237564 0.00877382 0.0205093 -0.0150974 0.00197565 -0.02111 0.00445705
internal_weight=816.739 67.1572 38.0976 28.0126 749.582 29.0596 714.497 398.924 172.958 53.7132 119.245 315.573 29.992 97.5443 58.0282 225.966 54.4181 285.581 170.577 115.003 140.378 49.9753 90.4026 21.2058 32.5073 30.1995 94.0357 24.2825 69.7532 39.5161
internal_count=3653 300 169 125 3353 131 3197 1782 773 239 534 1415 134 437 261 1009 249 1281 768 513 630 224 406 95 144 138 418 108 310 176
is_linear=0
shrinkage=0.05


Tree=83
num_leaves=31
num_cat=0
split_feature=123 218 46 103 49 190 135 201 203 203 86 92 172 73 31 70 91 103 142 22 59 160 108 82 46 151 25 21 110 153
split_gain=2.45328 2.58799 2.83724 4.35714 4.65387 5.61798 4.60046 4.8068 4.36195 4.31406 4.28137 3.84449 6.72417 4.76929 4.10619 3.996 3.79977 3.70371 4.2302 3.70267 7.06372 3.87819 3.69 3.63755 3.60654 3.51171 4.22546 4.82342 7.02313 4.72791
threshold=3.0000000000000004 -0.039924221059338398 1.0000000180025095e-35 0.90754956786985275 9.7500000000000018 20.01135339201538 1.1595964707408852 0.47084780067709581 6.6256244475592014 7.5932495058091494 4.087417169492344 8.8197394121198069 0.28652808855163175 56.000000000000007 1.7500000000000002 30.250000000000004 2.8072933873668413 4.3534348287265248 -0.10269901118341769 3.657609666756009 0.21287153031092584 -2.9243103993046282 58.343724023275151 33.20000000000001 3.5000000000000004 2.5164464731029272 3.8426277148975228 1.4432440327455323 0.27572174844228797 250.16712963826799
decision_type=2 2 2 2 2 2 2 2 2 2 2 2 2 2 2 2 2 2 2 2 2 2 2 2 2 2 2 2 2 2
left_child=-1 -2 11 -4 6 19 8 -8 24 -10 17 12 13 14 -3 25 -17 18 -11 20 -6 -21 -23 -19 -5 26 27 -13 -29 -28
right_child=1 2 3 4 5 -7 7 -9 9 10 -12 15 -14 -15 -16 16 -18 23 -20 21 -22 22 -24 -25 -26 -27 29 28 -30 -31
leaf_value=0.021759436150671472 -0.021446425565847353 0.024072493760461777 0.013685246211352932 -0.039455144369129141 0.0077141089703686785 0.016766766135184411 -0.0016618962049099657 0.02978347842953017 0.019930420587580072 0.020949975666506179 0.018788985931386261 -0.015821621403569835 -0.0055259839531182258 -0.017090318250284422 -0.0096413555294843946 -0.013681556845597473 0.011839695425325673 -0.037552370732525008 -0.010186116168173998 0.010659412951409375 -0.038936636428897768 0.0052280093953470637 -0.021891900566392765 0.0031104151884583965 -0.00014049785595877503 -0.016982526621494645 -0.009942939178364545 -0.013530219469768477 0.017622659314704549 0.019269528195710796
leaf_weight=7.7940758615732184 9.2281757444143278 74.32041671872139 26.436374172568321 9.8915338367223757 7.6234432458877555 9.2847393304109556 22.059898942708969 17.752271547913551 16.320486500859261 9.854165390133856 9.8563889712095243 15.514982655644415 43.746454298496246 4.7753819674253455 6.3738750070333472 12.103074088692663 88.571758180856705 13.38335692882538 35.098458036780357 15.281375095248221 29.423691585659981 13.369460240006445 38.99362812936306 5.3056883811950675 11.800451248884199 35.737525179982185 122.71042242646217 18.547559186816216 73.677674427628517 10.376363709568976
leaf_count=35 41 334 118 43 37 44 98 80 71 45 44 69 194 21 28 53 401 60 157 69 131 60 176 23 53 160 551 83 328 46
internal_value=6.83042e-06 -0.000305002 4.02819e-05 -0.00381765 -0.00587515 -0.0132744 0 0.0135604 -0.00529036 0 -0.00543199 0.00232706 0.00959903 0.0174944 0.0207106 -0.000191392 0.0080328 -0.0106428 -0.00144643 -0.0168094 -0.0289666 -0.00827153 -0.0146796 -0.0267332 -0.0230372 -0.00336343 -0.000936414 0.00614977 0.0107267 -0.00686903
internal_weight=815.213 807.419 798.191 291.735 265.299 113.976 151.323 39.8122 111.511 89.8185 73.4981 506.455 129.216 85.4697 80.6943 377.239 100.675 63.6417 44.9526 104.692 37.0471 67.6445 52.3631 18.689 21.692 276.565 240.827 107.74 92.2252 133.087
internal_count=3653 3618 3577 1309 1191 517 674 178 496 400 329 2268 577 383 362 1691 454 285 202 473 168 305 236 83 96 1237 1077 480 411 597
is_linear=0
shrinkage=0.05


Tree=84
num_leaves=31
num_cat=0
split_feature=5 83 36 95 125 140 68 203 108 152 152 144 35 53 214 33 155 12 88 49 117 67 37 130 42 65 130 91 152 13
split_gain=2.37197 3.09893 3.71162 3.65961 3.41978 4.34785 3.70682 4.13961 3.57593 4.01299 5.18769 4.84601 5.39606 4.72386 4.43011 4.82508 5.03658 4.51299 4.89671 4.24396 4.67241 4.04962 4.24823 4.02451 4.87682 5.6935 4.75896 5.1952 4.37448 4.22703
threshold=0.69484126984126993 78.15000000000002 0.44545076995666949 0.30594664095146262 6.0000000000000009 1.8416351874383379 0.55000000000000016 11.098649698417331 67.313337347583939 1.649628410913347 1.7721227663503922 8.1411000000000033 0.083762228541434378 0.36294286886893595 -0.043750259454586445 0.37355973351204391 90.435226122070262 1.6142906468095541 92.931187328954579 10.250000000000002 0.12613636363636366 25.800000000000001 0.37412587412587422 0.04839880656016627 85.050000000000011 21.450000000000003 0.0037731456234417486 6.3742829365224658 2.2802472620769154 3.5792672106856291
decision_type=2 2 2 2 2 2 2 2 2 2 2 2 2 2 2 2 2 2 2 2 2 2 2 2 2 2 2 2 2 2
left_child=-1 2 -2 -4 8 6 7 -6 9 -3 21 13 -13 19 -14 17 -17 18 -16 20 -12 -11 -23 24 26 -26 -15 29 -25 -28
right_child=1 4 3 -5 5 -7 -8 -9 -10 10 11 12 14 23 15 16 -18 -19 -20 -21 -22 22 -24 28 25 -27 27 -29 -30 -31
leaf_value=-0.019853305091180905 0.029580792412859349 -0.015457427617882512 0.020833422488011732 -0.02025155661750137 -0.025836261071099594 0.01953183530530346 0.000320650704791828 0.00088776118790973219 0.0099449647616013052 -0.0039313878434995069 -0.013166579720417786 -0.011554540528571508 -0.0090195091343310465 0.0014314997055251896 -0.012516652554799374 0.025819120514428751 -0.011611022525759679 -0.026148480157809961 0.020944325824076758 -0.014308413020949658 0.022900703168210218 0 0.037438814643885869 0.02953156254675143 -0.030560751044937225 0.0063946565788282755 0.0037633113184835408 0.014190746655632107 -0.012805619032568131 -0.023022277019986478
leaf_weight=9.7389392256736738 14.383407399058344 35.986244142055511 4.0630742013454428 8.0904166698455793 45.027240931987762 7.6133754402399054 38.373499691486359 17.461055904626846 93.193640276789665 14.382598862051962 7.0268441736698142 29.698967084288597 19.919071063399315 121.01775543391705 12.606544300913809 65.881365343928337 6.4079270660877219 7.1389398723840705 23.420689597725868 10.55417165160179 35.631974026560783 13.007286906242372 18.850684508681297 10.323723152279852 38.043106824159622 10.38524045050144 15.120878890156744 10.255255892872809 5.4655836075544348 64.900041624903679
leaf_count=45 70 160 19 36 200 34 169 78 420 65 32 130 88 542 56 296 29 32 105 49 159 58 84 47 173 47 67 45 25 293
internal_value=0 0.000385925 0.0157622 -0.00298986 -0.000204152 -0.00826002 -0.0114174 -0.0184858 0.00111613 -0.000342522 0.000751375 -0.00076421 0.00605274 -0.00430174 0.0103676 0.0141554 0.0216412 0.000154929 0.00852793 0.00858215 0.015677 0.0159193 0.024877 -0.00698791 -0.00860791 -0.0223111 -0.00490841 -0.0132987 0.0141186 -0.0177431
internal_weight=813.97 804.231 26.5369 12.1535 777.694 108.475 100.862 62.4883 669.219 576.025 540.039 493.798 165.074 328.725 135.375 115.455 72.2893 43.1662 36.0272 53.213 42.6588 46.2406 31.858 275.512 259.722 48.4283 211.294 90.2762 15.7893 80.0209
internal_count=3653 3608 125 55 3483 481 447 278 3002 2582 2422 2215 736 1479 606 518 325 193 161 240 191 207 142 1239 1167 220 947 405 72 360
is_linear=0
shrinkage=0.05


Tree=85
num_leaves=31
num_cat=0
split_feature=123 197 146 94 99 39 27 13 6 203 29 9 205 11 117 23 151 107 40 63 95 95 203 101 13 39 103 59 151 215
split_gain=2.31069 2.41762 2.61584 5.34973 2.89567 5.32373 5.26293 5.19575 3.94981 4.71398 5.72467 5.33519 5.34569 4.81925 4.47379 5.10325 5.84414 4.42108 4.39514 4.48608 5.76902 4.25073 4.69259 3.84188 3.74902 3.67838 5.30736 5.04167 5.34978 4.58129
threshold=3.0000000000000004 305.38000000000005 7.2500000000000009 0.30461673136941469 0.030705963565343303 0.95950000000000013 0.23257002957452289 5.3256900028426442 3.2286645083479146 9.6787962006928279 0.083299812303834361 0.21805001320593528 4.236784107534036 2.8612253804528098 0.13680926916221037 5.9698776516866525 1.832440101421031 8.9269552385637017 9.0768297398100746 22.950000000000003 0.30093915343915351 0.25724970058354363 5.8671440042826566 0.015523958709884727 3.0623561547096325 1.0075000000000001 1.9463685455899808 0.23540524383624264 1.4938041341576198 -0.012884329303343848
decision_type=2 2 2 2 2 2 2 2 2 2 2 2 2 2 2 2 2 2 2 2 2 2 2 2 2 2 2 2 2 2
left_child=-1 2 4 -4 5 6 -2 -8 18 11 17 14 13 -13 21 -16 23 -11 19 24 -21 22 -10 -17 -7 26 -6 -28 -29 -27
right_child=1 -3 3 -5 25 8 7 -9 9 10 -12 12 -14 -15 15 16 -18 -19 -20 20 -22 -23 -24 -25 -26 29 27 28 -30 -31
leaf_value=0.021129876872360009 0.0089199972821936719 -0.018367304042562368 0.023840289922096726 -0.019435778078508548 -0.015684874966034153 0.0061668706599390154 -0.016492963099744806 0.016536051603606633 0.0140950304624235 -0.014863713103181074 0.040375409213066295 0.0090466343557121052 0.0092714613440483366 -0.036185434343382734 -0.0065478074982204208 0 -0.0071982125293746507 0.026417994988674948 -0.020938839458789046 0.027157400675160506 -0.008189039580058486 0.020942572307686223 -0.027268695467450334 0.039789094388756843 -0.02408197358261006 0.0023184782226013862 0.023178863683740641 0.015786249641680319 -0.0097972917369150911 -0.0116471422003953
leaf_weight=7.7640047222375861 37.680010691285133 13.134855821728705 23.227784246206287 4.7691581845283499 24.511756375432014 15.986591517925264 79.61267763376236 9.004428490996359 5.6662889719009462 10.976238816976549 21.356966480612755 4.8665093928575542 17.114870816469193 14.925688266754149 11.676891341805456 8.4873664230108243 8.0262681543827039 5.8149305880069724 17.681861519813538 25.803940981626511 14.06441882252693 7.1723224371671668 15.465726837515829 33.459587395191193 14.782794639468191 81.979071617126465 31.961896002292633 29.193281665444374 45.609004601836205 170.79870127141476
leaf_count=35 168 61 105 22 109 70 354 41 27 49 100 22 77 66 52 38 37 27 78 119 62 33 67 150 64 368 146 130 208 768
internal_value=0 -0.000310254 7.13476e-05 0.0138827 -0.000489471 0.00255273 -0.00558451 -0.0121659 0.00673589 0.0112144 0.0257813 0.00583298 -0.00898951 -0.0244739 0.0123309 0.0194851 0.026065 0.0010666 -0.00151612 0.00407797 0.014608 -0.00308705 -0.0146461 0.033051 -0.00900175 -0.00355502 0.00302914 0.00805882 0.000237493 -0.00706381
internal_weight=812.576 804.812 791.677 27.9969 763.68 379.626 126.297 88.6171 253.329 165.01 38.1481 126.862 36.9071 19.7922 89.9545 61.6501 49.9732 16.7912 88.3196 70.6377 39.8684 28.3043 21.132 41.947 30.7694 384.054 131.276 106.764 74.8023 252.778
internal_count=3653 3618 3557 127 3430 1701 563 395 1138 745 176 569 165 88 404 277 225 76 393 315 181 127 94 188 134 1729 593 484 338 1136
is_linear=0
shrinkage=0.05


Tree=86
num_leaves=31
num_cat=0
split_feature=130 106 23 24 3 68 23 85 149 129 144 151 114 160 17 52 87 39 25 219 21 135 220 44 27 157 94 55 121 4
split_gain=2.26452 3.41376 4.83871 3.84312 3.30152 3.11735 3.66569 3.45902 4.77502 6.89943 3.96423 3.92383 4.73583 4.49405 4.24793 4.0452 4.56637 4.34574 5.68881 5.56728 5.65917 5.8085 4.97933 4.14286 4.11113 3.7768 3.73311 3.71175 3.66399 3.59029
threshold=-0.041075422192576393 3.8549794385370828 8.6863204892833394 6.1822083803617245 11.265556236909179 2.3000000000000003 13.13217502206232 24.950000000000003 -0.031508200725637654 0.057378400582380536 6.563200000000001 1.8537026848981524 0.32363520947947527 -17.98357601340669 4.1650000000000009 0.19429629629629633 0.46339736721261293 1.0655000000000003 5.4010307715628327 3.3583427701674275 4.5949602793050284 0.41590011614401862 0.81487999999999972 -0.94260559819261247 0.23365279139738188 67.313337347583939 0.21002958579881659 41.809116161616167 0.7142932829686881 2.8703948593779107
decision_type=2 2 2 2 2 2 2 2 2 2 2 2 2 2 2 2 2 2 2 2 2 2 2 2 2 2 2 2 2 2
left_child=1 2 3 -1 -4 6 7 11 9 10 -9 15 13 -13 -15 17 27 19 -19 20 25 -22 24 -18 -21 -2 -24 -17 -14 -10
right_child=5 -3 4 -5 -6 -7 -8 8 29 -11 -12 12 28 14 -16 16 23 18 -20 22 21 -23 26 -25 -26 -27 -28 -29 -30 -31
leaf_value=0.015201803582295179 -0.026004605425541501 0.023724811578966172 0.025036196816675339 -0.022121853777007167 -0.010904247722420385 0.018843331529974139 -0.017528584835754167 -0.011115823444610349 0.016910353386187241 -0.018504937019621383 0.014868148406303053 0.0088233758085562355 -0.016919943841498201 0.0060538800484080156 -0.024827062569756586 -0.019557733976671009 -0.0046143089587791378 0.018349346481676864 -0.014861542490441233 -0.0048205366254886056 0.015049657400035605 -0.014054011799285449 0.012676256320488886 0.034866386074117198 0.024421529044284639 0.003961215602749253 -0.021295319674211808 0.017689642269983985 0.019891935470601224 0.0026285305679677132
leaf_weight=4.6325997412204769 60.225664719939232 19.440115123987198 17.336674645543102 20.741599217057228 4.5462546795606604 14.596426069736479 28.383646130561829 16.685209989547729 68.558112159371376 45.993433207273483 38.820153638720512 11.230467751622198 5.0366031229496029 9.6455145776271802 68.154817685484886 11.812404900789263 6.3082510679960277 39.473238721489906 13.072443351149557 14.525910705327986 26.533822327852249 32.414110958576202 7.1274606138467815 18.778639808297157 28.684395059943199 9.4318488687276822 19.44012188911438 5.8610640615224829 15.138705417513846 128.63213095068932
leaf_count=22 270 88 79 91 20 70 127 74 310 206 174 50 23 44 314 53 28 177 59 65 118 146 33 85 128 41 88 26 66 578
internal_value=1.67515e-05 0.00853518 0.00013609 -0.0131039 0.0160001 -0.000764811 -0.00131643 -0.00050577 0.00349698 -0.0050062 0.00637093 -0.00354102 -0.0114142 -0.0163175 -0.0205622 -0.000387673 0.0128812 -0.00295396 0.00907923 -0.00640896 -0.0124639 -0.000410414 0.0045036 0.0249908 0.0145923 -0.0216187 -0.0108253 -0.00492577 0.00817384 0.008013
internal_weight=811.262 66.6972 47.2571 25.3742 21.8829 744.565 729.968 701.585 298.689 101.499 55.5054 402.895 109.206 89.0308 77.8003 293.689 42.7604 250.929 52.5457 198.383 128.605 58.9479 69.7779 25.0869 43.2103 69.6575 26.5676 17.6735 20.1753 197.19
internal_count=3653 300 212 113 99 3353 3283 3156 1342 454 248 1814 497 408 358 1317 192 1125 236 889 575 264 314 113 193 311 121 79 89 888
is_linear=0
shrinkage=0.05


Tree=87
num_leaves=31
num_cat=0
split_feature=147 131 54 31 216 210 206 28 68 143 99 42 217 101 52 116 102 35 152 82 100 33 189 78 121 44 26 73 35 1
split_gain=2.2453 3.66816 4.95139 3.2889 5.32294 4.21649 3.68373 4.41534 3.58118 4.61219 5.2522 4.03409 4.73925 4.6484 5.85574 4.54536 4.4869 4.47547 4.14685 5.09673 7.00101 5.3015 5.32922 4.38188 4.24419 4.00005 3.95505 5.06942 3.95472 3.92275
threshold=0.050323031925770915 1.0471679886931307 7.3715010948391155 0.75000000000000011 -0.0031904036178272695 12.535565819861434 -1.4571578640269967 0.27330581499461964 -1.0000000180025095e-35 0.23236735271049561 0.030705963565343303 84.15000000000002 0.00073944007418260316 0.017155119558553037 0.20073148148148154 9.5000000000000018 1.5000000000000002 0.09065830242628227 2.6096700316996819 30.050000000000004 0.022018422753716876 0.37568391656639438 8.7814788971367985 13.750000000000002 0.72839650330698136 -0.67556448321067808 4.8527886689303079 47.150000000000013 0.078496725069527915 4.9025000000000007
decision_type=2 2 2 2 2 2 2 2 2 2 2 2 2 2 2 2 2 2 2 2 2 2 2 2 2 2 2 2 2 2
left_child=1 3 -3 4 5 6 -1 -8 9 10 -5 13 -13 14 16 -14 17 -10 19 20 23 -22 -23 -15 -20 -17 27 28 -21 -24
right_child=-2 2 -4 8 -6 -7 7 -9 11 -11 -12 12 15 18 -16 25 -18 -19 24 26 21 22 29 -25 -26 -27 -28 -29 -30 -31
leaf_value=-0.015752443883434841 -0.014250477231918086 -0.010870985832821589 0.019284087115044424 0.010275077486134704 -0.017307435183420462 -0.022533370764937395 0.026574210841254282 -0.0049517854873820264 0.0070606587683609227 -0.018914325297484467 -0.0093172058938390742 0.0060474476928194095 0.018458293141087798 -0.023879796532906498 0.021219727213216619 0 0.0034703844401169624 -0.032603449575467104 -0.025975409661684812 -0.0011559644560870314 0.026362506266849703 0.014772733781406861 0.011064524272718753 0.010141759210982646 0.010464449893629768 -0.029671724993210233 0.0024570757231751196 0.0030217580721516079 0.034665970513505444 -0.020238295553794711
leaf_weight=6.5953544676303855 21.493067145347595 13.593641355633734 47.279150143265724 58.853646442294121 63.275161877274513 7.4967998862266532 25.747012466192245 13.408962875604628 6.0670955479145077 39.633421957492828 68.599106550216675 44.852600336074829 4.4159893989562979 26.072675913572311 10.564292624592779 18.860125571489334 20.668715640902519 24.621599018573761 12.319412276148798 6.9421713054180136 29.351810708642006 35.928750455379486 9.8502648770809156 9.0785642713308317 9.7813604623079282 30.220120593905449 36.300377517938614 26.774371117353439 55.258382603526115 25.884551599621773
leaf_count=30 97 60 218 262 283 33 116 59 27 181 310 204 20 115 48 85 93 108 55 32 131 162 45 40 44 135 165 122 258 115
internal_value=3.48852e-05 0.000543256 0.0118566 -0.000443817 -0.00798199 0.00320474 0.00971926 0.0158737 0.00100655 -0.00507797 -3.50077e-05 0.003384 -0.00523089 0.00594751 -0.00587664 -0.014823 -0.0132821 -0.0241708 0.00867347 0.0105008 0.00336667 0.0101352 0.0018769 -0.0143016 -0.0099702 -0.0197094 0.0176365 0.0231032 0.0305073 -0.010697
internal_weight=809.789 788.295 60.8728 727.423 116.523 53.2481 45.7513 39.156 610.899 167.086 127.453 443.813 98.3488 345.464 61.9217 53.4962 51.3574 30.6887 283.543 261.442 136.167 101.015 71.6636 35.1512 22.1008 49.0802 125.275 88.9749 62.2006 35.7348
internal_count=3653 3556 278 3278 521 238 205 175 2757 753 572 2004 444 1560 276 240 228 135 1284 1185 608 453 322 155 99 220 577 412 290 160
is_linear=0
shrinkage=0.05


Tree=88
num_leaves=31
num_cat=0
split_feature=5 83 36 29 10 10 44 152 89 45 73 44 210 152 75 99 152 199 1 105 9 9 136 156 151 12 75 144 21 31
split_gain=2.1956 2.78144 3.44837 3.22001 3.01249 5.28255 4.06057 4.82801 4.66309 4.52911 4.50118 3.89889 3.82264 3.61856 5.49398 5.77911 5.26734 4.87901 4.96304 4.68922 4.6808 4.62718 4.6187 4.38775 6.13153 5.14042 7.04346 4.21672 4.21112 4.43837
threshold=0.69484126984126993 78.15000000000002 0.44545076995666949 0.0814599625280953 10.442605921031291 10.108131835669694 0.90992662233962551 1.5705046229495871 0.68867960446321785 0.32556815445715659 37.100000000000009 0.99809679250719918 4.2935657675392447 2.1920767380870676 -0.24999999999999997 0.023503415974579677 2.265187299518117 0.18048682115663275 6.002250000000001 0.40129870129870138 0.19528810344537176 0.16684834935178885 1.5478482775419866 0.40964121500783923 1.5341828498909456 1.5194247992368546 -0.24999999999999997 3.4149000000000007 1.8994731225823667 1.7500000000000002
decision_type=2 2 2 2 2 2 2 2 2 2 2 2 2 2 2 2 2 2 2 2 2 2 2 2 2 2 2 2 2 2
left_child=-1 2 -2 -4 5 6 7 -3 9 10 -8 12 -12 14 19 -16 -15 -18 23 20 21 -9 -17 -19 -25 27 -27 -26 -21 -30
right_child=1 4 3 -5 -6 -7 8 13 -10 -11 11 -13 -14 16 15 22 17 18 -20 28 -22 -23 -24 24 25 26 -28 -29 29 -31
leaf_value=-0.019114997239157973 0.028492739307063687 -0.019258376920530972 0.018317045878292859 -0.019972548121453874 -0.00798987087288534 0.018395268822833308 0.0078141783304391341 0.0038503227799950392 0.016313869234853291 0.011623883622502669 0.0011036345454520453 0.002864030342190974 -0.041408482597683427 -0.0174189475098805 -0.014353157959351333 -0.017252709788655712 0.01984865874833798 -0.028732492358358366 0.015372676036474209 -0.009578856252939711 0.015779075654490261 -0.032853428314032512 0.0083711807836140146 0.025277624268314015 0.015823050415114625 -0.011320735117909235 0.029750670565649041 -0.018118284664841375 0.02594020917273664 -0.0076565333709568625
leaf_weight=9.6596469432115537 14.141412086784841 22.15213531255722 4.5377606153488141 7.5350249409675598 101.59726782143116 36.223611325025558 6.5367204844951621 14.915198192000391 7.526262253522872 7.1350106894969931 4.645061343908309 5.7965958416461936 28.245045676827431 42.291998594999313 46.745101407170296 14.993163257837294 24.791467756032944 14.167600303888319 27.152537032961845 7.6672004610300055 20.038637816905975 10.509916394948958 128.89999850094318 12.06430998444557 5.8259422481060019 16.996320277452472 14.715600594878195 65.46151414513588 77.748542681336403 7.6717960089445105
leaf_count=45 70 100 22 33 452 164 31 66 34 32 21 26 126 192 211 69 111 64 124 36 90 48 583 53 26 76 66 297 349 36
internal_value=2.70236e-05 0.000407102 0.0150489 -0.00296687 -0.000151172 0.00104918 -3.77676e-05 0.001251 -0.0119366 -0.0175014 -0.0232941 -0.0294154 -0.0353914 0.00228321 0.00560648 0 -0.00251843 0.00119994 -0.00212488 0.0129944 0 -0.0134058 0.00504365 -0.00642318 -0.00238589 -0.00687786 0.00851325 -0.0141615 0.0191477 0.0223898
internal_weight=808.388 798.729 26.2142 12.0728 772.515 670.917 634.694 574.809 59.8847 52.3584 45.2234 38.6867 32.8901 552.657 329.19 190.638 223.467 181.175 156.384 138.551 45.4638 25.4251 143.893 129.231 115.064 102.999 31.7119 71.2875 93.0875 85.4203
internal_count=3653 3608 125 55 3483 3031 2867 2597 270 236 204 173 147 2497 1488 863 1009 817 706 625 204 114 652 582 518 465 142 323 421 385
is_linear=0
shrinkage=0.05


Tree=89
num_leaves=31
num_cat=0
split_feature=125 130 107 153 151 67 41 10 213 15 190 49 60 60 50 150 11 210 16 36 139 72 32 89 41 219 86 16 111 80
split_gain=2.18622 3.12856 3.78398 4.85836 4.93189 4.43983 3.66889 4.34057 3.0476 2.96066 2.92809 2.81765 4.4729 5.02712 4.24677 4.00892 3.95389 3.60965 3.33372 4.17756 3.96642 5.16907 4.90627 4.96624 5.74448 6.71164 5.01472 5.81494 5.101 4.95488
threshold=4.0000000000000009 -0.033983379716220112 8.2584966319657092 154.24638537568885 1.1278847008187178 15.900000000000002 2.9529134141163409 6.6960307486978516 0.12489970138203534 7.5000000000000009 19.159657781499693 13.000000000000002 0.39852397688222435 0.37044744147360958 5.7500000000000009 0.40162138364908678 6.0391461456102791 5.8242994620158637 2.5000000000000004 0.36618898261945632 0.25135451179107393 24.900000000000002 0.1220406851322469 -0.36168509009750233 3.4983160913855635 0.69599475890985518 0.11209143996333568 5.5000000000000009 20.500000000000004 50.550000000000004
decision_type=2 2 2 2 2 2 2 2 2 2 2 2 2 2 2 2 2 2 2 2 2 2 2 2 2 2 2 2 2 2
left_child=1 -1 3 4 -3 -4 -7 -8 9 -5 -9 14 13 -13 18 -15 -16 -14 19 -2 21 -20 -22 24 25 -24 27 -25 29 -28
right_child=11 2 5 8 -6 6 7 10 -10 -11 -12 12 17 15 16 -17 -18 -19 20 -21 22 -23 23 26 -26 -27 28 -29 -30 -31
leaf_value=0.023425428432966387 0.0079713253949378129 0.0032479369705425256 -0.012856262377868577 -0.0036827535658664028 -0.043988336977682604 -0.0034416288511268205 0.0040985646845771865 0.044750413442295786 -0.010558544964829931 0.02502165760245776 0 -0.014609719025663426 0.0001104303217438304 0.033992564754454183 0.026992492403901398 -0.0046701746747769071 -0.011501981521767103 -0.031408905968183638 0.0097678982887996618 -0.019440220271241929 -0.0081088089572401156 -0.0091997426610214237 0.0071403846814842844 0.014194010650063753 0.014908418321609988 -0.029520845604007497 0.029311090250028461 -0.012330749210682336 -0.0055289041097363453 0.0031759674261773738
leaf_weight=16.230275720357895 14.870402321219442 6.6330090016126624 12.012166604399679 12.238317236304283 8.8040398210287076 14.690054461359976 21.94946177303791 16.247948884963993 20.462759137153625 14.41156467795372 4.56087502837181 18.115092739462852 11.004357784986494 10.111515060067179 20.599724337458614 8.3825880885124189 4.8070484548807135 23.466627508401871 40.492853865027428 42.678056687116623 61.32860766351223 158.11287833750248 17.164569765329361 35.728497043251991 19.4614487439394 24.832410484552383 65.178953722119331 36.766606688499451 16.451308310031891 29.305776059627533
leaf_count=76 67 29 54 56 40 67 100 75 92 66 21 84 50 46 97 39 22 108 182 192 277 710 79 160 87 111 292 166 73 135
internal_value=2.87084e-05 0.00544113 0.00227335 -0.00615929 -0.0266395 0.0101064 0.0159531 0.0228025 0.00198369 0.0125506 0.0369469 -0.00118321 -0.0102374 0.00152551 0 0.0181399 0.0181933 -0.0219741 -0.000986695 -0.0118864 0.000311195 -0.00506482 0.00390363 0.00711405 -0.00463046 -0.0148396 0.0112002 0.000491478 0.0176595 0.0220232
internal_weight=807.1 148.24 132.01 62.5497 15.437 69.4605 57.4483 42.7583 47.1126 26.6499 20.8088 658.859 71.0802 36.6092 587.779 18.4941 25.4068 34.471 562.372 57.5485 504.824 198.606 306.218 244.89 61.4584 41.997 183.431 72.4951 110.936 94.4847
internal_count=3653 676 600 283 69 317 263 196 214 122 96 2977 327 169 2650 85 119 158 2531 259 2272 892 1380 1103 277 190 826 326 500 427
is_linear=0
shrinkage=0.05


Tree=90
num_leaves=31
num_cat=0
split_feature=196 146 75 61 79 120 46 12 175 50 120 49 97 36 10 32 83 119 32 93 111 156 93 80 33 51 82 129 203 81
split_gain=2.15788 2.44835 4.68496 2.48412 2.44212 4.06333 5.62768 5.76978 4.99904 4.76605 4.7172 4.27255 4.97165 3.54954 5.30171 5.58147 4.72709 4.49533 4.47235 6.15225 4.94928 5.07789 4.36613 4.3361 5.91248 5.48179 4.84146 4.18597 4.73001 4.13142
threshold=190.84500000000003 7.2500000000000009 -0.84999999999999998 0.31132148409964661 46.250000000000007 0.75023992322456823 1.0000000180025095e-35 1.6262839405764569 0.038883835964288495 2.2500000000000004 0.70167300695531398 9.2500000000000018 0.26419982402971948 0.38269885126226394 11.79989131438994 0.17089683625170257 82.15000000000002 21.585714285714293 0.14309248419667378 3.1979520311443932 14.500000000000002 0.60208234004081695 5.1844063662294273 45.850000000000009 0.47018015931640728 0.26982407407407411 34.20000000000001 0.060402458623160703 6.9001480044531052 0.59450000000000014
decision_type=2 2 2 2 2 2 2 2 2 2 2 2 2 2 2 2 2 2 2 2 2 2 2 2 2 2 2 2 2 2
left_child=1 4 -3 -4 13 6 8 11 9 10 -6 12 -8 16 15 18 17 -1 20 -20 21 27 23 25 26 -17 -25 28 -15 -21
right_child=-2 2 3 -5 5 -7 7 -9 -10 -11 -12 -13 -14 14 -16 22 -18 -19 19 29 -22 -23 -24 24 -26 -27 -28 -29 -30 -31
leaf_value=-0.0026951651745886038 -0.017445908179964269 -0.016604593699642685 0 0.033034672600798336 0.011097922406029762 0.014531243060138706 -0.022878055039419077 0.0082099552038092573 0.016042367423680884 0.0077601911438579243 -0.019488805235597394 -0.036244913644980635 0.017401349186140176 -0.020423051408063962 -0.024915388208606018 0.0084401816700645556 0.0015771331538543089 0.027026409366064947 -0.014050248101620776 0.03034158518534541 0.014540763632847523 0.014695846255118461 0.014844560221642406 -0.039009620976981269 0.0016874980221200046 -0.026189315343632481 0.0067036827643561225 -0.029181192174265985 0.0045933417146978017 0.0068452300180506494
leaf_weight=14.62343969941139 12.214277878403662 5.5024159103632 10.134814247488977 14.512243390083311 11.256941497325895 19.372554749250412 11.867213353514673 12.354140564799307 28.474886983633041 35.064277276396751 56.171470478177071 30.819868460297585 8.7796954810619336 24.171840131282806 17.135676518082619 36.319229573011398 128.51150454580784 39.346616074442863 13.707871243357657 33.609343133866787 32.752392798662186 18.126239284873009 11.888923391699789 30.00509212911129 15.930131524801252 10.730284050107 4.2890436053276053 19.966715559363365 47.083276271820068 51.103611990809441
leaf_count=65 58 25 45 67 50 88 52 55 129 161 253 140 40 110 78 165 580 183 63 152 149 81 55 137 73 48 20 88 214 229
internal_value=3.45694e-05 0.000442453 0.0133522 0.0225557 -0.000118383 -0.00461564 -0.00696103 -0.0185542 -0.000653227 -0.00605468 -0.0136237 -0.0255795 -0.00472196 0.00161572 -0.00117156 0.000256309 0.00723381 0.0190036 0.0045673 0.012499 -0.000994504 -0.00629867 -0.00880725 -0.0125269 -0.0220545 -0.000734369 -0.0325307 -0.0112771 -0.0043478 0.0176174
internal_weight=805.826 793.612 30.1495 24.6471 763.462 214.161 194.788 63.8209 130.968 102.493 67.4284 51.4668 20.6469 549.301 366.82 349.684 182.482 53.9701 240.521 98.4208 142.1 109.348 109.163 97.2738 50.2243 47.0495 34.2941 91.2218 71.2551 84.713
internal_count=3653 3595 137 112 3458 968 880 287 593 464 303 232 92 2490 1662 1584 828 248 1086 444 642 493 498 443 230 213 157 412 324 381
is_linear=0
shrinkage=0.05


Tree=91
num_leaves=31
num_cat=0
split_feature=1 40 27 87 130 40 77 132 1 64 36 144 95 36 128 128 206 100 114 86 95 203 153 81 100 89 88 136 128 89
split_gain=2.09907 3.76172 3.51812 3.9337 3.42282 4.84804 3.78568 3.32901 3.29939 2.85219 3.79213 3.87772 3.33756 5.37968 5.12478 4.7811 4.5217 4.40419 4.91945 4.29718 3.95273 4.38345 6.09812 4.17126 4.81426 4.70491 7.38511 4.15278 4.13262 3.82227
threshold=6.4546666666666672 8.396644507080353 0.2205847602692789 0.46723667355702519 0.046881254297913212 8.8769994854939593 15.050000000000002 -0.00057554304830759173 5.7990000000000004 20.650000000000002 0.56352494285154675 4.6464000000000008 0.27570469383334889 0.44283059521641971 0.4558752817296679 0.43167522044190071 -0.65973469577009836 0.019544181308887194 0.27208383353341342 0.074875462838006931 0.25987184046394579 8.7544768854236796 193.20624094561066 0.65300000000000014 0.06102215602308695 -0.33544200103183636 94.194793389043056 1.8896462267727532 0.47437003931133664 -0.61076683878292204
decision_type=2 2 2 2 2 2 2 2 2 2 2 2 2 2 2 2 2 2 2 2 2 2 2 2 2 2 2 2 2 2
left_child=4 7 -3 -4 9 6 8 -2 -6 12 11 -11 20 14 17 16 -15 -14 -19 -18 23 22 -22 24 -1 26 28 -23 -25 -21
right_child=1 2 3 -5 5 -7 -8 -9 -10 10 -12 -13 13 15 -16 -17 19 18 -20 29 21 27 -24 25 -26 -27 -28 -29 -30 -31
leaf_value=-0.011497334005650187 -0.012984627243459852 0.0066577788925253683 0 -0.042708374070709071 0.042090038238804292 -0.0063079854423632974 -0.0065975062005666357 0.019810917215161355 0 -0.012382327954849788 -0.010636785794034874 0.012684784237494352 -0.045022952448003417 0.030049785086736731 0.010816129685913603 -0.021570931298237946 -0.018776116423073853 0.004718245886789537 -0.025391798468293258 -0.016660666460208366 -0.0018792048670114609 -0.025483071522803137 0.035248321785587594 -0.032035408392266873 0.014297303527771994 0.0073504741847660454 0.010777784379915414 0.0065779951132985699 0.0022900280578051868 0.020135874836391746
leaf_weight=133.17508001625538 9.2534631490707415 5.2092872858047512 6.1677974760532406 12.507431805133818 16.202560395002372 14.899923652410505 4.5018544495105735 11.386326357722281 5.0134945213794699 12.736244603991507 23.007538616657257 111.13330112397671 13.691220805048941 12.202623575925825 9.1932723075151426 11.934181392192839 14.58210928738117 20.205585867166519 24.989193812012672 4.6806615740060762 15.512847945094107 8.0192188918590528 22.900601997971535 24.553404659032822 15.66637662053108 146.93452019989491 23.495638459920883 39.621748477220535 9.7281565517187101 21.409837663173683
leaf_count=599 41 23 28 57 77 68 21 51 22 58 102 517 62 55 42 56 67 92 114 21 71 36 104 111 71 663 107 178 44 95
internal_value=3.26997e-05 -0.00991045 -0.0218235 -0.0305522 0.00070887 0.0139948 0.0256834 0.00446775 0.0334387 -9.82012e-05 0.00596271 0.00953297 -0.00173462 -0.00852934 -0.0178651 0.00149653 0.0085487 -0.0232302 -0.0123031 0 0.000335948 0.00968271 0.0211893 -0.00197262 -0.00824337 0.00255533 -0.00885525 -0.000251668 -0.0226067 0.0111127
internal_weight=804.516 44.5243 23.8845 18.6752 759.991 40.6178 25.7179 20.6398 21.2161 719.373 146.877 123.87 572.496 132.889 68.0793 64.8094 52.8752 58.886 45.1948 40.6726 439.608 86.0544 38.4134 353.553 148.841 204.712 57.7772 47.641 34.2816 26.0905
internal_count=3653 200 108 85 3453 188 120 92 99 3265 677 575 2588 604 310 294 238 268 206 183 1984 389 175 1595 670 925 262 214 155 116
is_linear=0
shrinkage=0.05


Tree=92
num_leaves=31
num_cat=0
split_feature=123 218 189 19 121 140 42 83 95 6 121 85 121 205 123 86 159 21 120 62 135 10 57 143 28 129 89 95 97 29
split_gain=2.14811 2.33923 2.52617 2.39097 9.20144 6.3991 5.05706 4.27695 4.33727 5.11314 5.34603 4.71402 4.8183 4.97665 5.87238 4.67038 4.40604 4.32903 4.25747 4.01589 4.01195 3.97425 5.25265 5.3026 3.87776 3.8633 3.5626 3.53678 3.73748 3.47922
threshold=3.0000000000000004 -0.039924221059338398 11.969321691792297 6.5000000000000009 0.71414415288234878 0.65787690219436767 88.050000000000011 75.000000000000014 0.2791732585338394 6.4627865961199307 0.72748793568879766 24.950000000000003 0.73085974654730235 5.2750333189340521 6.0000000000000009 0.9740452297643144 -2.5257722258330193 1.6911030703713632 0.70327436790851439 16.100000000000005 1.8290653744754122 10.633045668953981 26.886843765472523 0.17934128097863486 0.21979752622325102 0.042239650779101225 0.36853236669229977 0.30328072433335596 0.30352700781805264 0.10696885361296833
decision_type=2 2 2 2 2 2 2 2 2 2 2 2 2 2 2 2 2 2 2 2 2 2 2 2 2 2 2 2 2 2
left_child=-1 -2 3 7 19 6 21 -3 11 10 16 -9 13 14 25 17 -10 -12 -18 -5 -15 22 23 -6 -20 -13 -25 28 -19 -27
right_child=1 2 -4 4 5 -7 -8 8 9 -11 15 12 -14 20 -16 -17 18 27 24 -21 -22 -23 -24 26 -26 29 -28 -29 -30 -31
leaf_value=0.020451793941742347 -0.020493905848101446 0.029083962160594112 -0.017020193253833384 -0.00039760195437330893 -0.026726767567359484 -0.026209294224089071 -0.016377801705711813 -0.0022784161162977446 0 0.020342538055112502 -0.014802217789262896 -0.0029990795080014994 -0.0086062090443955932 -0.016214811788137048 -0.0053079648509753753 -0.017444539865054506 -0.00035205862365958273 0.015623045603092994 -0.0030844476871633862 0.038429762470014221 0.019367422783345592 -0.011851745717891014 0.025319351760019655 0.023683125531526586 -0.036219911254960331 0.032390967725955795 -0.0099488121074250008 0.033123558989458693 -0.019858393445997546 -0.0013803149699573459
leaf_weight=7.6839227229356757 9.0748339146375638 6.6962389498949042 16.027079120278358 7.1033056229352978 8.4569675773382205 15.125822782516478 17.861048221588135 300.6346632540226 26.799693509936333 9.6734008193016034 8.8568811565637571 8.5883097499608976 27.372324511408806 19.409587979316715 17.310824170708656 18.034395232796669 18.382123678922653 14.579248726367952 14.160386815667151 21.308141872286797 6.5134100764989844 12.598772600293158 40.667245104908943 15.079221397638323 42.693127676844597 56.481638237833977 8.0698024928569776 14.376279711723326 6.7862729728221884 6.653414547443389
leaf_count=35 41 34 72 32 37 68 82 1365 122 42 41 39 123 88 76 82 85 66 65 98 30 56 188 69 193 261 36 65 32 30
internal_value=7.9563e-06 -0.000284841 4.48231e-05 0.000539621 0.00619978 -0.00014944 0.00449373 -0.00078615 -0.00138142 -0.00796285 -0.0103235 0.00121306 0.00858465 0.0130745 0.0185165 0.000838427 -0.0171277 0.00974884 -0.0229919 0.0293673 -0.00478 0.00983106 0.0144567 -0.000386591 -0.0292876 0.0245637 0.0113862 0.0175162 0.00177622 0.028625
internal_weight=803.058 795.374 786.3 770.273 146.27 117.859 102.733 624.002 617.306 174.342 164.668 442.964 142.33 114.957 89.0342 62.6331 102.035 44.5987 75.2356 28.4114 25.923 84.872 72.2732 31.606 56.8535 71.7234 23.149 35.7418 21.3655 63.1351
internal_count=3653 3618 3577 3505 666 536 468 2839 2805 793 751 2012 647 524 406 286 465 204 343 130 118 386 330 142 258 330 105 163 98 291
is_linear=0
shrinkage=0.05


Tree=93
num_leaves=31
num_cat=0
split_feature=125 217 130 100 10 44 143 36 201 49 81 70 121 50 7 7 159 85 13 109 77 59 95 175 207 144 173 202 203 207
split_gain=2.12626 2.96769 2.89333 4.13955 5.69763 4.40981 5.62553 4.20382 2.96224 2.61753 4.34036 4.79454 3.8356 3.75244 4.02745 4.68338 3.32152 3.97506 5.23553 4.19316 3.48509 3.33852 5.49903 4.56659 4.25668 4.19111 6.65136 5.4928 6.07837 5.18576
threshold=4.0000000000000009 -0.023759292083723748 -0.033983379716220112 0.031881013687491536 6.751429395008901 -0.62249093318774784 0.16060678018529531 0.45861978060277647 0.45857843137254906 13.000000000000002 0.52550000000000019 37.550000000000004 0.71045394447879917 5.7500000000000009 0.13388323748270817 0.14533704141310214 -4.2632494762539599 24.550000000000004 3.8489916384307019 58.863819500402904 10.450000000000001 0.21950116925075178 0.27445976444951753 -0.0020690140593916102 6.5413702728109868 8.1411000000000033 -0.013410039572830266 0.33327385320955383 6.7121031412588756 5.1839215704745678
decision_type=2 2 2 2 2 2 2 2 2 2 2 2 2 2 2 2 2 2 2 2 2 2 2 2 2 2 2 2 2 2
left_child=1 -1 -3 4 7 -5 -7 8 -4 13 -11 12 -12 14 16 -16 17 19 -19 20 -2 23 25 -18 -24 26 -23 28 -27 -28
right_child=9 2 3 5 -6 6 -8 -9 -10 10 11 -13 -14 -15 15 -17 21 18 -20 -21 -22 22 24 -25 -26 27 29 -29 -30 -31
leaf_value=-0.014635285769269799 0.009948052901345603 0.026127722715049529 0.029229898017044693 0.010771639959246761 0.031767082345224455 0.0063077943831863666 -0.026525520175659918 -0.020066279621434896 -0.0036626684961084074 0.015493560430071638 0.0040944370112988319 0.01077178661671406 -0.027193224152165227 0.017123207933263728 -0.033154516553476232 0 -0.0046639276887256165 -0.0011185298395295659 0.026947678422938676 0.020552635888972798 -0.021498714242284323 0.0087844200629545958 -0.015331007194387842 0.020356451659980991 0.02002007194125259 -0.0093120890889388155 -0.015315970493561197 -0.0074148842914399868 0.026888831671367658 0.012584178262374068
leaf_weight=11.383942902088164 8.0989784598350543 14.161662966012953 8.2166781127452904 28.22155898809433 21.047384425997734 18.596111342310905 24.87400084733963 10.953746870160101 9.8442826867103559 9.1176376789808256 9.2220697253942472 10.356314480304716 41.68337182700634 25.105053544044495 15.305626869201658 20.994317278265953 30.402426525950432 24.726555913686752 35.54321725666523 8.0035474300384504 23.017109304666519 60.402488723397255 103.58905898034573 32.12525650113821 4.4002237170934668 11.443876296281813 97.881250202655792 26.606188282370567 41.362507611513138 14.961878716945646
leaf_count=52 36 67 37 130 97 85 115 49 44 40 43 49 195 119 69 93 136 114 162 36 105 275 469 152 20 50 442 118 186 68
internal_value=0 0.00534738 0.0076584 0.00436702 0.0147882 -0.00307378 -0.0127622 0 0.0133105 -0.0012071 -0.00997743 -0.0150287 -0.0212187 -3.1933e-05 -0.00099191 -0.0160296 0.000147317 0.00818599 0.0158465 -0.00350786 -0.0123774 -0.00175585 -0.00367139 0.00837618 -0.0128471 0.0003266 -0.00392716 0.00958566 0.0184842 -0.0110276
internal_weight=801.648 147.299 135.915 121.754 50.0621 71.6917 43.4701 29.0147 18.061 654.349 70.3794 61.2618 50.9054 583.97 558.865 36.2999 522.565 99.3894 60.2698 39.1196 31.1161 423.175 360.647 62.5277 107.989 252.658 173.246 79.4126 52.8064 112.843
internal_count=3653 676 624 557 227 330 200 130 81 2977 327 287 238 2650 2531 162 2369 453 276 177 141 1916 1628 288 489 1139 785 354 236 510
is_linear=0
shrinkage=0.05


Tree=94
num_leaves=31
num_cat=0
split_feature=143 99 36 143 36 35 108 12 159 193 66 35 41 169 9 46 143 43 218 7 193 34 89 33 77 7 101 99 131 40
split_gain=2.08321 2.48336 4.47329 4.56888 4.99343 5.84388 5.4862 5.33924 4.29834 4.24619 4.17195 4.06858 4.06441 5.89686 4.00951 3.73904 4.04298 3.79696 3.68629 3.72384 3.34218 4.10139 3.06145 5.91407 4.352 4.97352 3.99411 3.43878 5.01618 3.77754
threshold=0.11296429145793109 0.031887359281634817 0.49111770434938101 0.21202735930298169 0.37635505480255055 0.087171781553625025 60.613251103885567 1.2579735981846032 -6.5015545683955045 9.9170113234140675 29.600000000000005 0.073438020798576906 3.2170327588261221 -0.020662020905923308 0.2186781085625652 1.0000000180025095e-35 0.19288432106546308 9.2500000000000018 -0.010259870523232805 0.044756961870123603 9.88087093907561 0.27184880005481976 -0.55651324108732314 0.43959419398548971 12.400000000000002 0.10748775758420334 0.02217305801376598 0.028812514083087253 -0.7653794175985994 8.2986356439194182
decision_type=2 2 2 2 2 2 2 2 2 2 2 2 2 2 2 2 2 2 2 2 2 2 2 2 2 2 2 2 2 2
left_child=-1 22 3 15 5 6 11 -6 -9 -7 -8 -5 18 14 -14 20 17 -17 -4 -20 -3 -22 23 24 25 26 -2 29 -29 -24
right_child=1 2 12 4 7 9 10 8 -10 -11 -12 -13 13 -15 -16 16 -18 -19 19 -21 21 -23 27 -25 -26 -27 -28 28 -30 -31
leaf_value=0.014987715341764796 -0.0098839403657080063 0.022416432026637085 0.010252854810611143 0.023486501262129946 -0.0034022594386073353 -0.012109420238918147 0.00061879332276501087 0.00086394967117114614 -0.036524838039937363 0.022796064026101001 -0.041008091755286288 -0.014212340503733488 -0.01619887230376877 0.027103628815210331 0.014024490057497474 -0.032227640566849354 0.011035830869626671 0.0031773926454016993 0.014782665396412162 -0.022144784683185783 -0.01305665149081485 0.016545885246947067 -0.0063173367659590659 0.015319560603259225 -0.032609973962550498 -0.028196744118734796 0.02088408234904086 -0.011373613980587241 0.01907877294755024 0.0057141904827115774
leaf_weight=17.70360292494297 15.272351577878 21.501389652490616 17.44622603058815 9.0899821817874926 32.779422447085381 7.8974740356206921 6.8226843029260662 7.4399458169937125 40.084041029214859 22.94502192735672 14.513931408524511 9.1894280314445478 17.905887305736542 29.768659189343452 15.793351560831068 16.307323530316356 10.189719095826147 8.6257318407297117 4.0566674917936352 27.423723772168159 22.756423220038414 15.170384958386419 95.153458595275879 17.790112137794495 16.777685135602951 9.6990203708410245 16.444324642419815 12.255628198385237 62.536750763654709 178.68466258049011
leaf_count=84 69 98 79 42 151 35 31 35 186 107 66 42 80 135 73 75 45 40 19 125 103 68 434 82 76 43 74 55 286 815
internal_value=2.8206e-05 -0.0003716 -0.00344274 -0.0072215 -0.0125016 -0.00209119 -0.0143145 -0.0206847 -0.0306706 0.0127183 -0.0291576 0.00447861 0.00454814 0.0126033 -0.00140658 0.00115155 -0.0106114 -0.0206591 -0.00563723 -0.015327 0.00877562 -8.54727e-05 0.00216739 -0.00652016 -0.0142762 -0.00359771 0.00605922 0.00419694 0.0133755 0.0014055
internal_weight=800.025 782.321 357.707 245.313 150.762 70.4585 39.616 80.3034 47.524 30.8425 21.3366 18.2794 112.395 63.4679 33.6992 94.551 35.1228 24.9331 48.9266 31.4804 59.4282 37.9268 424.614 75.9835 58.1934 41.4157 31.7167 348.631 74.7924 273.838
internal_count=3653 3569 1635 1124 695 323 181 372 221 142 97 84 511 288 153 429 160 115 223 144 269 171 1934 344 262 186 143 1590 341 1249
is_linear=0
shrinkage=0.05


Tree=95
num_leaves=31
num_cat=0
split_feature=123 62 13 33 39 51 175 123 91 85 135 80 28 95 132 203 40 38 81 219 120 68 40 55 68 79 42 27 87 210
split_gain=1.99434 2.18945 5.11043 5.33467 3.24908 5.1001 4.31778 3.78192 6.75616 5.32331 5.33538 4.38022 5.67855 5.28167 4.37008 3.99276 4.87183 4.59496 4.41319 4.03348 3.84192 3.65474 4.99339 4.16424 3.59486 4.47535 3.4895 3.52337 6.20822 5.48188
threshold=3.0000000000000004 15.450000000000001 3.5792672106856291 0.40086755212513198 1.0720000000000003 0.23829166666666671 -0.019554256738441512 5.0000000000000009 5.2699378164608106 20.450000000000003 2.0470079932218903 55.050000000000004 0.20742550429732096 0.2952017448200655 0.0084175107510185716 10.238270849974009 7.8604043764113145 1.0235000000000001 0.63450000000000017 6.416453364033047 0.71055072746802084 -1.4499999999999997 8.8696829017068897 40.414434798336053 -0.44999999999999996 39.900000000000006 88.350000000000009 0.23714282416554558 0.49045847698542316 10.930644150289444
decision_type=2 2 2 2 2 2 2 2 2 2 2 2 2 2 2 2 2 2 2 2 2 2 2 2 2 2 2 2 2 2
left_child=-1 2 -2 -4 7 21 -7 8 9 -3 11 12 -11 -14 26 17 -17 18 -16 -18 -12 -6 -23 -24 -8 -26 27 29 -29 -9
right_child=1 4 3 -5 5 6 24 14 -10 10 20 -13 13 -15 15 16 19 -19 -20 -21 -22 22 23 -25 25 -27 -28 28 -30 -31
leaf_value=0.019753250046328941 0.012225226807580113 -0.016520333738397324 -0.01877111260752581 0.00074429547902566187 -0.011398389236663403 0.013546648483962288 0.01301579297389246 0.013899339004133602 0.020154478466248574 -0.0073828104442597506 0.012167640971860797 -0.01272509385923574 0.018833800594184682 -0.016780251731303607 0.002843646788045287 -0.016070623425707278 0.033710390018743389 0.021234772017445828 -0.028295303202837713 -0.0070463945844046888 -0.022250273877501617 0.030427073326951479 -0.018350646934004532 0.020865279898425376 0.010664013746287513 -0.029502271056746816 -0.030036273392776303 -0.017100529405753316 0.011254791093333954 -0.018222477783248089
leaf_weight=7.6367668062448493 27.64019013941288 36.520645990967751 68.945638880133629 61.348548963665962 5.5116467624902716 19.668128967285156 5.8230889588594428 36.929539576172829 44.270478367805481 30.08049301803112 6.4266479760408428 18.708792254328728 100.65971623361111 6.956865891814231 19.367136627435684 4.5850532352924374 21.356484360992912 7.955439642071723 16.862368226051331 4.7081473916769019 25.278107658028603 39.5162213742733 10.0900946110487 7.2405949831008902 5.3465879559516933 22.34560489654541 14.418570712208746 88.856012612581253 19.456221550703049 14.197778671979902
leaf_count=35 123 169 319 278 25 91 26 165 203 136 30 86 467 33 89 20 101 36 77 21 113 186 45 33 26 101 67 401 88 63
internal_value=1.82347e-05 -0.000263748 -0.00546002 -0.00970965 0.0010259 0.00843518 -0.00251583 -0.000645108 0.00338103 -0.000182685 0.00320534 0.00714748 0.010374 0.0156667 -0.0050778 0.00459496 0.0172804 -0.00455841 -0.0127169 0.0255944 -0.0138854 0.0176395 0.021553 0 -0.013126 -0.0205377 -0.00939313 -0.00651775 -0.0115145 0.00370518
internal_weight=798.708 791.071 157.934 130.294 633.136 115.542 53.1834 517.594 268.902 224.631 188.111 156.406 137.697 107.617 248.693 74.8346 30.6497 44.1849 36.2295 26.0646 31.7048 62.3586 56.8469 17.3307 33.5153 27.6922 173.858 159.44 108.312 51.1273
internal_count=3653 3618 720 597 2898 533 244 2365 1237 1034 865 722 636 500 1128 344 142 202 166 122 143 289 264 78 153 127 784 717 489 228
is_linear=0
shrinkage=0.05


Tree=96
num_leaves=31
num_cat=0
split_feature=130 211 46 94 202 12 21 46 189 213 52 35 190 77 57 97 60 130 26 206 143 192 66 156 200 21 25 33 86 88
split_gain=2.04435 3.55953 2.27254 4.47408 6.34023 4.51677 5.25388 4.86268 4.45315 4.31177 4.04102 4.87764 6.9858 4.04951 4.09069 5.61384 4.11445 4.37426 3.89167 3.80529 3.80187 5.49331 4.42676 5.15169 4.18855 3.9414 3.93336 4.86526 4.07711 3.93364
threshold=-0.056788870454846242 1.8166666666666669 1.0000000180025095e-35 0.30216947936977528 0.3841814942724322 1.6488880628265938 8.5182696127757982 3.5000000000000004 9.2179485587607726 31.360882399614244 0.19515909090909092 0.10479695850876981 11.118158618708291 5.9500000000000011 23.971481702994861 0.21905649671719221 0.39607745842582859 0.021169226236295319 3.2422007421110233 -1.5111757757783617 0.21696241063899716 38.912338636576088 31.850000000000005 0.42631862637972545 5.1999643789384171 5.1981524249422639 3.2493644548014471 0.39207847492478476 0.9740452297643144 96.067993506493522
decision_type=2 2 2 2 2 2 2 2 2 2 2 2 2 2 2 2 2 2 2 2 2 2 2 2 2 2 2 2 2 2
left_child=1 -1 10 4 5 7 -7 -4 -9 -5 13 12 -12 -2 15 19 18 -18 -17 -15 22 24 23 -16 25 -22 -26 28 -28 -29
right_child=2 -3 3 9 -6 6 -8 8 -10 -11 11 -13 -14 14 20 16 17 -19 -20 -21 21 -23 -24 -25 26 -27 27 29 -30 -31
leaf_value=0.030837369044145108 0.025599010877293823 -0.0042471639380714157 -0.017568020134595585 -0.02265315126749267 0.016808479300642859 0.022304416189967882 -0.013610476913416847 0.0073188370353683627 -0.015523511078722452 0.0086480773662895825 -0.020659818534463387 0.024209424737223262 0.020620115939109809 -0.006544733923018381 0.0050130389795095065 -0.0033522716382210029 -0.016072102193165173 0.010216550353021027 0.022479420549821185 0.024688084024006424 0.023345530507510971 -0.02492916849631778 0.020882606362768043 -0.022282816770475073 -0.018840456185247569 -0.01145774589822004 0.021407999894847686 -0.028086876383475234 -0.013003030001432273 0.0092001168542212922
leaf_weight=9.3069059699773806 9.6576093137264234 10.389006316661833 69.924854189157486 44.23616549372673 37.214078083634377 24.337599471211433 10.607840463519095 60.129628226161003 26.72132582962513 9.9513284191489202 17.261791899800304 35.114217475056648 13.864426270127295 8.7310754209756833 51.726737886667252 25.419115900993347 50.756992101669312 16.942214816808701 22.79138095676899 39.057967528700829 18.441255271434787 39.03118135035038 20.363919675350189 19.562350571155548 44.565593034029007 7.6425216346979132 24.897461973130703 14.550968214869501 7.2673972845077506 6.7450828552246085
leaf_count=42 46 48 321 202 171 111 49 277 125 47 76 165 64 39 238 115 232 77 106 174 83 179 92 90 200 34 119 67 33 31
internal_value=1.29212e-05 0.0142059 -0.000403139 -0.00396222 -0.000664937 -0.00452471 0.0104374 -0.00823383 0 -0.0162375 0.00160424 0.0126361 -0.0012716 -0.00017098 -0.00111992 0.00488233 -0.00102719 -0.00889911 0.00935456 0.0184288 -0.00509219 -0.00960289 0.00275956 -0.00311899 -0.00381056 0.0121412 -0.00868103 0.00024738 0.012257 -0.0158225
internal_weight=797.21 19.6959 777.514 283.123 228.935 191.721 34.9454 156.776 86.851 54.1875 494.391 66.2404 31.1262 428.151 418.493 163.699 115.91 67.6992 48.2105 47.789 254.794 163.141 91.653 71.2891 124.11 26.0838 98.0265 53.4609 32.1649 21.2961
internal_count=3653 90 3563 1303 1054 883 160 723 402 249 2260 305 140 1955 1909 743 530 309 221 213 1166 746 420 328 567 117 450 250 152 98
is_linear=0
shrinkage=0.05


Tree=97
num_leaves=31
num_cat=0
split_feature=132 131 54 215 65 33 31 216 210 206 68 175 95 25 211 52 189 193 17 13 29 7 17 34 216 42 75 101 89 12
split_gain=1.97428 3.08169 4.58193 2.96625 2.96377 2.95303 2.83816 4.52868 3.76372 3.43336 3.2875 4.36787 5.90855 5.09695 3.79761 5.56806 4.75337 4.70497 3.98237 3.75409 3.5983 5.14123 5.53672 5.02236 4.71352 6.56541 4.58464 4.51915 4.96042 4.5166
threshold=0.050323031925770915 1.0471679886931307 8.1070519211596004 0.014232698855238606 21.250000000000004 0.41390100773550997 0.75000000000000011 -0.0031904036178272695 12.423065819861433 -1.4571578640269967 -1.0000000180025095e-35 0.040524295650106366 0.27963633371729474 4.7602260217485819 1.7750000000000001 0.1365436507936508 8.8713533396313657 9.4145216828492568 5.1650000000000009 5.4348932796761842 0.083907400705447402 0.090859347400788465 6.5000000000000009 0.23719071270275829 -0.029725588338602015 85.050000000000011 -0.84999999999999998 0.01912351811781916 -1.08478251232097 1.5423342673735545
decision_type=2 2 2 2 2 2 2 2 2 2 2 2 2 2 2 2 2 2 2 2 2 2 2 2 2 2 2 2 2 2
left_child=1 6 4 -4 5 -3 7 8 9 -1 11 12 14 -13 15 17 18 -8 -17 -14 24 22 -22 29 -12 27 -25 -26 -29 -23
right_child=-2 2 3 -5 -6 -7 10 -9 -10 -11 20 13 19 -15 -16 16 -18 -19 -20 -21 21 23 -24 26 25 -27 -28 28 -30 -31
leaf_value=-0.015317002522280566 -0.013476594369278595 -0.022523629334499473 0.03058703621975975 0 0.01953507979686436 0.0092233607125109234 0.010253040951322271 -0.01613347199483239 -0.020975239917217392 0.015337665014046412 -0.0076226456881977522 0.024349845867037159 -0.031946010322072609 -0.012752610350909056 -0.014416274481203008 0.039207000472277244 -0.0020375698545091587 -0.032613032702574943 0 0.005910323071331821 -0.010778984514261175 0.035318410011654942 0.010568822588708312 -0.023203616643820181 0 -0.0067901933546880584 0.0080223744202505467 -0.014562451298817548 0.024364579322455754 -0.0028802107825112396
leaf_weight=6.515473097562789 21.051759839057922 15.432172074913984 23.111900120973587 9.5611343979835492 4.9644824564456931 6.6335774958133689 6.5734335184097317 62.182096391916275 7.7922598719596854 38.138633474707603 33.741024196147919 19.357047408819202 28.515998229384422 9.9888640940189344 35.374049812555313 15.364965185523035 23.816652163863182 10.466898724436758 9.8821864724159223 5.1041900515556327 126.93627256900072 19.76708592474461 34.010011985898018 11.37126402556896 31.85763281583786 33.667621985077858 36.295853853225708 4.8571885973215094 94.890432700514793 8.5660342425107938
leaf_count=30 97 71 106 45 24 32 31 283 35 173 154 87 132 46 162 69 110 49 44 23 583 92 155 53 143 155 168 22 440 39
internal_value=2.95174e-05 0.000512643 0.0109767 0.0223894 -0.00337959 -0.0121152 -0.000396512 -0.0074559 0.00290606 0.00926939 0.000960409 -0.00491004 -0.00880753 0.0109749 -0.00209374 0.00469882 0.0133151 -0.0163682 0.0265672 -0.0255303 0.003262 -0.000817411 -0.00593475 0.00940836 0.0081425 0.0116372 -0.000447751 0.0166103 0.0216257 0.02432
internal_weight=795.788 774.736 59.7033 32.673 27.0302 22.0657 715.033 114.628 52.4464 44.6541 600.405 164.444 135.098 29.3459 101.478 66.1041 49.0638 17.0403 25.2472 33.6202 435.96 236.947 160.946 76.0002 199.014 165.273 47.6671 131.605 99.7476 28.3331
internal_count=3653 3556 278 151 127 103 3278 521 238 203 2757 753 620 133 465 303 223 80 113 155 2004 1090 738 352 914 760 221 605 462 131
is_linear=0
shrinkage=0.05


Tree=98
num_leaves=31
num_cat=0
split_feature=99 36 143 192 155 101 201 38 97 34 30 39 40 39 44 148 210 54 89 50 81 76 37 36 110 94 120 114 218 105
split_gain=1.98892 4.06817 5.19155 4.7475 5.94774 5.60883 5.38479 4.6306 5.98683 4.44692 3.67801 3.65623 3.62309 3.55202 4.96133 4.92497 4.55697 7.85482 4.96185 5.69262 4.6995 4.5155 4.22967 4.88213 4.03971 3.77258 3.65671 3.56398 3.18292 4.83254
threshold=0.031887359281634817 0.49111770434938101 0.21202735930298169 44.825426118494427 46.832194993743094 0.041004623791509043 0.44996440436639779 1.0035000000000001 0.21306625278882532 0.29090893482157582 0.22266672182076833 1.0720000000000003 9.2142532936399864 0.95950000000000013 -0.95368063612909426 -1.4557456511592604 6.4555822328931587 7.6219902795522172 0.37860029655207234 3.2500000000000004 0.70550000000000013 28.350000000000005 0.56944444444444453 0.554359318357178 0.30027354172943449 0.34242499380114061 0.69721220333579104 0.28608630952380959 -0.0041725817591595675 0.4662100456621005
decision_type=2 2 2 2 2 2 2 2 2 2 2 2 2 2 2 2 2 2 2 2 2 2 2 2 2 2 2 2 2 2
left_child=13 2 -2 5 -5 7 11 -4 -9 12 -8 -7 -10 14 27 -15 17 -16 21 20 -20 24 23 25 26 28 -18 -1 -17 -30
right_child=1 -3 3 4 -6 6 10 8 9 -11 -12 -13 -14 15 16 22 18 -19 19 -21 -22 -23 -24 -25 -26 -27 -28 -29 29 -31
leaf_value=0.030258074866595316 0.0023359298376765094 0.0048586700567799755 0.0041931768521645011 0.0058722565398187151 -0.041956038656344175 -0.026349103727103692 -0.0049686938110484885 0.007869169096213614 -0.041417557817954996 0.0025707065439005993 0.02561309649573006 0.011981287441918608 0.00022758280317065004 -0.016976116074396471 -0.017596349908556769 0 0.0013848024614108436 0.022529113836300768 0.031000699553810948 -0.021643817549562645 -0.011293434553092559 0.0070270330461063221 -0.015028710754886815 -0.0060200600254519433 0.0034088806311546971 -0.0075884650746034857 -0.037293562051774622 -0.0072542349816664062 0.010427499926765667 0.030432095715025472
leaf_weight=11.749850377440454 99.500856593251228 115.13545821607113 17.978453725576401 6.2271912395954159 18.956294432282448 13.010715156793596 10.993712559342383 9.6693919599056226 32.649353101849556 6.7559075206518164 23.606160953640938 4.8938625305891028 4.6272670924663535 17.179959014058113 16.036163210868835 32.539406038820744 5.2895896881818762 23.594109237194061 13.416567608714109 10.031183183193205 5.9143183231353751 8.2521120309829694 14.446298152208326 39.933495745062828 6.8982470333576194 17.633698523044586 37.84130933880806 6.1621545553207389 118.34060917049646 45.174576930701733
leaf_count=54 456 529 87 28 90 61 50 44 152 30 108 23 22 75 73 151 24 108 61 47 27 37 66 182 31 80 172 28 545 212
internal_value=1.53549e-05 -0.00265395 -0.00625527 -0.0120305 -0.0302875 -0.00710567 0.00473354 -0.0158469 -0.0227675 -0.0301215 0.0158643 -0.0144524 -0.0362411 0.00233468 -0.0038456 0.0055785 -0.00758578 0.00558007 -0.0137888 0.00210506 0.0173716 -0.0217248 0.00739991 0.00903997 -0.0271292 0.012042 -0.0323795 0.017495 0.0140767 0.0168415
internal_weight=794.438 364.005 248.869 149.368 25.1835 124.185 52.5045 71.6804 53.7019 44.0325 34.5999 17.9046 37.2766 430.434 145.186 285.248 127.274 39.6303 87.6433 29.3621 19.3309 58.2813 268.068 253.622 50.0291 213.688 43.1309 17.912 196.055 163.515
internal_count=3653 1680 1151 695 118 577 242 335 248 204 158 84 174 1973 662 1311 580 181 399 135 88 264 1236 1170 227 988 196 82 908 757
is_linear=0
shrinkage=0.05


Tree=99
num_leaves=31
num_cat=0
split_feature=196 146 75 55 28 101 89 178 147 173 73 84 36 129 101 150 80 215 44 40 73 40 129 159 51 91 104 198 81 198
split_gain=1.95068 2.18799 4.0374 2.38087 2.24497 4.24095 2.65319 3.82054 4.06654 4.06808 3.24064 3.0647 6.69193 5.23148 4.85596 4.78389 4.45287 8.13659 4.07983 3.97335 3.80658 3.56699 7.02294 5.24884 3.60962 6.20866 4.04914 3.83476 7.11075 5.2312
threshold=190.84500000000003 7.2500000000000009 -0.84999999999999998 38.596991905578911 0.33270951256632381 0.046326956095168022 -0.84056057422969832 0.73404127466997182 -0.010075046643616995 -0.010474195858850425 41.750000000000007 60.650000000000013 0.45738745849131768 0.037660424871873689 0.034568111983612163 0.48883428455768446 43.250000000000007 0.03256647791051779 -0.63605400036818838 8.1857315653291387 48.550000000000004 9.0131230304117 0.046376490095087743 2.9474110119271377 0.21983796296296301 2.4763742623540197 6.7503835663143548 8.0203770526329183 0.6625000000000002 6.9708737646001806
decision_type=2 2 2 2 2 2 2 2 2 2 2 2 2 2 2 2 2 2 2 2 2 2 2 2 2 2 2 2 2 2
left_child=1 4 -3 -4 6 -6 7 8 -1 -10 -9 21 13 15 20 -13 18 -18 -14 -16 -15 24 23 -23 25 -8 -27 28 29 -26
right_child=-2 2 3 -5 5 -7 11 10 9 -11 -12 12 16 14 19 -17 17 -19 -20 -21 -22 22 -24 -25 27 26 -28 -29 -30 -31
leaf_value=0.0032654699502095183 -0.016730320525768793 -0.015205241210105339 -0.00079423616591038453 0.02922664163036421 0.022000075898217123 -0.016191902626459705 -0.018516893682581394 -0.015400113894798968 0 -0.036216210575707675 0.018568194083983296 0.028123479755624549 0.018162252147721072 0.014971147725068299 0.0052096987734286237 -0.0082054251006261798 -0.0323240202393879 0.015263419232288142 -0.014217756767076692 -0.026534573176842671 -0.010740795779463483 0.02522798603205675 -0.013118244520592083 -0.017770112687569641 0.0089456065213884169 -0.004316078964225009 0.023083918641907505 0.0055616595988346425 0.0090895247906568246 -0.028741614408634958
leaf_weight=14.366036683320997 11.984729334712027 5.4069393128156689 6.7638250589370754 17.48942705988884 22.241297572851185 5.0841809660196295 8.5596596300601941 5.8027754575014141 12.046970978379248 22.122123636305332 14.274601608514784 24.629430532455444 12.282875642180445 33.591114223003387 10.761311173439024 9.042586147785185 42.253744468092918 7.1622062921524039 17.253968670964241 25.292463183403015 17.486527279019356 21.234189748764042 76.059747472405434 5.0158644318580619 8.3738348931074125 13.128531515598295 65.364282310009003 193.69695415347815 31.515877321362495 32.67832750082016
leaf_count=66 58 25 31 81 103 23 40 27 55 101 66 113 55 152 49 41 196 32 80 119 82 100 348 23 39 60 301 897 143 147
internal_value=1.60228e-06 0.000394969 0.0126862 0.021295 -0.000137863 0.0127153 -0.000741152 -0.0097503 -0.0169846 -0.0254669 0.00664067 0.000230847 -0.00481889 0.0024451 -0.00391241 0.0179214 -0.0157148 -0.0241987 0 -0.0169701 0.00554999 0.0025273 -0.00540033 0.0146833 0.004936 0.0135244 0.0182176 0.00183842 -0.00749519 -0.0203747
internal_weight=792.966 780.982 29.6602 24.2533 751.321 27.3255 723.996 68.6125 48.5351 34.1691 20.0774 655.383 199.756 120.803 87.1314 33.672 78.9528 49.416 29.5368 36.0538 51.0776 455.627 102.31 26.2501 353.317 87.0525 78.4928 266.265 72.568 41.0522
internal_count=3653 3595 137 112 3458 126 3332 315 222 156 93 3017 919 556 402 154 363 228 135 168 234 2098 471 123 1627 401 361 1226 329 186
is_linear=0
shrinkage=0.05


Tree=100
num_leaves=31
num_cat=0
split_feature=130 1 119 7 101 37 178 149 217 101 105 105 118 23 99 111 55 64 36 8 133 82 207 202 205 64 214 115 9 80
split_gain=1.94897 3.18489 4.02609 3.25465 3.05959 3.01685 3.01576 3.0095 2.89446 2.80789 2.95862 3.77695 2.61388 3.81837 2.97467 3.81425 5.57363 3.95836 4.77101 4.59446 4.7726 4.47234 5.19664 5.64056 4.17818 4.1027 3.76937 3.62219 4.18756 5.15543
threshold=-0.041075422192576393 5.7990000000000004 21.950000000000003 0.10970054905576057 0.02046049188906332 0.13247863247863251 0.7345221062300179 -0.11084251308633662 0.012567306440667707 0.015189970773727121 0.53907203907203916 0.33114035087719301 19.100000000000005 10.494785504822243 0.043517714826797137 22.500000000000004 42.868100891227229 21.750000000000004 0.50456993746008971 2.4224935842600517 -0.31589846370791158 26.150000000000002 5.1039956954941053 0.26900964458707205 4.9547490803911698 23.050000000000004 -0.012895059691240022 0.31408835092752707 0.21281269888726886 42.150000000000013
decision_type=2 2 2 2 2 2 2 2 2 2 2 2 2 2 2 2 2 2 2 2 2 2 2 2 2 2 2 2 2 2
left_child=1 2 8 4 -4 9 -3 -6 -1 -2 11 -11 13 -7 15 17 -17 19 -19 20 21 -14 23 -23 -25 -20 -21 28 29 -22
right_child=5 6 3 -5 7 12 -8 -9 -10 10 -12 -13 14 -15 -16 16 -18 18 25 26 27 22 -24 24 -26 -27 -28 -29 -30 -31
leaf_value=0.02729880037314858 -0.010613038572649417 0.032948081877883575 0.0091204548695655689 0.014175429882919517 0.00018416607981906286 0.022370890980225447 -0.0041423574149501707 -0.036008583653408276 -0.0077252026241676711 -0.005597061100257204 -0.0085362110989200112 0.034101288987105766 -0.01458068593685766 -0.010574873267935315 -0.011074071376348577 -0.024949840384197838 0.013860326490477429 0.017630799454620667 0.018747704319214738 -0.0040101090811071344 0.010023849477370877 -0.015747435588961883 0.031004669285272547 0.016905220357398762 -0.0091908655034757848 -0.017820966508937927 0.026040000200260888 0.01088629429272263 -0.014508698991899195 -0.0088705698607345757
leaf_weight=12.569108657538893 5.7382491528987876 13.232084929943086 4.3351128697395387 5.5898976773023596 6.3015216737985673 20.64753790199757 4.8154868632554999 13.533119723200793 4.7617016285657874 4.9678083807230058 4.275654509663581 19.052982896566391 19.5208500623703 8.5553089380264264 79.031575828790665 29.455864533782005 8.0904626995325071 57.045305408537388 6.047849208116534 13.383864209055899 50.717081248760223 23.122234001755714 16.75011533498764 53.783806011080742 15.788606554269789 19.193763181567192 20.921030208468437 21.839631080627441 132.70170229673386 95.703991398215294
leaf_count=58 26 64 20 25 29 99 22 61 21 22 20 88 88 38 367 137 37 274 28 63 230 105 77 245 73 87 96 100 611 442
internal_value=0 0.00797348 0 -0.0102134 -0.0181739 -0.00075175 0.0232152 -0.0257813 0.0169812 0.0127144 0.0190792 0.0254799 -0.00153604 0.0118532 -0.00224742 -0.000926764 -0.0153534 0.000149233 0.00996568 -0.00162514 -0.00313576 0.00467776 0.00881814 0.00317146 0.0104286 -0.00658148 0.0146613 -0.00658738 -0.00821009 -0.00204596
internal_weight=791.473 65.138 47.0905 29.7597 24.1698 726.335 18.0476 19.8346 17.3308 34.0347 28.2964 24.0208 692.301 29.2028 663.098 584.066 37.5463 546.52 82.2869 464.233 429.928 128.966 109.445 92.6946 69.5724 25.2416 34.3049 300.962 279.123 146.421
internal_count=3653 300 214 135 110 3353 86 90 79 156 130 110 3197 137 3060 2693 174 2519 389 2130 1971 588 500 423 318 115 159 1383 1283 672
is_linear=0
shrinkage=0.05


Tree=101
num_leaves=31
num_cat=0
split_feature=5 83 92 125 110 1 100 41 64 52 218 9 28 160 119 151 204 193 2 206 104 103 201 87 113 110 8 131 50 35
split_gain=1.93522 2.24865 2.87828 2.73368 5.35232 4.26845 4.43294 4.88338 4.46873 4.46227 5.05218 4.26516 4.19393 3.97374 3.95589 3.80441 4.56309 4.06643 4.67662 4.45359 3.94137 3.72338 4.92113 3.75663 4.25114 3.63158 3.54873 3.49143 4.33084 3.956
threshold=0.69484126984126993 78.15000000000002 10.937994747263039 5.0000000000000009 0.29125504435162636 5.7783333333333342 0.061686115339083379 2.6730653569356662 17.350000000000005 0.1843636363636364 -0.016073844178254946 0.24204461981669886 0.22539909926037058 1.4698714351204483 20.866071428571434 1.5034767228387644 2.0007048178473581 8.590687192789364 0.16365990382604217 1.0000000180025095e-35 10.514496439471008 3.0128006206361522 0.44409515167228419 0.47919072363356435 30.500000000000004 0.28828402822157634 1.0000322887821111 1.0904613067690152 2.7500000000000004 0.13919395470144111
decision_type=2 2 2 2 2 2 2 2 2 2 2 2 2 2 2 2 2 2 2 2 2 2 2 2 2 2 2 2 2 2
left_child=-1 2 -2 4 5 6 7 -3 9 10 -9 15 -11 -10 -12 17 20 -6 19 26 -17 22 -5 24 -24 -15 -19 28 29 -23
right_child=1 3 -4 21 11 -7 -8 8 13 12 14 -13 -14 25 -16 16 -18 18 -20 -21 -22 27 23 -25 -26 -27 -28 -29 -30 -31
leaf_value=-0.018120904391930436 0.024288940356072528 -0.020870802674155919 -0.0051928064024284772 0.020929937691036654 -0.018103821950654689 0.019332958914013699 0.023795466696963918 0.015207578522963811 -0.0012237578556094364 -0.010967281644383105 0.0094862065801368783 0.015987647448091748 0.027585441077534842 0.033802455230740311 -0.017429889176682055 -0.021099358082533937 0.01520774730363802 0.011419097066040896 0.024979656799705079 0.019354899419031721 0.011985546599011418 -0.007300439023193459 -0.017126127552919083 0.0094898891745162708 0.017205181187474557 -0.004436456080883353 -0.020736851423449245 0.0080217255845869539 -0.018713052399495094 0.015640379263395256
leaf_weight=9.4087638705968839 16.234420739114288 18.020793467760086 9.1991840824484807 25.789496690034866 15.676475703716276 52.196519628167152 18.636142089962959 15.715781822800635 18.130247324705124 6.1561460345983532 12.376456454396246 18.185074359178543 16.246083766222 22.907669529318813 62.793448001146317 71.136499032378197 7.4120149910449973 7.3622711300849941 19.004235625267029 11.33118951320648 5.9564426243305197 99.788108631968498 41.676324456930161 33.210035473108292 6.2266135215759268 5.2163359075784674 23.974883407354355 26.915860503911972 75.59346829354763 17.59276656806469
leaf_count=45 81 84 44 119 72 242 87 73 85 28 59 84 75 108 287 329 34 34 85 52 27 454 192 152 28 24 111 125 352 81
internal_value=4.30277e-06 0.000368506 0.0137029 -0.000134837 0.00244664 0.00718022 0.00342278 0.000554474 0.00368713 -0.00158959 -0.00679725 -0.00396661 0.0160107 0.0159932 -0.0123712 -0.0067703 -0.0138132 0.00099213 0.00721472 -0.00196343 -0.0176643 -0.00358045 0.00380512 -0.00224844 -0.0109867 0.0263562 -0.0119625 -0.00728697 -0.00969716 -0.00315932
internal_weight=790.07 780.661 25.4336 755.227 428.435 248.396 196.199 177.563 159.542 113.288 90.8857 180.039 22.4022 46.2543 75.1699 161.854 84.505 77.3491 61.6726 42.6683 77.0929 326.793 106.902 81.113 47.9029 28.124 31.3372 219.89 192.974 117.381
internal_count=3653 3608 125 3483 1980 1152 910 823 739 522 419 828 103 217 346 744 390 354 282 197 356 1503 491 372 220 132 145 1012 887 535
is_linear=0
shrinkage=0.05


Tree=102
num_leaves=31
num_cat=0
split_feature=1 40 27 87 130 40 77 1 132 56 11 130 40 82 215 6 189 100 189 33 19 108 34 129 174 28 130 22 51 99
split_gain=1.91917 3.27732 3.19664 3.55625 3.0077 4.13354 3.40476 2.86878 2.866 2.75701 3.79842 3.55111 3.41695 3.05275 5.3318 4.99138 4.71426 4.80099 4.32648 4.50679 4.29634 4.24374 4.08882 4.05397 5.74486 4.83947 3.97839 3.77498 3.80776 5.8036
threshold=6.4546666666666672 8.396644507080353 0.2205847602692789 0.46723667355702519 0.046881254297913212 8.8769994854939593 15.050000000000002 5.7990000000000004 -0.00057554304830759173 90.352154141230827 8.3103404090418262 -0.0030708938486575239 8.947572998070827 29.650000000000002 -0.00013569949794607625 3.81823272350886 8.9247538956729944 0.053384223918575072 8.2858724425300831 0.32067598588700125 6.5000000000000009 58.203373739478785 0.23467510816167883 0.056447721924089672 0.17712418300653598 0.27164161766559142 -0.0010308736347690859 1.3353174603174605 0.23957098765432097 0.033253752672379087
decision_type=2 2 2 2 2 2 2 2 2 2 2 2 2 2 2 2 2 2 2 2 2 2 2 2 2 2 2 2 2 2
left_child=4 8 -3 -4 9 6 7 -6 -2 10 13 -11 -13 14 15 22 18 26 27 -20 21 -16 -1 24 25 -17 -18 -15 29 -29
right_child=1 2 3 -5 5 -7 -8 -9 -10 11 -12 12 -14 16 20 23 17 -19 19 -21 -22 -23 -24 -25 -26 -27 -28 28 -30 -31
leaf_value=0.0087858671308946087 -0.01221434194183825 0.0064246065889725984 0 -0.040832267891875856 0.039990117509477799 -0.0055467321364565895 -0.0063196523087369035 0 0.018348135702637932 -0.0013206173381860704 -0.018009220313030948 0.024459991831977369 -0.0032381206032339981 0.024136923326755332 0.0014847787091320465 0.023079045262813999 -0.023263548379630631 0.012924877809203936 -0.014699270375727564 0.024955138533697782 0.0064544850978777105 -0.019671352929185155 -0.021766961611409244 0.028033787247472422 -0.011725836021992226 -0.010542716966567479 -0.00010909526560018852 0.0013565016533488095 0.0078470797062708802 -0.02663159055769157
leaf_weight=12.347562611103056 9.1036405414342898 5.1127461940050152 6.1149058043956783 12.203581795096396 15.595135912299162 14.581401005387304 4.4147293567657462 4.9408901929855338 11.209984138607977 49.377700045704842 27.416724681854248 33.35287019610405 12.097895473241804 13.709614053368567 27.772109612822533 33.409123674035072 34.390622064471245 20.213880345225334 4.219929724931716 42.548878282308578 25.039339020848274 90.913960993289948 25.092556148767471 17.469268471002579 31.700427457690239 10.305777356028555 39.334572076797485 55.093731120228767 78.146466560661793 21.511156260967255
leaf_count=58 41 23 28 57 77 68 21 22 51 229 128 156 55 66 128 152 162 93 20 196 116 416 115 79 147 46 183 256 364 100
internal_value=5.54368e-05 -0.00952374 -0.0207304 -0.029134 0.000710985 0.0133164 0.0242604 0.0317636 0.00395662 -4.89398e-05 -0.0013331 0.00762241 0.0170016 -0.000360246 -0.00420062 0.00293388 0.00297699 -0.006017 0.00706351 0.0198201 -0.0107191 -0.0146589 -0.0112537 0.00919079 0.00304343 0.014371 -0.0120191 0.00290862 0.000174896 -0.00734658
internal_weight=788.741 43.7449 23.4312 18.3185 744.996 39.5322 24.9508 20.536 20.3136 705.464 610.636 94.8285 45.4508 583.219 274.05 130.325 309.169 93.9391 215.23 46.7688 143.725 118.686 37.4401 92.8846 75.4153 43.7149 73.7252 168.461 154.751 76.6049
internal_count=3653 200 108 85 3453 188 120 99 92 3265 2825 440 211 2697 1257 597 1440 438 1002 216 660 544 173 424 345 198 345 786 720 356
is_linear=0
shrinkage=0.05


Tree=103
num_leaves=31
num_cat=0
split_feature=132 49 56 78 131 159 96 119 31 216 210 67 36 152 217 35 94 179 131 98 43 49 152 120 73 94 136 45 121 64
split_gain=1.90362 2.81265 3.14762 2.93756 2.63793 4.32565 4.99334 3.01005 2.59634 4.01953 3.44587 3.05992 4.55357 4.26618 4.96379 4.2201 4.32244 4.96034 4.26002 4.23711 4.19179 5.02318 4.82859 5.18385 4.56074 4.11321 3.90899 4.68714 4.58032 3.8896
threshold=0.050323031925770915 12.250000000000002 89.211546612381269 14.350000000000003 1.0471679886931307 -3.0409773609322239 0.24450483091787442 21.683333333333337 0.75000000000000011 -0.0031904036178272695 13.486755046555833 25.800000000000001 0.44210904832932646 1.7721227663503922 -0.023026564273187319 0.14035896735447501 0.30652458351761763 0.0023858742463394038 0.90191499354101146 0.047989898989898992 6.5500000000000007 9.7500000000000018 2.3882139685051542 0.71569601995867937 43.150000000000013 0.24928754110339793 2.4269053299589447 0.86159635224327547 0.73036026947193255 24.500000000000004
decision_type=2 2 2 2 2 2 2 2 2 2 2 2 2 2 2 2 2 2 2 2 2 2 2 2 2 2 2 2 2 2
left_child=4 2 -2 -4 8 6 -6 -7 9 10 -1 12 -10 -13 -15 16 18 -18 20 -17 21 -16 23 -22 -25 -24 28 -28 -14 -19
right_child=1 -3 3 -5 5 7 -8 -9 11 -11 -12 13 26 14 15 19 17 29 -20 -21 22 -23 25 24 -26 -27 27 -29 -30 -31
leaf_value=0.0082651716196942403 0.022635027907696236 -0.034157482207707195 -0.027813848390159098 0.010045428163147961 0.015859124231088977 -0.0036597067974818345 -0.026011750049128764 0.025248559185081537 0.0027466609783963962 -0.015308065950027578 -0.022644549095841168 0.015870905371173798 -0.033771462414728608 -0.018215984349499587 0.0041275500789380954 0.021856362859955639 0.0109582401166545 -0.025850190381179562 -0.02627916925937207 -0.013205718212205462 0 -0.020201631769808645 0.011702771548358909 0.00329160331236137 0.030316461868117147 -0.019092389029341298 0.0045853786030697341 -0.032863735642026042 0.0046828903856195444 0.0093731846075817363
leaf_weight=46.138525933027267 4.5663367211818722 4.9205599278211585 7.1305685192346555 4.1898976713418961 7.8914756476879147 8.510499492287634 10.627808362245558 31.972636006772518 92.18183146417141 61.594673693180084 5.7921538650989524 53.574434742331505 25.654577106237411 24.983262568712234 61.790469318628311 41.334833845496178 13.46811258792877 35.108495131134987 6.3287268579006186 6.118360608816146 40.102329194545746 25.682029351592064 14.087372153997419 26.862395778298378 49.517242342233658 19.419643893837929 39.246705129742622 5.2044754624366751 7.4476522803306571 5.8404574096202841
leaf_count=212 21 24 32 20 36 40 50 152 431 283 26 247 119 117 285 192 64 164 28 28 188 119 64 123 229 89 181 25 36 28
internal_value=5.43248e-05 -0.0132679 0 -0.013485 0.000532028 0.0102653 -0.00752825 0.0188875 -0.000310961 -0.0070968 0.00269249 0.000992728 -0.00453545 0.00328994 0.00121783 0.00293345 0.000536796 -0.0114921 0.00349927 0.0160311 0.00492158 -0.00345125 0.00991968 0.0146548 0.0219053 -0.00565752 -0.0131361 -0.00217324 -0.0249843 -0.019809
internal_weight=787.289 20.8074 15.8868 11.3205 766.481 59.0024 18.5193 40.4831 707.479 113.525 51.9307 593.953 169.735 424.218 370.644 345.66 298.207 54.4171 243.79 47.4532 237.461 87.4725 149.989 116.482 76.3796 33.507 77.5534 44.4512 33.1022 40.949
internal_count=3653 97 73 52 3556 278 86 192 3278 521 238 2757 792 1965 1718 1601 1381 256 1125 220 1097 404 693 540 352 153 361 206 155 192
is_linear=0
shrinkage=0.05


Tree=104
num_leaves=31
num_cat=0
split_feature=152 152 98 87 99 121 108 210 217 125 37 25 121 98 109 83 45 42 27 74 83 175 178 114 200 89 16 49 211 210
split_gain=1.91816 5.20576 4.35835 5.10905 3.59156 3.13811 3.06158 2.79198 2.75469 3.22373 5.07846 6.05134 3.78076 3.80019 3.21802 2.83443 3.67378 3.16351 3.83238 3.27735 3.14902 2.88378 2.71632 2.71413 4.20335 4.13146 4.11883 3.69434 3.51019 4.19215
threshold=1.649628410913347 1.762501793463048 0.026153290773673815 0.45758777174103055 0.021652835732258117 0.72536957818550507 63.18544639440163 7.0747109746226151 -0.025494396536287611 4.0000000000000009 0.39230769230769241 7.1924953095684812 0.72996221130170869 0.030626456710818036 58.476052249637156 88.350000000000009 -0.043617726472722392 88.050000000000011 0.28296435188559377 0.39550000000000007 83.550000000000011 -0.022554708178008236 0.73768875092960851 0.29372814685314691 4.734723447176246 -0.8515546931568635 9.5000000000000018 13.750000000000002 1.6333333333333335 3.8557662893851332
decision_type=2 2 2 2 2 2 2 2 2 2 2 2 2 2 2 2 2 2 2 2 2 2 2 2 2 2 2 2 2 2
left_child=6 2 5 7 -5 -2 -1 -4 14 10 11 22 13 -12 -3 17 -17 23 19 20 -19 -18 -10 -11 28 -26 27 -27 29 -25
right_child=1 8 3 4 -6 -7 -8 -9 9 15 12 -13 -14 -15 -16 16 21 18 -20 -21 -22 -23 -24 24 25 26 -28 -29 -30 -31
leaf_value=-0.018832247683616785 0.011769484514445427 0.003337355153179811 0.015724630428001797 -0.0015127382001725107 0.039965952625840927 -0.021886564361310673 0.0039661646506582637 -0.021537712649930069 0.03020042419798348 -0.0013981995850558956 0.0069539590306217543 -0.018044366392287649 0.015641837285597811 -0.021271756413451134 -0.022597116122982222 -0.028329590763954957 -0.019100717610739591 -0.033900194755022303 0.011446534716817908 0.010109302737906297 -0.0054146741565256479 0.016097659253449647 0.00018620340877538203 -0.020025688693769507 -0.011442690643247459 0.022738279278529488 -0.012016473458987868 -0.0097020095376412676 -0.02072011151766117 0.017246751758346574
leaf_weight=27.877713412046432 9.3244159072637576 15.911331340670584 4.2070076614618284 4.5717300325632122 23.319702982902527 8.0131431818008405 21.353607580065727 5.6572400629520416 36.74590340256691 302.90355458855629 14.873264133930205 5.5931950956583014 14.575626507401465 24.929250970482826 23.997051641345024 16.191606596112255 4.2194239199161521 20.1570103764534 10.917667880654333 5.8176053166389456 23.582363247871399 10.22533282637596 11.346186548471449 5.8926472365856197 11.13705952465534 73.911798916757107 7.3332171291112891 5.9473284333944312 16.750902965664864 18.622164040803909
leaf_count=128 43 73 19 21 110 36 99 26 173 1408 68 26 71 117 113 77 20 93 53 27 110 47 53 27 51 340 35 28 78 83
internal_value=1.59378e-05 0.000710883 0.0148331 0.0235662 0.0332106 -0.00408379 -0.0090287 -0.0040201 -0.000493929 0.000303613 0.0080078 0.0182778 -0.00239568 -0.0105675 -0.0124801 -0.00127003 -0.0149105 -0.000251383 -0.0105542 -0.0164641 -0.021186 0.00226254 0.0242746 0.00120299 0.0068733 0.01239 0.0161608 0.0195985 -0.00565015 0.00556578
internal_weight=785.906 736.675 55.0932 37.7557 27.8914 17.3376 49.2313 9.86425 681.581 641.673 108.063 53.6853 54.3781 39.8025 39.9084 533.61 30.6364 502.973 60.4746 49.557 43.7394 14.4448 48.0921 442.499 139.595 98.3294 87.1923 79.8591 41.2657 24.5148
internal_count=3653 3426 255 176 131 79 227 45 3171 2985 508 252 256 185 186 2477 144 2333 283 230 203 67 226 2050 642 454 403 368 188 110
is_linear=0
shrinkage=0.05


Tree=105
num_leaves=31
num_cat=0
split_feature=130 141 106 115 44 55 68 91 94 40 10 90 152 27 149 198 90 46 175 84 216 75 168 21 154 149 43 27 88 115
split_gain=1.84564 3.21772 3.63652 3.77404 2.84176 3.35896 2.29878 2.46038 2.2887 2.24988 2.22169 3.44981 3.50629 4.65029 3.43505 4.88755 4.65139 4.15323 4.20379 4.09828 6.25557 6.16494 3.99237 3.87592 4.31277 4.65492 4.96256 4.12339 3.82398 3.76049
threshold=-0.041075422192576393 1.3496626686656674 3.8549794385370828 0.29283826977787691 -0.66259481767468265 43.844424664308271 2.3000000000000003 3.8393557845249857 0.24928754110339793 8.5007516953077076 10.658869644118132 17.500000000000004 1.7768669418403762 0.29029368418228069 0.32552885791452113 9.2436895849772753 8.5000000000000018 1.0000000180025095e-35 0.043246116536583633 55.850000000000001 -0.012242742879358252 -1.5499999999999998 0.2357433217189315 1.3992238178058047 188.80499577169195 -0.18776544944484172 5.1500000000000012 0.26769677914245477 91.730308385652521 0.28186621674165419
decision_type=2 2 2 2 2 2 2 2 2 2 2 2 2 2 2 2 2 2 2 2 2 2 2 2 2 2 2 2 2 2
left_child=1 4 3 8 9 -6 10 -8 -3 -1 14 12 -12 -14 15 17 -17 18 23 20 -19 -22 -18 -2 27 26 -26 -25 -21 -16
right_child=6 2 -4 -5 5 -7 7 -9 -10 -11 11 -13 13 -15 29 16 22 19 -20 28 21 -23 -24 24 25 -27 -28 -29 -30 -31
leaf_value=-0.007548765050577267 -0.017353956684054189 0.029304051445681319 0.03221166451826836 -0.024506684680816012 -0.027571664681985117 0.010467909158346609 -0.0011733133044437944 0.031994717231740369 -0.00064865927543906446 0.025047838695327836 0.009693488554027567 0.0097515867812843875 -0.023572454890561773 0.0092665811510844829 -0.024678395526306639 0.020600453429499364 0.021493020878976352 -0.014967451373122604 0.015107382891282987 0.0074462623980783849 -0.020043864474301246 0.022856334496728831 -0.016056420679447261 -0.02896371092633614 -0.0093466986153388412 0.00025998473075439417 0.025418630227943835 0.010083780588353866 -0.015672318404436798 0.0059490484080919571
leaf_weight=4.9559935778379458 24.157492503523827 6.0079845786094728 15.04335145652294 4.5369288027286521 11.952033549547197 4.4319844990968695 7.9895135685801488 5.9554430842399597 11.053743720054625 6.4342120289802551 9.4871739745140058 15.462825700640677 50.938245236873627 9.2724440693855268 22.976772636175156 49.677998661994934 5.0395179539918926 24.188543185591698 49.537292882800102 16.698050230741501 5.8671107441186896 34.689043387770653 18.020054474473 15.266894787549974 9.5355558395385724 187.55494047701359 36.244791194796562 5.9122724384069434 104.4846113473177 11.33134490251541
leaf_count=23 112 27 71 20 55 21 38 32 51 32 43 72 233 42 106 233 24 109 231 78 28 166 83 71 44 872 167 27 489 53
internal_value=0 0.00780308 0.0167878 0.00106948 -0.00404024 -0.016071 -0.000730921 0.0163777 0.0130164 0.0113633 -0.00121658 -0.00855549 -0.0133326 -0.0178091 -0.000110248 0.000801235 0.0125107 -0.000911746 0.00241151 -0.00681861 0.00290272 0.0145826 -0.00459166 0 0.00187127 0.0040388 0.0174778 -0.0172644 -0.0121198 -0.0144567
internal_weight=784.704 64.4162 36.642 21.5987 27.7742 16.384 720.288 13.945 17.0617 11.3902 706.343 85.1607 69.6979 60.2107 621.182 586.874 72.7376 514.137 328.209 185.927 64.7447 40.5562 23.0596 278.672 254.514 233.335 45.7803 21.1792 121.183 34.3081
internal_count=3653 300 169 98 131 76 3353 70 78 55 3283 390 318 275 2893 2734 340 2394 1524 870 303 194 107 1293 1181 1083 211 98 567 159
is_linear=0
shrinkage=0.05


Tree=106
num_leaves=31
num_cat=0
split_feature=123 218 88 31 107 77 111 108 218 100 174 168 132 142 125 60 93 203 90 53 44 7 193 155 84 29 153 28 81 118
split_gain=1.79485 2.00202 2.267 4.98517 3.68116 4.08599 3.30775 3.1649 3.0806 3.97459 3.7099 3.14844 2.82271 3.50833 2.83427 4.22679 4.68388 4.09182 5.13856 3.5108 4.27757 5.88408 4.32447 4.58587 6.46648 4.47105 4.22873 4.19234 4.06254 4.35758
threshold=3.0000000000000004 -0.039924221059338398 92.286204933984322 1.4500000000000002 5.0763112815074649 10.350000000000003 14.500000000000002 64.208871712044314 0.017689712279132887 0.027118955690384267 0.16302800189843383 0.22692055545622505 0.050323031925770915 -0.50429883930557873 6.0000000000000009 0.39399669003753174 3.4283487330423323 11.52671807915374 28.500000000000004 0.34834186990340249 -0.62249093318774784 0.097032163421186937 8.4358699409671374 89.059076697360851 60.000000000000007 0.08447040007822032 241.87543622756314 0.27495448518278143 0.60050000000000014 23.450000000000003
decision_type=2 2 2 2 2 2 2 2 2 2 2 2 2 2 2 2 2 2 2 2 2 2 2 2 2 2 2 2 2 2
left_child=-1 -2 3 4 -3 -6 -5 -8 9 10 -7 -11 14 -14 19 16 17 18 -16 -4 28 22 -22 24 25 27 -23 -24 -21 -30
right_child=1 2 12 6 5 8 7 -9 -10 11 -12 -13 13 -15 15 -17 -18 -19 -20 20 21 26 23 -25 -26 -27 -28 -29 29 -31
leaf_value=0.018861945946477495 -0.019115516772779177 0.011769982397718665 0.014876161585258285 0.023669139472212247 0.0035993131145127932 0.019266236101239773 -0.017792734629228372 0.016288818665117884 0.0033488342005520318 0.0017909380586899185 -0.016141116517901944 -0.035320307528800839 0.0062354511732592953 -0.030472510061727444 -0.031960899954407242 -0.023655068747673199 0.0091741187848130186 0.0098855400568362735 0.005148557426901899 0.017817124129819614 -0.012101880680667922 -0.018132186206470582 0.040212410068292251 -0.015509761728029032 -0.0023033284646013395 0.005092550082583764 0.0091315118644251601 0.0003999369481568603 0.0099117944952551006 -0.0088729864894080534
leaf_weight=7.459030643105506 8.8427333384752256 11.028396859765051 57.757223300635815 15.929739132523535 21.529660299420357 6.3743566125631359 11.605011925101282 6.2578996419906607 9.8085286915302259 4.5824186950922003 15.450813680887221 39.118515267968178 7.3268274366855648 10.069155618548391 22.082421109080315 18.701437160372734 55.498241029679775 11.487587802112101 10.767355650663374 61.64790865778923 32.293711289763451 65.659870773553848 25.964434638619423 14.86074525117874 55.56285847723484 36.390482991933823 13.182180136442183 10.173547133803366 68.255213052034378 47.689149245619774
leaf_count=35 41 51 273 74 100 28 56 29 44 21 72 180 34 48 100 88 260 54 52 286 151 306 121 68 262 167 63 48 321 220
internal_value=4.55089e-06 -0.000264329 4.29984e-05 -0.00552219 -0.010792 -0.0140579 0.00988121 -0.00380838 -0.0193252 -0.0230705 -0.00320438 -0.0311312 0.00137732 -0.0159552 0.00204014 -0.00467108 0 -0.0115817 -0.0200635 0.00374689 0.00204731 -0.0020342 0.00298565 0.00685678 0.0101247 0.0195026 -0.0130029 0.031023 0.00791958 0.00193131
internal_weight=783.357 775.898 767.056 141.685 107.893 96.8643 33.7927 17.8629 75.3346 65.5261 21.8252 43.7009 625.37 17.396 607.974 118.537 99.8356 44.3374 32.8498 489.437 431.68 254.088 175.246 142.952 128.091 72.5285 78.8421 36.138 177.592 115.944
internal_count=3653 3618 3577 655 496 445 159 85 345 301 100 201 2922 82 2840 554 466 206 152 2286 2013 1186 817 666 598 336 369 169 827 541
is_linear=0
shrinkage=0.05


Tree=107
num_leaves=31
num_cat=0
split_feature=34 75 182 8 80 34 141 215 108 40 118 89 118 159 29 25 128 96 30 207 33 140 78 75 28 87 113 3 5 17
split_gain=1.75847 5.54203 4.62039 4.57575 3.60998 3.55766 5.04372 4.1179 6.19965 5.11853 5.03531 6.75717 6.261 5.88188 4.88944 7.76093 5.30169 4.94937 5.56949 5.31077 4.42297 4.35414 4.27129 4.56955 4.13452 4.02612 3.99703 4.88144 3.96429 3.9537
threshold=0.29231985347156836 -0.54999999999999993 1.0000000180025095e-35 1.7563583752344549 42.850000000000009 0.28014546693184811 3.2791276520090089 -0.00030784522852350665 56.902608414762177 9.2342312680891681 22.633333333333336 0.69930409877777333 24.100000000000005 -2.2035230670793022 0.096544387274537194 3.4849879972043589 0.40453181300813013 0.20434031865630645 0.25089439914749717 2.8169349231273566 0.45830268648573602 0.020209419167845358 17.450000000000003 1.6500000000000001 0.24630203820971344 0.49045847698542316 23.500000000000004 10.690673806931203 1.091223150428734 4.5000000000000009
decision_type=2 2 2 2 2 2 2 2 2 2 2 2 2 2 2 2 2 2 2 2 2 2 2 2 2 2 2 2 2 2
left_child=5 4 -3 -4 -2 7 -7 8 9 -1 -9 12 20 -14 16 26 17 18 -10 25 -12 -15 23 -21 -23 -19 -16 -28 -17 -18
right_child=1 2 3 -5 -6 6 -8 10 14 -11 11 -13 13 21 15 28 29 19 -20 22 -22 24 -24 -25 -26 -27 27 -29 -30 -31
leaf_value=-0.022279645735081781 -0.02357929103677316 -0.010710941705160956 0.028461420082553032 -0.0046792439025176869 0.010167099740435864 0 -0.029299665865346009 0.002966357063080211 -0.03114851537455593 0.017283322564334961 -0.026831268060498743 0.012231144583680367 -0.024452569032704569 0.015232843703529373 0.015123306044922109 -0.0027824251863313356 0.012867841992852217 -0.020960614556975218 0.01823528498200562 0.032050121894069937 0.0034067976440545892 0.0087393092765410962 -0.0022034848156170217 -0.0037967076134967611 -0.027324458063876286 0.019533802613830555 -0.033608042851280599 0.013423587325754396 0.036641668188653873 -0.010144442708306195
leaf_weight=29.349638178944588 15.683008491992952 10.03937031328678 38.11714194715023 10.459484547376631 7.9794933646917334 36.432526141405106 20.496761202812195 158.45667657256126 9.2174108177423459 5.9601062089204779 69.329406216740608 26.672671690583229 17.054318591952324 37.578342586755753 12.294567957520487 5.4184064865112296 18.649153828620911 12.417962267994882 4.6724336743354788 49.206011138856411 11.49828004837036 10.699183955788614 13.193035572767256 8.0119940489530546 11.081496357917784 4.3276233673095694 9.7313324660062772 4.4538536965847006 35.092652052640915 78.486587077379227
leaf_count=137 74 46 182 48 36 172 96 742 42 29 324 124 81 173 57 26 87 56 22 232 55 49 61 38 51 20 45 20 162 366
internal_value=1.21909e-05 0.00673733 0.0148351 0.0210882 -0.0115387 -0.000785248 -0.0122405 0.000277253 0.00454499 -0.0136659 -0.00340788 -0.00896529 -0.0129811 -0.00206248 0.00727047 0.0185223 0.0029818 0.0108298 -0.0127831 0.0153535 -0.0222905 0.00538186 0.0211881 0.0267271 -0.0103514 -0.00726066 -0.00179911 -0.0178881 0.031093 -0.00506788
internal_weight=782.061 82.2785 58.616 48.5766 23.6625 699.782 56.9293 642.853 300.483 35.3097 342.37 183.914 157.241 76.4133 265.173 66.9908 198.182 101.046 13.8898 87.1566 80.8277 59.359 70.411 57.218 21.7807 16.7456 26.4798 14.1852 40.5111 97.1357
internal_count=3653 386 276 230 110 3267 268 2999 1400 166 1599 857 733 354 1234 310 924 471 64 407 379 273 331 270 100 76 122 65 188 453
is_linear=0
shrinkage=0.05


Tree=108
num_leaves=31
num_cat=0
split_feature=125 130 77 15 178 135 33 193 132 44 76 19 205 178 7 152 49 70 178 99 179 35 84 101 24 108 31 56 7 178
split_gain=1.79586 2.49709 3.96937 3.11267 3.63496 4.85836 4.59154 3.00911 3.51817 3.2908 2.68365 2.7759 2.74978 2.54528 2.28118 3.79663 3.26127 3.52768 4.34052 3.59563 3.47233 6.99679 6.46387 5.04279 5.02372 3.56346 3.50243 3.44089 3.52046 3.41034
threshold=4.0000000000000009 -0.033983379716220112 15.850000000000003 8.5000000000000018 0.7045663052543788 -1.7273347512168646 0.45830268648573602 8.2976701845490464 -0.030548006630496404 0.77159520228797462 15.050000000000002 6.5000000000000009 3.5408312882020763 0.7134445137877633 0.13388323748270817 2.0704883051031433 11.750000000000002 36.500000000000007 0.72126408299468081 0.029932653396448999 0.030264166766503012 0.093977241739457804 61.050000000000004 0.028639781271360222 10.836960665713555 60.667523564695806 0.65000000000000002 90.393971631205687 0.048153010512417639 0.73134284016636975
decision_type=2 2 2 2 2 2 2 2 2 2 2 2 2 2 2 2 2 2 2 2 2 2 2 2 2 2 2 2 2 2
left_child=1 -1 3 4 -3 -6 10 -5 -9 13 -7 12 -12 -10 16 -16 20 18 19 -18 29 23 24 -22 26 -25 -23 28 -28 -2
right_child=14 2 -4 7 5 6 -8 8 9 -11 11 -13 -14 -15 15 -17 17 -19 -20 -21 21 22 -24 25 -26 -27 27 -29 -30 -31
leaf_value=0.021381108224040483 0.00028470139149693974 0.014309989572359162 0.026105979044511077 -0.012082550536377017 0.014984583125747814 0 0.014130351007027557 -0.011091660872989961 0 -0.0069159061932031769 0 0 -0.043214687735159685 0.033743147775868503 -0.028615421788407248 0 0.012170862706484781 0.009684570884139404 -0.025227975449830159 -0.015053365563346917 -0.021936479457452224 -0.00020175694155765767 -0.0064997052914009179 0.027601403064177629 -0.0016968859963264592 -0.0078237030839886125 0.0010998291408245301 -0.0030406541982497962 0.040060294594501514 -0.01508013401027599
leaf_weight=15.47642897069454 326.85272566229105 9.7953563928604108 10.29489755630493 9.8010194748640043 7.9957269579172054 8.5314379483461433 4.780529022216796 7.1390327662229529 7.8320117741823223 5.8464072793722144 5.2743586450815227 7.1013498157262793 21.678669884800911 21.442204654216766 14.477642282843588 25.021689295768738 19.55864854156971 15.532645478844641 34.418245479464531 18.727681189775467 24.192441016435623 8.4700274616479856 24.151789732277393 8.0136901736259478 16.791954010725021 10.408222854137419 8.4530244171619398 4.5612738877534857 42.630993008613586 35.213295385241508
leaf_count=76 1522 47 52 44 37 40 23 33 36 27 24 34 102 101 66 115 93 75 162 90 111 39 113 38 77 49 40 21 202 164
internal_value=8.34849e-07 0.00499766 0.0020888 -0.000797718 -0.00799797 -0.0132175 -0.0194318 0.00768693 0.0135942 0.0199922 -0.0248136 -0.0303646 -0.036662 0.0263204 -0.00111124 -0.0120464 -0.000253557 -0.00888995 -0.0135478 -0.000768869 0.00126469 0.0076171 0.0144437 -0.00843722 0.021001 0.00912166 0.0270001 0.0312281 0.034732 -0.00132658
internal_weight=780.465 142.989 127.513 117.218 65.1574 55.3621 47.3663 52.0607 42.2597 35.1206 42.5858 34.0544 26.953 29.2742 637.476 39.4993 597.977 88.2372 72.7046 38.2863 509.739 147.673 105.059 42.6144 80.9073 18.4219 64.1153 55.6453 51.084 362.066
internal_count=3653 676 600 548 307 260 223 241 197 164 200 160 126 137 2977 181 2796 420 345 183 2376 690 492 198 379 87 302 263 242 1686
is_linear=0
shrinkage=0.05


Tree=109
num_leaves=31
num_cat=0
split_feature=63 152 156 67 44 52 52 182 43 144 152 49 207 71 119 214 43 105 6 33 114 192 210 214 54 45 141 89 104 119
split_gain=1.7229 2.53421 3.12001 2.54061 2.59561 2.52798 2.3431 2.25428 4.11803 3.99291 3.8841 3.76081 4.18378 4.17904 4.94662 4.37123 4.12449 3.97338 3.79107 5.42206 7.37226 4.60874 4.6603 4.12752 4.69044 4.00003 3.66315 3.5256 3.49486 4.01203
threshold=36.600000000000009 1.5705046229495871 0.22300926031075893 24.450000000000003 -0.35836794954530055 0.25467592592592597 0.16074915824915828 0.75000000000000011 2.4500000000000006 3.6890000000000005 1.7472065630286504 10.250000000000002 2.7092491085667292 18.050000000000004 23.950000000000003 0.03158118708668662 8.7500000000000018 0.3628526645768026 4.4628551609730414 0.37781538795093811 0.23900966183574882 27.536156951795139 3.4486596495691164 0.015375367970038372 8.7230976430976437 -0.71322329076259927 5.6043854587420672 1.1141281240465377 8.5285607383387401 22.050000000000004
decision_type=2 2 2 2 2 2 2 2 2 2 2 2 2 2 2 2 2 2 2 2 2 2 2 2 2 2 2 2 2 2
left_child=1 3 -3 -1 -5 7 -2 8 -4 -10 -11 12 -9 -13 15 17 -16 -15 19 28 -21 -20 -23 24 -24 -25 -22 -19 -14 -30
right_child=6 2 5 4 -6 -7 -8 11 9 10 -12 13 18 14 16 -17 -18 27 21 20 26 22 23 25 -26 -27 -28 -29 29 -31
leaf_value=-0.030722725147520398 0.022789658190725343 0.018713561572541695 -0.029274231143644438 0.015641534542283841 -0.014422203589550309 0.020040484699485595 -0.0057858235866580319 -0.011252089361255255 0.020543854677827059 0.014697442115681907 -0.007279943286716448 -0.016407491863962884 -0.014906485114676349 -0.0082436091667327949 -0.027409907990835439 -0.011103639599483142 0.001947911792376889 0.019775247141671712 -0.029846824847514709 -0.007014561353150023 0.031726333482137707 -0.020607811634136056 0.012115660182786819 -0.0036764806809547659 -0.013571207315873744 0.028205620868597556 0 -0.01206301478955916 -0.01081719723486921 0.018425561793991976
leaf_weight=8.5297340899705905 13.561932116746904 17.078010618686676 11.493681058287619 7.5356813222169903 11.51034404337406 9.7903174161910993 7.1141440868377677 30.985217154026031 11.560646161437033 17.278266206383705 176.7080335021019 46.939416989684105 19.078182741999626 16.612885355949402 20.383259728550911 24.466419532895088 18.700565725564957 62.897792778909206 6.6663402318954459 16.475550279021263 56.458072334527969 12.439254656434057 29.632867753505707 10.8401051312685 31.249778538942337 26.983183905482292 9.3190260380506498 5.5762597471475592 12.902422487735747 28.355920404195786
leaf_count=40 65 82 54 34 54 47 33 144 53 80 821 223 87 79 99 115 88 298 30 79 266 58 138 52 147 125 44 25 58 135
internal_value=1.94865e-06 -0.000394791 0.000178437 -0.0140506 -0.000708568 -0.000357337 0.0127718 -0.000815591 -0.00501265 -0.00287428 -0.00487667 0.00103617 0.00464521 -0.004198 0 0.00554119 -0.0141681 0.0109555 0.00680738 0.0121469 0.0201224 0 0.00311792 0.0071984 -0.000718751 0.0191221 0.0272881 0.0161977 0.00018407 0.00855948
internal_weight=779.123 758.447 730.871 27.5758 19.046 713.793 20.6761 704.003 217.041 205.547 193.986 486.963 291.386 195.577 148.637 109.553 39.0838 85.0869 260.401 142.589 82.2526 117.812 111.145 98.7059 60.8826 37.8233 65.7771 68.4741 60.3365 41.2583
internal_count=3653 3555 3427 128 88 3345 98 3298 1008 954 901 2290 1363 927 704 517 187 402 1219 669 389 550 520 462 285 177 310 323 280 193
is_linear=0
shrinkage=0.05


Tree=110
num_leaves=31
num_cat=0
split_feature=125 110 211 153 39 205 120 34 159 92 26 83 9 151 29 108 36 205 136 6 34 43 25 182 31 100 205 36 85 159
split_gain=1.69515 4.57572 3.96733 4.07953 4.58034 5.6068 4.32093 3.65598 6.3471 4.44778 4.01042 3.6024 3.49589 3.48238 4.41648 3.88571 4.33091 3.87526 3.70074 3.43885 4.66222 4.43728 6.03962 5.12543 4.71314 4.37757 4.33655 4.46772 4.28674 5.3375
threshold=5.0000000000000009 0.29125504435162636 0.53571428571428581 196.33663554916129 1.0655000000000003 3.5735416098578021 0.75781128750444327 0.24956506235402667 -1.0000000180025095e-35 7.0987645774535393 4.0276417624695515 81.850000000000009 0.24204461981669886 1.5034767228387644 0.096544387274537194 59.808502840388499 0.43762491078752336 4.3511624429967375 2.6689337349995648 4.4451314013460914 0.28014546693184811 9.7500000000000018 2.2742090211451385 1.2500000000000002 1.2500000000000002 0.024465060601526267 4.4239285714285721 0.51375337532754151 30.350000000000005 -0.79645063832372631
decision_type=2 2 2 2 2 2 2 2 2 2 2 2 2 2 2 2 2 2 2 2 2 2 2 2 2 2 2 2 2 2
left_child=1 2 -1 7 6 -6 11 8 -4 -9 -11 -5 13 15 17 16 -3 -15 -16 21 26 24 23 -23 -2 -24 27 -21 29 -26
right_child=19 12 3 4 5 -7 -8 9 -10 10 -12 -13 -14 14 18 -17 -18 -19 -20 20 -22 22 25 -25 28 -27 -28 -29 -30 -31
leaf_value=-0.0097386796444104452 0.0023066396480984782 0.02815780265810915 -0.021805626901771336 0.0033764161942012741 -0.023346720266120349 0.0152754674995582 -0.010920676822235249 -0.013079946164880663 0.0075430057226648656 -0.0022946678792193152 0.02735353086468106 0.032258911127019473 0.013932007253525759 -0.0024129209443531897 0.022689346691395856 -0.008225850412453127 -0.003634148104640419 -0.028819711518401365 -0.011767124550769375 -0.00096679882571339593 -0.028062848813864557 -0.032579869168896068 0 0.0083830287669598626 4.4671625495472129e-05 0.029289441714781591 0.0079398230193558263 -0.036051064829830053 0.0062534259490785371 -0.031539567875056532
leaf_weight=27.473026230931282 116.05850353091955 16.583481535315514 27.926084160804749 17.552836589515209 11.091234818100931 17.489425867795944 5.2158441245555869 9.9149235039949399 36.088649094104767 13.702658429741858 29.80956856906414 49.756262436509132 18.825371444225311 25.386510960757732 9.9953200072050112 42.72695729136467 16.913843020796776 37.512343406677246 10.773974016308783 26.43302509188652 22.54984175413847 8.2250898182392138 19.910734534263611 12.969350740313528 18.464438676834106 32.556396640837193 37.313381344079971 10.479551166296003 15.951345130801199 32.058712899684906
leaf_count=129 543 75 133 82 51 83 24 46 168 64 141 239 88 118 47 199 81 177 51 125 106 38 92 62 88 154 176 47 77 149
internal_value=0 0.0021228 0.00652813 0.00885691 0.0160107 -0.000212654 0.0223278 0.00209177 -0.00555015 0.0113673 0.0182273 0.025827 -0.00381807 -0.00641863 -0.0131828 0.00105277 0.0130686 -0.0194924 0.00503001 -0.00253554 -0.0103228 0.00045163 0.010494 -0.00974383 -0.00363942 0.0192407 -0.00318687 -0.0146363 -0.0138056 -0.0205818
internal_weight=777.709 424.738 246.021 218.547 101.106 28.5807 72.5249 117.442 64.0147 53.4272 43.5122 67.3091 178.718 159.892 83.6681 76.2243 33.4973 62.8989 20.7693 352.97 96.7758 256.195 73.6616 21.1944 182.533 52.4671 74.226 36.9126 66.4745 50.5232
internal_count=3653 1996 1160 1031 479 134 345 552 301 251 205 321 836 748 393 355 156 295 98 1657 454 1203 346 100 857 246 348 172 314 237
is_linear=0
shrinkage=0.05


Tree=111
num_leaves=31
num_cat=0
split_feature=125 150 101 120 217 154 219 154 6 203 98 84 7 144 7 49 130 205 159 45 42 1 198 71 121 60 104 148 192 156
split_gain=1.70179 2.47388 3.04558 3.20852 3.41409 3.0202 2.74495 2.57366 3.38526 2.55792 2.49897 2.20833 2.1206 4.43126 3.89602 2.90648 3.34591 3.90996 3.22771 4.73743 3.75964 4.91853 3.92461 3.20266 3.37032 3.48801 2.89402 3.28584 3.79772 4.38624
threshold=4.0000000000000009 0.47504851649217822 0.015915231340763256 0.73746334367576871 0.0020324120183670062 262.6943507889444 7.3708883212480769 285.90251884806747 6.1169932226214678 5.2677369078169258 0.034804239671209179 64.200000000000003 0.13388323748270817 5.172200000000001 0.16546743154047519 11.750000000000002 -0.030385017546020739 2.6512800746659795 -4.2632494762539599 -0.77159520228797429 72.450000000000017 5.5330000000000004 7.557688336602026 18.350000000000005 0.72403644118136012 0.43769842311848983 3.7591591067690167 1.0471679886931307 26.846538985646315 0.76911170289705566
decision_type=2 2 2 2 2 2 2 2 2 2 2 2 2 2 2 2 2 2 2 2 2 2 2 2 2 2 2 2 2 2
left_child=1 2 -1 6 -5 9 7 8 -4 -3 -7 -6 15 -14 -15 18 -17 -18 19 -2 21 -21 -22 -19 25 -25 -20 -28 29 -29
right_child=12 5 3 4 11 10 -8 -9 -10 -11 -12 -13 13 14 -16 16 17 23 26 20 22 -23 -24 24 -26 -27 27 28 -30 -31
leaf_value=-0.009814684451162797 -0.0085763684289637803 0.007419578480351398 0.03424284796944322 -0.021433488291288574 0.024898891364169229 0.019805972578342997 -0.0029476217570169106 0 0 -0.02472035626583996 -0.0056241813687882489 -0.0080108684128012506 0.012868406122675119 -0.029120206109355937 0.0064885412376552007 -0.029890279383795584 0.017847353086038222 -0.025640536262771074 -0.021451404767166633 -0.013241130163688695 -0.0064207169075810788 0.019750116051792797 0.030923023956796986 0.015151520066347846 -0.016457864960489173 -0.019561738912491987 -0.0015015968890758741 -0.016498527962733538 0.025651028643611469 0.025024046737504663
leaf_weight=12.263249874114988 23.414571657776833 4.6201802939176586 32.784078530967236 8.6775732338428515 6.9093916863203031 12.403932780027391 9.356089845299719 8.7427367717027646 10.056081429123877 16.116472259163857 15.799954190850256 4.1433139890432358 9.0009968578815442 23.375820979475979 6.954946056008338 10.648893758654593 11.847120970487593 15.330129414796827 11.279592543840407 18.924231439828873 5.467509612441062 16.136530846357346 33.548071324825287 27.353787377476696 18.236811488866806 4.1972679048776618 359.59409419447184 14.214677318930628 20.453545466065407 4.3808487430214873
leaf_count=59 111 22 157 41 33 57 45 42 48 77 75 20 42 107 32 50 57 75 53 89 25 76 159 131 87 20 1675 66 99 23
internal_value=0 0.00483689 0.00953022 0.013164 -0.00282542 -0.00366904 0.0185418 0.0227974 0.0273714 -0.0165379 0.00610528 0.0123521 -0.00113132 -0.0116975 -0.0204847 -0.000299567 -0.00848125 -0.00357143 0.00113333 0.00909139 0.0151813 0.00188876 0.0249869 -0.00881955 -0.0013166 0.00780537 -0.000785811 0 0.0129547 -0.00242703
internal_weight=776.233 141.873 92.9325 80.6693 19.7303 48.9405 60.939 51.5829 42.8402 20.7367 28.2039 11.0527 634.359 39.3318 30.3308 595.028 87.614 76.9651 507.414 97.4909 74.0763 35.0608 39.0156 65.118 49.7879 31.5511 409.923 398.643 39.0491 18.5955
internal_count=3653 676 445 386 94 231 292 247 205 99 132 53 2977 181 139 2796 420 370 2376 460 349 165 184 313 238 151 1916 1863 188 89
is_linear=0
shrinkage=0.05


Tree=112
num_leaves=31
num_cat=0
split_feature=130 141 104 37 44 113 173 100 118 73 38 99 156 63 35 84 45 129 38 71 24 32 113 133 118 150 118 51 133 35
split_gain=1.71247 2.94553 3.116 2.65192 2.5805 2.48795 2.40604 2.35046 2.26939 3.29631 3.80285 2.54661 4.20057 5.06699 5.05027 4.04259 4.06309 3.85567 3.66824 3.66699 3.92893 3.62527 3.54689 3.46521 3.23467 4.1443 3.06729 2.99225 4.45723 4.76631
threshold=-0.041075422192576393 1.3496626686656674 11.570395592623766 0.13247863247863251 -0.66259481767468265 17.500000000000004 0.016974690805035584 0.05230658154734763 19.100000000000005 46.250000000000007 0.97350000000000014 0.031887359281634817 0.51299587702421812 28.100000000000005 0.12558365454130635 55.850000000000001 0.64942331933852337 0.073890743089098584 1.0035000000000001 24.650000000000002 8.1817833773232174 0.19365197577842372 15.500000000000002 0.80889711759025473 23.100000000000005 0.38941955365664666 24.450000000000003 0.24272222222222226 -0.56120943003325163 0.10284922150453484
decision_type=2 2 2 2 2 2 2 2 2 2 2 2 2 2 2 2 2 2 2 2 2 2 2 2 2 2 2 2 2 2
left_child=1 4 7 5 -1 -2 -7 -3 9 10 -5 12 15 17 26 -10 19 24 -18 21 -21 23 -19 -17 25 -14 -15 28 29 -13
right_child=3 2 -4 8 -6 6 -8 -9 11 -11 -12 27 13 14 -16 16 18 22 -20 20 -22 -23 -24 -25 -26 -27 -28 -29 -30 -31
leaf_value=0.010859774537611583 -0.0037632968762962185 0.029388989563362042 -0.0063390058683743039 -0.005883381624603343 -0.015414146552824646 0.029117762645798163 -0.0023752005771748414 -0.0013938207213824729 0.013432151983310426 -0.0062652654132766359 0.03550047068871616 -0.01395618387674713 0.018655066405885139 0.025598121719613471 -0.016528541270906024 -0.017660982353160746 -0.0024463223103116764 0.024683697274904236 0.029108189232370671 0.027960239017118495 -0.010111329401739304 0.011548102365230111 -0.0080765493960259435 0.0055064974164321708 -0.030011573573625536 -0.017007235849516016 -0.0030890707974632831 1.4670836395704478e-05 -0.014049261994648513 0.018815225928751692
leaf_weight=11.197237297892572 12.103529438376425 22.646417915821079 8.0163472443819028 5.0896475464105668 16.148281425237656 15.564774647355081 5.6424952596426001 5.4964718520641318 80.534012205898762 11.931974366307257 11.550531148910521 14.045032262802122 7.4384295642375973 22.310385778546333 11.374073609709738 66.411915838718414 13.482676133513452 6.4204627126455334 14.698683872818945 11.165150597691538 6.982877403497695 13.463484317064284 24.422732010483742 16.350268483161926 31.534399449825287 17.814652666449547 10.489974886178969 128.13646849989891 131.59141726791859 20.921597242355347
leaf_count=55 56 107 37 23 76 74 26 25 378 56 58 64 34 110 52 308 64 29 69 53 33 63 115 76 148 84 48 607 625 100
internal_value=0 0.00752174 0.0161655 -0.00075222 -0.00386713 0.011985 0.0209302 0.0233193 -0.0014976 0.0110838 0.0232526 -0.00216962 0.00062497 -0.00623192 0.00672312 0.00483356 -0.000145194 -0.0130428 0.0151645 -0.00460405 0.0132114 -0.00869761 0.000537483 -0.0127463 -0.02027 -0.00432929 0.0165672 -0.00557278 -0.00989218 0.00492723
internal_weight=774.976 63.5048 36.1592 711.472 27.3455 33.3108 21.2073 28.1429 678.161 28.5722 16.6402 649.589 354.894 131.805 44.1744 223.089 142.555 87.6307 28.1814 114.374 18.148 96.2257 30.8432 82.7622 56.7875 25.2531 32.8004 294.695 166.558 34.9666
internal_count=3653 300 169 3353 131 156 100 132 3197 137 81 3060 1664 620 210 1044 666 410 133 533 86 447 144 384 266 118 158 1396 789 164
is_linear=0
shrinkage=0.05


Tree=113
num_leaves=31
num_cat=0
split_feature=197 146 210 144 130 130 210 79 36 105 31 134 134 104 8 133 133 36 55 206 202 168 119 85 1 35 215 82 214 15
split_gain=1.6748 1.97324 3.51788 2.85956 2.04533 2.11851 4.91725 2.42728 3.4344 5.35061 3.85269 6.85891 5.66749 4.42721 4.60904 4.19547 4.9714 4.15149 3.97865 3.94257 3.83496 3.79533 3.69376 5.70654 4.40466 4.27022 3.38209 4.16624 3.96161 3.87715
threshold=305.38000000000005 7.2500000000000009 11.567298868155401 5.2520000000000007 0.072422224769994867 -0.050454879502929519 7.9057539682539693 46.250000000000007 0.38269885126226394 0.57793522267206487 1.3500000000000003 1.0000000180025095e-35 0.63826209905182785 7.5068484216018794 1.1239236225668099 -0.6027122779184112 -1.3606423009591349 0.48588658950494762 41.491421764978718 -0.17615895529923606 0.24086927534912422 0.28279345175896903 21.950000000000003 24.750000000000004 4.9330000000000007 0.079434728771415955 -0.0068099392292308982 29.750000000000004 -0.0073126303964050334 8.5000000000000018
decision_type=2 2 2 2 2 2 2 2 2 2 2 2 2 2 2 2 2 2 2 2 2 2 2 2 2 2 2 2 2 2
left_child=1 4 3 -3 5 6 -1 8 22 10 12 17 13 14 -10 16 -15 20 -18 21 -12 -14 24 25 -7 -24 28 -28 -17 -29
right_child=-2 2 -4 -5 -6 7 -8 -9 9 -11 11 -13 19 15 -16 26 18 -19 -20 -21 -22 -23 23 -25 -26 -27 27 29 -30 -31
leaf_value=0.029569144611086326 -0.015232480449280853 -0.0050046227812277641 -0.013682374746080826 0.029444182683624889 0.02218363496464339 0.009017833634921783 -0.0057880059601232072 -0.0057583649432710726 0.0016448604797225522 -0.020483803523317513 0.017420392856863785 -0.024285516768420508 0.018993668065294161 -0.0038586272985271838 -0.027373321723087214 -0.0077367761284776217 0.04251342131423505 0.016670845453236133 -0.0022388004450360362 0.030955606119325449 -0.017312455656840104 -0.021691177823188815 -0.014070373394003813 0.022072700887518625 -0.018368026376526531 0.010427830008130433 -0.018898105735439256 0.016306589618034592 0.022469579711662219 -0.0137299554653814
leaf_weight=13.515950962901117 12.637438401579855 4.9931793510913911 5.1633693426847449 16.688824459910393 5.0744711160659781 24.225762195885181 16.192903414368629 196.42926896363497 24.163364291191101 30.685421019792557 5.6868464350700405 34.943740107119083 6.3276750296354276 12.137790709733965 21.447438895702362 13.300273969769476 14.490944758057596 23.874807089567184 4.6527999788522711 23.0604317933321 25.192233592271805 6.4905542284250259 24.720768243074417 55.835050389170647 23.845007956027985 39.1019516736269 32.586463794112206 21.6616270840168 21.871240243315697 12.616803184151648
leaf_count=65 62 24 25 79 25 112 76 923 112 143 27 166 29 56 102 62 69 114 22 109 123 31 116 272 110 183 152 103 102 59
internal_value=0 0.000351453 0.0125462 0.0211228 -0.000142511 -0.000482009 0.0115197 -0.0011055 0.000701381 -0.00216638 0 -0.00845026 0.00361321 -8.33323e-05 -0.0128626 0.00441488 0.0190424 0.00242386 0.03239 0.020415 -0.00868285 -0.000510127 0.00647389 0.0111064 -0.00454625 0.00024273 -0.000515996 -0.00720005 0.0108833 0.00427416
internal_weight=773.614 760.977 26.8454 21.682 734.132 729.057 29.7089 699.348 502.919 335.19 304.505 89.6976 214.807 178.929 45.6108 133.318 31.2815 54.7539 19.1437 35.8787 30.8791 12.8182 167.729 119.658 48.0708 63.8227 102.036 66.8649 35.1715 34.2784
internal_count=3653 3591 128 103 3463 3438 141 3297 2374 1581 1438 430 1008 839 214 625 147 264 91 169 150 60 793 571 222 299 478 314 164 162
is_linear=0
shrinkage=0.05


Tree=114
num_leaves=31
num_cat=0
split_feature=123 62 13 33 117 111 41 216 76 53 41 210 28 51 132 41 71 38 92 130 152 8 81 40 72 80 141 97 214 8
split_gain=1.65689 1.86787 4.43228 4.48521 3.20692 4.30903 4.48384 3.69559 4.49669 3.29129 3.36131 3.92229 4.67168 5.1856 3.1076 3.16292 3.02812 4.59288 4.70376 3.97355 3.92432 3.87274 3.53287 3.14993 3.76331 3.75678 3.5618 3.52194 3.33138 6.559
threshold=3.0000000000000004 15.450000000000001 3.5792672106856291 0.40086755212513198 0.16302800189843383 17.500000000000004 3.5495993425248469 0.029904528784773624 46.150000000000006 0.31751925002457132 2.6411358928881965 3.3728932584269669 0.30533943539636144 0.26692283950617285 0.011942165510389209 3.1737213747892872 20.800000000000004 1.05 7.7099072692409036 0.021470311499179457 1.9132722046649968 0.69888782349130418 0.74850000000000005 9.1915921299511076 41.550000000000004 51.250000000000007 4.4085889570552164 0.28348486078415464 -0.0048740965007685868 2.1278796233656996
decision_type=2 2 2 2 2 2 2 2 2 2 2 2 2 2 2 2 2 2 2 2 2 2 2 2 2 2 2 2 2 2
left_child=-1 2 -2 -4 5 7 -7 8 9 -3 -11 -12 13 -13 15 -5 19 18 -18 20 -6 -21 -22 24 26 -25 27 28 -20 -30
right_child=1 4 3 14 16 6 -8 -9 -10 10 11 12 -14 -15 -16 -17 17 -19 23 21 22 -23 -24 25 -26 -27 -28 -29 29 -31
leaf_value=0.018196608787116229 0.011470829256725115 -0.010548840751270168 -0.017687572971187986 -0.0079277320965490811 0.0022645706555503467 -0.02074460221079568 0.016250495969897798 -0.012656255118910657 -0.016355677107866999 -0.0034593109226943412 0.0013176287284842824 0.040685688738034638 -0.0013257408262543375 -0.0010649395637321814 -0.017907075454005952 0.015900249621477579 0.014124053704512488 0.019545782042502735 0.01175281482370834 0.024395860260008371 -0.025648819842362777 -0.0070878380568218172 0.00373243804743404 -0.024244246285150414 0.0075035976971609009 0.0026032599904222803 0.0086334071145424494 -0.019299333961132467 -0.014992307598117023 0.024648286786790607
leaf_weight=7.3306710720062247 26.866538301110268 5.2886708229780188 66.217704489827156 17.511764496564865 23.569970905780792 19.12206140160561 7.2946547865867606 8.8340840488672239 5.9175848960876456 9.9125642627477628 18.041653081774712 44.225942842662334 8.6028519272804242 7.1078819632530204 11.763885200023649 30.206868186593056 42.553667649626732 26.250591561198235 24.305423341691494 11.621001452207567 47.228699803352356 18.00120110809803 9.5165549516677839 28.021372087299824 89.545062758028507 17.520828261971474 32.417078427970409 45.047763958573341 54.810735680162907 7.5722394287586203
leaf_count=35 123 24 319 83 111 90 34 42 28 48 87 207 41 34 54 141 196 126 120 52 222 86 45 132 425 85 156 210 262 35
internal_value=0 -0.000277599 -0.00515968 -0.00920832 0.00093025 0.00762726 -0.00877267 0.0120733 0.01502 0.0179987 0.020461 0.0238282 0.029596 0.0348795 0.0004829 0.0067591 -0.000959809 0.00117867 -0.000421343 -0.0080763 -0.0137223 0.00628079 -0.0204133 -0.00277008 -0.000389717 -0.0141852 -0.00493781 -0.00865378 -0.00209836 -0.00833767
internal_weight=772.228 764.897 152.567 125.7 612.33 134.348 26.4167 107.931 99.0971 93.1796 87.8909 77.9783 59.9367 51.3338 59.4825 47.7186 477.982 368.045 341.794 109.937 80.3152 29.6222 56.7453 299.241 253.698 45.5422 164.153 131.736 86.6884 62.383
internal_count=3653 3618 720 597 2898 635 124 511 469 441 417 369 282 241 278 224 2263 1747 1621 516 378 138 267 1425 1208 217 783 627 417 297
is_linear=0
shrinkage=0.05


Tree=115
num_leaves=31
num_cat=0
split_feature=34 75 182 8 80 135 34 141 215 108 40 29 25 128 110 115 118 53 89 1 78 217 130 215 113 113 80 36 56 50
split_gain=1.64457 4.80274 4.132 4.08019 3.35207 3.33522 3.15828 4.35198 3.55219 5.46126 4.44547 4.40781 6.92182 4.76882 4.434 4.38619 4.1369 6.49926 6.30025 4.75586 6.63274 4.79899 4.43535 4.41965 3.9836 4.74793 4.54697 4.22096 3.66962 3.88861
threshold=0.29231985347156836 -0.54999999999999993 1.0000000180025095e-35 1.8881370136077946 42.850000000000009 -1.4596646012119068 0.28014546693184811 3.2791276520090089 -0.00030784522852350665 56.902608414762177 9.2342312680891681 0.096544387274537194 3.4849879972043589 0.40453181300813013 0.29328236611640013 0.29231578095931415 22.633333333333336 0.55155925931087746 0.70940667480793007 5.7783333333333342 12.050000000000002 -0.0019952740487483999 -0.026355304107606486 0.03698599457738231 35.500000000000007 20.500000000000004 46.800000000000004 0.44632252532270705 90.375031338376758 5.7500000000000009
decision_type=2 2 2 2 2 2 2 2 2 2 2 2 2 2 2 2 2 2 2 2 2 2 2 2 2 2 2 2 2 2
left_child=6 4 -3 5 -2 -4 8 -8 9 10 -1 13 -13 14 -11 16 23 18 19 20 -18 -21 -23 28 25 26 27 -17 29 -10
right_child=1 2 3 -5 -6 -7 7 -9 15 11 -12 12 -14 -15 -16 24 17 -19 -20 21 -22 22 -24 -25 -26 -27 -28 -29 -30 -31
leaf_value=-0.021078923959850587 -0.022344351591665187 -0.010028270249120839 -0.0061698377958308206 -0.0062188673432138708 0.010223932261013181 0.031204682436485828 0 -0.02760303408950639 -0.012322848457757862 0.0017409088434579304 0.016041558158057429 -0.001715836967282584 0.02950992070174421 -0.0049759058895325024 0.023684870655357407 -0.0083252457146640573 -0.041837690273064901 0.013728746271161753 0.0095743705342686124 0.0074877045267169613 0 0.012966129646621647 -0.026927571935102191 0.022603201665450001 -0.02167093468698655 0.018480861144408764 -0.02126488119250557 0.027342036029845231 0.017849835611066494 0.014971757261517997
leaf_weight=28.855348780751228 15.390611886978151 9.9399507194757444 4.029132053256034 8.5616067796945554 7.9130862802267066 35.091030120849609 35.975487098097801 20.163169771432877 71.254996545612812 65.791474662721157 5.7882942557334891 26.109195157885551 39.883895441889763 95.863326266407967 33.767939031124115 12.277232170104982 35.73084120452404 15.839397653937338 15.674600616097448 21.59627939760685 11.816978238523005 4.5927061140537218 29.659941911697391 13.98262546956539 6.8488048762083045 49.961652025580406 15.856155082583426 10.830042600631712 11.285763204097746 10.574208140373228
leaf_count=137 74 46 19 40 36 171 172 96 341 311 29 122 188 453 160 57 170 76 74 104 55 21 139 65 33 232 75 51 53 53
internal_value=0 0.00654716 0.014151 0.0201394 -0.0105496 0.0265257 -0.000784952 -0.0116463 0.000221512 0.00421889 -0.0130052 0.00679656 0.017553 0.00269215 0.0101995 -0.00321961 -0.00681384 -0.0124818 -0.0165827 -0.0210374 -0.0322677 -0.00919955 -0.0199713 0.000341317 0.00550191 0.00890309 -0.00351463 0.00939217 -0.00372835 -0.00784881
internal_weight=770.906 80.9254 57.6217 47.6818 23.3037 39.1202 689.98 56.1387 633.842 296.059 34.6436 261.416 65.9931 195.423 99.5594 337.782 242.008 134.911 119.071 103.397 47.5478 55.8489 34.2526 107.098 95.7739 88.9251 38.9634 23.1073 93.115 81.8292
internal_count=3653 386 276 230 110 190 3267 268 2999 1400 166 1234 310 924 471 1599 1151 639 563 489 225 264 160 512 448 415 183 108 447 394
is_linear=0
shrinkage=0.05


Tree=116
num_leaves=31
num_cat=0
split_feature=140 34 152 25 35 88 173 99 8 189 99 103 40 85 151 81 213 100 219 55 87 133 12 156 99 156 40 62 169 57
split_gain=1.70402 3.14672 3.91715 5.0409 3.09854 3.09061 3.54968 3.54053 3.02208 3.95691 3.87345 4.83551 5.02574 4.3681 4.19585 3.95559 4.37136 3.86329 3.80712 3.78877 3.49063 5.43919 3.8926 3.41135 5.38268 4.03611 3.95475 5.31206 4.87114 4.34868
threshold=-1.7994512432561212 0.29231985347156836 2.5786970408393612 4.0415178631086262 0.18196719153111071 94.2749996529284 0.0011013394662077877 0.03813769426565105 2.4002297172359577 10.692908676495835 0.031887359281634817 1.5104562737642586 8.2986356439194182 30.350000000000005 2.476805213534456 0.70150000000000012 -10.487498758990364 0.03234524847428074 5.5018167275256475 40.365036302095454 0.44981172535963171 -0.096412741252395837 0.87880654489159948 0.45181587125343264 0.022308314383074023 0.26879011555443338 9.0518182390560273 27.000000000000004 -0.013016912165848325 34.403456583287884
decision_type=2 2 2 2 2 2 2 2 2 2 2 2 2 2 2 2 2 2 2 2 2 2 2 2 2 2 2 2 2 2
left_child=5 4 3 -3 8 7 -7 -1 10 19 11 14 15 20 -2 16 -13 -16 -18 -10 21 -12 -22 24 -14 -26 28 29 -25 -28
right_child=1 2 -4 -5 -6 6 -8 -9 9 -11 13 12 23 -15 17 -17 18 -19 -20 -21 22 -23 -24 26 25 -27 27 -29 -30 -31
leaf_value=-0.030363276284917896 0.02308039118341702 0.032759116286573464 -0.0026322758840748358 0 0.019443154042450617 0.021219080056016547 -0.010032950115283695 0.0013462183085179377 0 -0.014978979056486527 0.025297763882860931 0.0069014139716718744 -0.0057771974430945103 0.014581723368192766 -0.026082045934253995 0.0034738380085282206 -0.029250607671514703 0.016831645650778139 0.0010789223025217704 0.028607133436808142 0.01813031465900556 -0.0081217535416405525 -0.013392851983726781 -0.0049549300768365672 -0.0075669035230024042 0.024985715154346985 -0.031011838703881207 0.013988982977024049 0.020881052961003777 0.0051424512271482023
leaf_weight=16.797875151038173 35.975232854485512 23.193010754883289 31.139919832348824 19.982082054018974 13.944978550076483 10.892819613218309 15.592401117086409 11.681929692625998 21.302170544862747 7.9439698159694663 13.343460053205488 11.589043721556662 27.610323712229729 16.516041949391365 6.6711754053831083 30.464643061161041 41.477369643747807 4.3487373217940331 10.862462997436522 21.917175471782684 5.4663068503141394 30.357434451580048 177.24583283811808 41.169800020754337 7.9331069886684409 46.231627181172371 25.78419141471386 9.0445660352706891 24.654899194836617 8.1562097519636136
leaf_count=81 172 115 145 95 66 51 74 55 102 38 61 55 132 82 31 143 192 21 50 104 26 145 845 197 37 218 122 44 116 38
internal_value=0 0.000704713 0.0101124 0.0191427 -0.000418831 -0.00806752 0.00335486 -0.0183513 -0.0010514 0.00995706 -0.00215161 0.00129888 -0.00115865 -0.00689878 0.0153605 -0.0103597 -0.0170885 -0.00761886 -0.0229749 0.0161369 -0.00885495 0.00311871 -0.0118588 0.00341901 0.0108764 0.0195589 -0.00219746 -0.013349 0.00516003 -0.0221369
internal_weight=769.291 714.326 74.315 43.1751 640.011 54.965 26.4852 28.4798 626.066 51.1633 574.902 331.973 284.978 242.929 46.9951 94.3935 63.9289 11.0199 52.3398 43.2193 226.413 43.7009 182.712 190.585 81.7751 54.1647 108.81 42.985 65.8247 33.9404
internal_count=3653 3392 355 210 3037 261 125 136 2971 244 2727 1568 1344 1159 224 440 297 52 242 206 1077 206 871 904 387 255 517 204 313 160
is_linear=0
shrinkage=0.05


Tree=117
num_leaves=31
num_cat=0
split_feature=125 110 211 41 136 211 139 17 64 24 40 68 120 68 113 53 24 200 8 0 35 110 130 130 207 79 217 110 90 52
split_gain=1.66353 4.12942 3.55119 3.52323 4.30867 4.14694 3.71624 4.14763 4.59608 3.65926 3.59443 3.51547 3.42553 3.81318 3.33125 3.30284 3.10729 4.83389 4.56808 5.55617 4.43465 4.10317 3.45203 4.44074 3.08056 3.05342 3.01957 3.00172 2.9755 2.9665
threshold=5.0000000000000009 0.29125504435162636 0.53571428571428581 2.7021813988869865 2.1648830222404221 2.5833333333333335 2.2430124223602488 5.1650000000000009 17.950000000000003 8.0985622625943581 7.9825816472667706 0.65000000000000002 0.73998087954110903 0.65000000000000002 26.500000000000004 0.30720365337831385 9.1242246808963809 3.9832345719234579 1.1265819410941365 1.0000000180025095e-35 0.095227350199259514 0.29471019401921733 -0.03870591582005644 -0.00137978085285384 5.3088141433903813 42.550000000000004 -0.019823908864781688 0.29816986200022572 1.5000000000000002 0.14246428571428574
decision_type=2 2 2 2 2 2 2 2 2 2 2 2 2 2 2 2 2 2 2 2 2 2 2 2 2 2 2 2 2 2
left_child=1 2 25 29 10 6 7 9 -9 -6 -5 16 13 -7 -13 -12 17 18 21 -20 27 -3 -19 24 -24 -1 -17 -18 -25 -4
right_child=-2 11 3 4 5 12 -8 8 -10 -11 15 14 -14 -15 -16 26 20 22 19 -21 -22 -23 23 28 -26 -27 -28 -29 -30 -31
leaf_value=0.012426162331559276 -0.002464536122916403 -0.010788469393188664 -0.024023319699424686 0 0.018376984397502624 0.030394293400293506 0.016148647754082 -0.031756697886296682 0.004607545820645779 -0.012058021896298581 -0.0091875940643875616 0.024188494796839669 -0.0071346796565415291 -0.0082674753299409719 -0.0079663320854922309 -0.0043115572125172648 -0.029848482924806526 0.0079678708194940284 -0.026521896788764068 0.0066664792165625503 0.019176278519294088 0.029401735750269421 -0.04550826935034169 0.013139297553022925 0 -0.018261256584452389 0.030665141253227349 0.0086298432563343356 -0.016165145609690082 0.0054565638675375325
leaf_weight=6.7944515570998218 348.65790333598852 5.2337314188480404 9.7485287636518496 16.258769020438194 15.889511384069921 25.86762356758118 14.590461760759352 20.516668349504474 9.8075990974903089 13.267476126551626 3.296215906739234 15.328740254044535 8.1463057771325094 4.5643571913242331 8.6260170191526395 4.246303752064704 6.2824305742979067 6.4357841163873664 18.525984868407249 21.990337580442429 20.288170114159584 14.236814491450785 18.776266843080524 7.0271023511886623 4.2180523872375479 20.347421705722809 54.79665233194828 4.6698079705238342 24.767552323639393 14.633709222078322
leaf_count=35 1657 25 47 78 79 123 68 95 47 63 15 71 41 21 39 20 31 30 88 106 95 67 91 33 20 94 263 21 119 71
internal_value=3.51226e-05 0.00217773 0.00638975 0.00860951 0.0109387 0.00406468 -0.00268266 -0.00858361 -0.0203004 0.00405822 0.0196594 -0.00349742 0.0164149 0.0235416 0.0123701 0.024764 -0.0064631 -0.0100961 0 -0.009206 0.00639117 0.0175799 -0.0194098 -0.0234413 -0.0385207 -0.00906344 0.0276191 -0.0143124 -0.0081036 -0.00756158
internal_weight=767.837 419.179 242.772 215.63 191.248 112.65 74.0717 59.4813 30.3243 29.157 78.5979 176.407 38.5783 30.432 23.9548 62.3392 152.452 121.212 59.9869 40.5163 31.2404 19.4705 61.2248 54.789 22.9943 27.1419 59.043 10.9522 31.7947 24.3822
internal_count=3653 1996 1160 1031 913 537 352 284 142 142 376 836 185 144 110 298 726 579 286 194 147 92 293 263 111 129 283 52 152 118
is_linear=0
shrinkage=0.05


Tree=118
num_leaves=31
num_cat=0
split_feature=5 4 27 27 100 131 82 97 78 89 100 19 102 40 77 92 11 151 41 67 44 100 79 115 135 36 95 59 11 131
split_gain=1.63429 2.58128 3.75984 3.81733 4.56492 3.45111 3.24866 3.6788 3.47862 3.18871 3.12021 3.42524 2.99884 2.90741 2.84458 2.8359 3.23292 4.22413 5.99528 4.84653 5.01322 4.42285 4.11232 3.96498 3.82511 3.54825 4.10163 4.59081 3.46091 3.25788
threshold=0.69484126984126993 3.1147676623286382 0.22549158288308221 0.26309240083103574 0.033426443202979522 -0.50599043435607427 29.350000000000005 0.22902895645869761 16.300000000000001 -0.10636524766361076 0.016713221601489761 5.5000000000000009 3.5000000000000004 7.9958945043874161 13.15 11.99611074570622 4.0195911138847533 2.3546681299469072 2.6730653569356662 16.550000000000001 -0.97625883275952019 0.019672342621259033 32.800000000000004 0.29385378138034163 1.0000000180025095e-35 0.44888514103572968 0.23409444732745202 0.23215391792968348 3.127388973822959 -0.50599043435607427
decision_type=2 2 2 2 2 2 2 2 2 2 2 2 2 2 2 2 2 2 2 2 2 2 2 2 2 2 2 2 2 2
left_child=-1 2 9 4 13 -6 7 -5 -9 10 -2 -12 14 -4 -8 16 22 18 24 21 -21 -20 -3 25 -18 26 -24 -28 -29 -23
right_child=1 15 3 6 5 -7 12 8 -10 -11 11 -13 -14 -15 -16 -17 17 -19 19 20 -22 29 23 -25 -26 -27 27 28 -30 -31
leaf_value=-0.016794648872483092 0.022057567246907803 0.01629232449380557 0.0050506601466015402 0.015337324051576312 -0.01571616012599884 0.015670571243094535 0.029749529031676408 -0.032439871712781461 0.0071980509670969764 0.024176550575959254 0.013095075632681736 -0.024475978856156391 -0.010078372106013908 -0.020194537506393759 0 0.016863621934543927 0.0046799225838855879 -0.014380901251506368 0.016849201489279104 -0.011410812576735631 0.0090475216541462851 0.0035570203919375524 0.010559792672744948 0.0051093573644030027 -0.027360434622554559 -0.025353851644594229 0.0044724771507727882 0.005494023290295671 -0.033915198607471851 -0.025879712954016011
leaf_weight=9.1278321444988233 5.6752872169017818 10.126379780471323 10.851776167750357 8.6168541163206118 6.8927690237760535 26.820381656289101 26.275686085224152 8.9438539594411832 5.2566210329532614 33.94557012617588 4.9001455605030051 10.811131313443182 4.6549790278077117 42.389495655894279 11.801005616784094 15.240162864327429 10.55426701903343 38.987525373697281 6.9785364866256705 28.57850593328476 250.62326000630856 9.9356106966733915 19.441304057836533 25.527427449822426 21.524769529700279 45.491457797586918 15.868847861886023 4.2226536870002773 20.426840275526047 26.047713093459606
leaf_count=45 28 50 52 40 32 133 126 43 24 160 24 50 23 200 56 73 50 187 32 133 1189 47 91 118 106 216 77 20 99 129
internal_value=1.99487e-05 0.000364191 0.0050687 0.000692738 -0.00587478 0.00740665 0.00955819 -0.00430174 -0.0184115 0.0156582 0 -0.0112185 0.0171581 -0.0146279 0.0218515 -0.00139951 -0.00211827 0.000177112 0.0020268 0.00422128 0.00670157 -0.0103947 -0.00847329 -0.0111005 -0.0169351 -0.0153046 -0.0059307 -0.0146831 -0.0265329 -0.0176994
internal_weight=766.539 757.411 207.836 152.503 86.9544 33.7132 65.549 22.8173 14.2005 55.3321 21.3866 15.7113 42.7317 53.2413 38.0767 549.575 534.335 393.23 354.243 322.164 279.202 42.9619 141.105 130.979 32.079 105.451 59.9596 40.5183 24.6495 35.9833
internal_count=3653 3608 991 729 417 165 312 107 67 262 102 74 205 252 182 2617 2544 1873 1686 1530 1322 208 671 621 156 503 287 196 119 176
is_linear=0
shrinkage=0.05


Tree=119
num_leaves=31
num_cat=0
split_feature=152 152 98 87 67 174 142 210 92 49 214 43 193 132 37 215 182 173 82 215 34 93 220 132 175 207 53 218 87 213
split_gain=1.61031 4.34255 3.72212 4.4258 2.66625 3.01675 2.65412 2.55239 2.53508 5.16735 4.12817 4.01748 3.99978 3.2313 3.11739 3.02723 2.9754 4.04313 4.26936 3.99886 3.14969 4.81471 4.38977 4.48579 4.28013 4.21634 5.15552 3.94556 4.66508 4.02628
threshold=1.649628410913347 1.762501793463048 0.026153290773673815 0.45758777174103055 21.950000000000003 0.20881782945736438 1.0000000180025095e-35 7.0747109746226151 7.6443871321029411 9.7500000000000018 -0.014290299739375593 6.5500000000000007 11.823043219958807 0.020740946617169676 0.59166666666666679 0.010750592258452195 0.75000000000000011 -0.029472679287831035 29.250000000000004 0.00068610903842503135 0.2901799272751604 2.9710386094252139 0.43522500000000008 1.0000000180025095e-35 -0.062436640457889492 3.2420616093404528 0.45634369219130549 -0.00051629526373126236 0.47919072363356435 -13.322861882534271
decision_type=2 2 2 2 2 2 2 2 2 2 2 2 2 2 2 2 2 2 2 2 2 2 2 2 2 2 2 2 2 2
left_child=4 2 6 7 -1 -6 -2 -4 9 10 -3 -11 13 -12 16 -16 17 -10 19 -19 22 -22 23 27 -25 -24 -27 -18 29 -29
right_child=1 8 3 -5 5 -7 -8 -9 14 11 12 -13 -14 -15 15 -17 20 18 -20 -21 21 -23 25 24 -26 26 -28 28 -30 -31
leaf_value=-0.023566725264839498 -0.017168830583754149 -0.0039410915321417784 0.01507753822510729 0.031087922022598542 0.013297542249633918 -0.012858865131156702 0.014346685250782596 -0.020719432209769448 0.01085130214185202 -0.027191425263851144 0.029903953555280163 0.0031517145166515687 -0.0065899656029517629 -0.0010256242807939661 -0.027725340134764451 0.0054699377386110424 -0.011008552894160381 -0.0066253899685991659 0 -0.031247657616106331 -0.015832412320028709 0.02004496168563313 -0.021081480761470223 -0.010734618345413316 0.021011146192349686 0.0080821461378983075 -0.013448848112737097 0.018124648620901931 0.02293424307703958 -0.011073283242445824
leaf_weight=13.675492241978644 10.727429158985617 22.116846844553947 4.119751110672949 26.955324351787567 16.601605236530304 17.510930255055428 6.2559192776679984 5.5259813666343689 22.907214984297752 12.178968131542204 41.708165131509304 24.30363892018795 8.7819194048643094 8.0392483621835691 16.511837810277942 6.3564419150352469 50.376655586063862 46.91714158654213 65.019105985760689 28.143129289150238 7.0890328139066687 38.965951181948185 33.838993385434151 8.7323767393827421 50.161474332213402 57.183179929852486 44.857820555567741 11.493381343781946 22.760385163128376 35.233478434383869
leaf_count=66 50 103 19 131 78 83 29 26 107 59 195 117 41 38 79 30 241 221 309 137 34 189 164 42 244 271 216 58 109 167
internal_value=1.68791e-05 0.000665043 0.0137289 0.0219426 -0.00837949 0 -0.00379999 -0.00379557 -0.000447099 0.00602585 0.0129684 -0.00843158 0.0195589 0.0248119 -0.00192167 -0.0182754 -0.000994156 -0.00652318 -0.00981281 -0.0175445 0.00149092 0.0130232 -0.000296209 0.0047185 0.0154411 -0.00700412 -0.00133553 -0.000757091 0.00657943 -0.00235042
internal_weight=765.049 717.261 53.5844 36.6011 47.788 34.1125 16.9833 9.64573 663.676 117.129 80.6462 36.4826 58.5293 49.7474 546.548 22.8683 523.679 162.987 140.079 75.0603 360.693 46.055 314.638 178.758 58.8939 135.88 102.041 119.864 69.4872 46.7269
internal_count=3653 3426 255 176 227 161 79 45 3171 553 377 176 274 233 2618 109 2509 774 667 358 1735 223 1512 861 286 651 487 575 334 225
is_linear=0
shrinkage=0.05


Tree=120
num_leaves=31
num_cat=0
split_feature=1 40 130 40 173 63 143 100 1 153 67 46 39 34 134 173 190 55 134 33 82 212 133 39 45 95 18 27 87 42
split_gain=1.61272 2.99712 2.28178 3.72856 2.71732 2.30171 6.01341 4.92872 3.66893 6.79357 3.79155 4.07469 3.81292 3.71769 4.72999 3.99214 4.34013 4.37098 3.55234 3.43101 3.1082 3.03381 3.00149 2.89447 4.38343 3.98114 4.42155 3.76958 5.02535 4.0088
threshold=6.5453333333333346 8.396644507080353 0.046881254297913212 8.8769994854939593 -0.013410039572830266 22.850000000000005 0.24254626615178398 0.05230658154734763 5.8773333333333344 181.2754838663497 26.100000000000005 1.0000000180025095e-35 1.0275000000000001 0.24796043581887503 0.63154645986024216 -0.0099311939737471971 21.028213577352716 36.413363363363366 0.22949044366441299 0.39292121484501502 33.95000000000001 22.263227603357112 -0.26158730158730154 1.0980000000000003 -0.72534675097891077 0.29909282758242667 1.5000000000000002 0.28172907901700994 0.50430796779404807 85.050000000000011
decision_type=2 2 2 2 2 2 2 2 2 2 2 2 2 2 2 2 2 2 2 2 2 2 2 2 2 2 2 2 2 2
left_child=2 -2 5 4 -4 6 8 -8 10 -10 12 19 13 14 22 -15 17 -17 -14 -12 -11 -20 -1 24 -7 27 -27 28 29 -26
right_child=1 -3 3 -5 -6 23 7 -9 9 20 11 -13 18 15 -16 16 -18 -19 21 -21 -22 -23 -24 -25 25 26 -28 -29 -30 -31
leaf_value=-0.0020242101298110003 0.0043666767983063029 -0.022956952508395488 -0.0018969829204484355 -0.0061924163823535907 0.030407658978175652 -0.0094247258590484141 -0.020696443142387208 0.0068354650579303677 -0.0065249302205563743 0.03150623212704242 0.00024520800599859481 -0.0044479921124219455 0.012414006158848689 0.015166755769933466 0.0068454126262237069 0.011822202199713951 0.022039689066841752 -0.023075961320904149 -0.022816808450044416 0.026738449548790757 -0.0031732930120432603 0.0094808580787142868 -0.029872140109770025 0.017117328089729301 0.020697214559257195 0.0093645992129791789 -0.021116955036012852 -0.00837687365202704 -0.014215450688879923 -0.0017554138458929778
leaf_weight=15.561672791838644 14.429361909627916 15.782722368836401 6.3680776506662395 14.297732234001158 17.956419631838799 62.87380488216877 62.383534900844097 17.102945327758789 25.674668207764626 26.751672104001045 24.072218984365463 43.200490012764931 40.328123316168785 19.377166226506233 12.049998372793196 7.3196277618408194 4.2511189281940451 32.582775086164474 13.147589012980463 24.996831491589546 5.4634044915437689 7.1735549420118323 43.21607282012701 29.04664721339941 87.443602979183197 16.196721583604813 21.635582871735096 20.332855254411697 10.74480429291725 21.84720841050148
leaf_count=74 67 77 31 69 90 300 300 82 120 128 112 203 189 92 57 33 21 156 61 118 26 34 210 141 424 81 101 97 51 108
internal_value=0 -0.0104301 0.000521969 0.0116222 0.0222164 -0.000137996 -0.00245748 -0.0144226 0.000393098 0.0114013 -0.00189673 0.00611499 -0.00587064 -0.0104997 -0.0180043 -0.0010652 -0.00951553 -0.0155139 0.00402212 0.0154284 0.0253169 -0.0108073 -0.023628 0.00339596 0.00132688 0.00541048 -0.00791374 0.00932229 0.0127354 0.0161098
internal_weight=763.609 30.2121 733.397 38.6222 24.3245 694.775 424.653 79.4865 345.167 57.8897 287.277 92.2695 195.008 134.358 70.8277 63.5307 44.1535 39.9024 60.6493 49.0691 32.2151 20.3211 58.7777 270.121 241.075 178.201 37.8323 140.368 120.036 109.291
internal_count=3653 144 3509 190 121 3319 2016 382 1634 274 1360 433 927 643 341 302 210 189 284 230 154 95 284 1303 1162 862 182 680 583 532
is_linear=0
shrinkage=0.05


Tree=121
num_leaves=31
num_cat=0
split_feature=196 53 41 33 128 119 53 39 121 1 153 189 210 95 107 25 24 53 43 109 27 40 131 210 144 87 152 136 192 22
split_gain=1.54219 2.00495 3.71992 3.63068 3.44039 3.03374 2.87574 4.8368 3.84004 3.66299 3.94602 5.11692 4.5638 3.79389 5.74752 5.33086 4.7144 4.04522 3.78263 3.65986 3.53249 3.2606 3.76142 2.9959 4.40471 5.36949 4.5764 4.08382 4.37665 4.05549
threshold=190.84500000000003 0.35080310501311224 3.2170327588261221 0.31824311434664854 0.38751940320348038 23.211111111111112 0.39639846181284161 1.0655000000000003 0.71843666941527118 6.5453333333333346 230.42411191883113 9.356403554040897 14.342857142857143 0.27570469383334889 8.8260751501985695 2.2039682539682546 7.1009259259259272 0.44140752306987502 10.550000000000002 58.476052249637156 0.26965133285530141 9.358823529411767 -0.57261870560559369 7.0202086049543686 7.8562000000000003 0.47899011299435035 2.0730638509702106 1.778753656094608 32.651022885215376 3.4716169332022995
decision_type=2 2 2 2 2 2 2 2 2 2 2 2 2 2 2 2 2 2 2 2 2 2 2 2 2 2 2 2 2 2
left_child=1 2 -1 4 -4 -5 7 19 -9 10 13 12 21 15 16 -8 -15 18 -17 -3 -16 22 -12 27 25 -25 -26 -19 -29 -30
right_child=-2 6 3 5 -6 -7 9 8 -10 -11 11 -13 -14 14 20 17 -18 23 -20 -21 -22 -23 -24 24 26 -27 -28 28 29 -31
leaf_value=-0.0037704983685633909 -0.015120050684083711 0.0017245157202775312 -0.022069128032750004 0.037036983337032668 0.012788282617943739 0.0043813523287178488 0.025650330609828034 -0.009992261978991987 0.024191227634916993 -0.017727315535779217 7.4182464724590816e-05 -0.0071352276802168412 -0.010653769414283851 0.0059135085441597256 0.014693819007592252 0.013581875035979392 -0.028804140115971429 -0.010666278242071409 -0.010247959712168058 -0.017992839857263482 -0.016530099121122931 0 0.028370008406600662 -0.025917461385654018 -0.011472778822059897 0.00071025244193177132 0.019888047125019948 -0.015414630916351146 -0.0042646176215490623 0.024504556982946811
leaf_weight=39.186399802565575 11.438360929489134 29.718795463442802 6.9548867642879513 16.725334219634533 12.093152835965155 15.743358328938482 16.770361736416817 9.0874902755022067 14.813653707504271 19.741597361862659 16.751125812530518 32.100477948784828 11.610654167830942 9.4818345457315427 23.765619978308681 71.678291141986847 35.254234090447426 31.065227448940277 16.093445062637329 71.067113347351551 7.9504642039537421 20.094313345849514 56.595839634537697 45.403663374483585 18.190159738063812 27.055696792900562 17.854385517537594 8.5959579050540906 13.766560554504393 35.344439968466759
leaf_count=188 58 142 32 83 58 76 80 42 71 96 79 154 55 46 113 342 167 150 75 337 39 96 276 220 85 132 87 43 65 166
internal_value=0 0.000359032 0.00714374 0.0154871 -0.000841726 0.0245678 -0.000582702 -0.00728862 0.0108491 0.000986421 0.00191466 0.00903082 0.0142975 -0.000684427 -0.0103158 0.00180213 -0.0210883 0 0.00862623 -0.0121357 0.00500065 0.0180355 0.022644 -0.00398348 -0.00942782 -0.0162481 0.00398283 0.00255227 0.0103499 0.0163292
internal_weight=761.993 750.555 90.7031 51.5167 19.048 32.4687 659.851 124.687 23.9011 535.164 515.423 137.152 105.052 378.27 76.4522 301.818 44.7361 285.048 87.7717 100.786 31.7161 93.4413 73.347 197.276 108.504 72.4594 36.0445 88.7722 57.707 49.111
internal_count=3653 3595 437 249 90 159 3158 592 113 2566 2470 660 506 1810 365 1445 213 1365 417 479 152 451 355 948 524 352 172 424 274 231
is_linear=0
shrinkage=0.05


Tree=122
num_leaves=31
num_cat=0
split_feature=143 140 88 173 159 140 49 34 101 51 196 17 52 203 99 33 189 34 136 111 35 39 33 211 7 52 119 93 86 38
split_gain=1.56951 1.97487 2.70795 3.02632 2.67519 5.01735 3.67812 3.49309 3.45622 3.36254 3.36591 3.24823 2.76668 2.75198 2.63438 2.6131 6.42805 5.91032 5.72876 4.61119 3.84603 3.9861 3.88233 3.53706 3.53428 4.09023 3.27509 3.08705 3.06281 3.70431
threshold=0.11296429145793109 -1.7994512432561212 94.2749996529284 0.0011013394662077877 -4.3199613585519598 0.65787690219436767 11.250000000000002 0.27118613570700861 0.034568111983612163 0.25840909090909098 32.689999999999991 4.8350000000000009 0.25467592592592597 8.9259058605199595 0.03813769426565105 0.4055394983905431 8.8146314818144607 0.25946065971023163 3.6226399702862224 12.500000000000002 0.067964304841524312 1.0980000000000003 0.40167820084112527 1.1833333333333336 0.048572878791438241 0.18634848484848485 22.050000000000004 3.2224748385115785 -1.0052378319213555 1.0150000000000003
decision_type=2 2 2 2 2 2 2 2 2 2 2 2 2 2 2 2 2 2 2 2 2 2 2 2 2 2 2 2 2 2
left_child=-1 2 14 -4 5 6 9 11 -7 10 -3 -8 15 -11 -2 20 17 18 -17 -20 -6 22 28 -23 -18 -26 -19 -21 29 -22
right_child=1 4 3 -5 12 8 7 -9 -10 13 -12 -13 -14 -15 -16 16 24 26 19 27 21 23 -24 -25 25 -27 -28 -29 -30 -31
leaf_value=0.013305875870394418 -0.029081847306324068 0.025227495873473772 0.018877908999183027 -0.010426638883522512 -0.02065457803505924 0.0039398212959719445 0.011016359084351428 0.017960981463788845 -0.030859233437385915 -0.015864871720896193 -0.0092792155557982429 -0.023862980239773443 0.021613703324044397 0.014090418417202169 0 0.015508966137440159 0.0062927439464251934 0.0047803601293280656 0.017009300416898934 0.0026386213196777464 0.01611397391564463 -0.0058841447277949866 0.022589977775691241 0.025307437535396222 -0.029010945713334974 -0.003717404868739635 -0.025193281704927191 -0.029069338291867832 -0.0039339308435736454 -0.0098608813505156791
leaf_weight=16.605916030704975 16.534976989030842 55.937507808208466 10.33807520568371 15.192546382546423 14.171194538474081 10.592780619859697 5.1753838509321275 7.6310807168483725 8.7304385900497419 10.323973700404169 4.3023626804351798 15.899650961160658 7.9450950101017943 10.228658720850943 11.048873677849768 65.578774988651276 11.111183896660803 9.7202032506465894 7.779653161764144 8.6522368937730807 41.027193494141102 8.8861371725797635 13.257510766386984 26.38398963958025 44.498376995325089 29.726690590381622 22.346325971186161 16.527526892721653 219.93862919509411 14.373399600386618
leaf_count=84 81 270 49 73 66 51 24 36 44 49 21 79 39 51 52 316 54 46 37 41 200 43 62 126 216 141 107 78 1045 72
internal_value=0 -0.000362726 -0.00923193 0.00176906 0.000344777 0.00672838 0.0110279 -0.00325655 -0.0138665 0.0162887 0.0218575 -0.0138689 -0.00112101 -0.00013833 -0.0188903 -0.00168221 -0.00592951 0.000948589 0.00721675 -0.00849315 0.001005 0.00232838 0.000181153 0.0170732 -0.0162028 -0.0200705 -0.0160138 -0.0187135 -0.00119231 0.0087026
internal_weight=760.466 743.86 53.1145 25.5306 690.746 128.822 109.499 28.7061 19.3232 80.7925 60.2399 21.075 561.924 20.5526 27.5839 553.979 215.941 130.605 98.5382 32.9594 338.038 323.867 288.597 35.2701 85.3363 74.2251 32.0665 25.1798 275.339 55.4006
internal_count=3653 3569 255 122 3314 625 530 139 95 391 291 103 2689 100 133 2650 1036 625 472 156 1614 1548 1379 169 411 357 153 119 1317 272
is_linear=0
shrinkage=0.05


Tree=123
num_leaves=31
num_cat=0
split_feature=56 1 94 114 210 59 25 7 104 50 62 39 26 133 51 101 93 117 68 6 128 11 143 98 77 220 206 131 210 81
split_gain=1.51301 2.79196 3.80678 3.0699 3.01644 2.67539 2.532 2.23655 5.53582 4.42164 2.80375 2.70001 3.36126 3.72338 3.4958 4.45705 3.8506 3.71241 3.33528 3.7768 4.75361 4.48682 4.34397 3.99548 3.57731 4.76261 3.34145 3.98152 3.77821 3.33771
threshold=90.375031338376758 5.0670000000000011 0.26344160031299135 0.27248929081389822 9.7226193046228193 0.27704246630332424 3.3191251967036801 0.13388323748270817 6.2313684584313558 4.2500000000000009 23.450000000000003 0.95950000000000013 4.6333083875281362 -0.26932539682539675 0.26233424908424913 0.020050251256281411 2.7581153633076574 0.30839160839160845 2.0500000000000003 3.2286645083479146 0.42697843531020474 3.7188918564203592 0.21278822847714976 0.048320755262549163 10.950000000000001 1.0142424999999999 0.096821978933358768 0.3998163191330853 10.797301349325339 0.74850000000000005
decision_type=2 2 2 2 2 2 2 2 2 2 2 2 2 2 2 2 2 2 2 2 2 2 2 2 2 2 2 2 2 2
left_child=7 4 6 -4 5 -2 -3 11 -9 10 -10 12 14 -14 15 17 -17 -1 19 21 24 23 29 26 -21 -26 28 -28 -13 -22
right_child=1 2 3 -5 -6 -7 -8 8 9 -11 -12 18 13 -15 -16 16 -18 -19 -20 20 22 -23 -24 -25 25 -27 27 -29 -30 -31
leaf_value=-0.018249776166806973 0.033455273161173825 0.023437867309155827 0.00087276074736512225 -0.029872361719049612 -0.0017262340804811524 0 -0.0019260516006404751 0.024287507162793157 -0.033226683580288761 0.0098870665599421845 0 -0.022066196707547489 0.0025029209248569441 -0.021296897319330058 -0.014433030772750464 -0.015734476485858469 0.016909436156100806 0.016491996014827971 0.022830825823421694 -0.0030944960683800572 0.00084645502299613741 -0.020500801238356164 -0.0086715241305390361 0.027525823752885044 0.017954198095836853 -0.012303994331013736 0.01982471862095822 -0.014308583121472677 0.004767082302637846 0.025217706788859869
leaf_weight=23.94425888359547 16.815926313400272 12.310111656785013 13.193918764591219 10.674522385001181 13.306966781616209 6.716332107782363 17.554355010390282 4.2695471644401541 23.347597837448124 7.0517667382955542 6.8163502365350714 28.051553636789322 20.573085933923721 44.353326514363289 26.145821198821068 5.8088690191507331 54.981735661625862 5.4236021786928168 13.670200675725935 32.928570881485939 64.762587130069733 33.558042541146278 94.822927467525005 6.6761920005083075 102.36168883740902 10.244652941823004 19.542184323072437 7.9606443196535102 17.112702459096909 13.994784384965895
leaf_count=115 82 60 61 53 65 33 84 20 111 33 32 134 97 218 125 27 265 25 70 156 308 159 459 31 498 52 94 37 82 67
internal_value=0 0.00590701 -0.00110815 -0.0148036 0.0156463 0.0249273 0.00967378 -0.000815426 -0.011398 -0.0184759 -0.0262806 0 -0.00509437 -0.0137583 0 0.00486415 0.0124514 -0.00964041 0.00206232 0.00109424 0.00391864 -0.0065045 -0.00155427 0 0.0104471 0.0145827 -0.00383451 0.00849444 -0.011939 0.00672246
internal_weight=758.975 90.5721 53.7329 23.8684 36.8392 23.5323 29.8645 668.403 41.4853 37.2157 30.1639 626.917 181.231 64.9264 116.304 90.1585 60.7906 29.3679 445.687 432.017 319.115 112.901 173.58 79.3433 145.535 112.606 72.6671 27.5028 45.1643 78.7574
internal_count=3653 438 258 114 180 115 144 3215 196 176 143 3019 872 315 557 432 292 140 2147 2077 1540 537 834 378 706 550 347 131 216 375
is_linear=0
shrinkage=0.05


Tree=124
num_leaves=31
num_cat=0
split_feature=16 83 95 156 99 40 160 66 203 105 109 95 81 204 36 201 89 21 13 84 21 119 82 130 87 89 81 41 35 43
split_gain=1.48861 4.92531 4.52596 5.11871 3.89276 3.39335 3.90798 3.7457 3.94966 3.51176 3.38279 3.17348 4.8642 3.72504 2.96596 3.24571 2.83134 4.19521 4.02131 3.62121 2.7942 3.63652 2.76872 3.18257 2.75347 2.72218 3.89948 2.60033 2.56753 2.87058
threshold=5.5000000000000009 82.750000000000014 0.27885241874325756 0.3797344241935186 0.043082824616399944 9.004937222827289 20.306892633405493 27.750000000000004 11.94573133379299 0.22361111111111112 54.739442946990124 0.28281685634626813 0.74750000000000016 1.4248487155481853 0.53938908745721348 0.44293872835907683 -0.079770376715202915 5.3479228272322503 3.4038955026455029 60.000000000000007 3.5311057506179462 22.763888888888893 28.050000000000004 -0.023924362834623247 0.4578504660575618 0.7478808881033957 0.49600000000000005 3.0902485788328975 0.14924817754373879 15.050000000000002
decision_type=2 2 2 2 2 2 2 2 2 2 2 2 2 2 2 2 2 2 2 2 2 2 2 2 2 2 2 2 2 2
left_child=1 16 -3 -4 5 6 9 -7 -9 -2 -8 12 13 28 15 -5 17 18 -1 25 -13 -22 -6 -24 -20 26 -18 -23 29 -11
right_child=4 2 3 14 22 7 10 8 -10 11 -12 20 -14 -15 -16 -17 19 -19 24 -21 21 27 23 -25 -26 -27 -28 -29 -30 -31
leaf_value=-0.0093870544840711986 -0.023478646539372695 0.0010408539751083279 0.0080712785775758338 0 0.004849245640509231 0.01304978909053825 0.0049233758456727131 -0.019979997831870835 0.013260494044179198 0.025515538250321296 -0.025095775738155357 -0.0084685734832933273 -0.01100877652920438 -0.010529011463279031 0.0024263624876444696 -0.039775534088022431 -0.0061883722063552429 -0.018290679488618289 -0.0014499626318192833 -0.00018736580205205863 -0.010290920653994612 -0.0031875853398838031 0.0039788289079158816 -0.03289339531193556 0.028176214934239181 0.0018024791277257816 0.037985551328205289 0.03308980229717344 -0.001296021793576076 -0.0064276391967550486
leaf_weight=13.493292436003683 4.7502894401550284 297.26060377806425 12.429240137338637 5.7554568201303544 6.7693129032850292 9.5742644667625409 12.057408913969995 49.966064095497131 6.1279032677412024 68.452988371253014 16.684974268078804 43.956603109836578 14.166091084480284 7.1303769797086707 5.5107466578483573 19.388852134346962 3.3237528502941158 13.457929521799086 8.5310686081647891 17.738602235913277 8.1729728430509585 4.273514747619628 4.9055191278457704 19.296659663319584 19.865574553608894 12.441381201148031 26.562915042042732 11.117481306195257 9.8692824020981771 4.4768849462270728
leaf_count=64 23 1428 61 29 33 47 58 238 29 332 80 212 67 35 25 98 15 64 41 86 38 20 22 94 96 60 131 56 49 22
internal_value=0 0.00182694 -0.00116583 -0.0154358 -0.00266807 -0.000510242 0.00259273 -0.0100536 -0.0151514 0.00554114 -0.0128984 0.00712789 0.012423 0.0167628 -0.0254634 -0.0317938 0.0105419 0.00157077 0.00975477 0.0176681 -0.000984417 0.01114 -0.0181453 -0.0251621 0.0196426 0.0249083 0.0321734 0.0234792 0.0198636 0.0229473
internal_weight=757.508 455.759 340.345 43.0843 301.749 270.777 205.109 65.6682 56.094 176.366 28.7424 171.616 104.096 89.9295 30.6551 25.1443 115.415 55.3479 41.8899 60.0667 67.5206 23.564 30.9715 24.2022 28.3966 42.328 29.8867 15.391 82.7992 72.9299
internal_count=3653 2198 1641 213 1455 1306 992 314 267 854 138 831 505 438 152 127 557 265 201 292 326 114 149 116 137 206 146 76 403 354
is_linear=0
shrinkage=0.05


Tree=125
num_leaves=31
num_cat=0
split_feature=123 105 22 8 25 52 53 26 22 17 15 22 64 37 53 22 32 58 21 120 142 42 7 152 8 89 217 105 197 28
split_gain=1.48 1.58635 3.83717 2.81598 3.16108 2.57744 2.28485 4.35601 4.08686 3.87374 3.35007 4.72825 5.19327 4.81047 4.66287 8.8536 4.41025 4.30226 4.07925 4.79316 3.86768 3.6966 3.68515 3.43184 3.33728 3.27381 3.61754 3.10915 3.10228 3.41296
threshold=3.0000000000000004 0.25290697674418611 3.3997489521702513 1.3393731904911717 3.1376581354612694 0.17201851851851854 0.48842186381660074 3.9695079306774876 4.3502251200207604 6.8350000000000009 5.5000000000000009 6.2572470120522974 18.150000000000002 0.39230769230769241 0.41048999991503859 1.5733603443333535 0.11753693145604566 24.822055555555561 5.2250564494087266 0.71316285246610467 -1.4797528356327934 75.050000000000011 0.082084278751448775 2.1603880180310537 1.2849801162434997 -1.0427897824397758 -0.023026564273187319 0.38799283154121872 11.779999999999982 0.26175578785631631
decision_type=2 2 2 2 2 2 2 2 2 2 2 2 2 2 2 2 2 2 2 2 2 2 2 2 2 2 2 2 2 2
left_child=-1 2 -2 4 -4 -5 10 8 -8 -9 14 12 13 28 15 -3 -13 -16 19 -15 -18 -14 -17 -20 27 -19 -27 -23 29 -12
right_child=1 6 3 5 -6 -7 7 9 -10 -11 11 16 21 18 17 22 20 25 23 -21 -22 24 -24 -25 -26 26 -28 -29 -30 -31
leaf_value=0.017295203213848479 -0.025004776755111719 0.022515925966658537 -0.009074774029017867 -0.022864720870285529 0.025968554881661755 0.0085730306904640702 -0.0013784210097610621 -0.013687802342016931 0.022887192695029483 0.011413812436691631 0.016878185647967153 -0.0043142222961758429 0.017900964529871197 0.0014671483554709746 -0.01447605667201686 -0.03312858831105004 -0.012482937535553762 -0.016443378812969825 0.01746568578328624 -0.030685045456939581 0.024024175844680445 0.016733583291977633 -0.0067346783071186196 -0.01277473880745498 0.013393381831462416 -0.014808278833432265 0.020636225198236786 -0.013868630533422702 -0.018249647275239526 -0.0043856402930039246
leaf_weight=7.1827437430620185 16.567939624190331 9.8568495064973813 5.83720435202122 11.003003604710104 11.845218583941458 6.0837322026491156 71.52410339564085 102.20503883063793 17.099601745605469 12.963043615221975 39.034281723201275 19.509559169411659 55.205259077250957 13.891296207904814 16.018424481153488 26.550619006156921 4.1192894876003256 4.1642666310071936 12.923991769552233 33.574439465999603 61.554969996213913 5.3101699054241172 33.566594317555428 14.379563167691229 25.64854184538126 3.9303276836872092 43.771051630377769 35.241494998335838 8.0532106161117536 27.474431559443474
leaf_count=35 80 46 27 57 56 30 348 493 81 64 189 91 271 66 78 132 19 20 62 159 297 26 162 68 128 20 211 170 37 130
internal_value=0 -0.000272191 -0.00836187 0.00108672 0.0138478 -0.0111326 0.000342851 -0.00400906 0.00400876 -0.010297 0.00221127 0.00479089 0.00135918 -0.00471632 -0.00420832 -0.0129437 0.0147405 0.00472328 -0.0133567 -0.0215558 0.0206595 0.00892091 -0.0204241 0.0012533 0.000349989 0.011844 0.0161136 -0.00791559 0.00392878 0.00805213
internal_weight=756.09 748.908 51.3371 34.7692 17.6824 17.0867 697.57 203.792 88.6237 115.168 493.779 355.92 270.737 149.331 137.858 69.9741 85.1838 67.8841 74.7693 47.4657 65.6743 121.405 60.1172 27.3036 66.2002 51.8656 47.7014 40.5517 74.5619 66.5087
internal_count=3653 3618 250 170 83 87 3368 986 429 557 2382 1713 1306 711 669 340 407 329 355 225 316 595 294 130 324 251 231 196 356 319
is_linear=0
shrinkage=0.05


Tree=126
num_leaves=31
num_cat=0
split_feature=4 44 1 52 119 51 84 40 154 40 37 109 40 17 11 203 198 90 196 151 51 29 59 12 141 98 193 99 22 44
split_gain=1.50391 3.90672 4.42001 3.49654 4.27951 3.70894 3.16842 4.89536 2.9638 2.73527 2.60205 4.83411 4.35563 3.81602 3.78541 3.77372 3.60732 3.91403 3.47322 3.63837 3.64644 4.08549 3.77406 4.12744 3.60882 3.75388 5.0042 3.70915 3.70497 3.59076
threshold=3.1147676623286382 0.043617726472722482 6.4546666666666672 0.14174162257495596 25.150000000000002 0.2734895833333334 61.250000000000007 8.6326554399530462 268.63952437321421 8.9966215923754991 0.26136363636363641 65.69296375266525 8.5966566621823013 5.8350000000000009 4.050535714285715 6.7473133067240481 9.6988144054234002 13.500000000000002 119.20000000000002 2.3546681299469072 0.25258417508417513 0.078460939215583184 0.26085375168381536 1.6650418516101897 3.0073272854152133 0.036466248733535975 8.590687192789364 0.043704046596077455 3.7662552697238394 -0.97233289553061575
decision_type=2 2 2 2 2 2 2 2 2 2 2 2 2 2 2 2 2 2 2 2 2 2 2 2 2 2 2 2 2 2
left_child=1 2 3 6 5 -5 7 -1 -9 -3 11 12 13 -2 16 -13 17 -12 19 20 24 -22 29 -24 25 27 -27 -16 -26 -23
right_child=10 9 -4 4 -6 -7 -8 8 -10 -11 14 15 -14 -15 18 -17 -18 -19 -20 -21 21 22 23 -25 28 26 -28 -29 -30 -31
leaf_value=0.023004319547975442 0.0009616303962315892 0.00025133841542574175 -0.0099824922856918963 0.027836867996536271 -0.014805756522285884 -0.0010941132657678199 -0.018832684337803319 -0.022685070005540566 0.010265416408773598 -0.019586711094678362 -0.019065617390949269 -0.0074442566399306621 0.013034455238005485 -0.027589281103854585 0.0086790481275441714 0.031415000172226926 0.0072573781377248672 0.0031647389412769508 -0.023738419558994701 -0.013931505234820007 -0.018841096748101752 -0.017402611544019071 -0.030621615623968902 0.0080845059374684038 0.018453924005132735 -0.01161423463477112 0.024061848138915598 -0.015940369432289058 -0.0098005602373020737 0.014591170904636864
leaf_weight=20.143309526145458 23.471258617937565 57.18349677324295 21.718657180666924 53.401305712759495 4.2601682692766181 11.201928324997423 9.3578269034624082 10.471838891506197 7.0351248085498801 18.507189378142357 79.724098175764084 4.9045114219188717 25.541917845606804 15.106837213039396 54.603360421955585 19.70939239859581 19.226914137601852 21.789544343948364 9.9482574537396413 31.357397027313709 29.635211169719696 5.6197630316019049 10.450292482972147 7.99771524965763 9.7568381577730161 7.5046752095222464 59.318517155945301 15.315318569540976 46.322134777903557 44.01580286026001
leaf_count=102 115 275 103 262 21 55 44 49 35 89 383 23 125 72 261 93 96 105 52 154 145 26 51 39 48 37 285 75 221 212
internal_value=0 0.00350436 0.008484 0.0124219 0.0192366 0.0227429 0.00106857 0.00822903 -0.00899429 -0.00520258 -0.00140547 0.00611579 -0.00114666 -0.0115277 -0.00298543 0.0228782 -0.0103762 -0.0141347 -0.000108003 0.000897737 0.00279144 -0.00477237 0.0018794 -0.0146295 0.00677478 0.0110825 0.0191775 0.00224866 -0.00336718 0.00925013
internal_weight=754.601 213.281 137.59 115.872 68.8634 64.6032 47.0081 37.6503 17.507 75.6907 541.32 88.7339 64.12 38.5781 452.586 24.6139 120.741 101.514 331.845 321.897 290.54 97.7188 68.0836 18.448 192.821 136.742 66.8232 69.9187 56.079 49.6356
internal_count=3653 1035 671 568 338 317 230 186 84 364 2618 428 312 187 2190 116 584 488 1606 1554 1400 473 328 90 927 658 322 336 269 238
is_linear=0
shrinkage=0.05


Tree=127
num_leaves=31
num_cat=0
split_feature=202 143 143 96 132 131 189 173 175 5 35 41 89 30 130 156 189 7 135 25 41 93 192 85 205 60 7 53 30 93
split_gain=1.5211 2.57251 3.16496 3.47967 3.1117 3.47412 3.79679 2.92808 2.5844 4.90937 6.27559 3.66766 4.23423 4.65732 3.82601 4.75017 4.71806 4.70547 4.64212 3.60624 4.1562 3.60027 4.86882 4.20888 3.56467 3.69051 3.53485 4.03247 3.29566 3.17774
threshold=0.5535738166918861 0.34094538167885785 0.30844220800421757 0.28931515535827529 0.043061201593017955 0.95277351518206965 7.9824187591478308 -1.0000000180025095e-35 0.04388070843537261 1.4063244051785115 0.079434728771415955 3.5272759564077822 0.87043645967705185 0.23910112988576618 0.028737022835455903 0.49370077384489769 8.8288706659824392 0.076539263664249763 -0.50984201216737357 3.9019166311425399 3.8816336934501074 3.6964201941505963 44.36474706599499 26.950000000000003 6.2562124781434401 0.37824821944500442 0.057420231391838043 0.54327544225800051 0.25010697884633865 3.8848782316575186
decision_type=2 2 2 2 2 2 2 2 2 2 2 2 2 2 2 2 2 2 2 2 2 2 2 2 2 2 2 2 2 2
left_child=1 2 4 -4 5 8 7 -7 11 10 -10 12 14 29 16 -16 17 21 -19 -13 -21 -1 23 -23 25 -11 -18 -28 -24 -14
right_child=-2 -3 3 -5 -6 6 -8 -9 9 24 -12 19 13 -15 15 -17 26 18 -20 20 -22 22 28 -25 -26 -27 27 -29 -30 -31
leaf_value=0.0033455384178217975 -0.016995924356286878 0.014541175931845269 0.0045562734550357508 -0.025882082951625796 -0.016673882482829458 0.012245165314449379 0.023631830726995644 -0.019572961628369669 -0.017643922585079731 0.011482006032161898 0.022155218175502187 0.01206874815370133 -0.01711660379220168 0.025728933535131428 0.016310455596348774 -0.012787010395930859 0.00026225276534792103 0.018757638604768537 -0.0037044414500352696 0.0061745911059141213 -0.015236300940580302 -0.033996557512997599 -0.011698706184167948 0.0010846991207780615 0.01256324091089848 -0.0219230333115874 -0.026394898952081497 0.0018703434591285058 0.025151837488473706 0.017143767553875703
leaf_weight=23.303354114294052 7.9953853711485854 25.31863559782505 11.224638953804972 19.231394603848457 20.541260257363319 9.6684566438198107 28.625785201787949 8.8594786226749402 7.3482950031757346 6.7044590413570395 52.857966423034668 78.161142937839031 14.42201289534569 18.417816698551178 32.884118191897869 16.908995062112808 20.448181912302971 30.775427475571632 57.53525373339653 50.557093180716038 32.718138247728348 31.918390646576881 8.6254536807537061 8.9749125912785512 14.455127879977224 25.429140977561474 65.838442951440811 12.620414450764654 5.6464566439390174 5.1411687284708014
leaf_count=110 39 125 56 93 101 48 141 42 35 32 258 381 69 88 159 82 98 148 276 240 158 155 41 43 71 122 327 61 28 26
internal_value=-5.72252e-06 0.000255318 -0.0003095 -0.0148983 0.000401644 0.00108299 0.0134791 -0.00283295 2.84503e-06 0.00693855 0.0159338 -0.0014405 -0.00431267 0.0103286 -0.006287 0.00570796 -0.00869128 -0.00318704 0.00444112 0.00463846 -0.00234089 -0.0118233 -0.0183921 -0.0264731 -0.00461901 -0.0136725 -0.0171321 -0.0217091 0.00432639 -0.00543826
internal_weight=753.157 745.161 719.843 30.456 689.387 668.845 47.1537 18.5279 621.692 106.795 60.2063 514.897 353.46 37.981 315.479 49.7931 265.686 166.779 88.3107 161.436 83.2752 78.4686 55.1652 40.8933 46.5887 32.1336 98.907 78.4589 14.2719 19.5632
internal_count=3653 3614 3489 149 3340 3239 231 90 3008 518 293 2490 1711 183 1528 241 1287 801 424 779 398 377 267 198 225 154 486 388 69 95
is_linear=0
shrinkage=0.05


Tree=128
num_leaves=31
num_cat=0
split_feature=125 217 107 67 10 136 173 55 98 40 203 198 2 58 40 210 45 45 120 40 91 87 206 151 59 69 30 191 67 160
split_gain=1.51893 2.2345 2.18555 3.47402 3.64117 3.53068 2.90858 2.59324 2.45702 2.40641 2.05533 2.04096 5.39366 4.21025 4.0031 3.29855 3.50845 4.9928 3.57503 4.10345 3.24147 3.33048 3.83341 3.21343 3.57492 3.20334 3.18614 3.02219 2.72765 2.65005
threshold=4.0000000000000009 -0.019377255039180766 7.6033811549275478 23.350000000000005 6.6960307486978516 2.5659311954892501 -0.0072308298739939816 42.613912496856933 0.032301538996609001 8.1648865382728975 5.4575264912695447 8.2613679431634726 0.21866442995755503 26.635653060225369 7.5578564788154559 9.579891913939024 0.38266886095259278 -0.97625883275952019 0.70405300659915815 8.2986356439194182 2.6182765262275023 0.47980229554679465 1.5239329565386865 1.8062664112528002 0.24595887445887449 10.15 0.22394912593302965 1.8588519813519897 19.350000000000005 -0.29516875225654371
decision_type=2 2 2 2 2 2 2 2 2 2 2 2 2 2 2 2 2 2 2 2 2 2 2 2 2 2 2 2 2 2
left_child=1 -1 6 5 9 -4 8 -8 -3 -5 -11 14 13 26 -2 16 17 27 -18 -20 -19 22 -22 24 -14 -21 -13 -16 -15 -25
right_child=11 2 3 4 -6 -7 7 -9 -10 10 -12 12 23 28 15 -17 18 20 19 25 21 -23 -24 29 -26 -27 -28 -29 -30 -31
leaf_value=-0.010350912044128593 0.016482097412371017 0.024828669081857217 0.0097932491559679299 0.021326190607321334 0.032538608051758969 -0.023839181339795717 -0.019623022376841937 0.0082335124522757985 -0.0015368604866033196 0.0097052475374268931 -0.018982507870892104 0.019005433409010869 -0.033646535448762248 -0.0022908144087289842 0.029664344929125275 -0.020157215447624957 -0.013811498067506409 0.010623457928548881 -0.0080119314536684066 -0.008039680841427534 -0.025520204092968193 -0.0015389301454827474 0.0068683913600025492 0.0042601111851376123 0.007450445519046907 0.028306266722870989 -0.013692312621455167 -0.008452236872015878 0.031955590337257887 -0.0046501386510603253
leaf_weight=15.870616093277929 14.842980802059172 10.369541749358179 16.750618353486065 6.4534068703651455 22.717806413769722 7.002669930458068 19.702919572591785 7.7087916880846015 15.798971787095068 5.6722215712070456 9.3168025612831098 6.8747884482145336 10.009390592575071 4.7907308340072658 8.3264718279242498 34.210165947675705 11.134413987398146 9.5402431786060315 11.782862797379492 3.9721676707267788 56.49852329492569 36.500523507595062 7.2146558314561835 166.49059844017029 4.502744883298873 26.073477983474731 14.678794845938681 4.2871741354465476 25.003506205976009 157.45168986916542
leaf_count=78 72 50 83 32 114 33 96 38 78 29 45 33 48 23 40 165 54 49 57 19 271 175 35 812 21 122 72 20 119 770
internal_value=0 0.00462434 0.00711001 0.0127526 0.0204019 -0.00167371 -9.33387e-05 -0.0109562 0.0104156 0.00287664 -0.00716354 -0.00110272 0.00103475 0.015397 -0.00486657 -0.00684423 -0.00362112 -0.00826847 0.00647202 0.0133034 -0.0119382 -0.0147265 -0.0212559 -0.00126383 -0.0209723 0.0223263 -0.000706598 0.016568 0.0261926 0
internal_weight=751.55 137.364 121.494 67.9135 44.1602 23.7533 53.5802 27.4117 26.1685 21.4424 14.989 614.186 389.802 51.3478 224.384 209.541 175.331 122.368 52.9629 41.8285 109.754 100.214 63.7132 338.454 14.5121 30.0456 21.5536 12.6136 29.7942 323.942
internal_count=3653 676 598 336 220 116 262 134 128 106 74 2977 1898 247 1079 1007 842 590 252 198 530 481 306 1651 69 141 105 60 142 1582
is_linear=0
shrinkage=0.05


Tree=129
num_leaves=31
num_cat=0
split_feature=129 133 130 115 4 40 35 38 15 144 102 131 27 111 103 35 11 79 67 31 130 37 67 108 42 32 53 89 81 196
split_gain=1.46844 2.38858 2.38276 2.54686 2.0195 3.05035 4.29373 4.5111 3.96614 3.51024 3.32107 3.25345 3.21558 3.20815 3.0122 2.97554 2.79275 4.0455 3.96588 4.84343 4.00705 3.42733 4.48182 4.05426 4.06112 4.00851 3.36738 4.15668 4.22966 3.54274
threshold=0.095997458398962829 0.0099384069431389683 -0.056788870454846242 0.27705189990326501 3.1147676623286382 9.0450981837385083 0.10603164166022398 1.0035000000000001 8.5000000000000018 7.5520000000000014 1.5000000000000002 -0.67804007670109401 0.25120729023992283 9.5000000000000018 4.5610980757623851 0.11416914419751586 4.0195911138847533 32.800000000000004 17.600000000000005 0.55000000000000016 -0.028574510612427616 0.26136363636363641 17.600000000000005 67.368449046166958 67.550000000000011 0.1981776874966881 0.48842186381660074 -0.394770108175237 0.59650000000000014 6.2400000000000153
decision_type=2 2 2 2 2 2 2 2 2 2 2 2 2 2 2 2 2 2 2 2 2 2 2 2 2 2 2 2 2 2
left_child=2 -2 3 -1 5 6 7 -4 12 11 -10 -8 -9 -7 15 -11 17 -6 -18 -20 -21 23 -23 24 -19 -24 29 28 -28 -22
right_child=1 -3 4 -5 16 13 9 8 10 14 -12 -13 -14 -15 -16 -17 18 21 19 20 26 22 25 -25 -26 -27 27 -29 -30 -31
leaf_value=0.030932922902255036 -0.023538130371257723 0.008486191974577657 -0.018763084527075903 -0.00068226632851475463 0.016620932743405564 -0.024499873688576337 -0.00065888024998532685 0.03128824132363036 -0.019095478049362825 0.027931803655712753 0.01276930424648008 0.032879710090131332 -0.0022044233199182248 0.0015563691904876427 -0.015339678533921368 0.00059296428000955902 -0.012067187098516939 0.015973775152019389 -0.021738092771892571 -0.0083812312220752083 0.012004420013919406 0.0098407523741967547 -0.0216703092842211 0.029831975365510507 -0.023428781303722362 0.007821866032593161 0.0084002826306694752 0.0052607951857466173 -0.029156777455344958 -0.011429982361107607
leaf_weight=7.9573987200856235 11.005001440644262 4.5091682747006407 21.014893643558025 9.2406263053417188 10.19647680968046 11.823458492755888 7.215663716197013 14.424246996641161 14.98529274761677 11.5960681065917 8.5154741555452329 27.370258770883083 8.3131844848394376 32.847548291087151 9.0343960225582105 30.429688230156898 49.608657598495483 6.2101270109415116 14.341059193015097 49.462241791188717 174.5865738466382 12.300378814339636 82.169641122221947 6.0630594044923773 10.308660745620726 9.3515106141567212 7.3103134334087398 58.52209335565567 16.875143632292747 12.714943706989287
leaf_count=40 54 24 103 45 52 55 33 70 71 57 42 137 41 162 43 149 247 30 69 239 846 59 396 30 50 45 35 284 83 62
internal_value=0 -0.0132119 0.000349302 0.0164922 -0.000114427 0.00409008 0.0074845 -0.0016437 0.00672071 0.0146235 -0.00645756 0.0260516 0.0199515 -0.00660884 0.00480347 0.0108359 -0.00178319 -0.00779289 0.000366247 0.00243861 0.0039192 -0.01051 -0.0143031 0.00545423 -0.0071842 -0.0181487 0.00637481 -0.00171276 -0.0174538 0.0100277
internal_weight=750.303 15.5142 734.789 17.198 717.591 197.57 152.899 67.2531 46.2382 85.6461 23.5008 34.5859 22.7374 44.671 51.0602 42.0258 520.021 136.6 383.421 333.812 319.471 126.403 103.822 22.5818 16.5188 91.5212 270.009 82.7076 24.1855 187.302
internal_count=3653 78 3575 85 3490 963 746 327 224 419 113 170 111 217 249 206 2527 662 1865 1618 1549 610 500 110 80 441 1310 402 118 908
is_linear=0
shrinkage=0.05


Tree=130
num_leaves=31
num_cat=0
split_feature=56 136 100 203 100 218 7 104 50 62 45 21 79 42 204 120 32 120 28 105 133 23 202 45 35 30 203 29 148 79
split_gain=1.48126 2.49689 3.0794 3.04489 2.56791 2.54109 1.98082 5.13566 4.0129 2.55827 2.44282 3.59458 3.18138 5.95838 3.12937 3.33395 3.6206 3.62283 3.2209 2.89004 3.32137 3.00038 3.82488 2.8869 3.66189 2.69399 2.68174 3.06411 2.79327 3.93455
threshold=90.375031338376758 2.8273741649577562 0.049616083465213068 7.3730514764491 0.01993377483443709 -0.019303675469304758 0.13388323748270817 6.2313684584313558 4.2500000000000009 23.450000000000003 -0.99535829673000931 3.5961904761904768 48.250000000000007 58.550000000000004 -1.0000000180025095e-35 0.69769652489167933 0.17848210057886513 0.72652209109113386 0.23063958560756478 0.27888888888888896 -1.0000000180025095e-35 5.8156248978275551 0.19397536462185785 0.36648727148060622 0.12105853744746319 0.21809386171755721 6.4014511874173516 0.10132135214340891 -1.0000000180025095e-35 43.650000000000006
decision_type=2 2 2 2 2 2 2 2 2 2 2 2 2 2 2 2 2 2 2 2 2 2 2 2 2 2 2 2 2 2
left_child=6 2 3 -2 -3 -5 10 -8 9 -9 11 -1 19 25 18 -16 23 -18 -15 20 -12 26 -23 -17 -25 -14 28 -28 -21 -30
right_child=1 4 -4 5 -6 -7 7 8 -10 -11 12 -13 13 14 15 16 17 -19 -20 21 -22 22 -24 24 -26 -27 27 -29 29 -31
leaf_value=0.031523344259631991 0 0.016618016130163171 -0.0045326904163753602 0 -0.010244162010976445 0.036048718760736648 0.023527869743411516 -0.031942079948117333 0.0093768336141843 0 0.0034686568295501049 -0.0027250563980760686 -0.0081768499815373322 0.019937910404515879 0.0042331995804443844 -0.033613603533797991 -0.020328657347155242 0.016590774578704792 -0.009906298782678305 0.023340053242601563 -0.022995363954652334 0.02680888538290413 0.0027433960163306785 -0.021024550981817887 0.015199762591672501 0.023885360542574448 -0.028208497595545157 0.0076264731456571052 -0.024373321147362403 0.013325865031152049
leaf_weight=9.7217293530702609 14.721233010292051 6.629286214709281 14.814123198390005 4.7391969859600058 30.170573949813843 18.278269797563556 4.2137631177902213 22.970189273357395 6.9155645668506613 6.7719904184341422 17.595933675765991 12.011672608554361 5.3016647845506695 10.016794025897982 12.654508881270884 37.826091572642326 7.0821708440780666 9.7647844105958921 17.172631844878197 5.7475558817386654 20.219992734491825 12.787022106349466 368.29687198996544 11.274161905050279 6.9296495318412772 15.024212792515753 17.289481997489933 4.3792700469493857 9.8585450351238268 7.7095962464809409
leaf_count=46 71 33 73 24 146 91 20 111 33 32 85 59 27 47 64 183 35 47 83 29 101 63 1801 54 33 72 83 21 49 37
internal_value=0 0.00585492 0.012501 0.0195204 -0.00339804 0.0292054 -0.000839842 -0.0108688 -0.0177722 -0.0252454 -5.53761e-05 0.0146903 -0.000751343 -0.00744301 -0.0120755 -0.0165831 -0.0205584 0 0.00170102 0.00117348 -0.0111306 0.00243997 0.00395238 -0.0262227 -0.00585374 0.0145721 -0.00898598 -0.0199568 0.00205055 -0.00743463
internal_weight=748.889 89.3527 52.5528 37.7387 36.7999 23.0175 659.536 40.8715 36.6577 29.7422 618.664 21.7334 596.931 133.047 112.721 85.5314 72.8769 16.847 27.1894 463.884 37.8159 426.068 381.084 56.0299 18.2038 20.3259 44.9844 21.6688 23.3157 17.5681
internal_count=3653 438 259 186 179 115 3215 196 176 143 3019 105 2914 645 546 416 352 82 130 2269 186 2083 1864 270 87 99 219 104 115 86
is_linear=0
shrinkage=0.05


Tree=131
num_leaves=31
num_cat=0
split_feature=143 49 50 40 116 135 218 18 121 94 120 115 141 40 43 142 113 44 41 210 120 106 89 40 193 217 120 141 76 25
split_gain=1.41736 1.78978 3.85575 3.70996 3.53049 3.26789 3.19469 2.98982 2.91189 2.75243 2.47031 5.75825 7.91642 4.69631 4.60887 3.31003 3.98683 4.72818 5.43465 3.33422 4.13264 4.70449 3.92573 3.71212 3.68807 5.92473 4.13674 3.59382 3.51507 3.18643
threshold=0.11296429145793109 13.750000000000002 5.7500000000000009 9.0832875348965363 9.5000000000000018 -0.57434634866399892 -0.0019124947659252265 1.5000000000000002 0.71590547317589326 0.17320512820512823 0.71569601995867937 0.30342386922946374 1.0797301349325339 9.590033110273799 4.4500000000000011 0.16493794693453431 19.500000000000004 -0.20791169081775965 2.9582218543472423 14.723933222061552 0.72906946463835431 7.7104308527328085 -0.45521561213023171 9.2342312680891681 9.0248348366455016 0.0094645166149653643 0.735321917046592 1.6395638260045045 20.250000000000004 5.5609305053156097
decision_type=2 2 2 2 2 2 2 2 2 2 2 2 2 2 2 2 2 2 2 2 2 2 2 2 2 2 2 2 2 2
left_child=-1 2 9 6 -3 7 -4 -6 -7 -2 11 12 13 14 -11 19 -17 18 -18 20 22 24 -12 27 25 -22 28 29 -26 -24
right_child=1 4 3 -5 5 8 -8 -9 -10 10 15 -13 -14 -15 -16 16 17 -19 -20 -21 21 -23 23 -25 26 -27 -28 -29 -30 -31
leaf_value=0.012730208533705063 -0.018834167997348383 0.0186981238694062 0 -0.012731218324887793 -0.015064476524595367 0 0.030696998327273996 0.018207820476955652 -0.030279902362451164 0.0026540491249245771 -0.0020395069393906685 0.015224762016661751 0.00049968581115450742 0.013750295044451903 -0.02926913286784065 -0.015276123325192008 -0.013553575588577896 -0.0095613227222634753 0.023629517060234962 -0.013767660311019989 -0.016659951484973817 -0.024883973230953576 0.018148443003464017 -0.0051791176098142508 0.006121982830975415 0.017277538293646217 0.01527830277100894 0.03878373820656067 -0.024965747748989561 -0.010398664793087415
leaf_weight=16.310766823589802 15.033996462821959 5.1844380497932425 11.778582476079462 5.7098658829927436 6.9527823254466083 11.885544985532759 21.557675376534462 10.000453740358351 22.247380957007408 11.219356313347815 24.603205129504204 27.094580322504044 115.51344763487577 5.2967293411493293 55.644154474139214 46.107034884393215 8.977428659796713 35.866712972521782 30.103667922317982 16.115556538105011 36.586539961397648 10.246269002556799 39.192579500377178 9.9277495965361577 18.8915029168129 13.406279385089872 76.293465748429298 22.813915871083736 9.3499519079923612 7.8026962503790847
leaf_count=84 71 26 60 28 37 59 112 52 111 56 119 131 558 26 264 223 44 177 146 81 175 51 190 49 91 66 370 110 47 39
internal_value=0 -0.000349235 0.000355297 0.0146859 -0.0085494 -0.0131807 0.0210821 0.00310037 -0.021269 -0.000593071 0 -0.00428415 -0.00755242 -0.0199633 -0.0237527 0.0022822 -0.0044141 0.00249286 0.0139524 0.00523741 0.00669708 0.00147743 0.0142668 0.0194167 0.00410723 -0.00636109 0.00940369 0.0233611 -0.00562532 0.0123837
internal_weight=747.714 731.404 675.133 39.0461 56.2706 51.0862 33.3363 16.9532 34.1329 636.087 621.053 214.768 187.674 72.1602 66.8635 406.285 121.055 74.9478 39.0811 285.23 269.114 164.774 104.34 79.7369 154.528 49.9928 104.535 69.8092 28.2415 46.9953
internal_count=3653 3569 3284 200 285 259 172 89 170 3084 3013 1035 904 346 320 1978 590 367 190 1388 1307 800 507 388 749 241 508 339 138 229
is_linear=0
shrinkage=0.05


end of trees

feature_importances:
opp_team_k_trend_5v10=68
ump_k9_x_opp_k_pct=52
ump_k9_avg_10=50
k_pct_x_park_hr=48
ump_bb9_avg_10=47
opp_lineup_k_pct_std=46
opp_lineup_k_pct_cv=45
sp_fb_velo_trend_5=45
market_total=44
bb_pct_5=43
opp_lineup_iso_avg_10=41
sc_sp_disc_whiff_pct=40
opp_bb_pct_avg_10=38
wind_sin=38
sp_hr_rate_vs_lhb_10=38
wind_x_park_hr=38
ip_avg_5=37
hr9_5=37
sp_k_pct_vs_rhb_25=37
sp_hr_rate_vs_rhb_25=37
wind_speed_mph=36
catcher_framing_rate=36
temperature_f=35
sc_sp_sl_run_value_per_100=35
book_line=35
venue_k9_adj=35
opp_k_pct_vs_same_hand_10=34
wind_cos=34
sp_k_split_trend_lhb=34
opp_top4_slg_avg_10=33
opp_team_der_career=33
last_start_k9=33
park_hr_factor=32
sc_sp_oz_contact_pct=32
opp_team_der_20=32
opp_lineup_pct_lhb=31
fip_home_10=30
svt_k_pct=30
bf_est_avg_10=30
opp_k_pct_avg_10=29
opp_k_pct_avg_5=29
opp_avg_avg_10=29
k9_trend_5v10=29
sp_babip_trend=29
sc_barrel_x_park_hr=29
opp_sp_hr_rate_split=29
fip_5=28
last_start_k_bb=28
era_home_10=27
precip_prob_pct=27
line_move_total=27
sc_sp_oz_swing_pct=27
sp_k_pct_vs_lhb_25=27
sp_hr_rate_vs_lhb_25=27
sp_hr_rate_vs_rhb_10=27
sp_k_split_trend_rhb=27
sc_sp_pitch_diversity=26
sc_sp_iz_contact_pct=26
bf_est_avg_5=26
k_pct_trend_5v10=26
venue_era_adj=26
opp_slg_avg_10=25
sc_sp_fb_whiff_pct=25
sp_k_pct_vs_rhb_10=25
sp_lob_pct_career=25
venue_fip_adj=25
era_10=24
sc_sp_fastball_family_pct=24
sp_babip_against_career=24
open_k_line=24
era_trend_5v10=24
ump_k9_x_sp_opp_k_triple=24
sp_lob_trend=24
venue_fip=23
ump_k9_x_sp_whiff_pct=23
lineup_lhb_pct_x_sp_lhb_adv=23
era_5=22
opp_iso_avg_10=22
park_babip_avg=22
sp_lob_era_quality=22
k9_5=21
era_away_10=21
k9_home_10=21
fip_away_10=21
sc_sp_fb_k_pct=21
sc_sp_fb_put_away=21
sc_sp_sl_k_pct=21
sp_era_fip_gap=21
ump_k9_x_sp_k_pct=21
sp_k_pct_last2_vs_5=21
opp_hr_avg_10=20
sc_sp_fb_run_value_per_100=20
sp_k_bb_ratio_5=20
sp_vs_team_k9_adj=20
k_trend_x_ump_k9=20
sc_hard_hit_vs_opp_k=20
cold_x_sp_sl_pct=20
whip_10=19
sc_sp_si_k_pct=19
opp_runs_last3=19
sc_xslg_x_park=19
framing_x_ump_k9=19
k_pct_10=18
k9_10=18
opp_lineup_avg_avg_10=18
sc_xslg=18
opp_runs_last5=18
k9_away_10=17
sc_hard_hit_pct=17
sc_avg_exit_velo=17
sc_xba=17
sp_fb_velo_avg_5=17
sp_vs_team_k9_delta=17
k9_shrunk=17
whip_5=16
sc_sp_fb_hard_hit_pct=16
sc_sp_si_hard_hit_pct=16
venue_n_starts=16
ump_k9_x_sp_k9_5=16
venue_k9_delta=16
warm_x_barrel=16
park_run_factor=15
sc_sp_si_whiff_pct=15
venue_era=15
venue_k9=15
svt_era=15
svt_k9=15
sp_lob_pct_10=15
sp_k_pct_last2=15
sp_vs_team_era_adj=15
venue_era_delta=15
fip_10=14
last_start_ip=14
fip_trend_5v10=14
sc_barrel_vs_k_rate=14
expected_k_from_ip=14
sc_xwoba=13
sc_sp_si_pct=13
sp_vs_team_era_delta=13
framing_hand_benefit=13
sp_k_pct_x_opp_cv=13
sp_k_split_advantage=13
warm_x_park_hr=13
starts_in_window_10=12
sc_barrel_rate=12
sc_sp_ch_whiff_pct=12
svt_k9_last3=12
sp_babip_against_10=12
contact_vs_ump_zone=12
last_start_k=11
sp_days_since_last_start=11
sc_sp_ch_k_pct=11
catcher_framing_rv=11
sp_k_pct_vs_opp_k_rate=11
last_start_bb=10
sp_k_pct_vs_lhb_10=10
svt_era_last3=10
ump_k9_x_sp_sl_whiff_pct=10
sc_sp_ch_pct=9
opp_der_20_filled=9
cold_x_sp_offspeed_pct=9
sc_gb_pct=8
sc_fb_pct=8
sc_sp_fb_xwoba=8
sc_hard_hit_x_fb=8
sc_sp_fb_pct=7
line_move_total_filled=7
k_pct_5=6
sp_k_pct_trend_5v10=6
k_pct_shrunk=6
temp_below_60=5
sp_k_pct_last2_filled=5
opp_der_vs_avg=5
sc_exit_velo_above_avg=5
sc_sp_sl_whiff_pct=4
svt_games=4
sp_k9_trend_5v10=4
sp_lob_pct_filled=4
framing_x_sp_edge_work=4
is_home=3
sp_babip_starts_10=3
park_babip_factor=3
sp_babip_against_10_filled=3
sp_babip_vs_avg=3
sp_days_from_optimal_rest=3
sc_sp_sl_pct=2
opp_runs_avg3=2
market_k_line=2
sp_babip_against_career_filled=2
is_day_game=1
sp_lob_vs_avg=1
park_babip_vs_avg=1
sp_babip_unlucky_flag=1
high_total_flag=1

parameters:
[boosting: gbdt]
[objective: binary]
[metric: binary_logloss]
[tree_learner: serial]
[device_type: cpu]
[data_sample_strategy: bagging]
[data: ]
[valid: ]
[num_iterations: 132]
[learning_rate: 0.05]
[num_leaves: 31]
[num_threads: 4]
[seed: 42]
[deterministic: 0]
[force_col_wise: 0]
[force_row_wise: 0]
[histogram_pool_size: -1]
[max_depth: -1]
[min_data_in_leaf: 20]
[min_sum_hessian_in_leaf: 0.001]
[bagging_fraction: 0.8]
[pos_bagging_fraction: 1]
[neg_bagging_fraction: 1]
[bagging_freq: 0]
[bagging_seed: 400]
[bagging_by_query: 0]
[feature_fraction: 0.8]
[feature_fraction_bynode: 1]
[feature_fraction_seed: 30056]
[extra_trees: 0]
[extra_seed: 12879]
[early_stopping_round: 0]
[early_stopping_min_delta: 0]
[first_metric_only: 0]
[max_delta_step: 0]
[lambda_l1: 0.5]
[lambda_l2: 5]
[linear_lambda: 0]
[min_gain_to_split: 0]
[drop_rate: 0.1]
[max_drop: 50]
[skip_drop: 0.5]
[xgboost_dart_mode: 0]
[uniform_drop: 0]
[drop_seed: 17869]
[top_rate: 0.2]
[other_rate: 0.1]
[min_data_per_group: 100]
[max_cat_threshold: 32]
[cat_l2: 10]
[cat_smooth: 10]
[max_cat_to_onehot: 4]
[top_k: 20]
[monotone_constraints: ]
[monotone_constraints_method: basic]
[monotone_penalty: 0]
[feature_contri: ]
[forcedsplits_filename: ]
[refit_decay_rate: 0.9]
[cegb_tradeoff: 1]
[cegb_penalty_split: 0]
[cegb_penalty_feature_lazy: ]
[cegb_penalty_feature_coupled: ]
[path_smooth: 0]
[interaction_constraints: ]
[verbosity: -1]
[saved_feature_importance_type: 0]
[use_quantized_grad: 0]
[num_grad_quant_bins: 4]
[quant_train_renew_leaf: 0]
[stochastic_rounding: 1]
[linear_tree: 0]
[max_bin: 255]
[max_bin_by_feature: ]
[min_data_in_bin: 3]
[bin_construct_sample_cnt: 200000]
[data_random_seed: 175]
[is_enable_sparse: 1]
[enable_bundle: 1]
[use_missing: 1]
[zero_as_missing: 0]
[feature_pre_filter: 1]
[pre_partition: 0]
[two_round: 0]
[header: 0]
[label_column: ]
[weight_column: ]
[group_column: ]
[ignore_column: ]
[categorical_feature: ]
[forcedbins_filename: ]
[precise_float_parser: 0]
[parser_config_file: ]
[objective_seed: 16083]
[num_class: 1]
[is_unbalance: 0]
[scale_pos_weight: 1]
[sigmoid: 1]
[boost_from_average: 1]
[reg_sqrt: 0]
[alpha: 0.9]
[fair_c: 1]
[poisson_max_delta_step: 0.7]
[tweedie_variance_power: 1.5]
[lambdarank_truncation_level: 30]
[lambdarank_norm: 1]
[label_gain: ]
[lambdarank_position_bias_regularization: 0]
[eval_at: ]
[multi_error_top_k: 1]
[auc_mu_weights: ]
[num_machines: 1]
[local_listen_port: 12400]
[time_out: 120]
[machine_list_filename: ]
[machines: ]
[gpu_platform_id: -1]
[gpu_device_id: -1]
[gpu_use_dp: 0]
[num_gpu: 1]

end of parameters

pandas_categorical:[]
