tree
version=v4
num_class=1
num_tree_per_iteration=1
label_index=0
max_feature_idx=224
objective=regression_l1
feature_names=is_home ip_avg_5 k_pct_5 k9_5 era_5 whip_5 fip_5 bb_pct_5 hr9_5 k_pct_10 k9_10 era_10 whip_10 fip_10 starts_in_window_5 starts_in_window_10 last_start_k last_start_ip last_start_bb sp_days_since_last_start is_short_rest era_home_10 era_away_10 k9_home_10 k9_away_10 fip_home_10 fip_away_10 opp_k_pct_avg_10 opp_k_pct_avg_5 opp_bb_pct_avg_10 opp_avg_avg_10 opp_hr_avg_10 opp_iso_avg_10 opp_slg_avg_10 opp_k_pct_vs_same_hand_10 opp_lineup_k_pct_std opp_lineup_k_pct_cv opp_lineup_pct_lhb park_run_factor park_hr_factor ump_k9_avg_10 ump_bb9_avg_10 temperature_f wind_speed_mph wind_sin wind_cos precip_prob_pct is_dome is_day_game market_total line_move_total opp_lineup_avg_avg_10 opp_lineup_iso_avg_10 opp_top4_slg_avg_10 sc_barrel_rate sc_hard_hit_pct sc_avg_exit_velo sc_gb_pct sc_fb_pct sc_xba sc_xslg sc_xwoba sc_sp_fb_whiff_pct sc_sp_fb_k_pct sc_sp_fb_put_away sc_sp_sl_pct sc_sp_sl_whiff_pct sc_sp_sl_k_pct sc_sp_sl_run_value_per_100 sc_sp_ch_pct sc_sp_ch_whiff_pct sc_sp_ch_k_pct sc_sp_fb_pct sc_sp_fb_hard_hit_pct sc_sp_fb_xwoba sc_sp_fb_run_value_per_100 sc_sp_si_pct sc_sp_si_whiff_pct sc_sp_si_k_pct sc_sp_si_hard_hit_pct sc_sp_fastball_family_pct sc_sp_pitch_diversity sc_sp_oz_swing_pct sc_sp_iz_contact_pct sc_sp_oz_contact_pct sc_sp_disc_whiff_pct catcher_framing_rv catcher_framing_rate sp_fb_velo_avg_5 sp_fb_velo_trend_5 venue_n_starts venue_era venue_k9 venue_fip sp_k_pct_vs_lhb_25 sp_k_pct_vs_rhb_25 sp_k_pct_vs_lhb_10 sp_k_pct_vs_rhb_10 sp_hr_rate_vs_lhb_25 sp_hr_rate_vs_rhb_25 sp_hr_rate_vs_lhb_10 sp_hr_rate_vs_rhb_10 svt_games svt_era svt_k9 svt_k_pct svt_era_last3 svt_k9_last3 sp_lob_pct_career sp_lob_pct_10 park_babip_avg opp_runs_last3 opp_runs_avg3 opp_runs_last5 sp_babip_against_10 sp_babip_against_career sp_babip_starts_10 sp_k_pct_last2 bf_est_avg_5 bf_est_avg_10 opp_team_der_20 opp_team_der_career market_k_line open_k_line k_line_move season_2024-regular season_2025-regular season_2026-regular pitcher_hand_L pitcher_hand_R pitcher_hand_nan sc_xslg_x_park sp_k_pct_vs_opp_k_rate opp_team_k_trend_5v10 k9_trend_5v10 k_pct_trend_5v10 era_trend_5v10 fip_trend_5v10 sp_era_fip_gap sp_k_bb_ratio_5 sp_vs_team_reliability sp_vs_team_has_history sp_vs_team_era_adj sp_vs_team_era_delta sp_vs_team_k9_adj sp_vs_team_k9_delta k_pct_x_park_hr wind_x_park_hr is_cold_game temp_below_60 sp_k_pct_trend_5v10 sp_k9_trend_5v10 k_trend_x_ump_k9 contact_vs_ump_zone ump_k9_x_sp_k_pct ump_k9_x_opp_k_pct ump_k9_x_sp_whiff_pct ump_k9_x_sp_sl_whiff_pct ump_k9_x_sp_k9_5 ump_k9_x_sp_opp_k_triple sp_lob_pct_filled sp_lob_vs_avg sp_lob_trend sp_lob_era_quality sp_lob_luck_flag park_babip_factor park_babip_vs_avg opp_runs_last3_filled opp_hot_offense_flag opp_cold_offense_flag opp_runs_last3_vs_avg sp_babip_against_10_filled sp_babip_vs_avg sp_babip_unlucky_flag sp_babip_lucky_flag sp_babip_against_career_filled sp_babip_trend sp_k_pct_last2_filled sp_k_pct_last2_vs_5 sp_k_trending_up sp_k_trending_down opp_der_20_filled opp_der_vs_avg opp_good_defense opp_poor_defense line_move_total_filled line_moved_up line_moved_down line_move_abs market_k_line_filled market_k_line_vs_avg market_k_line_known sc_barrel_x_park_hr sc_hard_hit_x_fb sc_exit_velo_above_avg sc_barrel_vs_k_rate sc_hard_hit_vs_opp_k sp_days_from_optimal_rest sp_is_extended_rest cold_x_sp_sl_pct cold_x_sp_offspeed_pct k9_shrunk k_pct_shrunk expected_k_from_ip framing_hand_benefit sp_k_pct_x_opp_cv venue_k9_adj venue_k9_delta venue_era_adj venue_era_delta venue_fip_adj last_start_dominated last_start_blowup last_start_k9 last_start_k_bb framing_x_sp_edge_work framing_x_ump_k9 sp_k_split_advantage sp_k_split_trend_lhb sp_k_split_trend_rhb lineup_lhb_pct_x_sp_lhb_adv opp_sp_hr_rate_split warm_x_barrel warm_x_park_hr high_total_flag
feature_infos=[0:1] [1.5:8.1099999999999994] [0.045657783227354608:0.44349047889630455] [1.813897102976332:16.736985268530333] [0:65.02204492966618] [0.40285714285714286:7.8989725953323378] [0.52881115468099638:25.800782653323068] [0:0.35488224550981373] [0:9.7837497375603615] [0.045657783227354608:0.43214441061331016] [1.813897102976332:16.705223880597014] [0:65.02204492966618] [0.46666666666666667:7.8989725953323378] [0.52881115468099638:25.800782653323068] [3:5] [3:10] [0:15] [0.33000000000000002:9] [0:8] [4:126] none [0:111.01810395172279] [0:69.145415612225037] [0:20.785219399538107] [0:21.600000000000001] [-0.55000000000000004:37.226173979984601] [-1:31.773746025566155] [0.12729959656782225:0.41927255579651213] [0.11467243046190415:0.49121351766513061] [0.025836137894961426:0.1584813897316413] [0.14029786103070147:0.34244349190169621] [0.10000000000000001:3.2999999999999998] [0.03135001492760113:0.31695939716223692] [0.2016544026832828:0.59920576865977371] [0.12729959656782225:0.41927255579651213] [0.028955526183625891:0.3509157521106242] [0.10647114476571255:1.1090291520448861] [0:0.77777777777777779] [0.89900000000000002:1.2110000000000001] [0.76400000000000001:1.226] [4.7675103001765748:12.279411764705882] [1:7] [32.899999999999999:112.40000000000001] [0:29.199999999999999] [-1:1] [-1:1] [0:99] [0:1] [0:1] [1.5:31.5] [0:20.5] [0.13197751322751322:0.36348484848484852] [0.044166666666666667:0.52283333333333337] [0.15312151616499442:1.0490028490028489] [2.8999999999999999:16.199999999999999] [27.100000000000001:52.5] [84.299999999999997:92.400000000000006] [16.100000000000001:100] [17.569962335216573:100] [0.17599999999999999:0.31230487804878049] [0.255:0.62300000000000011] [0.23799999999999999:0.40799999999999997] [6.5:42.600000000000001] [4:55.600000000000001] [3.6000000000000001:35] [4.7000000000000002:47.299999999999997] [10.800000000000001:52.5] [4.2999999999999998:48.899999999999999] [-6.2999999999999998:3.8999999999999999] [5.5:38.700000000000003] [10.9:53.600000000000001] [2:50] [4.9000000000000004:63.600000000000001] [17.100000000000001:66.700000000000003] [0.129:0.57699999999999996] [-7.2999999999999998:4.2000000000000002] [5.2000000000000002:72.599999999999994] [2.6000000000000001:28.800000000000001] [0:36.5] [11.9:73.700000000000003] [7.7000000000000002:72.799999999999997] [0.27400000000000002:0.872] [19:38.299999999999997] [71.400000000000006:91.5] [36.5:76] [13.6:38.5] [-10.319790996611326:7.9348535608003736] [0.375:0.56896551724137934] [86.203421717171707:100.87391383803593] [-7.0147206396801636:4.6000000000000085] [0:43] [0:190.90909090909091] [0:27] [-0.46666666666666667:69.86666666666666] [0.050000000000000003:0.59999999999999998] [0.066666666666666666:0.48979591836734693] [0.050000000000000003:0.59999999999999998] [0.066666666666666666:0.48979591836734693] [0:0.13333333333333333] [0:0.14285714285714285] [0:0.13333333333333333] [0:0.14285714285714285] [0:8] [0:54.13533834586466] [0:24.324324324324323] [0:1] [0:54.13533834586466] [0:24.324324324324323] [20.833333333333332:100] [20.833333333333332:100] [0.26442292552354052:0.34281609195402296] [0:45] [0:15] [3:57] [0.064516129032258063:0.5] [0.064516129032258063:0.5] [2:10] [0:0.54545454545454541] [5.75:29.800000000000001] [5.75:28.333333333333332] [0.63070539419087135:0.80241935483870974] [0.67131474103585664:0.76942355889724312] [2.5:9.5] [2.5:8.5] [0:1] [0:1] [0:1] [0:1] [0:1] [0:1] none [0.21541237305699482:0.70494999999999997] [0.0084267236542856106:0.14625017109279181] [-0.12327893699710341:0.10018393281271148] [-3.9897973513405738:4.5980696103293166] [-0.11072126858639827:0.11672035608589154] [-31.28961368885156:19.309049363511051] [-11.092143956889917:6.1476355291353464] [-4.2285714285714278:42.26784898329614] [0.42364319094337477:40.195478969798039] [0:1] [0:1] [0:11.5] [-42.396923043986604:9.849067669172932] [0:13.35483870967742] [-5.1789883693931662:6.861996859708281] [0.047712383472585565:0.51417696969696969] [0:31.185600000000001] [0:1] [0:27.100000000000001] [-0.11072126858639827:0.11672035608589154] [-3.9897973513405738:4.5980696103293166] [-0.95119839592672117:0.97593226280557976] [0.24569488209247251:0.70946709372378558] [0.39715103462755924:4.1892659228065146] [0.99350191961030232:4.2787630031701651] [93.323227513227508:386.85705882352937] [80.290349086504662:505.5861918775725] [13.992698903694608:160.11157634071932] [0.078648985885360803:1.3464652793748453] [20.833333333333332:100] [-50.166666666666671:29] [-22.731713891041402:23.362299465240646] [-78.586471274594842:822.10608495981637] none [0.26442292552354052:0.34281609195402296] [-0.030577074476459465:0.047816091954022977] [0:45] [0:1] [0:1] [-12:33] [0.064516129032258063:0.5] [-0.23048387096774192:0.20500000000000002] [0:1] [0:1] [0.064516129032258063:0.5] [-0.087472800217598234:0.11538461538461536] [0:0.54545454545454541] [-0.2067981864682632:0.21151431079344185] [0:1] [0:1] [0.63070539419087135:0.80241935483870974] [-0.074294605809128611:0.097419354838709782] [0:1] [0:1] [0:20.5] [0:1] none [0:20.5] [2.5:9.5] [-2:5] [0:1] [2.8999999999999999:16.744330769230768] [6.3860617117728911:52.5] [-3.7000000000000028:4.4000000000000057] [9.3312098084565029:170.68592116207304] [4.3319196916422733:18.462251784242763] [0:5] [0:1] [0:678.59999999999991] [0:1022.04] [4.497187295062008:12.533587143973209] [0.11954811641968839:0.35897083596813689] [0.75050383717050373:11.290290694350411] [0:0.56896551724137934] [0.061604163535775046:0.72631136991966272] [1.7383652644180838:18.975000000000001] [-6.3447101693687085:6.3917810813753313] [0:106.98439358947442] [-30.759529201977802:41.962348659808242] [0.52881115468099638:40.489410657770932] [0:1] [0:1] [0:27.272727272727273] [0:15] [-339.26782024132245:269.78502106721271] [-105.60935669799299:80.860911781787223] [-0.25838574423480087:0.3529411764705882] [-0.14049444396588856:0.13468884290943817] [-0.10975258503989171:0.12299421009098427] [-0.12919287211740044:0.1283422459893048] [-0.1111111111111111:0.11862745098039215] [0:22.307332082551593] [0:2.2535599999999998] [0:1]
tree_sizes=3250 3483 3485 3493 3495 3478 3484 3483 3485 3459 3485 3483 3505 3491 3514 3512 3515 3476 3492 3462 3490 3473 3474 3479 3498 3488 3463 3477 3481 3489 3485 3476 3493 3484 3485 3494 3493 3494 3491 3502 3488 3496 3492 3495 3489 3490 3459 3477 3479 3495 3496 3461 3487 3496 3495 3493 3496 3500 3480 3522 3480 3492 3502 3502 3488 3514 3503 3476 3503 3497 3499 3486 3482 3483 3492 3498 3515 3507 3489 3517 3487 3478 3480 3489 3499 3484 3499 3494 3506 3492 3487 3513 3484 3501 3513 3517 3478 3500 3499 3513 3506 3506 3511 3500 3480 3511 3507 3496 3504 3502 3496 3497 3504 3504 3477 3514 3502 3492 3500 3512 3491 3507 3496 3507 3502 3507 3510 3514 3497 3498 3488 3529 3485 3498 3482 3493 3486 3496 3486 3501 3498 3505

Tree=0
num_leaves=31
num_cat=0
split_feature=64 84 49 118 158 46 96 147 104 181 5 15 30 45 207 110 81 50 159 147 151 119 147 214 36 40 12 221 119 192
split_gain=14.8297 7.83942 11.152 7.45497 6.9269 6.29664 5.59857 5.50359 5.38085 6.5841 6.77044 5.24746 5.11875 4.97191 4.92416 4.89813 5.32948 4.76051 4.68562 4.60913 6.12846 4.89851 4.75782 4.41773 4.41003 4.24293 4.16228 4.09313 4.04893 4.02992
threshold=21.950000000000003 60.850000000000001 10.250000000000002 21.900000000000002 43.449145343150242 1.5000000000000002 0.22896164811919437 16.602400000000006 10.453299191206321 0.72316990373657297 1.1301411973258733 9.5000000000000018 0.27311547310096079 -0.30069434954884217 -0.23778292221516836 0.29717049283394614 0.5465000000000001 3.7500000000000004 0.40686954541146358 5.7777000000000012 1.06184275204306 26.422222222222224 6.0665000000000013 2.4166666666666674 0.54728665604690951 7.6917901674110603 1.3768141882136977 0.020103075652236974 20.585714285714293 7.963874371334458
decision_type=2 2 2 2 2 2 2 2 2 2 2 2 2 2 2 2 2 2 2 2 2 2 2 2 2 2 2 2 2 2
left_child=1 2 8 12 6 17 13 19 9 10 14 -11 -4 -3 -1 -5 23 24 -18 -6 21 22 -21 -17 -2 -13 -15 -24 -10 -7
right_child=5 4 3 15 7 29 -8 -9 28 11 -12 25 -14 26 -16 16 18 -19 -20 20 -22 -23 27 -25 -26 -27 -28 -29 -30 -31
leaf_value=0.47811735194272315 0.5218826480572768 0.5218826480572768 0.5 0.47811735194272315 0.45623470388544629 0.47811735194272315 0.47811735194272315 0.5218826480572768 0.5218826480572768 0.5 0.47811735194272315 0.47811735194272315 0.45623470388544629 0.5218826480572768 0.5218826480572768 0.5218826480572768 0.5 0.5218826480572768 0.47811735194272315 0.5218826480572768 0.5 0.5218826480572768 0.47811735194272315 0.45623470388544629 0.47811735194272315 0.5218826480572768 0.47811735194272315 0.5 0.47811735194272315 0.5218826480572768
leaf_weight=10.416286576858736 44.066410766119134 9.8946691749028997 76.580319046003069 139.33619126342387 44.975319442572982 42.30983929336071 10.28313655773877 4.2509835544226453 7.5367152035878453 70.352161066087092 109.44557253122844 5.9984425210805048 10.441051659602861 13.97217513471128 23.729621045398062 9.2805095151720689 12.024706360156868 47.815285309761975 29.634796799984315 6.3835126153965112 17.230888088701704 9.1991147662076838 147.41835280129544 6.1945668558428215 11.677426587616763 86.954903001031653 11.869456322511267 22.815651780472763 65.504305921371497 33.218977034091949
leaf_count=98 759 118 291 560 611 84 82 57 57 949 1451 115 39 52 421 31 63 158 132 64 220 49 1156 18 130 959 95 219 634 68
internal_value=0.49656 0.495483 0.496823 0.493543 0.492531 0.502322 0.50027 0.49111 0.499286 0.500551 0.497154 0.503557 0.49893 0.504462 0.505526 0.491187 0.496722 0.505817 0.492642 0.490666 0.492158 0.490996 0.490177 0.507335 0.501367 0.506951 0.499403 0.489468 0.493979 0.497561
internal_weight=1140.81 961.723 663.43 283.492 298.293 179.088 46.0194 252.274 379.938 306.897 143.591 163.306 87.0214 35.7363 34.1459 196.471 57.1346 103.559 41.6595 248.023 203.048 185.817 176.618 15.4751 55.7438 92.9533 25.8416 170.234 73.041 75.5288
internal_count=9740 8541 5818 1134 2723 1199 347 2376 4684 3993 1970 2023 330 265 519 804 244 1047 195 2319 1708 1488 1439 49 889 1074 147 1375 691 152
is_linear=0
shrinkage=1


Tree=1
num_leaves=31
num_cat=0
split_feature=84 49 162 176 139 147 27 162 101 89 198 189 145 136 22 162 95 203 176 220 41 137 88 204 155 38 221 8 29 60
split_gain=7.94228 8.52381 8.4446 8.35943 8.63167 7.74583 7.1223 7.64112 8.11724 7.12012 6.47208 6.61673 6.45532 6.21846 6.2118 6.13573 5.97104 5.95289 5.8674 5.81725 8.2821 5.80271 8.30907 6.01386 5.60125 7.2897 7.01852 5.56071 5.53815 5.524
threshold=58.600000000000009 11.750000000000002 -6.4908063427800249 0.018854404409349854 2.0021808044787677 7.1493000000000002 0.20689819847807986 1.0000000180025095e-35 0.052738553701326497 1.5225395310570422 1.0000000180025095e-35 4.0000000000000009 -0.60874704075054076 0.26345671459161818 2.8285466842626201 2.1108919293302262 0.27919504823058128 3.8631395515434019 -0.036861548880154395 0.014450941982593857 3.0717766006896916 -0.52011844580442157 94.354351486728589 0.44805660377358497 2.1465315651891355 1.0440000000000003 -0.004272802087458674 1.8731136049784998 0.071650245826873737 0.35601511117405471
decision_type=2 2 2 2 2 2 2 2 2 2 2 2 2 2 2 2 2 2 2 2 2 2 2 2 2 2 2 2 2 2
left_child=1 2 19 4 -3 29 -7 8 10 14 11 -8 -12 -9 18 -15 24 -14 28 20 27 -6 -23 -24 26 -26 -16 -1 -4 -2
right_child=5 3 9 -5 21 6 7 13 -10 -11 12 -13 17 15 16 -17 -18 -19 -20 -21 -22 22 23 -25 25 -27 -28 -29 -30 -31
leaf_value=0.021882648057276851 0.02140379777127821 0.021882648057276851 0.00047885028599864242 -0.043286445828555058 -0.043286445828555058 -0.043286445828555058 0.00047885028599864242 0.02140379777127821 -0.022361498343275495 0.043286445828555058 -0.021882648057276851 -0.021403797771278207 0 0.00047885028599864242 -0.021403797771278207 -0.022361498343275495 -0.021403797771278207 0.021882648057276851 0.02140379777127821 -0.021882648057276851 0.02140379777127821 -0.021403797771278207 -0.021403797771278207 0.02140379777127821 -0.021403797771278207 0.02140379777127821 0.00047885028599864242 -0.022361498343275495 -0.022361498343275495 -0.021403797771278207
leaf_weight=10.842992429849803 14.227408136205439 20.032202898533342 7.4385493886165959 38.147952463219099 21.194632061026368 17.243924969750424 20.70007101498777 55.436732893256703 24.31798840935835 9.6588960169995044 5.8421099641295759 62.441025111964336 11.91621484303437 7.7511536292627197 28.833732641040342 20.601703693712807 90.631269597550499 17.789282146958612 93.646859946630002 12.113920615797722 46.932424138496117 21.248986642626278 11.718337544596578 33.237279487200794 78.745795766294805 12.907688245825737 66.303230520006537 11.357651426597839 17.670503626971367 249.88082832621376
leaf_count=103 103 75 29 112 73 151 53 339 152 78 17 627 63 65 444 139 1137 89 1065 87 221 98 43 114 909 147 698 55 84 2370
internal_value=-0.00251609 -0.000871702 0.000513193 -0.00550398 -0.00230168 -0.0045527 -0.00171667 -0.000647164 -0.00372669 -0.000772935 -0.00129695 -0.00465063 0.00639068 0.00455745 -0.00124835 -0.00363412 -0.00304427 0.0105884 0.00291326 0.00692016 0.00938048 -0.00530201 -0.00198634 0.00330269 -0.000779263 -0.0046329 0.00290853 -0.00148433 -0.0062859 -0.00714833
internal_weight=1140.81 632.663 487.084 145.579 107.431 508.148 244.04 226.796 143.007 405.837 118.689 83.1411 35.5476 83.7896 396.178 28.3529 277.422 29.7055 118.756 81.247 69.1331 87.3992 66.2046 44.9556 186.79 91.6535 95.137 22.2006 25.1091 264.108
internal_count=9740 5572 5057 515 403 4168 1695 1544 1001 4591 849 680 169 543 4513 204 3335 152 1178 466 379 328 255 157 2198 1056 1142 158 113 2473
is_linear=0
shrinkage=0.0218826


Tree=2
num_leaves=31
num_cat=0
split_feature=49 39 73 131 222 62 203 79 11 95 21 203 152 4 7 50 22 51 162 43 106 43 178 36 72 8 217 29 93 8
split_gain=10.281 9.23747 8.89592 6.97008 7.5109 6.475 6.32192 6.25494 6.1224 5.93033 5.70908 5.59028 6.03138 5.56982 5.52508 5.4671 5.38071 8.24578 6.41748 6.02819 5.29068 6.34579 7.0138 5.20107 5.127 5.03571 5.08391 5.55972 5.78687 5.15934
threshold=13.750000000000002 1.0980000000000003 29.400000000000002 0.35631014723779025 1.6590214243556951 19.650000000000002 2.5124272075719327 35.850000000000001 6.1995742577376545 0.27878012865225149 2.81925818393404 4.9432305919619912 0.29679043558302354 9.7040364648634192 0.12668712848239352 4.7500000000000009 7.8018615674858554 0.24209104938271606 -0.060614445923075515 6.3500000000000005 3.4715816098794829 14.550000000000002 0.0040206557187248424 0.50698052696945639 26.550000000000004 0.61511093810821338 0.051460125138529024 0.098759842384396584 5.1568669509706559 1.0884449474550906
decision_type=2 2 2 2 2 2 2 2 2 2 2 2 2 2 2 2 2 2 2 2 2 2 2 2 2 2 2 2 2 2
left_child=1 2 -1 4 15 23 -2 10 -7 16 -5 -12 -13 -11 -8 -4 18 -18 25 -20 21 22 -21 -3 -22 -9 27 28 -27 -28
right_child=6 5 3 7 -6 8 14 9 -10 13 11 12 -14 -15 -16 -17 17 -19 19 20 24 -23 -24 -25 -26 26 29 -29 -30 -31
leaf_value=-0.021414276283558843 0.02140379777127821 -0.020914468972998933 0.00046837177371800772 -0.020935425997560198 -0.00046837177371800772 0.020935425997560202 -0.021872169544996215 0.0014260723457152926 -0.042797117030275784 -0.020935425997560198 -0.020456575711561557 0.021872169544996219 -0.021882648057276851 0.00048932879827927713 0.00094722205971665009 0.04280759554255642 0.00094722205971665009 -0.020935425997560198 -0.020935425997560198 0.021414276283558843 0.00046837177371800891 -0.021893126569557487 -0.00094722205971664889 0.020935425997560202 -0.020935425997560198 -0.020935425997560198 -0.021872169544996215 -0.020935425997560198 0.00046837177371800772 0.020935425997560202
leaf_weight=26.047265261411667 6.6620201890036688 42.561350227621688 67.404795898258499 36.5238662738127 118.49976217235712 53.836357237523089 126.73836917300105 16.800941042954946 3.9366947520773001 107.61748534193725 21.602269188723312 38.675837778991763 9.1367248858882686 7.2666787700627529 8.546684169093167 14.656760593491297 43.655181236624458 35.746811236876056 61.50392347073921 42.788384336386571 18.548427788535946 5.7512278127903746 29.560739049650465 9.7591139754076703 27.642355730858753 93.408904055682342 4.8788932440761554 35.370701257321798 12.949688984968814 12.73313346058603
leaf_count=43 15 368 644 140 781 630 416 175 116 1252 208 138 28 49 29 48 426 317 996 615 94 106 439 73 219 863 37 224 104 147
internal_value=-0.00233553 -0.00154521 -0.00228884 -0.00189675 0.00166224 0.00440307 -0.00783514 -0.00298013 0.00940708 -0.00390934 0.00186212 0.00554722 0.0096885 -0.00833732 -0.00888861 0.00672625 -0.00273661 0.00237945 -0.00387034 -0.00100549 0.00174944 0.00521917 0.00705058 -0.0011225 -0.00403996 -0.00685632 -0.00806277 -0.00944037 -0.0119299 0.00278243
internal_weight=1140.81 998.864 888.771 862.723 200.561 110.094 141.947 662.162 57.7731 556.223 105.939 69.4148 47.8126 114.884 135.285 82.0616 441.339 79.402 361.937 185.795 124.291 78.1004 72.3491 52.3205 46.1908 176.142 159.341 141.729 106.359 17.612
internal_count=9740 9280 8093 8050 1473 1187 460 6577 746 6063 514 374 166 1301 445 692 4762 743 4019 2469 1473 1160 1054 441 313 1550 1375 1191 967 184
is_linear=0
shrinkage=0.0218826


Tree=3
num_leaves=31
num_cat=0
split_feature=64 49 156 45 50 99 96 106 203 100 101 119 58 41 31 101 41 123 136 136 156 17 182 108 177 70 26 159 94 110
split_gain=14.0325 8.74354 7.3145 6.83449 7.73066 8.62387 7.38398 6.56656 6.46088 6.3555 6.01524 5.93367 6.17583 6.88829 7.45361 6.0522 5.92788 5.56876 6.35712 6.78678 6.34719 6.03044 5.59235 5.59892 5.617 5.37785 6.38565 5.66891 5.5694 5.18026
threshold=20.350000000000005 9.7500000000000018 249.29348124615703 -0.72534675097891077 5.2500000000000009 0.024639214597932425 0.29934139260799869 0.90754956786985275 5.3975659289005291 0.016194597429845272 0.025834260289210237 25.881944444444446 35.268488591949655 3.1911089753601591 1.1055555555555558 0.045548849490758207 3.2362826015482002 4.0000000000000009 1.4903788628874521 -1.2679264068004334 178.75601359824847 3.8350000000000004 0.010828316177898702 64.733221187025549 0.14564393939393941 27.350000000000005 6.664108706334317 0.31953115831860474 0.27839868464868472 0.29519444636664771
decision_type=2 2 2 2 2 2 2 2 2 2 2 2 2 2 2 2 2 2 2 2 2 2 2 2 2 2 2 2 2 2
left_child=1 2 17 6 10 -6 9 -3 11 -2 -5 12 25 14 -14 -15 29 18 19 -1 -19 -22 23 24 -23 26 -9 -28 -27 -11
right_child=3 7 -4 4 5 -7 -8 8 -10 16 -12 -13 13 15 -16 -17 -18 20 -20 -21 21 22 -24 -25 -26 28 27 -29 -30 -31
leaf_value=0.022330292104029991 -0.021414046985962443 0.00092649433275178189 0.0014053446187504244 0.020477303438526429 -0.020456805009157961 0.021424525498243079 -0.042807824840152817 -0.041860602780436164 -0.021861920330311983 -0.042339453066434808 -0.00046814247612160656 0.0014258430481188915 0.020945675212244434 0.00092649433275178189 -0.041860602780436164 -0.020456805009157961 0.021903375784241719 -0.020935196699963802 0.022330292104029991 -0.019998453152527785 -0.020945675212244434 0.0014053446187504244 0.00044764404675314072 0.00046814247612160656 -0.021414046985962443 -0.020945675212244434 0.022809142390028635 -0.041860602780436164 0.0018841949047490667 0.043296695043239297
leaf_weight=10.256386056542395 13.00442315829059 29.525927140198291 61.804092792714073 68.314077639863854 12.115229231049851 34.066472366152539 21.630405313367874 49.757974477341577 105.89680137419509 7.5780200751778448 90.220948741527536 8.5743186672300435 12.193554517923532 41.538487637971457 17.737129879856639 7.1118334291397778 21.577090701338648 69.561408435679596 13.471264463267287 68.469434131984599 19.597524877811566 8.4047480764299944 161.15515988713037 17.530173336086818 46.451732841214607 87.79283861093495 6.229003175998967 6.9847196179684943 17.8876500602139 4.3725178821114241
leaf_count=43 90 114 647 570 37 83 242 203 450 119 733 29 63 119 79 26 152 1267 34 335 297 151 2135 419 656 479 19 25 75 49
internal_value=-0.0020539 -0.00341547 -0.00141323 0.0022627 0.00426461 0.0120763 -0.00368428 -0.0058393 -0.00665246 0.00120601 0.00192011 -0.00472429 -0.00536633 -0.00025204 -0.00842203 0.00476649 0.00628772 -0.00246646 0.00224074 -0.000154748 -0.00382317 -0.00218328 -0.00116782 -0.00619126 -0.00961578 -0.0077184 -0.0127813 0.000506669 -0.00459872 -0.00565869
internal_weight=1140.81 867.932 476.702 272.879 204.717 46.1817 68.1625 391.23 361.704 46.5321 158.535 255.808 247.233 78.581 29.9307 48.6503 33.5276 414.898 92.1971 78.7258 322.701 253.139 233.542 72.3867 54.8565 168.652 62.9717 13.2137 105.68 11.9505
internal_count=9740 7665 5984 2075 1423 120 652 1681 1567 410 1303 1117 1088 287 142 145 320 5337 412 378 4925 3658 3361 1226 807 801 247 44 554 168
is_linear=0
shrinkage=0.0218826


Tree=4
num_leaves=31
num_cat=0
split_feature=35 88 98 147 109 92 30 92 133 78 145 182 32 114 70 44 92 133 63 7 44 201 103 89 43 52 50 113 44 116
split_gain=8.88065 6.1126 10.4971 7.88941 6.4866 6.05041 7.68628 6.27217 5.97289 9.83538 6.04712 5.98352 5.88567 9.33428 5.6048 6.90688 7.97412 5.91396 6.73358 5.46025 5.42116 5.86892 5.33308 5.13218 5.37601 5.06401 4.99516 4.90372 5.27246 5.21939
threshold=0.096721528172313817 93.98601645744732 0.059567798305876087 4.014450000000001 70.291385135135144 8.1117617303150364 0.24500082428534389 11.044320008297273 -0.015659026541624873 16.850000000000005 0.56528828058169378 0.039660113641076807 0.16820865801238197 0.30350985221674881 26.650000000000002 -0.63605400036818838 5.9238130382396461 -0.0068206879787693344 33.750000000000007 0.030460692307646062 0.90992662233962551 9.6255599197569239 3.7143682705760699 -0.19039233829104771 9.9500000000000011 0.11062724312724315 2.2500000000000004 27.500000000000004 -0.67556448321067808 9.5000000000000018
decision_type=2 2 2 2 2 2 2 2 2 2 2 2 2 2 2 2 2 2 2 2 2 2 2 2 2 2 2 2 2 2
left_child=14 2 8 4 -3 20 -7 12 11 -10 -11 -2 13 -8 15 -1 -17 -16 19 -19 21 -5 -21 24 -24 -4 -9 29 -29 -14
right_child=1 3 25 5 -6 6 7 26 9 10 -12 -13 27 -15 17 16 -18 18 -20 22 -22 -23 23 -25 -26 -27 -28 28 -30 -31
leaf_value=-4.1001876375537999e-05 -0.01957176111269731 -0.020965949361655103 -0.020487328373252862 0.020924723205321769 0.023287080503280273 0.00045766898147957448 -0.020039684326499722 -0.020925171765237362 -0.020039684326499722 0.020945450932286638 -0.022310017954619319 0.02185121753807355 0.065606493735539423 0.021892662956726084 -0.020019185897131257 0.043734772750458797 -0.020976427873935739 0.044223872251141674 0.021455278159934383 -0.020008707384850621 -0.021414052003601042 -0.041402704501360188 -0.021424759813478078 0.0018844292199840704 0.0014358679828453264 0.00094744633967444862 0.043755271179827269 0.00096749620912731863 -0.040903355785993085 -0.042869554443493225
leaf_weight=27.859437063347059 73.097023344289028 30.419276845294007 2.6808989663945821 61.679900383041968 4.623968036759833 221.18442800350545 31.748018847584717 5.6078115791538066 171.53872513280544 33.250064783982225 12.622910178547043 14.713920141575498 3.910294304885837 13.511131543058807 111.56211805210523 3.0465947390953252 50.676479516148902 5.334732026753044 13.558319962300628 94.492718622757138 6.2705503720098923 5.2206576482888059 12.267304424769465 26.585224079566387 5.2013831715589722 15.254747220353691 12.014887803811687 15.948247211194483 22.359694321379266 32.56988027039597
leaf_count=218 694 299 26 334 72 1334 241 61 1618 376 84 146 29 90 1269 23 426 81 91 1311 46 25 104 220 31 113 32 61 129 156
internal_value=-0.00214519 -0.000852483 -0.00316422 0.000743006 -0.00911173 0.00156497 0.000380271 -0.00365655 -0.00413836 -0.00607918 0.0028317 0.000643354 -0.00546744 0.000697998 -0.00504151 -0.0100647 -0.0145991 -0.00348114 -0.000718314 -0.00215192 0.00726586 0.00913286 -0.00304949 0.00315345 -0.00579459 0.0127142 0.00821112 -0.00920751 -0.00351593 -0.0148963
internal_weight=1140.81 790.227 323.158 467.069 35.0432 432.026 358.854 137.67 305.223 217.412 45.873 87.8109 120.047 45.2592 350.584 81.5825 53.7231 269.002 157.44 143.881 73.1711 66.9006 138.547 44.0539 17.4687 17.9356 17.6227 74.7881 38.3079 36.4802
internal_count=9740 5966 3057 2909 371 2538 2133 799 2918 2078 460 840 706 331 3774 667 449 3107 1838 1747 405 359 1666 355 135 139 93 375 190 185
is_linear=0
shrinkage=0.0218826


Tree=5
num_leaves=31
num_cat=0
split_feature=49 119 116 10 50 62 163 217 67 25 69 219 23 87 92 32 88 220 22 19 29 208 219 51 13 87 36 30 28 1
split_gain=9.4695 9.34237 8.56495 7.53085 7.51174 6.6078 8.33903 6.5358 6.46706 6.31199 6.66149 6.78784 6.49112 5.68232 5.56753 5.51935 5.31723 4.97498 5.47526 4.93772 4.90355 6.38439 5.32841 5.16675 5.77797 5.16947 4.97514 4.88281 4.8714 4.68073
threshold=10.250000000000002 22.683333333333337 9.5000000000000018 5.2690219093387229 5.2500000000000009 23.150000000000002 -0.64202067454364042 -0.0068653836942090115 34.300000000000004 4.4129443729443736 23.450000000000003 -0.033909211984211186 11.571598058750094 0.472915057915058 10.350103635127375 0.24493664315965435 92.880011336505916 1.0000000180025095e-35 2.0391413025521126 5.5000000000000009 0.08842291230863894 5.9373688595458338 -0.019916506617594542 0.22549691358024695 4.3056259060056439 0.49854771784232371 0.54345412940433202 0.25733745330795249 0.25921282427200815 4.5990000000000011
decision_type=2 2 2 2 2 2 2 2 2 2 2 2 2 2 2 2 2 2 2 2 2 2 2 2 2 2 2 2 2 2
left_child=4 2 -2 -3 8 6 -6 -8 13 10 11 -4 16 29 15 -5 -13 -16 -19 27 21 23 -22 24 -15 26 -25 -11 -10 -1
right_child=1 3 9 14 5 -7 7 -9 28 19 -12 12 -14 20 17 -17 -18 18 -20 -21 22 -23 -24 25 -26 -27 -28 -29 -30 -31
leaf_value=-0.020039011376827107 0.021362790987063288 0.022300217409649905 -0.040485562153662231 -0.020477079048769407 0.020477542661600814 0.021373264481705321 0.001823382381995046 -0.019987082428255337 0.00038704097063954894 0.00087457029201939561 -0.042880476607850077 -0.020080013253202644 -0.021883315989310863 -0.021476464372292829 0.00092695281814536383 0.024703810899218949 0.02047731336400441 0.020945685137722422 -0.021893116644079502 -0.019580435240239134 0.021434989067407123 -0.019591133014838964 -0.020017600774711639 0.021434784638405299 0.0013652399720053008 -0.019580664537835534 -0.00045788333595938696 -0.040966206898921699 0.020945904400041619 -0.019122312681205362
leaf_weight=33.727791235921586 23.760093401165022 8.4370999122450012 8.3906576873032446 222.51539959773163 12.232595196623377 23.035323971029811 10.680847914800099 19.671381752577418 40.307066916090889 14.21209992961167 7.4483327313046166 13.370659424679159 11.42362229705577 20.056318616484305 18.105250602678097 5.6092860886692497 44.769558254125968 9.037613043496096 11.248056500511437 66.970076640179741 18.695250718989428 20.173967680124179 75.646034627971403 56.059452539913082 20.233724714731579 15.062099857982956 13.100321074614838 6.4984962898815857 34.88209996844671 255.45076940977424
leaf_count=514 192 53 22 961 50 57 30 60 405 44 33 56 49 254 59 25 162 17 43 215 136 268 799 385 165 422 86 26 290 3862
internal_value=-0.00165204 -0.00402332 -0.000363505 -0.00662346 1.83715e-05 0.00700779 0.00172712 -0.00437615 -0.00074489 -0.00208588 0.00211344 0.00408659 0.00639054 -0.00160595 -0.00728628 -0.00858014 0.00936863 0.000340866 -0.00689248 -0.00619335 0.000878897 0.00341239 -0.00296988 0.00528164 -0.00108481 0.00834531 0.0108629 0.00294602 0.00521619 -0.00366734
internal_weight=1140.81 471.796 196.844 274.953 669.015 65.6201 42.5848 30.3522 603.395 173.084 85.4028 77.9545 69.5638 528.206 266.516 228.125 58.1402 38.3909 20.2857 87.6807 239.027 144.686 94.3413 124.512 40.29 84.2219 69.1598 20.7106 75.1892 289.179
internal_count=9740 1957 799 1158 7783 197 140 90 7586 607 322 289 267 6891 1105 986 218 119 60 285 2515 1580 935 1312 419 893 471 70 695 4376
is_linear=0
shrinkage=0.0218826


Tree=6
num_leaves=31
num_cat=0
split_feature=64 49 156 45 39 13 24 15 150 147 114 146 97 142 133 119 137 35 24 2 144 192 30 196 43 32 45 4 137 72
split_gain=9.71666 9.79634 8.10007 6.83803 8.18547 6.40673 7.58292 6.13728 6.04881 7.21782 6.89659 5.61068 5.55764 5.52995 5.52411 6.85808 5.31734 5.17251 5.95952 6.70052 10.3404 6.21369 5.13517 5.85077 6.45893 5.02154 6.28398 5.13853 4.95709 4.85063
threshold=20.750000000000004 9.7500000000000018 249.29348124615703 -0.71322329076259927 1.0850000000000002 4.4017238404788497 9.9000216765444691 5.5000000000000009 0.04365822062475589 5.839150000000001 0.21689934340536751 0.12558140650403798 0.17403517342452371 3.9134249607824412 0.039179198424925545 24.763888888888893 0.045828671735980382 0.085462792252205336 7.7067298868155403 0.16401014245155451 4.4697373576470758 9.125343879914114 0.22401390916698224 9.4009368472549895 12.250000000000002 0.12800192760581755 -0.20791169081775954 1.7913330614187146 -0.46112562572139199 32.650000000000013
decision_type=2 2 2 2 2 2 2 2 2 2 2 2 2 2 2 2 2 2 2 2 2 2 2 2 2 2 2 2 2 2
left_child=1 2 12 5 14 -2 -7 -6 9 10 -3 -11 16 17 15 22 -1 -13 19 21 -21 -19 -5 24 -24 26 -20 -27 -23 -14
right_child=3 8 -4 4 7 6 -8 -9 -10 11 -12 13 29 -15 -16 -17 -18 18 25 20 -22 28 23 -25 -26 27 -28 -29 -30 -31
leaf_value=0.021800878292765821 -0.020506944623504025 0.0018329336710155685 0.0022511514290589289 -0.0004779630892427353 -0.021401788850141046 0.041382201161749649 -0.020068203567497625 0.021373757653774941 -0.040547989358074084 0.00088549714701988927 -0.02009072575372332 -0.040037469439596976 -9.5761576150937377e-06 -0.040984462201717226 -0.022392280674004231 -0.021380388063704341 -0.019141021561555081 -0.041004512071170091 0.022351478423784963 0.0018126548285585617 -0.04101566844096273 -0.020089614169613093 0.0013144078816229136 0.021381938606844446 -0.019610091043741056 0.0022716845427007341 -0.020944304771299594 -0.020027376778081443 0.020009165653048461 -0.019549712137786047
leaf_weight=13.325449008606485 51.010596183055895 4.069205015892293 65.400956378683304 26.584481446610198 3.780624858273085 11.378318711642352 4.747763008112087 31.75033833470161 21.701790670614628 11.990756067990331 55.897654858050601 45.293338619540236 217.96787879831004 22.451833460736452 18.562581957741941 17.416314365599192 5.5798380258231637 13.199397912949733 14.888082277761443 53.648851929378907 10.031772523878315 6.7250459789925143 54.207089179768445 36.99220324845578 8.6341121317796006 7.3089836636445389 8.6466606148899228 97.715480703266394 20.919236731459478 178.98471193050523
leaf_count=190 439 27 700 196 27 119 34 180 90 62 362 249 2020 57 99 152 116 59 50 225 28 18 277 261 40 29 48 340 77 3169
internal_value=-0.00159436 -0.00270647 -0.000601503 0.00206532 0.00411666 -0.00391364 0.00775099 0.0135244 -0.00526012 -0.00457165 -0.0115008 -0.00320737 -0.00173619 -0.00380978 0.00198284 0.00345909 0.00958458 -0.00292971 -0.0015831 0.00226821 0.00669225 -0.00455072 0.00525636 0.00752908 0.00332327 -0.0047331 0.00421329 -0.00678405 0.00132424 -0.00230144
internal_weight=1140.81 875.747 481.259 265.064 197.928 67.1367 16.1261 35.531 394.488 372.786 59.9669 312.819 415.858 300.829 162.397 143.834 18.9053 278.377 233.084 104.524 63.6806 40.8437 126.418 99.8334 62.8412 128.559 23.5347 105.024 27.6443 396.953
internal_count=9740 7916 6195 1824 1232 592 153 207 1721 1631 389 1242 5495 1180 1025 926 306 1123 874 407 253 154 774 578 317 467 98 369 95 5189
is_linear=0
shrinkage=0.0218826


Tree=7
num_leaves=31
num_cat=0
split_feature=99 135 49 119 222 151 64 133 156 98 154 162 1 97 46 80 27 154 92 35 156 34 10 29 156 208 100 72 162 105
split_gain=8.999 7.66247 7.33586 7.97276 7.5301 7.33399 7.07162 7.00673 6.50593 8.48345 6.22851 6.36105 6.15428 6.05802 7.76705 6.20248 5.83327 5.91493 5.70807 5.50536 5.35627 5.32654 6.04964 5.3834 6.28597 5.19389 5.2714 5.14321 5.62955 7.25396
threshold=0.043517714826797137 -0.045796312728716738 9.7500000000000018 23.81666666666667 10.180096590909095 1.0433835019102704 17.450000000000003 -0.012468634659211426 194.58633616858887 0.055632930981120397 2.9068579951955722 -0.4270809756307869 6.0010000000000003 0.27223676556137294 1.0000000180025095e-35 39.650000000000013 0.22653541456874654 1.5199714896672407 11.083001903253574 0.090407261314365286 301.89290094484676 0.22392240600674812 9.0627650413571619 0.08748484659694665 218.3180592565059 4.7666052211524264 0.024742373227221715 21.150000000000002 -1.0000000180025095e-35 0.51564027370478993
decision_type=2 2 2 2 2 2 2 2 2 2 2 2 2 2 2 2 2 2 2 2 2 2 2 2 2 2 2 2 2 2
left_child=2 -2 5 4 6 8 -4 -6 9 12 11 -10 -1 14 15 -5 -8 -18 -15 -7 -12 -19 -23 -24 -25 26 -14 -13 -29 -30
right_child=1 -3 3 13 7 19 16 -9 10 -11 20 27 25 18 -16 -17 17 21 -20 -21 -22 22 23 24 -26 -27 -28 28 29 -31
leaf_value=-0.019580674685262082 0.0022830361702481381 -0.019151753266197318 -0.018713711429523446 -0.018693840802988505 -0.039639087086674872 -0.019142396912689427 0.020967075888934497 0.020498020373580467 0.0013761379217049215 0.020498041308217599 -0.021902278276815235 -0.020476410899487079 -0.020088502480456464 -0.040557137236368217 -0.020078896439010892 0.0017725453861233958 0.021343633651844374 -0.020504725284299762 0.04138216669942487 0.02087436421410447 0.064253263400040256 -0.0204859879211849 0.020904668315880174 0.042339652807143122 -0.018676054665348059 -0.020049953394490047 0.020417781738047747 -0.041991887540991639 0.0013032566345152852 -0.019550629223125244
leaf_weight=141.61459830327908 10.151522710983725 141.64555387962832 149.92950640954587 7.1815922274138293 7.2263475150211915 14.746790383049982 28.706146688156878 17.075115386281595 127.95029993533262 9.2891511452985451 12.347247241263629 21.116213838507065 2.9306322075528959 33.380471864254105 52.027706503868103 27.452097371527543 14.774244169393567 7.5480100267463959 6.1813047667192214 63.472899274078372 2.8305227270263904 28.916220736188279 19.587142222411785 7.0594340059906271 18.413168372462451 4.987265684519115 16.611529348775548 10.421509644420892 106.23309757788707 29.004006429129504
leaf_count=1517 60 1284 656 65 27 224 109 41 1265 153 152 191 100 157 92 255 47 20 18 552 31 106 86 30 59 55 163 73 1851 301
internal_value=-0.00120601 -0.00615376 -0.000439091 -0.00260784 -0.000644715 0.00119408 -0.00169743 0.0108145 0.000180623 -0.00317116 0.00209135 0.00281434 -0.00435042 -0.0072038 -0.00385043 0.0040623 0.00212185 -0.000451888 -0.0142496 0.00737724 -0.0111891 -0.00281848 -0.000894211 0.00405341 -0.00248163 0.00556983 0.0107117 0 0.00147308 0.00271344
internal_weight=1140.81 151.797 989.014 425.459 299.235 563.556 274.934 24.3015 485.336 175.433 309.903 294.725 166.144 126.223 86.6614 34.6337 125.004 96.2982 39.5618 78.2197 15.1778 81.524 73.976 45.0597 25.4726 24.5294 19.5422 166.775 145.659 135.237
internal_count=9740 1344 8396 1768 1181 6628 1113 68 5852 1988 3864 3681 1835 587 412 320 457 348 175 776 183 301 281 175 89 318 263 2416 2225 2152
is_linear=0
shrinkage=0.0218826


Tree=8
num_leaves=31
num_cat=0
split_feature=49 213 84 34 62 122 34 21 33 42 155 136 39 143 136 29 121 137 91 78 152 147 195 104 46 36 208 93 131 156
split_gain=10.4116 10.1018 9.5981 7.99443 7.83379 7.2395 7.22035 7.13425 7.03453 6.95982 8.8326 9.66019 6.36128 6.16543 5.9765 5.85897 6.97663 5.89492 5.49061 5.45108 5.4333 5.31193 5.2258 5.34945 5.50187 5.30661 5.94052 5.47783 5.46395 5.12393
threshold=13.000000000000002 3.0873015873015874 61.45000000000001 0.24509813275389902 15.450000000000001 4.0000000000000009 0.23361802681611932 3.3771267756633616 0.32963357803506238 82.450000000000017 1.8549840553032215 -1.838870891709677 1.0980000000000003 -2.6354242532725007 -1.2981180011959819 0.092878405024861541 0.71528257716433463 -1.5749212268281545 4.167669553810927 16.150000000000002 1.0000000180025095e-35 5.839150000000001 44.086246151609167 13.498466257668714 7.5000000000000009 0.54505747104309699 6.663050373056544 3.6903535684599293 0.38435365816365186 215.59141587331609
decision_type=2 2 2 2 2 2 2 2 2 2 2 2 2 2 2 2 2 2 2 2 2 2 2 2 2 2 2 2 2 2
left_child=2 -2 7 6 -3 -6 -4 9 -5 20 -11 -12 -13 -9 -7 17 -17 18 -15 -16 -1 -10 23 25 -25 26 -19 -27 -28 -18
right_child=1 4 3 8 5 14 -8 13 21 10 11 12 -14 15 19 16 29 22 -20 -21 -22 -23 -24 24 -26 27 28 -29 -30 -31
leaf_value=-0.018203398890827178 0.001735986790415926 -0.019669844901651776 -0.018743336048266553 -0.019240494652075269 0.020866968581524509 -0.061502167000824302 -0.021045534681171429 -0.019692366985336621 -0.019587358976379442 0.020049469407874512 0.022689896498326544 -0.022009894367864397 0.020489503114562713 -0.038771678894645417 -0.018670660073067589 -0.021024352954169212 0.0018175608367693469 0.02040593920112466 0.065589521155493588 0.0021920802172998894 0.00086783582201045597 0.0017533584941729669 -0.00010922019799190389 -0.021145164122139192 0.019513582136641599 -0.019619935110236974 -0.018295283377314075 0.00081817181053467369 0.021844543468562103 -0.017837574156834797
leaf_weight=105.16521877215359 18.099053229199626 41.117842348763816 89.867969737956855 16.313442717065072 15.293174332240595 15.545118809840003 38.184330847840329 30.981950213866412 15.046885968318973 18.693287601881138 4.8282725671506332 61.664673016085544 10.615109901945287 10.557704909829225 90.577730037781748 20.508796511531045 47.591804601131116 144.9464045796542 4.0946808198254976 20.134889766573224 59.79017587129033 91.646372082020207 43.998884575856437 7.5548190259166841 4.4517773985862732 9.2305362648726241 9.0474980442440955 26.762514906565684 8.368988393856851 60.131440742871064
leaf_count=1356 55 109 793 218 32 59 304 134 295 172 30 444 80 54 336 209 426 1270 43 75 757 785 724 74 7 68 78 207 149 397
internal_value=-0.00111822 -0.00563157 -0.000146993 -0.00380597 -0.0071923 -0.00466779 -0.00761564 0.00118466 0.000158502 -0.00165814 -0.00632784 -0.00960108 -0.0116738 0.00292282 -0.0064119 0.00366377 -0.000162751 0.00549436 -0.00761015 -0.00451312 0.00105263 0.0022568 0.00628301 0.00771352 -0.00600754 0.00858056 0.0102603 0.000860133 -0.0015939 0.00206176
internal_weight=1140.81 200.768 940.044 251.059 182.669 141.551 128.052 688.985 123.007 260.757 95.8013 77.1081 72.2798 428.228 126.258 397.246 128.232 269.014 14.6524 110.713 164.955 106.693 254.361 210.363 12.0066 198.356 162.363 35.9931 17.4165 107.723
internal_count=9740 666 9074 2395 611 502 1097 6679 1298 2839 726 554 524 3840 470 3706 1032 2674 97 411 2113 1080 2577 1853 81 1772 1497 275 227 823
is_linear=0
shrinkage=0.0218826


Tree=9
num_leaves=31
num_cat=0
split_feature=85 123 49 150 63 147 8 89 185 139 176 94 46 96 206 88 36 147 34 21 155 218 210 34 143 114 137 40 67 40
split_gain=8.17193 8.03568 10.1094 8.05629 7.71178 7.50424 7.09058 6.80838 7.04214 8.09303 6.60167 6.38502 6.83222 6.05177 8.07529 6.73925 5.91155 5.81827 5.68026 5.67702 5.56948 5.5038 5.44795 5.44742 5.2484 5.38816 6.64742 5.74077 5.42309 5.22419
threshold=21.450000000000003 4.0000000000000009 11.750000000000002 0.042936409624505338 13.750000000000002 5.7777000000000012 2.0952387737714164 1.5225395310570422 5.2500000000000009 2.0111583389063203 0.01924562918280354 0.20970193156191788 10.500000000000002 0.30530333467255932 10.303211799008453 93.201683816033025 0.29951631000879697 16.602400000000006 0.20531220897095684 3.3265239666096202 1.7229980714527904 0.0018000452542690506 5.2950182478907157 0.23737641091618258 -3.6525599528822856 0.29352812126047073 -0.086980964724071561 7.8604043764113145 38.050000000000004 9.0593292263524656
decision_type=2 2 2 2 2 2 2 2 2 2 2 2 2 2 2 2 2 2 2 2 2 2 2 2 2 2 2 2 2 2
left_child=5 6 7 4 -4 -1 18 8 24 -10 13 12 16 15 -15 22 -7 -13 -2 21 -18 -11 -6 -12 -3 -26 27 -27 -28 -29
right_child=1 2 3 -5 10 11 -8 -9 9 19 23 17 -14 14 -16 -17 20 -19 -20 -21 -22 -23 -24 -25 25 26 28 29 -30 -31
leaf_value=-0.018709012743106712 -0.019147675916737425 -0.039238718539859239 -0.038790450194802754 -0.039289998634322171 -0.039738824955762503 -0.038791371665409212 -0.017877039776538189 0.0430784537077065 -0.018283281828428692 0.020848290762086212 0.00081671234617754522 -0.018752736582044818 -0.039668639623377334 -0.061173379430085981 0.023080185238941873 0.002144111697391397 -0.019201053494630131 0.023036940459720628 0.020440715899860112 0.019908565582365024 0.020379209721741579 -0.018225376425623954 0.023148344878669135 -0.0392402839187194 -0.00047443244391806919 -0.03965605368455264 -0.018342328832323729 0.021724167356532716 0.020897043898819453 -0.018738965382411151
leaf_weight=44.841036430143959 9.3977639797376451 10.468284464122688 22.043320802168637 17.141328206722392 10.404484911078272 4.4617819539823804 22.23127704160288 11.41422786894759 11.25756840951726 6.4721965847127221 10.704817196326077 152.31648203234272 7.6282438039779654 16.022630688672511 9.4310552446145248 62.114893705097529 6.8524392058634467 5.2432086133928797 49.150957487465348 37.037762723890637 42.260801146013819 10.366417563753201 6.13108433279558 20.079008608207459 384.05158344935148 6.2269528934721157 85.312985476508857 35.117973199898188 16.317945761395549 8.3108348109378749
leaf_count=597 36 69 70 54 73 50 60 111 24 32 37 1009 16 65 48 238 78 28 152 82 354 25 18 66 4287 111 1270 419 115 146
internal_value=-0.000886839 0.000126055 -0.000539826 -0.00519097 -0.00355803 -0.00425942 0.00666998 0.000761117 0.000431861 0.00718932 -0.00153143 -0.00254696 0.00339052 0.00109227 -0.00798525 0.00412022 0.00623343 -0.0048785 0.0106386 0.0107267 0.00852206 0 -0.00793914 -0.010305 -0.000378222 -6.11577e-05 0.00341989 0.0099137 0.000163853 0.0127474
internal_weight=1140.81 877.207 796.427 174.073 156.931 263.604 80.78 622.355 610.941 65.1339 134.888 218.763 61.2033 104.104 25.4537 78.6505 53.575 157.56 58.5487 53.8764 49.1132 16.8386 16.5356 30.7838 545.807 535.338 151.287 49.6558 101.631 43.4288
internal_count=9740 7608 7360 669 615 2132 248 6691 6580 163 545 1535 498 442 113 329 482 1037 188 139 432 57 91 103 6417 6348 2061 676 1385 565
is_linear=0
shrinkage=0.0218826


Tree=10
num_leaves=31
num_cat=0
split_feature=63 49 84 35 104 136 218 201 63 52 110 64 60 220 118 204 213 59 19 82 9 85 43 100 41 114 106 29 120 53
split_gain=8.78969 6.76869 9.22287 10.1434 7.7949 7.40997 6.79016 6.55712 5.90395 6.77611 6.33897 5.89127 5.73131 6.67415 5.7048 7.91203 6.57655 5.70473 5.57786 5.67586 5.36482 11.2458 7.4076 6.90994 5.92848 5.49637 6.3216 5.28226 5.07206 6.88156
threshold=28.050000000000004 9.7500000000000018 61.45000000000001 0.089541226076169739 10.579030771917742 -1.0070516682505779 0.044372223959081504 6.5179623361511192 22.250000000000004 0.19550132275132279 0.3032790650446569 10.950000000000001 0.39156391770513915 -0.0075698843070572596 22.900000000000002 0.44805660377358497 5.0328330206378995 0.24333736304473189 5.5000000000000009 32.150000000000013 0.20287870403331273 21.750000000000004 6.8500000000000005 0.025723738626964438 3.0717766006896916 0.29426694535682302 1.3907039675275581 0.09634103469271825 0.71986064191741261 0.54851243862462906
decision_type=2 2 2 2 2 2 2 2 2 2 2 2 2 2 2 2 2 2 2 2 2 2 2 2 2 2 2 2 2 2
left_child=1 2 3 6 28 17 12 11 20 10 14 -4 13 -1 15 -10 -16 -3 19 -19 21 22 -7 -23 -25 26 -22 -24 29 -5
right_child=-2 5 7 4 -6 8 -8 -9 9 -11 -12 -13 -14 -15 16 -17 -18 18 -20 -21 25 23 27 24 -26 -27 -28 -29 -30 -31
leaf_value=-0.017940950105935147 0.00079884051734210946 -0.039683205590457064 -0.019636516873272988 0.0007585347237618373 -0.018630793074110256 -0.038847819304488974 0.067758972906742931 -0.018333143357356613 -0.01973844397537218 0.0021665223689087553 0.02187722407251368 0.0025339625545196375 -0.020137683806492189 0.019584922719695752 0.0030036994434047655 0.0024940976078077349 -0.021061736169417949 0.021271736253500633 -0.01743128383077807 -0.038807032527371124 0.020011936602497771 -0.018233258080323299 -0.017832140559766698 -0.01655605095533166 0.022219639587591357 -0.016463567623798733 -0.038348927556805072 0.0025228354359815301 0.0025951846572660549 -0.062533491713250219
leaf_weight=11.292672769721323 204.68679743861094 29.376545199183056 3.5175599124108912 73.262137590060775 50.589469916566713 23.853824467091954 6.6974054983770648 135.69184420091665 9.207198241437025 15.761366382252616 11.426522698063534 18.353600752599277 38.105467406780917 18.229882446406691 6.5574758300076601 24.32435261056321 34.261501980358844 9.1624865109124567 35.889162356556426 4.1986265366112994 7.0868602011114481 16.776354116584116 32.521519568196481 12.130939819625381 31.347112453900536 36.554905174651594 67.719257225442107 14.588283956660687 148.59458313308346 9.0456322019690543
leaf_count=115 1648 100 19 1117 427 166 66 1577 36 82 57 161 843 241 25 106 135 54 135 11 35 87 118 71 105 164 264 51 1615 109
internal_value=-0.0012171 -0.0021172 -0.000420363 0.00152517 0.00343069 -0.00416579 -0.00560969 -0.00481899 -0.00275517 0.00164346 -0.000789364 0.00606337 -0.00775456 -0.00036533 -0.0031935 0.00338801 -0.00863586 -0.01021 -0.00541895 0.00624732 -0.00460848 -0.00156452 -0.0074473 0.00531967 0.0099018 -0.00813059 -0.0115038 -0.00224357 0.00513932 0.0007279
internal_weight=1140.81 936.125 513.38 355.817 281.492 422.744 74.3254 157.563 344.117 101.538 85.7771 21.8712 67.628 29.5226 74.3505 33.5316 40.819 78.6268 49.2503 13.3611 242.579 131.218 70.9636 60.2544 43.4781 111.361 74.8061 47.1098 230.902 82.3078
internal_count=9740 8092 6290 4533 3268 1802 1265 1757 1502 441 359 180 1199 356 302 142 160 300 200 65 1061 598 335 263 176 463 299 169 2841 1226
is_linear=0
shrinkage=0.0218826


Tree=11
num_leaves=31
num_cat=0
split_feature=64 41 26 30 3 99 123 84 105 43 17 110 203 102 61 93 201 57 137 42 1 36 41 193 30 99 139 220 5 18
split_gain=9.72121 7.36877 7.5336 7.27744 6.71732 6.04924 6.19474 7.89361 5.89534 6.1147 5.45833 7.6798 5.4464 6.97154 6.12051 7.53738 7.49525 5.70654 6.1615 7.53078 5.28856 5.70061 6.91351 5.84748 6.36469 7.18386 6.81081 6.05027 5.9987 5.92564
threshold=20.350000000000005 2.7012443658751679 4.3188104928585913 0.23933003202284389 11.769912726528149 0.053616178281057643 4.0000000000000009 60.050000000000004 0.38799283154121872 7.4500000000000011 5.1650000000000009 0.2821266160552896 5.3445984944358669 5.5000000000000009 0.28861685057007003 2.9875585663443394 8.6925247759336219 47.596740334892893 -1.035852604200787 83.850000000000009 6.7900000000000009 0.5554143191070563 3.5883190158899705 18.976974224377756 0.23183577200728614 0.034022509527371167 7.5073494199693069 0.018158260080228007 1.5033160602617708 1.5000000000000002
decision_type=2 2 2 2 2 2 2 2 2 2 2 2 2 2 2 2 2 2 2 2 2 2 2 2 2 2 2 2 2 2
left_child=1 2 3 -1 5 6 8 12 9 -3 -10 -12 14 17 -8 -16 -17 18 -14 -20 21 23 -23 24 25 26 28 29 -2 -26
right_child=20 4 -4 -5 -6 -7 7 -9 10 -11 11 -13 13 -15 15 16 -18 -19 19 -21 -22 22 -24 -25 27 -27 -28 -29 -30 -31
leaf_value=0.042344811249751597 0.019081166812610538 -0.019254964563743055 -0.019276840068161688 -0.038059206228564534 -0.021579333973830103 -0.018448606766095537 0.019529933698350155 -0.018272944193213559 0.0029851704694936927 0.0015777035443648971 0.021267945684752518 -0.017880885223012094 0.0029873661251424923 -0.058955854973855033 -0.019296981953606095 0.00023646693824641107 0.021171038482355554 -0.022013563065542641 0.00070370728829101273 -0.018372821820040026 -0.020633875106760045 -0.020490919129432 0.018480667439200127 0.019829686942793658 0.020442197338150146 -0.019654459627580719 -0.017860300441816128 -0.01969394071824224 -0.019687540167171409 0.00075008854396594476
leaf_weight=15.867470566240856 38.413179858143849 28.723820156767033 45.797555153157418 12.705622059081177 34.605579301141006 21.686382823890654 16.700829796169046 181.41378969289644 63.900526540935971 35.59559727011947 15.302594313106963 26.081784150737803 16.414760379394011 9.7680779714137298 19.310761786385683 127.44494313475707 38.658395110996025 18.165554412064012 95.329295110461999 44.45882375811766 7.5240943562657767 28.168400762333249 12.004337330968381 30.300737142896651 54.118515021746362 21.476684700246324 7.236425337268428 15.974256913798852 9.7431030169132082 47.919450668299078
leaf_count=311 285 109 666 306 248 228 99 1994 185 98 44 106 136 21 154 1484 249 73 890 264 58 214 67 142 394 207 46 145 92 425
internal_value=-0.000725964 -0.00186067 -0.00841699 0.000314979 -0.00123442 -0.000794469 -0.000448558 -0.00154882 0.0032057 -0.00196311 0.00638366 9.90497e-05 0.000214106 -0.00249384 0.00269662 0.00150339 0.003037 -0.00142168 -2.52262e-05 -0.00155793 0.00286664 0.00340566 -0.0040861 0.00476574 0.00332238 -0.00153696 0.00260325 0.00650279 0.00568134 0.00847068
internal_weight=1140.81 867.932 74.3706 28.5731 793.562 758.956 737.27 567.665 169.604 64.3194 105.285 41.3844 386.251 184.137 202.115 185.414 166.103 174.368 156.203 139.788 272.879 265.355 40.1727 225.182 194.882 76.8694 55.3927 118.012 48.1563 102.038
internal_count=9740 7665 1283 617 6382 6134 5906 5364 542 207 335 150 3370 1384 1986 1887 1733 1363 1290 1154 2075 2017 281 1736 1594 630 423 964 377 819
is_linear=0
shrinkage=0.0218826


Tree=12
num_leaves=31
num_cat=0
split_feature=49 84 118 115 73 21 115 36 71 182 203 64 114 115 165 218 54 109 133 50 81 105 44 217 144 222 34 218 32 60
split_gain=8.53956 12.6804 8.65438 7.14567 6.92397 6.57582 6.46534 6.54355 5.99059 6.89161 6.68662 6.22126 6.31367 6.15112 7.41745 6.03425 6.01955 5.9885 5.91142 5.89447 6.76978 7.87232 6.51776 6.24116 5.7677 6.07277 5.72896 7.28642 5.78187 5.64976
threshold=10.250000000000002 60.850000000000001 21.633333333333336 0.27713887052948527 32.95000000000001 3.0751157789264032 0.32614508253894453 0.59729584923917001 17.850000000000005 -0.0055415603585637343 3.6126433696639424 18.150000000000002 0.28405728886498122 0.27364524987764433 0.27348633365505454 -0.0088251915818879905 7.2588661321377304 75.937646507266777 1.0000000180025095e-35 5.2500000000000009 0.72850000000000004 0.53158244680851074 -0.58068084432175959 0.072066701656308949 1.9952606635071093 3.2885185185185208 0.27400734385839126 -0.016705108283269068 0.13379768979146039 0.31935761900749859
decision_type=2 2 2 2 2 2 2 2 2 2 2 2 2 2 2 2 2 2 2 2 2 2 2 2 2 2 2 2 2 2
left_child=1 4 3 18 -1 -6 7 -5 17 11 -11 12 -10 14 -12 -15 -17 -4 24 20 21 22 -7 26 25 -2 -24 -28 -29 -16
right_child=2 -3 8 6 5 19 -8 -9 9 10 13 -13 -14 15 29 16 -18 -19 -20 -21 -22 -23 23 -25 -26 -27 27 28 -30 -31
leaf_value=-0.017527153395496257 0.0010791489881583859 -0.017091792590204401 -0.017786937928174918 -0.01811498954726843 -0.00053116895799235628 -0.00071773446898907233 0.042192083103422408 0.022281147603754322 -0.037536482279523643 0.0024530124239832227 0.0017118618813628296 0.022607587997973324 0.0034545568574488789 -0.018376622946534353 0.00028114416581065648 -0.01793510094137328 0.0043380483700028909 0.023418659870568292 0.020254001566705683 0.019823327583284336 0.019967712775299126 -0.018544364650881079 0.021388717349834278 -0.019691432791330083 0.019994867928282006 -0.037137674927458404 0.020322762202554894 0.018215688744132316 -0.021999741548530696 -0.036621129968063937
leaf_weight=15.891441615432539 7.1005633197448814 196.87974768968115 90.660568164604683 50.583080508840794 150.51676062403271 76.525542995245132 6.2405071003049661 6.0021306364935745 17.758514553193212 22.631025909169011 14.12298518403122 24.214815000214685 10.461141913288882 44.004725963417513 9.3442398771257995 17.053646501420872 27.817429934775419 6.8700584476400754 29.380278887152144 35.995797203038819 59.541948931441539 39.138499294522489 67.741904928533813 4.6508429068094292 16.008635369733383 13.675882818155058 6.5668584435802613 3.9780691919097526 11.587632371848256 57.866072311332118
leaf_count=77 42 2259 327 204 2037 929 46 18 81 115 42 101 48 137 18 70 219 17 108 86 422 361 1075 146 34 47 84 117 190 283
internal_value=-0.0011523 0.000433781 -0.00340488 0.00140141 0.0023829 0.00289025 -0.00382911 -0.00625341 -0.00522151 -0.00335877 -0.00527402 0.00359985 -0.00327557 -0.00676793 -0.0111018 -0.00270324 0.00287293 -0.00980869 0.00640078 0.00473125 0.00358175 0.00170194 0.00374183 0.00756433 0.000414716 -0.00699566 0.00890066 -0.000624149 -0.00886457 -0.0141102
internal_weight=1140.81 669.015 471.796 128.991 472.135 456.244 62.8257 56.5852 342.805 245.275 192.84 52.4345 28.2197 170.209 81.3333 88.8758 44.8711 97.5306 66.1654 305.727 269.731 210.189 171.051 94.5253 36.7851 20.7764 89.8745 22.1326 15.5657 67.2103
internal_count=9740 7783 1957 499 5524 5447 268 222 1458 1114 884 230 129 769 343 426 289 344 231 3410 3324 2902 2541 1612 123 89 1466 391 307 301
is_linear=0
shrinkage=0.0218826


Tree=13
num_leaves=31
num_cat=0
split_feature=64 49 203 213 37 40 106 88 40 35 132 119 131 103 144 208 17 97 133 81 35 108 147 76 75 21 51 131 118 21
split_gain=9.96215 8.97629 8.56624 8.44184 6.62647 7.64612 7.57462 9.77106 7.37782 6.42672 5.90653 6.04957 8.02317 6.90933 5.70851 5.644 5.54459 5.33403 5.60378 5.91965 6.25678 6.3437 6.60165 6.55644 5.94744 5.77609 5.5004 5.48115 5.06447 5.26388
threshold=17.650000000000002 13.000000000000002 2.5124272075719327 4.596805736636246 0.40588235294117653 9.1857388091423378 4.1785219399538116 93.048839976104674 9.8112617137154903 0.16969720095637755 0.048993410215950217 21.387500000000003 0.33442644489795925 3.3218224278856554 8.0338121881143234 3.0810560084582845 3.5000000000000004 0.17027121814355858 0.078274773424204178 0.6735000000000001 0.07992575979341833 65.22260452507561 4.4160000000000013 26.500000000000004 -1.3499999999999999 3.424160607448155 0.20750661375661381 0.45212343636515079 26.708333333333339 5.3521948608137047
decision_type=2 2 2 2 2 2 2 2 2 2 2 2 2 2 2 2 2 2 2 2 2 2 2 2 2 2 2 2 2 2
left_child=1 17 -3 -2 6 9 7 -5 -7 16 -9 13 -13 -12 -14 -4 -6 -1 19 -19 27 22 -22 24 -24 -26 -27 -21 29 -8
right_child=3 2 15 4 5 8 28 10 -10 -11 11 12 14 -15 -16 -17 -18 18 -20 20 21 -23 23 -25 25 26 -28 -29 -30 -31
leaf_value=0.01986961321365343 0.0019596817042091702 0.018821188271648942 0.0011203946698669636 -0.018138564845780039 -0.016984265268167591 -0.019011143813572242 -0.019429474240727482 0.019530766344128467 0.022532318832301688 -0.020568032146467588 0.0021805849370164945 -0.020170727896374308 0.020411244635730533 -0.039808314823683244 -0.021524717110077043 -0.035819762669513006 0.0028521694590996731 -0.017077364586086916 0.021540343456019101 -0.019690569098486127 -0.020219534520925023 0.0024706318179348657 -0.01717596965733582 -0.018216653125661682 -0.017038457005813645 -0.018102079625778388 0.020666141698417444 0.0032200265686222001 0.018927342742133542 0.0033407046063139759
leaf_weight=19.784683675792621 50.821049997460022 7.6593609933188409 13.467110306410857 31.589178743346565 10.470697640769457 32.51186294499189 47.746606281480808 29.859146786150177 6.6902614746645659 6.6295734821965189 7.7992879796661354 32.137521415168521 60.19080992067552 19.796859920500992 7.790396192111074 100.61554286130036 158.95457185461942 219.1106698695246 5.4109905633054032 25.372188322288824 17.021671222742725 37.683272056103988 46.387265848439938 26.710527205420476 29.766493898016961 9.6287551921363939 58.159377403031158 5.7847158968195336 2.9056816881457044 12.355216960114147
leaf_count=279 476 19 59 491 49 154 310 238 51 40 48 222 716 193 23 326 1036 3092 20 189 174 352 223 155 188 60 329 106 21 101
internal_value=-0.00113451 -0.00299991 -0.00831633 0.00110154 0.000167037 0.00298735 -0.00222997 -1.41797e-05 -0.00563523 0.00494181 0.00220923 0.000113236 0.00264693 -0.00878434 0.00690348 -0.00985322 0.00580508 -0.00169012 -0.00215892 -0.00243058 -0.000159031 0.00110992 -0.000531838 0.000770996 0.00264547 0.00571039 0.00921535 -0.00923205 -0.00874961 -0.0102029
internal_weight=1140.81 622.563 121.742 518.249 467.428 215.257 252.171 189.163 39.2021 176.055 157.574 127.715 100.119 27.5961 67.9812 114.083 169.425 500.821 481.036 475.625 256.514 225.357 187.674 170.652 143.942 97.5546 67.7881 31.1569 63.0075 60.1018
internal_count=9740 5571 404 4169 3693 1330 2363 1931 205 1125 1440 1202 961 241 739 385 1085 5167 4888 4868 1776 1481 1129 955 800 577 389 295 432 411
is_linear=0
shrinkage=0.0218826


Tree=14
num_leaves=31
num_cat=0
split_feature=64 49 156 103 103 159 99 113 146 135 44 41 155 45 96 45 221 40 118 176 32 96 84 35 120 53 110 75 202 83
split_gain=10.8442 8.31142 9.93064 7.21888 6.05664 8.03337 6.71856 6.40661 6.16475 6.06482 8.90266 5.93894 6.79508 5.92028 7.98182 6.33329 7.30753 8.22332 7.02102 5.88162 5.82361 5.64127 6.08784 10.3334 8.08815 7.10346 6.28101 5.87801 5.6326 5.62097
threshold=20.350000000000005 9.7500000000000018 252.42248243403512 0.90754956786985275 2.1314388041545369 0.56073961653187643 0.048559951862874248 16.500000000000004 0.12448576352848831 -1.0000000180025095e-35 1.0000000180025095e-35 2.5407835157044869 2.4970536333634539 -0.72534675097891077 0.29934139260799869 0.1478037830001481 -0.0063633795565397073 8.4768424798419755 25.366666666666671 -0.034190698871600138 0.18195985529267125 0.32793442622950825 60.650000000000013 0.08736259028773638 0.7386932337270693 0.52053839553839565 0.29454317504255328 0.45000000000000007 0.27813918797957393 80.450000000000017
decision_type=2 2 2 2 2 2 2 2 2 2 2 2 2 2 2 2 2 2 2 2 2 2 2 2 2 2 2 2 2 2
left_child=1 2 11 -3 -5 6 7 -6 -9 -10 20 12 -1 14 29 19 17 -17 -18 -15 -11 22 23 26 25 28 -13 -27 -25 -2
right_child=13 3 -4 4 5 -7 -8 8 9 10 -12 21 -14 15 -16 16 18 -19 -20 -21 -22 -23 -24 24 -26 27 -28 -29 -30 -31
leaf_value=-0.038197111471028666 0.039432083821279003 0.0018938387861413047 0.0042127417937264161 -0.018855947670480436 0.0019703968694407248 -0.034976800382526284 -0.016848941116863574 0.0018577797403555891 -0.016705004922563219 0.0024620719282896736 -0.021248686996667109 -0.018900017349727051 0.04184587709106434 -0.00090945256280481918 -0.03887994072101051 0.018785035236028608 0.01817190106636608 -0.039548202629250469 -0.021014559754508628 0.019476530146678668 -0.035489562681651037 -0.019434632330680272 -0.016403436902641358 0.0011066869942160616 0.021295049325818247 -0.01882039737440263 0.0015060192324315113 0.021710770448798062 -0.038902371591384405 -0.01698169845623736
leaf_weight=17.216626427938312 17.905639573041981 27.533474220715107 53.968052453821883 50.474649729340854 36.656629007096171 60.498537709347374 21.79959939474702 11.14152583436953 94.325749492168597 41.150782814578861 29.288829286489545 33.616504826833534 4.0427753659294003 14.488977887194777 21.630405313367874 16.194290202075535 62.250451434254956 17.059154475795594 5.9124928086009723 88.811361170671944 18.360461100119664 17.549539215131745 152.62746889751452 116.28432320204024 43.85935181085074 16.707155921798179 9.45155965946992 5.8236678201624263 5.5548992973704108 28.62641224387653
leaf_count=427 182 111 576 172 150 263 112 52 388 175 181 537 120 80 242 110 412 128 58 635 77 338 1740 1333 472 196 172 45 28 228
internal_value=-0.000732774 -0.00193116 3.34648e-06 -0.00429141 -0.00511622 -0.00394755 -0.00220051 -0.00106753 -0.00266743 -0.00365986 0.000416105 -0.00112402 -0.0121844 0.00306196 -0.00247218 0.00492222 0.000987229 -0.00727732 0.00510203 0.00871813 0.00529577 -0.000507445 5.09412e-05 0.00229451 0.00451822 0.00196311 -0.00725811 -0.00907828 0.00407636 0.00260004
internal_weight=1140.81 867.932 476.702 391.23 363.697 313.222 252.724 230.924 194.267 183.126 88.8001 422.734 21.2594 272.879 68.1625 204.717 101.416 33.2534 68.1629 103.3 59.5112 401.474 383.925 231.297 188.229 144.37 43.0681 22.5308 121.839 46.5321
internal_count=9740 7665 5984 1681 1570 1398 1135 1023 873 821 433 5408 547 2075 652 1423 708 238 470 715 252 4861 4523 2783 2074 1602 709 241 1361 410
is_linear=0
shrinkage=0.0218826


Tree=15
num_leaves=31
num_cat=0
split_feature=35 106 120 39 74 27 22 50 192 69 91 203 39 152 29 156 220 139 154 87 106 218 162 178 119 223 68 45 52 156
split_gain=7.99501 8.09543 6.70159 7.791 8.47165 6.72193 6.4764 6.3278 6.25786 7.86585 6.17181 6.96637 6.94185 6.0666 6.03077 5.93506 7.11578 6.61267 6.24372 5.71448 5.64192 7.04786 5.45317 7.00206 5.27616 6.38375 7.47535 5.2323 7.48259 5.10517
threshold=0.086931686090755536 0.95574098610210589 0.735321917046592 1.0850000000000002 0.36950000000000005 0.26451673363513839 3.2147421093148583 7.7500000000000009 8.6079534106530531 21.350000000000005 4.6174156221827545 3.8631395515434019 1.0485000000000002 -0.02341061793584396 0.077755871580366662 178.75601359824847 0.0043105175651967651 6.6215581344045225 1.1307486912774818 0.46416962064444084 5.7452926376633 0.00033887056826702183 -2.4350863805503269 0.037786648630006518 24.645833333333339 1.4583800000000002 1.6500000000000001 -0.41467745240824966 0.15686640211640215 226.91509550028402
decision_type=2 2 2 2 2 2 2 2 2 2 2 2 2 2 2 2 2 2 2 2 2 2 2 2 2 2 2 2 2 2
left_child=6 14 3 15 5 -5 27 8 13 20 12 -12 -8 -4 -2 16 18 24 -3 -6 21 -10 -14 -24 25 26 -17 -1 -29 -13
right_child=1 2 7 4 19 -7 10 -9 9 -11 11 29 22 -15 -16 17 -18 -19 -20 -21 -22 -23 23 -25 -26 -27 -28 28 -30 -31
leaf_value=-0.019048061177660884 0.020644266001537549 0.0018171266001294479 -9.0235687480611914e-05 0.0010334280902278745 0.0013942764482843617 0.020216192523776582 -0.035274296230287744 -0.015976319744449227 0.018166097947615322 -0.019012622327876164 0.0041819345626880593 -0.016875085746155087 -0.016990103879672036 0.0024657643171264402 0.00054973754675286392 -0.00015256287236367605 -0.017580477448921453 -0.038051084685256732 -0.017608438901616459 -0.035149481589206034 -0.019348345930413003 -0.016393948352236135 0.017452389036688665 -0.036735988763379829 -0.018674224870483973 -0.01679096048045103 0.019566943237388921 -0.00017707581247674271 0.021327444797274026 0.0024081952747912094
leaf_weight=22.741142142317358 27.143541937187592 15.919830297433235 48.229891188863121 33.085280906080698 13.783711626425204 39.512587299849429 79.751819718059323 16.744706004858472 48.290894048856899 18.265103748602087 12.493693138939078 15.053277920884286 14.763691522174666 91.418419686428706 52.948943853279161 271.24239689831666 42.47248366413055 32.394526489802729 44.502999231242484 15.46132944244914 13.495806722670748 27.018809092854099 18.404917903612844 6.1355140958103211 42.145256447416614 10.260466030842506 24.80411383091382 15.484116970971625 19.950613681530058 6.8914630539106829
leaf_count=289 176 112 375 337 97 300 957 39 395 128 109 181 119 666 328 2278 338 274 431 124 96 217 249 72 421 68 122 186 189 67
internal_value=-0.00107615 -0.000196769 -0.000829489 -0.00213532 0.00333173 0.00733673 -0.00490625 0.00205879 0.00296311 -0.00099015 -0.00725567 0.000808039 -0.00960396 0.00600464 0.00641378 -0.00329634 -0.00795054 -0.00201665 -0.00298945 -0.00643709 0.00170228 0.00408726 -0.00192849 0.00428382 -0.00111496 -9.72921e-05 0.000501064 0.00125421 0.00650076 -0.00647352
internal_weight=1140.81 929.141 849.049 585.585 101.843 72.5979 211.67 263.464 246.719 107.071 153.494 34.4384 119.056 139.648 80.0925 483.742 102.895 380.847 60.4228 29.245 88.8055 75.3097 39.3041 24.5404 348.452 306.307 296.047 58.1759 35.4347 21.9447
internal_count=9740 7322 6818 4902 858 637 2418 1916 1877 836 1754 357 1397 1041 504 4044 881 3163 543 221 708 612 440 321 2889 2468 2400 664 375 248
is_linear=0
shrinkage=0.0218826


Tree=16
num_leaves=31
num_cat=0
split_feature=99 135 85 43 100 66 217 95 36 1 22 53 99 152 9 113 204 120 99 38 53 175 210 176 217 178 64 147 10 109
split_gain=7.57507 7.2414 6.29857 7.60796 8.76306 6.99782 6.93379 8.0043 6.49821 5.83597 6.24163 8.20138 6.00273 5.64961 5.42458 6.18661 5.94944 6.1294 6.27108 5.64681 5.11139 5.23503 5.0982 6.06994 4.96246 8.32033 4.78065 6.73335 4.71702 4.61767
threshold=0.043517714826797137 -0.045796312728716738 21.450000000000003 6.4500000000000011 0.061686115339083379 29.300000000000001 0.0013603720840562885 0.21629000510315669 0.50056818650466373 6.4010000000000007 2.4859126984126987 0.33962550607287456 0.022201684124050117 0.10706689376679022 0.20355002624493934 18.500000000000004 0.46790551052157542 0.73559428767707902 0.037273891249863793 1.0210000000000001 0.4699177319712084 0.24765622711159291 3.7555857867264755 0.006232238816772929 0.047779608635207423 0.017561010049057389 17.750000000000004 5.9178500000000005 5.1943175462059274 52.553237722729257
decision_type=2 2 2 2 2 2 2 2 2 2 2 2 2 2 2 2 2 2 2 2 2 2 2 2 2 2 2 2 2 2
left_child=2 -2 3 -1 5 8 7 -7 -5 10 12 22 -4 -14 15 19 17 26 -19 -13 21 -11 23 -12 -3 -26 -16 -28 -9 -18
right_child=1 24 9 4 -6 6 -8 28 -10 20 11 14 13 -15 16 -17 29 18 -20 -21 -22 -23 -24 -25 25 -27 27 -29 -30 -31
leaf_value=-0.01652164298081641 0.0036232240103979958 -0.016347217991620606 -0.0001855723519685746 0.0032004175221150054 0.0032018694987325912 0.021095950779384438 -0.018265583379900727 0.042811889791623821 -0.037941848024833885 -0.038882078926569356 -0.036486365369078282 -0.018990053584198793 0.0014352876506770252 0.019922269474875732 -0.034667043186362795 0.0021602987856118648 0.0031824012414562752 -0.015428468626535713 0.024144932659203318 0.0009468504905217306 -0.035093048461907285 0.0021719627816285513 0.021504682257295831 0.019124016841927279 0.024921983521198107 -0.038213200854121471 -0.021059824582766992 0.00066055851640283076 -0.036439077805565503 -0.00013252621640705487
leaf_weight=66.423558231338802 10.151522710983725 120.63841722252937 41.677930537008251 38.811591507466119 23.629492639903901 11.748047942441646 58.362991525173811 2.6359055414213826 12.870642377295097 9.2736498041379019 12.664109494588503 25.678504596626453 60.497766203163792 38.119250618002525 70.444756705495138 108.48451502376065 24.906305606972182 40.589515376173722 13.172913672132152 7.3921314821448041 17.077577191731052 23.956152653535128 32.673058952216479 8.1822574934953973 12.056683286599993 8.9504533704989608 13.421213967943229 40.668476110783104 14.44693842192555 171.20501832922537
leaf_count=761 60 1006 387 227 113 61 370 15 58 95 131 290 513 165 627 1049 145 430 83 96 150 187 320 65 173 105 227 460 166 1205
internal_value=-0.00111556 -0.00565519 -0.000411641 -0.0035887 -0.0010008 -0.00312833 -0.00689793 0.00176328 0.00318033 0.000543941 0.00106087 3.44646e-05 0.00518127 0.0081104 -0.000810333 0.00281876 -0.0021938 -0.00507863 0.00103703 -0.00533076 -0.0065905 -0.00137633 0.00812779 -0.000213091 -0.0069625 0.00265643 -0.00773337 -0.00270591 -0.00757086 0.000423179
internal_weight=1140.81 151.797 989.014 228.929 162.506 138.876 87.1939 28.8309 51.6822 760.085 709.778 569.483 140.295 98.617 515.963 141.555 374.408 178.297 53.7624 33.0706 50.3074 33.2298 53.5194 20.8464 141.646 21.0071 124.534 54.0897 17.0828 196.111
internal_count=9740 1344 8396 1771 1010 897 612 242 285 6625 6193 5128 1065 678 4612 1435 3177 1827 513 386 432 282 516 196 1284 278 1314 687 181 1350
is_linear=0
shrinkage=0.0218826


Tree=17
num_leaves=31
num_cat=0
split_feature=49 116 84 147 34 63 96 134 152 162 86 101 34 185 99 89 109 95 43 6 177 97 122 62 8 34 142 32 89 84
split_gain=7.48128 10.4625 8.80088 8.82043 9.5156 7.97273 8.33982 8.10927 7.25591 6.55831 7.03372 7.65574 6.33205 5.64466 9.78243 8.01882 7.47193 5.64964 5.95914 5.52642 5.52514 6.20643 5.72298 5.45318 5.32237 5.22447 7.90185 6.33556 6.04829 5.37635
threshold=13.000000000000002 9.5000000000000018 60.850000000000001 5.7777000000000012 0.24509813275389902 13.750000000000002 0.30530333467255932 1.4829282866385103 0.1449634748954505 -6.0969916415201082 -1.4804676573586082 0.037290256790581261 0.23318531476073978 5.2500000000000009 0.025289592557806703 1.3438964303951695 58.786764705882355 0.27532056551043899 18.250000000000004 2.9044760117930855 0.13079116179615113 0.25885338907136463 4.0000000000000009 27.150000000000002 1.0000322887821111 0.27400734385839126 3.4542731741421506 0.17591202211517679 0.019176016140725952 44.750000000000007
decision_type=2 2 2 2 2 2 2 2 2 2 2 2 2 2 2 2 2 2 2 2 2 2 2 2 2 2 2 2 2 2
left_child=2 19 9 -4 12 -3 7 8 20 10 -1 -12 -5 15 -15 17 -16 25 23 -2 -7 22 -22 -19 -23 26 29 28 -27 -11
right_child=1 5 3 4 -6 6 -8 -9 -10 13 11 -13 -14 14 16 -17 -18 18 -20 -21 21 24 -24 -25 -26 27 -28 -29 -30 -31
leaf_value=-0.01650621172296534 -0.0011738497347900713 -0.016852827260935316 -0.018868846472563646 -0.015176901526761537 0.0017750852252802409 0.004044032168178638 -0.036919844003929739 -0.036540741681076988 0.0043120685731936484 -0.019491416903243051 0.00032882746517866156 0.02022616886684226 -0.016528214706161962 -0.016120309941782634 -0.0012212191968170561 0.039616754955801657 0.019724225571282568 -0.018033455671330557 0.017716157196340076 0.020658237580974737 0.0012937006041059101 -0.035599788649600929 -0.035979381108258816 0.00018973337355489265 0.019456835269871312 0.022326006495272825 -0.015845690187293687 -0.019088092478118893 -0.016847726541111052 0.0014143072656088069
leaf_weight=23.811524355201982 3.3588971546362236 42.251918296328768 42.943800752572315 83.19425925538394 112.82306832844915 11.915607743122107 34.203167793104512 9.028415973657955 17.34825673513933 7.6731018116688565 44.487728230970333 43.706485561646332 33.008515454301005 26.249231493412935 13.128275664458213 11.389329092277874 32.897709182639119 123.86968681240637 4.73341736352313 11.677612372835936 11.334181660553439 11.096354016504394 31.410056144616647 52.573369352711097 17.143340633899697 21.401071991673689 21.358690123013048 22.539662747310331 30.202997872272817 188.05161462642263
leaf_count=50 19 98 694 669 1037 41 107 29 60 71 310 305 277 59 32 133 78 1572 23 85 23 36 108 511 60 362 112 196 320 2263
internal_value=-0.00102005 -0.00484623 -0.000196135 -0.00351157 -0.00176922 -0.00629062 -0.00375833 -0.000744736 0.00107743 0.0011515 0.00596313 0.00880817 -0.00615266 0.000169535 0.00584301 -0.000679896 0.0118679 -0.00113642 -0.00416403 0.0122129 -0.00161805 -0.00399113 -0.00920467 -0.00485961 0.00382933 0.00074271 0.00246411 -0.00422819 0 0.00386418
internal_weight=1140.81 200.768 940.044 271.97 229.026 185.731 143.479 109.276 100.248 668.074 112.006 88.1942 116.203 556.068 72.2752 483.793 46.026 472.404 181.176 15.0365 82.8995 70.9839 42.7442 176.443 28.2397 291.227 217.083 74.1437 51.6041 195.725
internal_count=9740 666 9074 2677 1983 562 464 357 328 6397 665 615 946 5732 169 5563 110 5430 2106 104 268 227 131 2083 96 3324 2446 878 682 2334
is_linear=0
shrinkage=0.0218826


Tree=18
num_leaves=31
num_cat=0
split_feature=63 99 213 9 154 29 121 133 43 84 9 43 94 5 203 177 163 45 33 107 46 163 92 135 29 76 109 6 75 7
split_gain=8.33845 7.31602 6.68923 6.37194 6.0838 6.10262 7.61612 5.69501 5.61519 5.5014 9.97853 8.74179 9.74752 8.05937 6.3969 7.65725 6.90094 6.16257 6.04383 5.87339 5.61511 7.67643 5.55136 7.01136 5.12534 7.72108 8.19082 5.23909 6.0679 5.05854
threshold=27.750000000000004 0.043274706500788511 8.1020300660480586 0.21570131128782172 1.1521014414615991 0.083637498711186767 0.71998883805773606 -0.047789436087398711 6.2500000000000009 57.550000000000004 0.28543585707978519 6.7500000000000009 0.23771550811200068 1.1332914187320167 3.7506888991531953 0.15122927387078333 -16.024310660124524 0.82409480842201688 0.48746161391911036 9.6618608028212858 19.500000000000004 -0.26654163948684467 11.107880082803989 0.0043029939180269797 0.093051315735124027 30.100000000000005 52.553237722729257 6.2886170470424796 -0.74999999999999989 0.1182818473844606
decision_type=2 2 2 2 2 2 2 2 2 2 2 2 2 2 2 2 2 2 2 2 2 2 2 2 2 2 2 2 2 2
left_child=1 9 3 4 -3 6 -6 -4 -8 10 20 14 -13 -14 15 19 -16 18 29 -11 24 -22 -12 -24 27 26 -26 28 -1 -15
right_child=-2 2 7 -5 5 -7 8 -9 -10 11 22 12 13 17 16 -17 -18 -19 -20 -21 21 -23 23 -25 25 -27 -28 -29 -30 -31
leaf_value=-0.00088044597986567188 0.00052029486186008246 0.0046587500451662394 0.043496188225269766 0.0059483353901505368 0.04329935775226787 -0.03495864590689228 0.048139700215620522 -0.018269804174941281 -0.015704578552940936 -0.034939280101695586 -0.020897436468483858 0.0012977130515791052 0.018947033898744279 -0.018838049518425569 0.0022911909706055471 0.023218069069027375 -0.034327312572291616 0.0046478643812837353 0.021465470621362615 0.0034348447867102679 -0.035741133491118113 0.020206180638506658 -0.017238783196369668 0.016168424033343613 0.0018432560839357684 0.0033880501549500928 -0.016175593132558144 0.021991198515073487 0.0014676095460214422 0.00033026721284542464
leaf_weight=40.367762798351578 213.51309823511428 10.942979394909569 3.4150187423933849 18.001553197009343 10.314934679561704 24.721525977505962 2.2188309489424674 57.48150071550549 9.3037287590582292 16.773259045514354 36.040395549480991 116.7109739947557 21.502462481823159 85.483574147256604 11.279477022494801 17.135565483521304 78.405940560460749 13.566158345944812 9.2998572172675704 3.0026815712571979 14.442406743764879 13.463150933384894 5.1856783255700503 6.342786048731341 10.484352529352234 14.288397120453054 79.798726558218277 24.444970362989579 159.14982471574763 13.729776390372988
leaf_count=365 1712 127 34 153 97 195 44 517 65 241 400 788 216 579 81 157 927 102 40 22 29 32 76 45 78 107 631 195 1607 78
internal_value=-0.00082845 -0.00172845 -0.00639734 -0.00195691 -0.00554395 -0.00901155 -0.000359418 -0.0117553 -0.0123217 -0.000913643 0.000865892 -0.00277789 -0.000464799 -0.00428273 -0.00747644 0.000115396 -0.0106087 -0.00647366 -0.00822569 -0.00891443 0.00213418 -0.00712691 -0.00845089 0.00434316 0.00294572 -0.00102485 -0.00344653 0.00481053 0.0035843 -0.00982416
internal_weight=1140.81 927.298 136.4 75.5036 57.502 46.559 21.8375 60.8965 11.5226 790.898 404.008 386.89 260.293 143.582 126.597 36.9115 89.6854 122.079 108.513 19.7759 356.44 27.9056 47.5689 11.5285 328.534 104.571 90.2831 223.963 199.518 99.2134
internal_count=9740 8028 1232 681 528 401 206 551 109 6796 3565 3231 1803 1015 1428 420 1008 799 697 263 3044 61 521 121 2983 816 709 2167 1972 657
is_linear=0
shrinkage=0.0218826


Tree=19
num_leaves=31
num_cat=0
split_feature=64 49 203 8 63 218 33 84 10 45 96 83 5 45 123 136 80 95 161 88 71 78 119 110 85 4 196 159 138 48
split_gain=9.28114 8.66362 11.1737 6.78051 6.726 8.55649 7.65752 6.19811 8.69716 6.10644 7.33409 6.39132 5.98767 6.70826 5.51231 5.56913 5.49338 5.44291 5.26227 5.29781 5.26211 5.19597 5.96716 5.08884 5.81277 5.00821 4.96343 4.87599 5.36511 5.36374
threshold=20.350000000000005 13.000000000000002 2.5124272075719327 0.75170772870457447 13.750000000000002 0.016383604440906089 0.38098242885756622 55.850000000000001 10.84703324376734 -0.72534675097891077 0.29934139260799869 80.450000000000017 0.77699555932881248 0.42261826174069955 4.0000000000000009 0.80288375593785732 46.150000000000013 0.29927661355728236 3.9603174603174627 92.928474901466544 36.45000000000001 4.4500000000000002 23.612500000000004 0.29328236611640063 25.350000000000005 3.0269216999690252 9.8451249940020045 0.6424399684473534 -1.0523953813501834 1.0000000180025095e-35
decision_type=2 2 2 2 2 2 2 2 2 2 2 2 2 2 2 2 2 2 2 2 2 2 2 2 2 2 2 2 2 2
left_child=1 3 -3 -1 -4 6 -6 8 20 10 11 -2 -11 17 15 16 -9 18 19 -14 21 -5 27 25 -25 -8 -17 29 -29 -23
right_child=9 2 4 7 5 -7 23 14 -10 12 -12 -13 13 -15 -16 26 -18 -19 -20 -21 -22 22 -24 24 -26 -27 -28 28 -30 -31
leaf_value=0.0010093900369786122 0.038025137488930112 0.0181689337708585 -0.032358216842395246 -0.016131167159794305 0.002181148562999489 -0.034339571445822663 0.00097182488787167986 -0.015398511289796324 -0.019387418315624624 -0.01660875035815455 -0.037201037443842781 -0.01581229895017643 -0.016127997781202 -0.00010176437134498861 -0.016561244339206013 -0.012057017889301807 0.0011973474977641505 0.00012146837617016581 -0.017309792414997586 0.018701505089635778 -0.019045626597500878 0.01937828428046285 -0.014378325589335064 -0.032708885939321281 0.026954502102805859 -0.034508663057044767 0.023908187147300926 0.020977396147615967 -0.0161250888590092 0.00021714491631950834
leaf_weight=175.25514144606359 17.905639573041981 7.6593609933188409 41.770209727066231 17.833230984556167 27.023926100958306 28.100746559122399 7.4979184190528967 43.08724335313309 16.749602687640845 15.138019399519179 21.630405313367874 28.62641224387653 12.230659187752051 64.844769488163593 203.63139541485884 19.025319019332528 30.177863945718855 39.591436120773551 5.615140293035437 67.296703489349966 9.0828019162872788 76.549623485471102 42.859424885731414 13.561515980894002 11.186266961919044 24.00803252736182 16.982345210621133 7.2952262531396199 11.394733404179531 37.200234211406496
leaf_count=1871 182 19 114 89 106 102 30 151 242 81 242 228 142 504 2990 49 128 247 23 426 35 550 575 52 29 80 42 22 74 315
internal_value=-0.000811198 -0.00191984 -0.00649424 -0.000868986 -0.00782614 -0.0049129 -0.0012984 -0.002102 0.00070887 0.00269891 -0.00292145 0.00194393 0.00458952 0.00566325 -0.0040757 -7.86202e-05 -0.00356309 0.00861552 0.0117164 0.0131784 0.00199745 0.00279723 0.00396187 -0.00590853 0.00140409 -0.0116411 0.00684976 0.00625725 -0.00385806 0.00796184
internal_weight=1140.81 867.932 160.808 707.124 153.149 111.378 83.2777 531.869 218.965 272.879 68.1625 46.5321 204.717 189.579 312.904 109.273 73.2651 124.734 85.1425 79.5274 202.215 193.132 175.299 56.2537 24.7478 31.506 36.0077 132.44 18.69 113.75
internal_count=9740 7665 532 7133 513 399 297 5262 1902 2075 652 410 1423 1342 3360 370 279 838 591 568 1660 1625 1536 191 81 110 91 961 96 865
is_linear=0
shrinkage=0.0218826


Tree=20
num_leaves=31
num_cat=0
split_feature=99 85 123 43 94 121 30 213 165 147 22 105 114 218 138 223 52 107 161 44 36 101 222 210 223 165 51 109 101 207
split_gain=7.48982 6.35992 8.83423 7.37927 9.70485 6.16512 6.37875 6.11742 6.10466 6.55052 6.01372 9.95252 6.01013 5.96891 5.59154 5.41357 6.0813 5.17078 5.76256 5.12572 5.08302 5.06764 5.1761 5.0068 6.96263 6.55242 6.28142 6.26427 5.91592 7.20249
threshold=0.043517714826797137 21.450000000000003 4.0000000000000009 6.4500000000000011 0.23771550811200068 0.71497795455379298 0.25630537655626634 8.0479760119940043 0.27982332164080775 10.029000000000002 2.4859126984126987 0.54606060606060614 0.25666083006010137 0.01128428042635317 1.4079920425739434 0.72997999999999996 0.15294576719576722 7.3166465429588214 -6.0598559641341145 0.95368063612909471 0.43097060559957762 0.022271825396825401 1.6920740411373267 3.6149121792854033 0.23150000000000001 0.29120147531309343 0.20650000000000004 48.550420168067234 0.014527930209652458 0.62473661166040462
decision_type=2 2 2 2 2 2 2 2 2 2 2 2 2 2 2 2 2 2 2 2 2 2 2 2 2 2 2 2 2 2
left_child=1 3 7 17 14 6 13 -3 -7 -10 11 15 -9 -2 19 21 -17 -1 -19 -5 -14 22 -4 24 -12 26 -26 -25 -27 -30
right_child=5 2 10 4 -6 8 -8 12 9 -11 23 -13 20 -15 -16 16 -18 18 -20 -21 -22 -23 -24 27 25 28 -28 -29 29 -31
leaf_value=-0.032868056601596841 0.0011714900042530359 0.021776081339308702 0.020296549394265024 0.0011892643047429811 -0.015775074481887415 -0.013621517847136711 -0.013491205398950447 0.00117528755563737 -0.01881379948234899 0.0003168298901922524 9.9670978494118372e-05 -0.013851977842867111 -0.018263514619539616 -0.017931340825646739 0.019620886212553267 0.019269450636621679 -0.017009199537908512 -0.015097406466014559 0.0046834983961485241 -0.034221354851916644 0.003144972111529414 0.018510334497277039 -0.017138988707625903 0.022784061942410925 0.020225170924065713 0.022848233265290271 -0.03246958279676454 -0.00016501789715553565 -0.018233887094008673 0.0038506619606773524
leaf_weight=28.775749425934919 16.437280375569124 35.547102596552577 24.884690531811657 69.59173029825979 73.832128604259424 42.412619947122039 10.83880298525173 9.8575294679030794 63.274203069662008 14.78661760772752 82.504323388919602 31.38049794036192 12.480312723317185 4.0475526052796331 12.985304186378697 12.55974833658138 16.764421870571368 30.08049383953221 7.567314965871673 6.0964468667295924 8.5070940513978694 53.942705991364846 22.216145115998415 13.834065282484742 6.1789197809550833 7.84847053183148 53.7055452525085 317.45353601281863 40.393270975568612 10.026723968188888
leaf_count=268 208 122 269 378 446 329 87 25 558 105 953 191 27 57 150 76 90 372 121 36 32 456 160 174 68 89 461 3052 304 76
internal_value=-0.00118936 -0.000489266 0.000470971 -0.00368148 -0.00113131 -0.00570372 0.0028156 0.00804846 -0.00794843 -0.0115541 -0.000258241 0.00342085 0.000753444 0.0099507 0.00371216 0.00609521 -0.00205426 -0.00978613 -0.00419009 0.00131796 -0.00575116 0.00848841 0.00307772 -0.00138625 -0.00410758 -0.00749817 -0.0125447 0.000258597 -0.00215901 -0.00500403
internal_weight=1140.81 989.014 760.085 228.929 162.506 151.797 31.3236 66.392 120.473 78.0608 693.693 161.748 30.8449 20.4848 88.6735 130.368 29.3242 66.4236 37.6478 75.6882 20.9874 101.044 47.1008 531.945 200.657 118.153 59.8845 331.288 58.2685 50.42
internal_count=9740 8396 6625 1771 1010 1344 352 206 992 663 6419 1242 84 265 564 1051 166 761 493 414 59 885 429 5177 1951 998 529 3226 469 380
is_linear=0
shrinkage=0.0218826


Tree=21
num_leaves=31
num_cat=0
split_feature=74 100 88 204 203 42 44 94 214 41 178 144 85 45 24 9 10 3 69 207 29 145 51 1 40 185 152 4 5 222
split_gain=8.70358 6.79249 6.69625 7.04949 6.35997 6.56845 6.16344 7.88072 7.15645 8.10796 7.36587 6.62915 6.03443 7.01965 6.62389 5.91442 5.65479 6.44084 10.0789 5.41951 5.37004 5.3398 5.12349 5.90767 6.83281 6.70936 6.55048 7.97516 6.50794 6.39136
threshold=0.31000000000000005 0.073922282938676392 95.065805353252429 0.46240288916500377 5.427595582315754 79.15000000000002 -0.05233595624294396 0.29558199336989194 7.5000000000000009 3.147027373529419 0.051519736086223254 2.0350310184741383 21.550000000000004 -0.96811077628253217 7.6307897306388712 0.17465202652057921 7.6604263471682659 7.1548395674557002 16.850000000000005 -0.70676354002266695 0.10874748027994084 2.9930879720247723 0.23740740740740746 5.0010000000000003 9.081211385532507 3.2500000000000004 1.0000000180025095e-35 4.7399831860044559 1.4006379099874098 0.69753266769828015
decision_type=2 2 2 2 2 2 2 2 2 2 2 2 2 2 2 2 2 2 2 2 2 2 2 2 2 2 2 2 2 2
left_child=2 12 3 15 -5 -6 7 -4 9 -8 -11 -9 13 14 -2 -1 17 18 -14 -13 -20 -15 23 25 26 -18 28 -28 -25 -26
right_child=1 -3 6 4 5 -7 8 11 -10 10 -12 19 16 21 -16 -17 22 -19 20 -21 -22 -23 -24 24 29 -27 27 -29 -30 -31
leaf_value=0.00066414368851793729 0.026071314435180192 0.0014871927025992366 0.018266242383390134 0.0045341229972427708 0.0026886573088785097 -0.017834881360014359 -0.019703701554497119 -0.020498913776230879 0.042305342743522101 0.016844240548426977 -0.018084231924990687 -0.03598797450009928 0.0036146595305432097 -0.015176638690340208 -0.03438434588717891 -0.034459285186941579 -0.012165806809660141 0.018105279362050655 -0.015475056550050765 0.021905720684640147 0.042424094313710539 0.019614543157208938 -0.014264144679865573 -0.018618761690889447 0.0017125336299245485 0.01895784713416623 0.017433190789847269 -0.016587701583492799 0.00080103078516654636 -0.037790132995848526
leaf_weight=7.1299891472258414 9.938275990666396 35.281422652517449 52.424218994267676 43.835541193986501 18.02693665348329 16.193821958658646 23.429118024990885 18.419703115104767 9.6297118856928119 28.737437295751533 7.8234270404223016 4.3820278247894775 27.880578139905538 193.43845004338777 5.0510261913491368 27.798183744448124 35.722307250325684 58.455955801253594 50.972334513466649 24.557210541667246 6.1314861240241489 6.6147618470713487 241.11954324404519 40.739990554574206 7.5012605347624222 38.079822850213759 42.657348683695318 11.168030899973017 21.055883615007815 26.615542239985643
leaf_count=69 118 250 306 255 186 108 197 135 44 186 40 14 210 1727 44 441 434 600 763 109 60 14 1986 406 119 108 349 105 195 162
internal_value=-0.00108026 -0.002178 0.00224244 -0.00185619 0.00177832 -0.00517102 0.00499021 0.00845456 0 -0.00288816 0.0034833 0.00185128 -0.00258595 -0.00573513 0.00829985 -0.00992302 -0.0014611 0.00231622 -0.00150135 0.00834851 -0.00677365 -0.0068312 -0.00263583 -0.000231956 -0.00273968 0.00478899 -0.000149253 0.00536162 -0.00500626 -0.0112241
internal_weight=1140.81 858.424 282.387 112.984 78.0563 34.2208 169.403 99.7832 69.6197 59.99 36.5609 47.3589 823.143 215.043 14.9893 34.9282 608.1 143.44 84.9844 28.9392 57.1038 200.053 464.66 223.54 149.738 73.8021 115.621 53.8254 61.7959 34.1168
internal_count=9740 7650 2090 1059 549 294 1031 564 467 423 226 258 7400 1903 162 510 5497 1633 1033 123 823 1741 3864 1878 1336 542 1055 454 601 281
is_linear=0
shrinkage=0.0218826


Tree=22
num_leaves=31
num_cat=0
split_feature=49 162 154 39 119 82 136 133 50 157 94 209 206 25 115 73 89 89 221 40 192 176 113 30 36 50 38 30 88 181
split_gain=6.723 10.8686 10.2936 8.28191 8.24245 7.17183 6.67527 6.56291 6.42871 6.20981 6.80855 6.56281 7.01635 6.00672 5.81057 5.67188 5.92783 5.62895 6.22088 5.51468 5.3442 5.96705 8.46443 7.16958 6.40759 5.89077 5.51715 4.98628 4.9232 4.75086
threshold=11.250000000000002 -0.61187582130305163 1.1184899943769284 1.0850000000000002 22.563492063492067 28.750000000000004 -1.1971982837325186 0.01813726447306999 5.7500000000000009 293.37121929311837 0.19502321981424151 1.8124038847708213 6.3189148253659697 3.5827939074012982 0.26627785712666358 29.400000000000002 -1.4737115942028962 0.31670289132602397 0.011252275736511089 7.7494782595268985 9.2105176176683141 -0.034190698871600138 25.500000000000004 0.2590580271007214 0.35951721844288115 1.7500000000000002 0.95950000000000013 0.26244595534847481 94.1013544558799 0.68550571293579032
decision_type=2 2 2 2 2 2 2 2 2 2 2 2 2 2 2 2 2 2 2 2 2 2 2 2 2 2 2 2 2 2
left_child=3 2 -2 15 7 17 -6 19 13 10 -8 12 -12 -5 -15 -1 -17 18 -4 -3 21 22 25 -24 -23 28 -22 -28 -18 -7
right_child=1 4 5 8 6 29 9 -9 -10 -11 11 -13 -14 14 -16 16 20 -19 -20 -21 26 24 23 -25 -26 -27 27 -29 -30 -31
leaf_value=-0.017205427508365751 0.002773649873623797 -0.017444606928069876 -0.034211497112321777 0.018479818834896227 -0.031816711443504279 0.00073100680402673514 -0.021142425965634246 -0.00079301200679009719 0.0173629172194937 -0.016766812482413941 -0.0325540694033227 -0.032157509966112649 0.0044261383659966701 0.0045965617358542914 -0.013019481663842033 -0.01817524541004624 0.0033087214132861142 0.022257462709060594 0.0014546489880949073 0.018899469158378177 0.022407616850446822 -0.013863713748524072 0.018811625538087705 -0.016640961132116057 0.0011715674252824036 -0.018164196768330376 -0.014139369377610534 -0.03527935178759508 -0.021697519133438835 -0.031801623197038845
leaf_weight=23.278574436903 15.867630148124588 3.6227589292534494 14.900371726050254 35.873296426684419 13.771626859251681 11.551646210404213 7.2108447678026542 17.262828925036501 18.509255263185878 21.945367809617665 9.7777947110766927 7.7356884798459751 49.012472696012537 19.350191781466719 34.223248143654473 10.071317249479533 9.4470976625025305 11.567398226201474 12.212820151274626 42.514837964585922 10.000561110248325 97.325026891535117 15.451387259641708 12.214369897270442 339.89423546356238 35.709250688329121 103.02813012057095 24.005148530753331 10.755606453720246 102.72056361266777
leaf_count=39 53 34 81 461 54 29 35 77 47 79 37 25 264 249 462 140 97 60 44 207 110 1367 67 47 3359 112 1406 331 104 263
internal_value=-0.00115721 -0.00372252 -0.00765805 -5.38765e-05 0.000120872 -0.00941094 -0.00349106 0.00637063 0.00555555 -0.00134255 0.00168711 0.00397704 0.0065417 0.00301107 -0.00158801 -0.000939945 -0.00055817 -0.00114489 -0.00663807 0.0106484 -0.000288104 0.000719854 -0.00459997 0.00512895 0.00175045 -0.00947328 -0.00412331 -0.00538801 0 -0.0121544
internal_weight=1140.81 341.675 168.82 799.137 172.854 152.953 109.454 63.4004 107.956 95.6822 73.7368 66.526 58.7903 89.4467 53.5734 691.181 667.902 38.6806 27.1132 46.1376 657.831 520.797 83.5777 27.6658 437.219 55.912 137.034 127.033 20.2027 114.272
internal_count=9740 1342 530 8398 812 477 494 318 1219 440 361 326 301 1172 711 7179 7140 185 125 241 7000 5153 427 114 4726 313 1847 1737 201 292
is_linear=0
shrinkage=0.0218826


Tree=23
num_leaves=31
num_cat=0
split_feature=64 35 24 40 99 13 101 196 181 134 100 88 38 15 117 24 162 29 34 24 192 79 121 102 202 84 207 40 85 146
split_gain=9.62604 6.72416 6.09534 6.17218 5.7817 8.21437 5.72254 6.86091 5.47299 5.88311 6.16958 5.35137 6.61952 6.10571 5.47895 8.46746 6.59686 6.50705 6.26026 5.83564 5.7883 5.48543 5.4496 5.27307 5.48247 5.13959 5.13296 6.38006 5.09337 6.56486
threshold=17.650000000000002 0.090407261314365286 6.1570525153417739 9.1580709945810685 0.045095438705986375 4.0570974500056929 0.021567228975440344 9.7014498502889683 0.75356439134673237 1.1295045294937049 0.073922282938676392 94.372124054130168 1.0440000000000003 5.5000000000000009 0.19836065573770495 8.041185197911302 2.56894123044566 0.091450911774772006 0.2720995425320622 10.179274993299385 5.6759324106233224 32.400000000000006 0.73345166878626444 5.5000000000000009 0.23537740369226207 53.45000000000001 1.2129195291804937 9.6380851368964535 21.550000000000004 0.24062240436275467
decision_type=2 2 2 2 2 2 2 2 2 2 2 2 2 2 2 2 2 2 2 2 2 2 2 2 2 2 2 2 2 2
left_child=1 6 -2 11 8 -6 -1 -8 9 10 28 -4 14 -14 -13 21 17 18 -17 -20 -19 -16 -22 24 -11 -26 27 -5 -3 -30
right_child=2 4 3 26 5 -7 7 -9 -10 23 -12 12 13 -15 15 16 -18 20 19 -21 22 -23 -24 -25 25 -27 -28 -29 29 -31
leaf_value=0.00047361613844620957 0.0024282659807807138 -0.014446063451868224 -0.012538608452436928 -0.020454730632235425 0.022815998697280529 -0.01562773555343375 -0.032811636615201964 -0.012659192707034448 0.0018167963492760281 0.022292598618805677 0.0031987851393898282 0.019521517305562317 -0.019456419708932932 0.038105244417883197 0.023089360373620325 0.016132966363740106 0.019495429707981418 0.019182623321659122 0.00010958188615872177 -0.034228773618732167 -0.031105719468967914 -0.019689074058072801 0.021210027388059032 -0.03558148431499529 0.014638929643947878 -0.03902190888702993 0.0018407706786986537 0.00017244580559992002 0.00031302524695780201 -0.018102084053616432
leaf_weight=27.70240862650985 43.354845103430307 107.32772792435594 141.49390694588146 44.907920420760547 5.1884988358603996 52.012096776015824 51.349577094581491 57.934203365948633 34.199265091893949 24.42384160184065 16.080021918736975 41.75105980739022 3.197666536296313 22.59843367498388 2.5086581138964474 57.616277166833697 47.322901645442016 5.3829571713017677 15.684948692078253 9.5877980197824382 25.442042559047653 22.229410578475836 2.7835303244680736 3.4486346221528938 9.0745117505921353 5.1235326297414749 12.276526234014453 20.109840287978159 178.23530184188189 50.463003234540565
leaf_count=410 410 877 1423 358 58 414 549 697 271 159 98 299 28 155 11 401 283 33 64 68 160 183 41 6 57 78 67 185 1470 427
internal_value=-0.000974585 -0.0028085 0.0012234 0.000492502 -0.00158655 -0.00807588 -0.00708287 -0.00932537 -0.000699294 -0.0014396 -0.00237324 0.00160033 0.00348757 0.0138533 0.00226897 0.000647747 0.00247934 -0.00030823 0.0029601 -0.00592963 -0.00834038 -0.0110562 -0.0123367 0.00619994 0.00865025 -0.00193273 -0.00512416 -0.00759402 -0.00302256 -0.00115146
internal_weight=1140.81 622.563 518.249 474.894 485.576 57.2006 136.986 109.284 428.376 394.177 352.106 397.6 256.106 25.7961 230.31 188.559 163.82 116.498 82.889 25.2727 33.6085 24.7381 28.2256 42.0705 38.6219 14.198 77.2943 65.0178 336.026 228.698
internal_count=9740 5571 4169 3759 3915 472 1656 1246 3443 3172 2872 3149 1726 183 1543 1244 1050 767 533 132 234 194 201 300 294 135 610 543 2774 1897
is_linear=0
shrinkage=0.0218826


Tree=24
num_leaves=31
num_cat=0
split_feature=99 85 43 94 100 214 44 204 203 214 122 34 33 7 75 223 94 62 19 210 74 134 154 106 146 107 108 222 82 208
split_gain=7.88401 6.9043 7.38361 8.68399 6.17226 5.48963 5.278 5.22158 10.11 7.73597 6.27888 6.21035 6.47748 6.4608 6.77855 6.5522 6.04392 6.01692 6.00988 5.74762 5.35168 5.2176 5.16135 5.35149 5.14099 5.09618 5.72 4.88398 6.79698 5.54966
threshold=0.043517714826797137 21.550000000000004 6.4500000000000011 0.23771550811200068 0.061470985155195688 3.8333333333333335 0.99140711019144634 0.46850574137959772 5.2857838644354569 7.5000000000000009 4.0000000000000009 0.25259899277062098 0.34701104992913145 0.0980570252521588 -0.44999999999999996 0.2605674999999999 0.34179516685845807 27.350000000000005 7.5000000000000009 5.4657251241434155 0.38450000000000006 -0.77541289560197801 1.1521014414615991 6.2558582237382483 0.20385059615007611 7.3166465429588214 64.945491171939821 2.4556032869314213 30.450000000000003 4.750061574533059
decision_type=2 2 2 2 2 2 2 2 2 2 2 2 2 2 2 2 2 2 2 2 2 2 2 2 2 2 2 2 2 2
left_child=1 2 25 5 21 6 -4 10 20 17 19 13 -13 18 -15 -16 -11 27 -12 -3 -9 -5 -2 -24 -22 -1 -27 28 -10 -29
right_child=22 7 3 4 -6 -7 -8 8 9 16 11 12 -14 14 15 -17 -18 -19 -20 -21 24 -23 23 -25 -26 26 -28 29 -30 -31
leaf_value=-0.030804359422315821 0.0015442926452785704 0.020940167569980697 0.0026696944325592261 -0.032093631118968242 0.02421059479696324 -0.035072643850450488 -0.031373651903110283 0.0057863080793506992 -0.016017131926801688 0.024310730236198706 0.00072677685187968577 0.0014860536401362491 -0.015416737330944381 0.024450144884052536 0.0020399357933556686 -0.034186224531239609 -0.033479757412201251 0.015567627211803436 0.019797186378065268 -0.00018254260633901987 0.018494622153609162 -0.014529475312480687 -0.012479019944802968 -0.031686345887027435 -0.015849516200800568 -0.013870747856471985 0.0048248468428260033 -0.017607729007543173 0.0046926167180021631 0.00024415963395147148
leaf_weight=29.709150389478964 13.918091686905653 23.022572596441023 76.117323712595862 20.423226784310373 9.3790818732225016 8.7237911664294625 3.8360920764259836 101.82130558569111 20.767753907776978 19.556559272569761 102.19121167712433 39.448557936562565 135.58446550789972 13.039841895378911 17.065548200387639 28.346421034241075 6.1038989824405681 50.033181480696157 18.666096175578559 11.502952876558991 14.941598817251814 49.967738598818869 113.46303371705153 24.415951186654866 18.769958121349418 30.08057457423206 7.6118068355447113 65.603321868186413 37.573017608931877 29.127222449976443
leaf_count=272 146 80 487 85 53 64 16 1015 301 103 1292 519 1301 181 165 168 22 275 123 35 93 336 1067 131 95 379 131 385 255 165
internal_value=-0.00117027 -0.000452154 -0.00371445 -0.00122746 -0.0064471 0.00344882 0.00530175 0.00056815 0.00245077 -0.000346196 -0.00118895 -0.00206876 -0.00499356 0.000778553 -0.0051289 -0.00912895 0.0107694 -0.0018027 0.00367623 0.00759437 0.00716882 -0.00869824 -0.00580164 -0.0070969 -0.000299477 -0.00979655 -0.00419734 -0.00396396 0.000965667 -0.00701511
internal_weight=1140.81 989.014 235.849 168.447 79.77 88.6772 79.9534 753.165 364.298 228.765 388.868 354.342 175.033 179.309 58.4518 45.412 25.6605 203.104 120.857 34.5255 135.533 70.391 151.797 137.879 33.7116 67.4015 37.6924 153.071 58.3408 94.7305
internal_count=9740 8396 1823 1041 474 567 503 6573 2709 1506 3864 3749 1820 1929 514 333 125 1381 1415 115 1203 421 1344 1198 188 782 510 1106 556 550
is_linear=0
shrinkage=0.0218826


Tree=25
num_leaves=31
num_cat=0
split_feature=49 50 162 82 60 35 136 152 223 152 106 154 56 84 162 43 89 134 221 29 115 90 2 46 41 220 41 59 134 49
split_gain=7.93067 9.59437 8.52665 7.65836 7.49018 7.16692 6.81562 7.10868 10.0583 6.58095 6.53882 6.51781 6.7442 6.11317 7.57254 7.40892 6.43614 6.09459 6.0723 6.71002 6.47967 6.23036 5.86895 5.71175 5.53966 5.50127 6.53849 5.37613 5.3564 5.32596
threshold=11.250000000000002 5.2500000000000009 -0.61187582130305163 28.750000000000004 0.39516140904311259 0.12836699892276249 -1.0280858604962226 -0.1292424982338283 0.87039000000000033 0.38164704621131901 3.6166089965397927 1.1184899943769284 89.0923696911197 59.250000000000007 -6.3507528506350885 6.8500000000000005 1.5225395310570422 -1.1510887829282586 0.019217627645117457 0.07811355984339087 0.2597868657055285 10.500000000000002 0.14415271034400559 21.500000000000004 2.9538039704748464 0.014450941982593857 3.0717766006896916 0.24561272523826064 1.0000000180025095e-35 13.750000000000002
decision_type=2 2 2 2 2 2 2 2 2 2 2 2 2 2 2 2 2 2 2 2 2 2 2 2 2 2 2 2 2 2
left_child=1 13 3 5 -3 28 -4 8 17 -9 -6 -5 24 14 25 22 -16 -8 19 23 -21 -22 -15 -17 -13 26 -1 -19 -2 -26
right_child=2 4 6 11 10 -7 7 9 -10 -11 -12 12 -14 15 16 18 -18 27 -20 20 21 -23 -24 -25 29 -27 -28 -29 -30 -31
leaf_value=-0.00010368626611871724 0.00025457113151967762 0.016696137454460303 -0.014005765948191019 0.0011044807928547789 0.0026921842433747173 0.022138026803296951 0.02213268494369126 0.00219730286214613 -0.054906606403319055 -0.030656778133390055 -0.01326639967614349 -0.031133036558490132 -0.03139133748431179 0.0045940792539281095 -0.0003419494675234662 -0.017499757540891919 0.039488520606692279 -0.031760529863913575 0.0044973923390563466 0.023110337853964141 -0.014106035132269693 0.0030053281701142138 -0.015083250615126376 0.040872306871905253 0.00097582525016160003 -0.012559906949496038 0.018105801110910827 0.0047184664257241982 -0.032850365286798973 -0.015182787687554213
leaf_weight=16.159140115803893 21.810087869887411 35.991086521342368 27.438009850900926 7.9180784851596391 23.344650158418062 11.881339812116492 9.6849650778240157 98.203766901391418 14.065449384474048 7.2387874136729797 16.729861328720744 11.063316125801064 64.568311777441522 15.913305098757062 335.76853223189619 48.354494568512791 8.3880688843735225 8.806296759421917 34.495741044306897 19.396879968837766 66.733610384948861 31.273263799106644 91.522190644727743 4.5187516808509818 22.561263712883829 10.563365577761941 39.983755371142706 7.4169457547977791 12.938714084487399 16.079318206945572
leaf_count=160 88 76 104 19 88 49 50 486 48 34 49 33 167 235 4403 551 77 44 304 201 575 142 1217 9 55 90 221 46 82 37
internal_value=-0.000836823 0.000353281 -0.00362373 -0.00710979 0.00770566 0.000371285 -0.000183954 0.00169953 -0.00604611 0.00468874 0.00105445 -0.00997381 -0.0113204 -0.000423563 0.0013244 -0.00273131 8.76762e-07 0.00201866 -0.000266786 -0.00198535 0.00091514 -0.00137164 -0.00736312 -0.00840115 -0.00505121 0.00802551 0.0107519 -0.00599726 -0.00460691 -0.000930053
internal_weight=1140.81 799.137 341.675 168.82 76.0656 46.6301 172.854 145.416 39.9737 105.443 40.0745 122.19 114.272 723.071 410.863 312.208 344.157 25.9082 204.773 170.277 117.404 98.0069 107.435 52.8732 49.7039 66.7063 56.1429 16.2232 34.7488 38.6406
internal_count=9740 8398 1342 530 213 219 812 708 188 520 137 311 292 8185 4951 3234 4480 140 1782 1478 918 717 1452 560 125 471 381 90 170 92
is_linear=0
shrinkage=0.0218826


Tree=26
num_leaves=31
num_cat=0
split_feature=49 207 62 202 98 84 147 34 201 50 222 95 156 42 45 215 54 162 158 31 1 21 128 49 100 94 91 139 98 70
split_gain=9.3877 8.9756 8.92596 10.8067 8.39259 8.02016 9.05787 7.63467 7.51563 7.40121 6.95325 6.25037 6.03608 7.80176 5.98937 5.94291 5.84788 6.44754 5.78913 5.61562 6.54025 5.61429 5.58289 8.63125 5.5782 5.54802 5.43845 5.27006 5.69299 5.26641
threshold=13.000000000000002 -0.83188678623154411 21.700000000000006 0.26412727156503613 0.060340262147491074 61.45000000000001 5.7777000000000012 0.24509813275389902 6.4767948483544346 5.2500000000000009 3.9080203849249151 0.27620265497503355 230.79537059492301 82.750000000000014 -0.72534675097891077 4.6187751458418731 9.3224787689322692 -9.9993520219650822 103.75374993718459 1.0500000000000003 4.332250000000001 2.9004941526380321 1.0000000180025095e-35 10.250000000000002 0.032840811044003458 0.25387798970147107 4.8927141775477407 1.6321402060267272 0.045811814571716639 29.550000000000004
decision_type=2 2 2 2 2 2 2 2 2 2 2 2 2 2 2 2 2 2 2 2 2 2 2 2 2 2 2 2 2 2
left_child=5 -2 4 10 8 9 -7 16 -3 11 29 18 -13 -14 -11 25 17 -8 27 26 -21 -18 -16 -24 -19 -15 -9 28 -1 -4
right_child=1 2 3 -5 -6 6 7 19 -10 14 -12 12 13 15 22 -17 21 24 -20 20 -22 -23 23 -25 -26 -27 -28 -29 -30 -31
leaf_value=-0.013297348287602651 -0.040355868566592075 0.0023417163330164579 -0.033645752877935642 -0.051013262406736141 0.019081998944155552 -0.01570530244115647 -0.034160732292580133 -0.019052133328788221 -0.013188023705424321 -0.010450662415678038 0.021114571960723132 -0.016672306654285561 0.0030016683831550215 0.0016761389286009769 0.01776536567074399 6.3992563097219995e-05 0.068498898566231758 -0.013666980990863936 -0.021064886379401623 -0.012580090685647695 0.016064162232094947 -0.033280099193029607 0.013947892539442702 -0.032773468071942591 0.0043254891731620395 -0.036663596300466408 0.024023232124818963 0.00065539038397361587 0.026265068506105868 0.01926415627420832
leaf_weight=40.058680810308488 20.808191503729631 8.5394977422674838 11.089595722911101 9.8412378196799164 6.5449963492974339 39.660860557900151 8.519450383148067 31.031203333373696 109.81413649616115 14.246114348383797 27.352260270255556 105.17905858945869 89.6580316920315 4.5149182353161477 53.349277126283596 22.031856707002134 3.0326383235487802 36.516296100100817 9.0203708119379353 4.0174065374667398 58.116782311907627 32.666113115457165 11.740892737717788 9.0122970044612867 27.461608658625437 20.95256266752699 10.036642031672953 302.58103057782205 6.6394474108633394 6.7778926200967353
leaf_count=449 70 23 64 26 24 615 27 352 358 38 79 1043 1005 17 115 132 43 323 126 25 474 246 37 12 208 160 82 3420 125 22
internal_value=-0.000767814 -0.00505355 -0.00341511 0.00385077 -0.00664714 0.000147726 -0.00319083 -0.0013533 -0.00802817 0.00137107 0.00844147 0.000491552 -0.00221188 0.000794476 0.00725728 -0.0062842 -0.0054058 -0.0017384 0.00232955 0.00287431 0.00700479 -0.0125662 0.0097567 0 0.000683683 -0.0133329 -0.0033151 0.00279705 -0.00396302 -0.00199869
internal_weight=1140.81 200.768 179.96 55.061 124.899 940.044 251.059 211.398 118.354 688.985 45.2197 600.636 242.336 137.157 88.3486 47.4993 108.196 72.4974 358.3 103.202 62.1342 35.6988 74.1025 20.7532 63.9779 25.4675 41.0678 349.279 46.6981 17.8675
internal_count=9740 666 596 191 405 9074 2395 1780 381 6679 165 6477 2357 1314 202 309 847 558 4120 933 499 289 164 49 531 177 434 3994 574 86
is_linear=0
shrinkage=0.0218826


Tree=27
num_leaves=31
num_cat=0
split_feature=49 213 63 139 63 50 208 61 115 8 106 67 9 21 144 33 89 143 118 221 145 99 87 25 21 49 104 207 89 178
split_gain=10.716 9.80165 9.26876 8.09275 8.0362 9.32653 6.79215 8.07577 6.7104 6.36625 8.48349 6.96254 10.2806 5.9995 5.99445 5.73922 6.08816 5.54253 5.45814 5.37372 5.12816 5.11051 5.06264 5.92851 4.91849 6.36575 4.89506 6.77176 4.80814 4.76695
threshold=13.000000000000002 3.0873015873015874 13.750000000000002 2.1151409506311936 27.750000000000004 5.2500000000000009 3.3383514631901616 0.2827786259541985 0.30859193438140814 0.68144964481152925 1.3496626686656674 34.150000000000013 0.2959072430889631 3.2779933267716066 2.5404295051353878 0.41154768125824764 -0.11802589395468742 -1.0000000180025095e-35 21.550000000000004 0.011012250926402133 2.9930879720247723 0.026601641741755912 0.50282915533338246 5.3668496666510652 3.2325126166127212 7.7500000000000009 10.514496439471008 -1.1511352132009904 0.78624995329644076 0.0080311602506973074
decision_type=2 2 2 2 2 2 2 2 2 2 2 2 2 2 2 2 2 2 2 2 2 2 2 2 2 2 2 2 2 2
left_child=4 -2 -3 17 9 6 7 14 13 26 18 20 15 21 -6 -13 -17 -4 28 -10 22 -5 -12 -24 -8 -26 27 -1 -11 -27
right_child=1 2 3 8 5 -7 24 -9 19 10 11 12 -14 -15 -16 16 -18 -19 -20 -21 -22 -23 23 -25 25 29 -28 -29 -30 -31
leaf_value=-0.016083780610314426 0.0048304359140036619 -0.028961216566124156 -0.010880854040118385 -0.015747038389421087 -0.018464721878001238 0.038174985407733932 -0.016494951458226711 -0.019513888850212126 0.0034914720220410498 -0.018232007990289342 -0.012893484092114148 0.021897875714321523 -0.033440305068027823 -0.031096543539187935 0.018840613400444267 -0.014759642041344025 0.0019002257454177865 0.022248464156642205 0.0030010339044440467 -0.032353279065437196 0.0029252219543583662 0.0034719874593881661 0.017384287794741032 -0.035082322557731825 -0.017261440170989208 0.021113470381566062 -0.017120434405806989 0.0046504493046075459 0.01727287721037046 0.00053634461091948678
leaf_weight=22.665772614198659 18.099053229199626 38.949472970065699 16.007710478896115 18.573747277204347 18.964297846297086 25.517463338221205 14.734789018413265 23.965030441741646 7.1604389468841401 7.0640866064848051 419.45858842877146 33.757429932120885 8.1406213807833847 63.011634604504707 25.386595171956969 11.650733263990107 14.123253143225154 17.391474191131238 45.724186254957885 5.2889574140344848 8.9621411170082848 16.285319412478657 21.060767746815149 6.1188645739553058 9.938705729777892 32.560407741785411 24.65168828169476 129.17049692786941 3.1035441813064608 33.324076330939988
leaf_count=120 55 104 46 79 204 51 249 329 37 71 4071 241 74 187 131 58 77 68 379 20 29 70 579 181 104 306 186 1386 15 233
internal_value=-0.000822592 -0.00540147 -0.0069395 -0.00429495 0.000155799 0.00424409 0.00221055 -0.00294904 -0.00715308 -0.000841141 -0.00195284 -0.00282441 0.0036698 -0.00909211 0.00254006 0.00691375 -0.000765088 0.00500095 0.0060765 0.00748296 -0.00380059 -0.00164775 -0.00414225 0.0048484 0.00612867 0.00838153 0.00278178 0.00426472 -0.007817 0.0108547
internal_weight=1140.81 200.768 182.669 143.719 940.044 184.391 158.874 68.3159 110.32 755.652 579.164 523.272 67.672 97.8707 44.3509 59.5314 25.774 33.3992 55.8918 12.4494 455.6 34.8591 446.638 27.1796 90.558 75.8232 176.488 151.836 10.1676 65.8845
internal_count=9740 666 611 507 9074 1607 1556 664 393 7467 5775 5310 450 336 335 376 135 114 465 57 4860 149 4831 760 892 643 1692 1506 86 539
is_linear=0
shrinkage=0.0218826


Tree=28
num_leaves=31
num_cat=0
split_feature=64 49 156 118 33 176 36 45 10 45 221 49 19 73 9 41 40 1 96 41 213 113 95 38 201 95 34 84 105 23
split_gain=9.90858 8.0985 8.48211 7.65188 6.61003 6.47167 6.43865 6.72799 7.84709 7.62834 7.1781 6.43859 6.59615 6.32722 6.06482 5.98486 5.88339 5.4545 5.4155 5.21535 5.4344 4.95598 5.75894 5.03423 5.04934 4.91665 5.81521 4.80969 5.9781 5.44488
threshold=20.350000000000005 9.7500000000000018 252.42248243403512 21.633333333333336 0.42018650650686662 -0.033755177053534695 0.56364912898355601 -0.72534675097891077 10.332418397887706 0.17364817766693022 -0.004094694100585705 13.000000000000002 5.5000000000000009 51.250000000000007 0.16036758315175442 2.6617023910631841 8.4561627947235412 5.7330000000000014 0.18530782438067209 3.7821869114276834 12.826675693974275 12.500000000000002 0.2807455612491781 0.95950000000000013 7.4489441135965082 0.26078192728213762 0.2533461931544963 60.550000000000004 0.51564027370478993 7.8020370370370378
decision_type=2 2 2 2 2 2 2 2 2 2 2 2 2 2 2 2 2 2 2 2 2 2 2 2 2 2 2 2 2 2
left_child=1 2 15 4 13 -2 7 8 25 -9 16 12 -12 -3 -6 -1 17 -11 -5 20 -8 -17 27 -24 -25 26 -7 28 -23 -29
right_child=5 3 -4 18 14 6 19 9 -10 10 11 -13 -14 -15 -16 21 -18 -19 -20 -21 -22 22 23 24 -26 -27 -28 29 -30 -31
leaf_value=-0.017917078472407956 -0.011866221368960574 0.0023743509768546609 0.0072398609211250563 0.00092336614494396667 0.0021847706495817095 0.024507325226605571 -0.020816717353153404 0.017594273470218146 -0.03278942011368776 0.038793024533625174 -0.0001788384292202743 -0.05319185573419119 0.019397632940066013 -0.014115789648884026 -0.015834898951912677 -0.015602250773272645 -0.020993012346306003 -0.04667600504343157 -0.01380661868274949 0.026196568755963334 0.0011848799217204049 0.0018583386922501545 0.0023957601402270902 0.019968605319162669 -0.016502540515830565 0.019697449918135941 -0.033336444784931543 0.0016074387163838785 -0.01298794031101573 -0.013937717340881697
leaf_weight=34.181242267926336 38.21998521023761 48.637543097833941 53.968052453821883 24.858227607885965 6.3425493099221049 5.3169408284215951 21.02268258062805 80.193944286110309 22.835839062521472 6.867622227372296 12.768028427858324 5.0540918114561455 29.764755756456452 16.164880458764856 34.956378377515875 31.325253840718233 14.709381543036441 3.6024296797127136 260.27065973704998 5.2640703449826551 3.5306781189458425 135.62796874904984 11.75039952818406 3.2703312314602035 41.002677566174043 17.179582730455195 6.5491525006850679 88.366437509044772 26.198012473219478 51.011549279262454
leaf_count=849 211 215 576 155 28 71 162 566 188 51 103 20 222 53 123 414 120 40 1107 30 38 1759 123 30 537 177 76 951 207 538
internal_value=-0.000811273 -0.00195674 -3.40919e-05 -0.00428662 0.000700804 0.00281574 0.00418425 0.00557443 -0.00117067 0.00787667 0.00264659 0.00763351 0.0104822 0.00506442 -0.00603825 -0.00108843 -0.00660308 0.00549574 -0.00615017 -0.00516019 -0.00947871 -0.000299001 0.000432155 -0.00594802 -0.00932614 0.00624145 -0.00424489 0.00164182 0.00420372 -0.00131753
internal_weight=1140.81 867.932 476.702 391.23 106.101 272.879 234.659 204.842 51.8815 152.96 72.7663 47.5869 42.5328 64.8024 41.2989 422.734 25.1794 10.4701 285.129 29.8174 24.5534 388.553 357.227 56.0234 44.273 29.0457 11.8661 301.204 161.826 139.378
internal_count=9740 7665 5984 1681 419 2075 1864 1634 512 1122 556 345 325 268 151 5408 211 91 1262 230 200 4559 4145 690 567 324 147 3455 1966 1489
is_linear=0
shrinkage=0.0218826


Tree=29
num_leaves=31
num_cat=0
split_feature=49 176 152 84 50 64 43 29 2 177 116 143 62 21 162 101 95 89 32 89 86 178 17 122 153 176 219 37 134 206
split_gain=7.62092 9.73133 8.55195 8.00519 9.56423 7.28209 7.10346 7.72453 7.46092 6.64172 6.43606 6.21337 6.12079 5.9753 5.96516 6.88906 7.51087 6.26391 5.83835 6.82335 5.57793 5.54259 5.30793 5.91638 5.47315 5.29471 5.29332 5.29073 5.28509 5.35965
threshold=11.750000000000002 0.018854404409349854 0.3907893099250615 61.45000000000001 5.2500000000000009 12.15 6.7500000000000009 0.080250284480443815 0.14415271034400559 0.34021276595744687 9.5000000000000018 -3.6525599528822856 25.250000000000004 3.3265239666096202 -4.5948179584543203 0.010471491228070177 0.27977014905685271 1.3438964303951695 0.1731244111906837 0.084847603225235005 -4.727656698792492 0.029724498571917644 5.8350000000000009 4.0000000000000009 0.37007687073270512 -0.052809356022026264 0.0046194110959492255 0.30384615384615393 -0.126101491233471 6.4871530649675924
decision_type=2 2 2 2 2 2 2 2 2 2 2 2 2 2 2 2 2 2 2 2 2 2 2 2 2 2 2 2 2 2
left_child=3 2 5 4 9 26 8 -8 21 11 -7 -1 -11 -6 -13 -16 18 20 19 -17 -18 -5 23 -9 -25 -24 -2 -27 29 -20
right_child=1 -3 -4 6 13 10 7 22 -10 12 -12 14 -14 -15 15 16 17 -19 28 -21 -22 -23 25 24 -26 27 -28 -29 -30 -31
leaf_value=-0.017095796181517787 -0.028599332851191036 -0.029188762539154277 -0.031233609303507732 -0.012565933884675152 -4.6809858631561574e-05 0.019250373819247674 -0.013806898791946945 0.020975098472947817 -0.015173989589112107 -0.016529045338967138 -0.000359949700703217 0.0018696470581601704 2.7206177783252197e-05 0.014620906010677288 0.018533340968155797 0.0021268731943881567 0.021711122625322571 0.040969928563280904 0.060934237169699763 -0.00034164121639316603 -0.016424331449929431 0.025823996306426872 -0.038944193192771745 0.018973161365294307 -0.014847842310929497 -0.013147157470804405 0.0059942503803635727 0.024084677928945433 0.00029855048277921197 -0.032481553480630074
leaf_weight=15.352902698811475 20.633743494156537 61.673195357795066 12.218260950276088 11.358358521931907 22.069952452503458 18.102372392795132 57.57906670929242 24.560876753123011 62.038869931473073 36.827873085844203 137.27944886029127 116.12359443734249 35.780372902812132 46.211660629720427 29.377977643631993 89.039417589719733 8.1879912018775922 5.2638192505721682 2.7211017323152218 72.223050248956952 91.182047922892025 6.5021154202770495 3.1664749151095739 4.5639213710946924 38.244672252923237 3.9180969423700871 5.532872619576664 26.755024957773685 47.707077496133707 28.61513785332113
leaf_count=73 72 186 38 158 66 120 565 74 804 368 491 814 232 100 303 1306 18 34 34 956 1300 51 11 14 363 86 29 201 554 319
internal_value=-0.000877993 -0.00420161 -0.00175332 8.03354e-05 0.00134801 -0.00050479 -0.00333423 -0.000623055 -0.00862391 0.000422616 0.00129282 0.00131845 -0.00572158 0.00904581 0.00176113 0.000403605 -0.000463882 -0.00534158 0.00165777 0.00404782 -0.00663587 0.00358156 0.0029918 -0.000537633 -0.00546124 0.00995783 -0.0110154 0.0128335 -0.00317105 -0.0100443
internal_weight=1140.81 255.44 193.767 885.371 646.684 181.548 238.687 158.788 79.8993 578.402 155.382 505.794 72.6082 68.2816 490.441 374.318 344.94 104.634 240.306 161.262 99.37 17.8605 101.209 67.3695 42.8086 33.8396 26.1666 30.6731 79.0433 31.3362
internal_count=9740 936 750 8804 6477 712 2327 1314 1013 6311 611 5711 600 166 5638 4824 4521 1352 3169 2262 1318 209 749 451 377 298 101 287 907 353
is_linear=0
shrinkage=0.0218826


Tree=30
num_leaves=31
num_cat=0
split_feature=49 203 84 34 63 96 147 77 34 53 143 162 95 61 135 57 53 44 202 207 83 17 222 85 147 159 41 209 135 159
split_gain=9.30423 10.7632 8.79776 8.93725 8.54262 8.29626 7.3666 6.81901 6.70269 5.48618 5.91444 5.7214 8.1138 7.7893 7.94644 6.53142 6.0545 5.76157 5.51832 5.62206 5.21885 6.35206 5.68702 5.21156 6.42464 5.50858 4.9812 6.09334 4.77853 6.4634
threshold=13.000000000000002 2.5124272075719327 61.45000000000001 0.24509813275389902 13.750000000000002 0.30530333467255932 5.839150000000001 15.250000000000002 0.23361802681611932 0.33799311391223164 -4.6179732069761092 -9.7399950059146772 0.27620265497503355 0.2925913128567546 0.0043029939180269797 41.53232878032329 0.38219890500759407 -0.96359376111369355 0.28251103397430216 2.2631684166338206 80.250000000000014 4.1650000000000009 10.180096590909095 28.950000000000003 6.4959000000000007 0.43265820050887022 3.0838634165033736 -1.0000000180025095e-35 0.01509821274300094 0.28190479317869982
decision_type=2 2 2 2 2 2 2 2 2 2 2 2 2 2 2 2 2 2 2 2 2 2 2 2 2 2 2 2 2 2
left_child=2 -2 9 8 -3 7 -5 20 -4 -1 -11 16 18 14 -14 -16 -12 -18 19 -13 -6 -22 26 25 -25 -15 27 -23 29 -8
right_child=1 4 3 6 5 -7 28 -9 -10 10 11 12 13 23 15 -17 17 -19 -20 -21 21 22 -24 24 -26 -27 -28 -29 -30 -31
leaf_value=0.013175507256376605 0.01882912466399006 -0.027786574226506395 -0.011525594095903884 -0.011743111922706405 0.003095323056197656 -0.030550135223560582 0.022575367519843549 0.016733974335080365 -0.017178406772547956 -0.018432976623330006 -0.051083080804666767 0.00074295772962417296 -0.010658524460953311 -0.012107243896503896 0.013062540101389637 -0.018485731785654557 -0.034904824377451842 0.01953343342624227 -0.015755134912085338 -0.015513726177885864 0.0010599353780718671 -0.030106066791007659 0.0016473303231408041 0.040660135178720747 -0.015775537082861935 -0.018022292788285446 -0.030181797262297198 0.021734682485416004 0.021497702205652499 -0.012295853266120345
leaf_weight=65.368034182184374 8.1517183665564499 41.770209727066231 89.867969737956855 19.809917629646407 6.0896085237673097 36.132862675151046 17.102762867524689 23.295341937411195 38.184330847840329 10.276959494305627 6.6223373401080599 319.90369693166554 62.054110396544047 27.242537617630887 36.493822823152186 10.761430411348554 5.2146851013194455 30.690821732296172 9.4996887778183901 15.386459888106854 15.242359887841983 9.047437028529659 8.9872355910101742 9.224406443667247 25.275900404210006 54.969647174756346 40.154131796037291 11.896902991027671 16.532826901546741 69.561193368686418
leaf_count=679 20 114 793 368 35 122 94 61 304 43 31 3475 516 258 267 44 17 169 43 121 49 34 18 131 237 648 141 72 211 625
internal_value=-0.000929553 -0.00519579 -1.14358e-05 -0.0035151 -0.00627527 -0.00378087 0.000676467 -0.000841397 -0.00754479 0.00126336 0.000621357 0.00091123 0.000323171 -0.00288687 0.00128513 0.00799658 0.00858012 0.0121432 0.00243829 0.00292424 -0.0035688 -0.00503416 -0.00783254 -0.00680281 0.000252181 -0.00977474 -0.0102394 -0.00133961 0.00306445 0.000919119
internal_weight=1140.81 200.768 940.044 251.059 192.616 150.846 123.007 114.713 128.052 688.985 623.617 613.34 570.812 226.022 109.309 47.2553 42.5278 35.9055 344.79 335.29 91.4177 85.3281 70.0857 116.712 34.5003 82.2122 61.0985 20.9443 103.197 86.664
internal_count=9740 666 9074 2395 646 532 1298 410 1097 6679 6000 5957 5740 2101 827 311 217 186 3639 3596 349 314 265 1274 368 906 247 106 930 719
is_linear=0
shrinkage=0.0218826


Tree=31
num_leaves=31
num_cat=0
split_feature=64 24 49 203 40 85 42 163 88 147 1 219 45 76 105 27 29 53 84 89 35 25 207 115 34 96 223 100 99 131
split_gain=9.34747 9.29286 7.53725 8.47874 7.05961 6.62603 6.18588 6.17626 6.50324 6.26939 6.833 5.804 5.71042 5.73011 6.20909 5.8423 5.88146 5.83729 5.69874 5.67813 5.6673 5.56947 5.56229 6.59937 5.65141 5.52514 6.84855 7.93131 8.0483 6.439
threshold=17.650000000000002 6.1570525153417739 13.000000000000002 2.5124272075719327 9.1580709945810685 27.150000000000002 77.65000000000002 -11.444324842124447 94.372124054130168 11.964150000000002 6.1990000000000007 0.00245627306041156 -0.97988739209073461 22.350000000000005 0.32885724585436199 0.24182157388174158 0.08748484659694665 0.36438515583252429 49.550000000000004 -0.71516480795892778 0.07992575979341833 5.400307943305803 -0.37786664899513006 0.2931665847446267 0.21180757110244663 0.29367854367854374 0.32983500000000016 0.038567785805354873 0.018029627565710044 0.34033860063694715
decision_type=2 2 2 2 2 2 2 2 2 2 2 2 2 2 2 2 2 2 2 2 2 2 2 2 2 2 2 2 2 2
left_child=2 -2 5 -4 7 20 11 -3 22 10 12 -6 -10 14 -14 -16 -17 -15 -18 -7 -1 25 23 -9 -24 26 -22 28 -28 -30
right_child=1 4 3 -5 6 19 -8 8 9 -11 -12 -13 13 17 15 16 18 -19 -20 -21 21 -23 24 -25 -26 -27 27 -29 29 -31
leaf_value=-0.029184175173077712 0.0026846156459659127 0.015003985259618298 0.017249796697679641 -0.012533117457417475 0.0037203532047606468 -0.014237483325258501 -0.016755591649738583 -0.032818382057501698 -0.026429979026508166 0.016177223042383917 -0.016181787777408561 -0.011629237075158227 -0.015572969400170352 0.03760792822511503 0.02503841024886384 0.017110118473573622 -0.035283845829742616 -0.021185803773104573 0.0038843117082040723 0.0011230576556114874 -0.01139320637476119 -0.012097296150192576 0.019797602237561617 0.017507877924305224 -0.010517411547822826 -0.015505750704605784 -0.0092911134741297512 -0.009084194341672994 -0.010878702227500777 0.018785795059837108
leaf_weight=46.462815576479443 43.354845103430307 64.434372462551892 7.6593609933188409 114.08265316771121 14.010969806016876 15.721167037482244 47.307256223220293 22.644504200409987 13.032017193710997 31.056400228177154 26.840660505132746 15.976060913515992 14.223498597199521 4.2507445565283914 39.336333083407908 34.763887547218246 9.4035449220693881 20.243511706097252 22.468965671339674 81.28946807280704 113.5886799000109 88.607653886739172 8.6749272836877918 6.784865213766806 79.441358064580299 34.951699815687789 4.134149280614337 50.839878531328623 4.9985345839709217 60.226564468502147
leaf_count=752 410 442 19 385 225 103 269 161 89 136 251 116 70 25 315 281 59 133 136 744 1238 821 135 69 847 420 73 406 31 579
internal_value=-0.000793263 0.0013727 -0.00260074 -0.00747209 0.000472189 -0.00140032 -0.00553552 0.00165672 0.000440071 0.00270276 0.00113145 0.00212763 0.00289233 0.00417213 0.00614638 0.00798237 0.00388995 -0.00528028 -0.00279819 0.00370101 -0.00263847 -0.00168188 -0.00367436 -0.0117826 -0.000849377 -9.5823e-05 0.0011141 0.00474936 0.00952701 0.0114817
internal_weight=1140.81 518.249 622.563 121.742 474.894 500.821 77.2943 397.6 333.165 215.62 184.563 29.987 157.723 144.69 120.196 105.973 66.6364 24.4943 31.8725 97.0106 403.81 357.347 117.546 29.4294 88.1163 268.74 233.788 120.199 69.3592 65.2251
internal_count=9740 4169 5571 404 3759 5167 610 3149 2707 1495 1359 341 1108 1019 861 791 476 158 195 847 4320 3568 1212 230 982 2747 2327 1089 683 610
is_linear=0
shrinkage=0.0218826


Tree=32
num_leaves=31
num_cat=0
split_feature=49 84 135 63 147 34 176 71 12 182 120 35 39 34 24 30 49 223 119 34 48 87 41 117 222 223 41 196 208 222
split_gain=9.94412 9.34671 8.66254 8.46901 7.51099 8.6147 6.95762 6.64287 7.74711 7.50889 6.41497 6.24409 6.17213 6.00319 5.89545 5.78637 5.75129 5.56158 5.5481 6.17586 7.40394 6.67899 6.93294 6.47988 6.14942 7.85697 5.54625 6.30222 5.47964 5.23369
threshold=11.750000000000002 61.45000000000001 0.039178988190384227 13.750000000000002 5.7777000000000012 0.24509813275389902 0.01924562918280354 17.450000000000003 1.5047609456147242 -0.011481580242156062 0.73500843563180818 0.089541226076169739 1.0850000000000002 0.23361802681611932 10.864430001440381 0.24524290998835513 9.2500000000000018 0.89387000000000005 24.472222222222225 0.24883513842284807 1.0000000180025095e-35 0.49106453759148377 3.7181205725528454 0.34833164812942369 4.6568316605847899 0.40638749999999985 3.5464798697544202 10.683922344443978 3.6736101117746816 5.4303386045337954
decision_type=2 2 2 2 2 2 2 2 2 2 2 2 2 2 2 2 2 2 2 2 2 2 2 2 2 2 2 2 2 2
left_child=1 10 3 -2 -3 13 7 28 9 -9 12 -12 18 -6 -13 -11 -16 29 19 23 21 24 -23 -1 25 -21 -22 -28 -5 -14
right_child=2 4 -4 6 5 -7 -8 8 -10 15 11 14 17 -15 16 -17 -18 -19 -20 20 26 22 -24 -25 -26 -27 27 -29 -30 -31
leaf_value=0.0012440303514264961 -0.02690427260360918 -0.012216743595373315 -0.029527516999490612 0.020685200355024115 -0.010362068340739498 0.0029923700021872437 -0.026191565603970509 0.025040785772033409 0.021533327876332164 0.0012531133163507983 -0.013432299836159433 0.0018934962319800876 0.0044770251979714118 -0.014090254669809567 0.002007027910215022 -0.012818851259286673 -0.035954215032716966 0.020242191969643341 -0.016186346016526576 -0.014372686361524289 -0.01894861044553104 0.014787855051259052 -0.035151399647393819 -0.020046509747003893 -0.014321884229690825 0.023563152453305383 -0.015604821197441554 0.014451038022049105 -0.018251047637712632 -0.038099669625278602
leaf_weight=149.95687947679198 50.088065137843387 37.558934100728266 19.761314335719362 9.0484095332535599 77.301001268571781 96.037188762891219 39.868595699057096 14.578691154464648 25.350540738373638 40.034108426295006 39.312444193116789 132.87645043129078 39.996032768065561 27.790353643177468 16.59726019609457 29.464180089838464 11.980705713322093 21.521530224060825 49.743258219649078 46.146492166814369 34.950685700694748 13.098921356930534 4.3897604612459409 14.48431725209184 31.216780328117011 11.226148309110156 9.2045542503758515 13.865219156545662 27.245988560045589 6.1165369421369169
leaf_count=1427 158 602 71 36 597 900 127 58 106 165 508 1143 545 228 157 135 44 124 731 554 428 193 30 122 201 73 52 82 80 63
internal_value=-0.00113766 -3.53637e-05 -0.00493405 -0.00371479 -0.0037323 -0.0020126 -0.00151988 0.000690109 0.0034014 0.000127232 0.00132728 0.00456736 -0.000130129 -0.0063288 0.00647211 -0.00286738 -0.00240547 0.00591061 -0.00122861 -0.00018009 -0.00318455 0.000237979 0.01231 0.00280017 -0.00219952 0.00201746 -0.00941266 -0.000871947 -0.00729721 0.00146792
internal_weight=1140.81 885.371 255.44 235.679 238.687 201.129 185.591 145.722 109.428 84.077 646.684 200.767 445.917 105.091 161.454 69.4983 28.578 67.6341 378.283 328.54 164.099 106.078 17.4887 164.441 88.5894 57.3726 58.0205 23.0698 36.2944 46.1126
internal_count=9740 8804 936 865 2327 1725 707 580 464 358 6477 1852 4625 825 1344 300 201 732 3893 3162 1613 1051 223 1549 828 627 562 134 116 608
is_linear=0
shrinkage=0.0218826


Tree=33
num_leaves=31
num_cat=0
split_feature=49 218 84 63 43 29 35 118 100 59 120 106 6 89 30 63 30 100 182 157 29 73 156 196 15 21 53 145 162 106
split_gain=9.25366 8.12457 8.02687 7.66924 7.44151 7.22436 7.0471 7.20496 6.85395 6.65378 7.42142 6.78608 6.30502 8.28059 7.58289 5.76622 7.18434 9.61979 5.89975 5.46331 5.56037 5.43213 6.40113 5.44307 5.36073 5.22749 5.30791 5.15739 5.15477 5.59512
threshold=13.000000000000002 0.016383604440906089 61.45000000000001 13.750000000000002 6.4500000000000011 0.080075001186810948 0.096432926091341895 24.450000000000003 0.027118955690384267 0.20775805393586008 0.70373695059511954 7.3653106784075417 3.831998824221047 -0.10195197094657969 0.22459487858284402 25.350000000000005 0.24885385204361163 0.019292803970223329 0.0035891110860041824 234.45962409173248 0.09634103469271825 41.95000000000001 161.88488478818695 8.5945862893997376 8.5000000000000018 3.2779933267716066 0.46446971413413862 2.4939171579112069 -1.8118829782370864 5.8452718766776597
decision_type=2 2 2 2 2 2 2 2 2 2 2 2 2 2 2 2 2 2 2 2 2 2 2 2 2 2 2 2 2 2
left_child=2 3 6 -2 27 -6 15 9 19 -8 11 -11 25 -14 -15 -1 17 -17 -19 -9 -21 22 -7 -23 -10 26 -5 -4 -12 -30
right_child=1 -3 4 12 5 21 7 8 24 10 28 -13 13 14 -16 16 -18 18 -20 20 -22 23 -24 -25 -26 -27 -28 -29 29 -31
leaf_value=-0.011674697083435472 -0.0089900596992047461 -0.02771764246405619 -0.01340984679397429 -0.011413947983009536 -0.011680875969618216 0.022978453237873762 0.017187917847979715 -0.020458198768679051 0.014448229432053462 -0.013231139474385865 0.002897081164895616 0.018989419973585078 0.019297041049264888 0.0032744255518388958 -0.012539880507371802 0.020317245838636578 0.013980690798198447 0.020396704077870857 -0.015933203686674415 0.022574099717670867 -0.017207412658025834 -0.03078298568748911 -0.012839507345818636 0.018991712017949611 -0.01648030149007838 -0.031356878415014236 0.020232553395660866 0.0021784420081066057 0.0012351095517046391 -0.013746216282984206
leaf_weight=138.60140614465354 35.899974577146622 47.799980342648723 70.328901200557539 14.743940059925082 62.983619663812988 5.6658144956911647 28.49949464500196 4.4065044009653311 13.295054554039323 50.45260991887767 122.95795100427404 7.1238126938819724 32.865309051863733 11.236479578085207 32.113942485812913 8.4833345612591966 26.380023527383401 4.0500284745430717 24.968136048617225 34.485912579075148 11.00133446765062 15.63911192091359 30.657948886953363 61.371354457624875 43.591485969501264 18.634639457334742 7.473542971581991 4.4122507276479146 142.01570519834036 28.671744531049626
leaf_count=1842 97 163 960 53 610 51 194 58 124 488 696 38 98 39 101 110 279 91 228 307 94 85 177 501 435 78 37 11 1492 203
internal_value=-0.000896749 -0.00515137 1.22359e-05 -0.00263378 -0.00332796 -0.000842355 0.00123634 0.00266577 -0.00232441 0.00407918 0.00322341 -0.00389083 7.56624e-05 0.00381043 -0.00241256 -0.00217979 0.00320373 -0.00288336 -0.0089527 0.00352505 0.00591605 0.00243806 -0.00442513 0.00572751 -0.00748645 -0.00675652 0.000345691 -0.00907913 0.00463571 0.00213351
internal_weight=1140.81 200.768 940.044 152.968 251.059 176.318 688.985 486.502 106.78 379.721 351.222 57.5764 117.068 76.2157 43.3504 202.483 63.8815 37.5015 29.0182 49.8938 45.4872 113.334 36.3238 77.0105 56.8865 40.8521 22.2175 74.7412 293.645 170.687
internal_count=9740 666 9074 503 2395 1424 6679 4129 1018 3111 2917 526 406 238 140 2550 708 429 319 459 401 814 228 586 559 168 90 971 2391 1695
is_linear=0
shrinkage=0.0218826


Tree=34
num_leaves=31
num_cat=0
split_feature=49 85 218 85 203 101 39 35 22 89 30 118 121 208 139 66 137 44 43 205 195 223 97 139 112 82 143 65 22 120
split_gain=9.89174 8.16782 7.86218 8.74398 10.5273 8.82231 6.45087 6.61294 8.01557 7.10387 6.7333 6.59289 6.19538 6.98205 6.23894 6.11692 6.03047 7.43055 8.78778 5.88751 6.99289 6.18988 5.786 5.65607 5.60879 5.53344 5.65016 5.37821 5.3266 6.08939
threshold=13.000000000000002 21.350000000000005 0.016383604440906089 23.250000000000004 3.4132409550561804 0.044147176943066392 1.0850000000000002 0.086931686090755536 3.3504735102296084 -1.4737115942028962 0.24572451238348073 23.775000000000002 0.71585870287898146 3.0810560084582845 2.6347523083449773 28.000000000000004 -0.036840391742287475 -0.0087262032186419015 8.0500000000000025 0.34110465013383334 43.355461764629091 0.73486000000000029 0.27340939748201448 2.5553619740818374 2.5000000000000004 34.850000000000001 -0.86953923716971004 24.850000000000005 1.4974269632806221 0.69103399783356467
decision_type=2 2 2 2 2 2 2 2 2 2 2 2 2 2 2 2 2 2 2 2 2 2 2 2 2 2 2 2 2 2
left_child=1 22 3 4 5 -2 7 8 10 -9 -3 16 -5 -14 -15 -4 17 24 25 20 -13 23 -1 -21 -11 26 -19 -8 -18 -30
right_child=2 6 15 12 -6 -7 27 9 -10 11 -12 19 13 14 -16 -17 28 18 -20 21 -22 -23 -24 -25 -26 -27 -28 -29 29 -31
leaf_value=-0.0093662801688495344 0.0020291234405020535 -0.018060016893242044 0.005773808239833215 0.010059191419647229 -0.026305739051804874 -0.026787982973918382 0.013009006185830471 -0.013669044960791134 -0.01379836777476599 -0.012674555279914734 0.015113513109767173 0.0056641700490111958 0.0032027724498982515 0.0027207404924473443 -0.028700870498102212 -0.029648560047632368 0.022091749090057705 0.01557267468851785 0.020312810490179068 -0.029659540831058831 -0.01611966885269318 -0.018643294605884167 -0.034957171540734515 6.1753169995199981e-05 0.016643223314801746 0.078695782788810037 -0.018964306598782846 -0.011690675119082445 -0.015465835670437678 0.00043134400322153503
leaf_weight=197.5795446065531 17.614504156020079 15.188435806161349 8.661684142127795 24.963511945864184 40.519279774643564 7.7740787052834994 86.577458960420927 8.8786734290385976 76.167959845911355 7.7884871552832911 20.045300191835622 65.898253534250898 16.566876190352559 22.153858905589004 23.375718503997405 39.138296200520927 13.005565776554247 3.1234783183035715 14.793327938398077 8.5896969347284067 26.990936180571225 24.953023254879099 14.032564385404838 69.640400530211309 61.298905260651736 4.8937709622550747 18.87308539995502 18.159656286072504 12.683855861186428 170.8811594536885
leaf_count=1765 42 257 28 90 142 19 919 91 1010 80 221 626 62 60 88 135 125 24 119 57 337 159 182 588 404 9 215 211 106 1569
internal_value=-0.000877119 6.27828e-05 -0.00527613 -0.00279732 -0.00876796 0.00215126 0.00116592 0.000313601 -0.00449262 0.00137021 0.00401603 0.00173027 0.00172609 -0.0019514 -0.00640537 -0.0129674 0.00372952 0.00780007 0.000402337 -0.00139015 0.00257324 -0.0049804 -0.00370992 -0.0018507 0.012163 -0.00692994 -0.0116596 0.00617083 0.00139752 0.000392376
internal_weight=1140.81 940.044 200.768 152.968 65.9079 25.3886 728.431 623.694 111.402 512.293 35.2337 503.414 87.06 62.0965 45.5296 47.8 307.342 110.771 41.6837 196.072 92.8892 103.183 211.612 78.2301 69.0874 26.8903 21.9966 104.737 196.571 183.565
internal_count=9740 9074 666 503 203 61 7127 5997 1488 4509 478 4418 300 210 148 163 2651 851 367 1767 963 804 1947 645 484 248 239 1130 1800 1675
is_linear=0
shrinkage=0.0218826


Tree=35
num_leaves=31
num_cat=0
split_feature=99 85 147 207 122 210 171 155 214 103 71 10 159 105 49 98 30 95 51 206 8 17 208 96 163 120 23 182 118 49
split_gain=8.3834 7.00939 6.47062 6.06367 7.67598 6.61347 5.98337 5.65716 5.59577 7.37591 5.92483 6.89328 5.8434 5.50375 5.80136 5.48465 5.22973 9.7769 9.30755 5.88316 5.22493 5.09018 5.03553 5.05215 5.62885 5.84101 5.03516 5.09994 4.88981 4.85975
threshold=0.043517714826797137 21.450000000000003 5.7777000000000012 -0.80720403397582474 4.0000000000000009 5.6932122566111172 0.25947656517276779 1.8191754975217351 2.7083333333333335 9.0032165832737689 15.050000000000002 7.6604263471682659 0.31338483404862244 0.53158244680851074 9.2500000000000018 0.066931338483186414 0.24188952302308067 0.20016694490818035 0.24270001603334937 10.183187927253478 2.3858244434233584 3.1650000000000005 3.4539351814382031 0.22848324514991183 36.34207929521282 0.70019533112822818 12.618898809523811 0.028394607843137302 21.633333333333336 13.000000000000002
decision_type=2 2 2 2 2 2 2 2 2 2 2 2 2 2 2 2 2 2 2 2 2 2 2 2 2 2 2 2 2 2
left_child=1 2 7 6 5 -5 -3 -1 10 13 11 12 -6 14 -10 22 18 -18 -2 -19 -12 -22 -4 24 25 -24 27 -15 -16 -8
right_child=16 3 15 4 8 -7 29 -9 9 -11 20 -13 -14 26 28 -17 17 19 -20 -21 21 -23 23 -25 -26 -27 -28 -29 -30 -31
leaf_value=0.016996560991311253 -0.0087394150326038991 -0.017720730978481571 0.0040711967413225849 0.022577877954749248 -0.02817102671751941 -0.0083607101929644365 0.00061701494813248706 -0.0109826098565181 0.016696937854089572 -0.0378166814286824 -0.00012086487152429972 -0.015315986957294683 0.024099546592869916 -0.01434667370694297 0.018793799239501394 0.018780682772466618 0.041853402387757636 -0.024363100371843988 0.0087194056277200612 0.0029241189359781386 -0.010349434601845823 0.013344032573573788 0.021687082959115003 -0.013500934170721702 0.021726890746908811 -0.011980721913057626 0.012020533066901736 0.0010169664823970264 -0.0064235792153680008 -0.055793613110154246
leaf_weight=3.9950138515137033 67.869055052671001 28.634732417699752 28.390159943737444 30.422235924052075 3.7352463976424159 12.633168330125043 68.167738979796695 36.015356162788294 70.700383953302435 9.4833222413624281 299.2841075097017 51.753039833143475 14.875523725640049 30.157463548367332 17.517173577107997 5.2819277303806293 8.9689888817570118 50.274831283697495 14.081351203693428 10.602850168793109 5.6858374077387444 27.512259865398164 10.454185379255703 75.341330212320372 14.106147579271463 55.345047327698694 7.1441530823672101 13.010924829016401 58.377698043607552 10.990094153066364
leaf_count=93 605 199 299 120 32 42 497 395 1069 63 3114 291 109 201 76 32 88 425 143 83 52 236 52 437 134 329 38 109 344 33
internal_value=-0.00104464 -0.00030447 -0.00365639 0.000703791 0.00150274 0.0103518 -0.00407764 -0.0115768 0.000859463 0.00378416 -0.00063579 -0.00637011 0.00478848 0.00472284 0.00686041 -0.00192064 -0.00581973 -0.0101965 -0.00198905 -0.0133541 0.000580857 0.00871324 -0.0026021 -0.00416462 -0.000277748 -0.00303302 -0.00145442 -0.00438452 0.00256214 -0.000893408
internal_weight=1140.81 989.014 228.929 760.085 652.293 43.0554 107.793 40.0104 609.237 206.391 402.846 70.3638 18.6108 196.908 146.595 188.919 151.797 69.8467 81.9504 60.8777 332.482 33.1981 183.637 155.247 79.9054 65.7992 50.3125 43.1684 75.8949 79.1578
internal_count=9740 8396 1771 6625 5896 162 729 488 5734 1900 3834 432 141 1837 1489 1283 1344 596 748 508 3402 288 1251 952 515 381 348 310 420 530
is_linear=0
shrinkage=0.0218826


Tree=36
num_leaves=31
num_cat=0
split_feature=64 46 50 214 106 178 49 84 147 89 24 79 104 95 50 39 88 171 30 118 45 33 178 147 209 59 219 89 107 192
split_gain=9.31857 7.37433 7.40304 7.22842 6.50083 7.17032 6.66771 7.14576 6.65743 6.59787 6.53704 6.65959 7.16506 6.20715 6.63842 6.18329 6.1326 5.7388 5.55375 6.38551 7.44493 6.03717 5.85009 5.51249 6.50671 6.62493 5.75426 5.45478 5.4159 5.35285
threshold=22.050000000000004 1.5000000000000002 5.7500000000000009 3.1250000000000004 0.95574098610210589 -0.052818023530482421 9.7500000000000018 60.550000000000004 5.839150000000001 1.0283623359563665 5.5514751066359898 49.45000000000001 6.2295714665956892 0.27577628618754485 5.7500000000000009 1.0485000000000002 93.075372505543243 0.21689934340536751 0.26598302472588725 23.775000000000002 0.64942331933852337 0.52384741778002786 -0.06277283482517626 5.7777000000000012 1.0000000180025095e-35 0.25307183098591551 -0.0035550340949106886 -0.052343685083791051 8.0991901619676074 8.1719760069189835
decision_type=2 2 2 2 2 2 2 2 2 2 2 2 2 2 2 2 2 2 2 2 2 2 2 2 2 2 2 2 2 2
left_child=4 2 3 28 5 -1 7 9 17 13 15 18 -13 -6 -15 27 -7 -8 19 22 -21 -20 -12 -9 25 -25 -27 -10 -2 -28
right_child=1 -3 -4 -5 6 16 8 23 10 -11 11 12 -14 14 -16 -17 -18 -19 21 20 -22 -23 -24 24 -26 26 29 -29 -30 -31
leaf_value=0.018806625423256087 0.019578741952490944 -0.0007216523210735648 0.043349328909142594 0.019923426968717184 0.00055348154720758337 -0.029215703824107694 0.0070631919548820154 -0.029829671789475612 -0.017001425770407568 0.022096736521858056 -0.01240177802406588 0.017374995094854902 -0.026297152630215506 -0.012896530327496788 0.01272697952533706 0.01836971170108137 0.00065690802053334412 -0.012214774124312298 -0.030140982843063269 -0.013308135450455363 0.0051971546726681476 0.023293637736906639 0.0020334890281003843 -0.012034854723334208 0.006692378375398913 0.003291655873760986 0.0016442616971659551 0.0010423012456636327 -0.0033067117723091697 -0.015582334965891405
leaf_weight=16.009080218192821 10.189275367181379 75.52881632745266 15.966280337486294 31.854778865450271 184.13649103094758 17.076276599142375 3.6271645546712525 31.654793068741355 13.14035838624909 27.719901649646772 12.301937633772466 8.4963366673891851 40.506471805041429 91.93787888839438 9.6662916589430079 15.895906590422781 42.349058962820891 56.855604026261744 42.068607504676947 65.550349520886584 12.288645971685581 5.7095772432439835 109.79120233262256 30.005212545029735 34.589758490845952 32.891778230081854 18.173358769452079 12.868369246577004 44.059329592818585 27.90245651058558
leaf_count=85 71 152 51 333 2621 163 28 553 38 246 50 26 159 1336 25 79 307 385 175 239 58 24 432 370 320 280 225 51 548 310
internal_value=-0.00122612 0.00336286 0.00718249 0.00449748 -0.00207756 0.00404394 -0.0026044 -0.000880163 -0.00470184 0.00109065 -0.00347733 -0.0046253 -0.011958 7.76902e-05 -0.0042334 0.00451236 0.000414918 -0.0113712 -0.00312826 -0.00149078 -0.00636354 -0.00977846 0.00161174 -0.00441249 -0.00252801 -0.00516154 -0.00173956 -0.00199662 -0.000338427 -0.00671109
internal_weight=1140.81 177.598 102.07 86.1034 963.213 75.4344 887.778 488.678 399.101 313.461 338.618 296.713 49.0028 285.741 101.604 41.9046 59.4253 60.4828 247.71 199.932 77.839 47.7782 122.093 175.217 143.563 108.973 78.9676 26.0087 54.2486 46.0758
internal_count=9740 1155 1003 952 8585 555 8030 6286 1744 4228 1331 1163 185 3982 1361 168 470 413 978 779 297 199 482 2058 1505 1185 815 89 619 535
is_linear=0
shrinkage=0.0218826


Tree=37
num_leaves=31
num_cat=0
split_feature=49 116 84 73 50 208 163 74 213 162 154 207 13 108 181 121 43 35 104 53 110 29 45 54 210 46 216 178 112 113
split_gain=7.75353 8.93944 8.22819 7.85542 9.94859 7.51868 8.4914 8.4224 7.51133 8.04134 7.13951 6.67986 6.54397 6.50939 6.37901 6.02022 7.14403 5.74219 6.05247 5.58888 5.55538 5.49664 5.47748 5.1319 7.49265 6.23792 7.01969 5.33677 7.30759 6.81158
threshold=11.250000000000002 9.5000000000000018 60.550000000000004 22.950000000000003 5.2500000000000009 3.6736101117746816 -12.742560414953447 0.39050000000000007 14.342857142857143 -6.3507528506350885 1.1184899943769284 -0.10315018764807514 5.8294529113099225 60.552045966794715 0.7210684993805575 0.73383952118503559 6.7500000000000009 0.095080659362323419 11.643498371930253 0.44103199031392232 0.28115060389435681 0.06859560124196902 -0.91702515554752051 8.8006329113924071 5.3171943843704854 9.5000000000000018 -4.0495517199842883 -0.025774491226749855 3.8333333333333335 34.500000000000007
decision_type=2 2 2 2 2 2 2 2 2 2 2 2 2 2 2 2 2 2 2 2 2 2 2 2 2 2 2 2 2 2
left_child=2 11 3 -1 8 6 -3 21 9 22 12 -2 -7 -6 -11 16 -4 19 -19 -16 -17 -8 -5 24 25 26 -12 -28 -29 -30
right_child=1 5 15 4 13 10 7 -9 -10 14 23 -13 -14 -15 17 20 -18 18 -20 -21 -22 -23 -24 -25 -26 -27 27 28 29 -31
leaf_value=-0.033082169045223424 -0.0074518070215407895 0.019746563824711596 -0.012712173406309502 -0.0099079057381338247 -7.6263769354068073e-06 -0.025885857192500476 0.00038005177292322023 0.021446467738680461 -0.013151707291872069 -0.01033029985074063 -0.026783528392343967 0.020842924020338511 0.017252964180910466 0.012638534525610508 -0.01391467401532317 0.019572925716009958 -0.0080536821867932505 0.0080469445141281397 -0.011800889860548232 0.00051873658552151365 -0.032465687106026007 -0.026979118718532289 0.016499259730384429 -0.011196274226805667 0.022783911260336208 -0.027599990099200222 0.024961432372932527 0.0073684013971781646 -0.042966536179251058 0.0075805085435290166
leaf_weight=7.6769406199455252 4.8810491673170899 20.70666173616155 76.346932948765925 6.5197798291701465 17.394816546644961 11.247091742692648 13.984636622177275 9.0016151068543859 39.361790678446596 157.63954369676276 19.152754582648413 20.463029193232387 9.5957479181924992 39.883116174041334 30.082663239310705 10.553296273920294 161.41750886899308 132.59370385191164 23.682332482979291 31.349628983262164 3.4916939940073908 56.810803078083609 61.142949191346361 88.65171526079439 17.60093844848052 25.645664870738983 11.96058560278834 10.835926064317848 17.027096946036185 4.1093348766898989
leaf_count=10 36 63 1028 91 56 43 61 40 442 2162 53 180 30 90 443 119 1313 1450 167 480 141 219 406 305 57 39 63 44 91 18
internal_value=-0.00125573 -0.00401066 -7.11093e-05 0.00143087 0.00176203 -0.00502288 -4.45677e-05 -0.00333446 0.000723625 0.00154849 -0.00731799 0.00827049 0.00461569 0.0103226 0.000281287 -0.00334227 -0.00418367 0.00271226 0.00494083 -0.00289753 0.0101478 -0.0059407 0.00844689 -0.00862324 -0.00526815 -0.00786787 -0.00400368 0.000803636 -0.00381272 -0.0112368
internal_weight=1140.81 341.675 799.137 547.327 539.65 316.331 100.504 79.7971 482.372 443.011 215.827 25.3441 20.8428 57.2779 375.348 251.809 237.764 217.708 156.276 61.4323 14.045 70.7954 67.6627 194.984 106.332 88.7314 63.0857 43.9329 31.9724 21.1364
internal_count=9740 1342 8398 5797 5787 1126 383 320 5641 5199 743 216 73 146 4702 2601 2341 2540 1617 923 260 280 497 670 365 308 269 216 153 109
is_linear=0
shrinkage=0.0218826


Tree=38
num_leaves=31
num_cat=0
split_feature=63 101 50 78 119 36 104 121 45 144 22 9 152 156 122 208 56 43 96 139 41 55 54 40 223 35 134 133 111 24
split_gain=8.38827 6.30899 5.963 5.9576 5.37556 5.71094 7.23877 6.23333 6.93285 5.27408 5.241 7.61548 6.62994 7.74391 8.45785 7.46776 7.25463 6.68115 6.25985 5.94466 5.89721 5.84917 5.60828 5.35638 7.36211 5.33771 5.32901 5.07637 5.0382 5.95822
threshold=27.750000000000004 0.051985586667667602 8.7500000000000018 17.950000000000003 23.585714285714293 0.47211769233378292 11.236729019211326 0.72121137556669057 1.0000000180025095e-35 3.3755281680853728 2.2496626686656676 0.28819328963052676 0.3907893099250615 229.36935433986898 4.0000000000000009 3.4836754980858546 90.297980501392757 7.1500000000000012 0.28086039710635685 3.0287497827190175 3.0498130948946347 43.404351009060655 8.8833936918888394 9.003269610224427 0.57487500000000014 0.095843276418857856 0.86058181932414446 -0.010390897450370846 26.500000000000004 7.5000486935395676
decision_type=2 2 2 2 2 2 2 2 2 2 2 2 2 2 2 2 2 2 2 2 2 2 2 2 2 2 2 2 2 2
left_child=1 10 4 9 -2 7 -7 8 -6 -3 26 12 13 14 15 -12 19 20 -13 28 -17 27 -21 -15 25 -25 -1 -18 29 -16
right_child=2 3 -4 -5 5 6 -8 -9 -10 -11 11 18 -14 23 16 17 21 -19 -20 22 -22 -23 -24 24 -26 -27 -28 -29 -30 -31
leaf_value=5.8954275844506462e-05 0.0040558329288054489 -0.007051089876175763 -0.031808664081286658 0.0029090104820776877 -0.026197433866802223 -0.031470123858450987 0.025571266536565881 0.014929239273891004 0.036769286027409677 -0.026213085596673569 0.0227618759021153 0.00021364886429420105 -0.024573623314112704 0.004439078126536153 -0.010583121031165493 -0.011686673948552315 -0.010530827701098297 0.0025297986311991192 -0.016467113628281162 0.00026480530232016506 -0.0062063889792294442 -0.0087923426830483018 -0.011824729729867447 -0.015786562386085515 -0.016152646135903087 0.018488662924661777 0.016161571491097156 0.016633736698311679 0.0051361669428597418 -0.015803742022270872
leaf_weight=86.184783598390823 125.47633276604779 65.730912600052079 6.6764177579530033 9.8413734008447573 15.237124072688177 20.21565143898329 6.2154696752022565 28.847069900704582 10.845032623535188 40.506561770327608 19.090355812688358 14.32648674541292 23.289634120397295 70.964053242063301 99.813255337691317 10.563504470337646 6.8170474725161538 69.403566737368237 30.241256465333663 87.1741091931965 35.547804588917643 41.080029869852979 15.752923753902222 12.191582657499792 17.66490713811163 21.026447891271118 22.732847418548999 13.720890029954488 9.1857686842067761 104.4481473627136
leaf_count=740 955 614 19 71 134 189 34 298 83 133 81 114 235 602 1151 59 93 199 346 794 131 435 505 145 139 223 108 151 56 903
internal_value=-0.00129491 -0.00219703 0.00260207 -0.00695896 0.00329698 -0.00104736 -0.00927914 0.00293441 -0.00466824 -0.00848931 -0.0015056 -0.00220103 -0.00159523 -0.00116042 -0.00234303 0.00234266 -0.00402128 0.00018149 -0.0108864 -0.00536067 -0.00618559 0.00278636 -0.000995012 0.00377207 -0.00158568 0.00441061 0.00293345 0.012106 -0.00743969 -0.00816532
internal_weight=1140.81 927.298 213.513 116.079 206.837 81.3603 26.4311 54.9292 26.0822 106.237 811.219 702.302 657.734 634.444 512.597 134.605 377.992 115.515 44.5677 316.374 46.1113 61.618 102.927 121.847 50.8829 33.218 108.918 20.5379 213.447 204.261
internal_count=9740 8028 1712 818 1693 738 223 515 217 747 7210 6362 5902 5667 4558 470 4088 389 460 3409 190 679 1299 1109 507 368 848 244 2110 2054
is_linear=0
shrinkage=0.0218826


Tree=39
num_leaves=31
num_cat=0
split_feature=64 49 146 85 103 1 155 45 10 41 147 136 44 219 136 35 205 156 10 50 99 36 33 88 203 137 99 45 99 209
split_gain=8.64447 7.65328 8.01868 7.45328 6.59398 6.11343 7.19338 5.98847 8.71382 7.30352 5.52481 6.02445 5.90496 6.6486 7.21305 5.81356 6.52078 5.5268 6.09181 5.43719 7.36924 5.42524 5.21382 7.31946 5.71729 5.10988 5.0117 6.23762 4.95703 6.44786
threshold=20.350000000000005 9.7500000000000018 0.12558140650403798 28.350000000000005 0.90754956786985275 6.4450000000000012 1.8861566218409185 -0.72534675097891077 10.332418397887706 3.3222429802408913 13.414500000000002 -1.0070516682505779 0.89490028524376763 -0.054904873893423488 0.1971928884124006 0.090407261314365286 0.26327941599719135 180.67243289805231 7.337254164905965 5.2500000000000009 0.023968872175963236 0.5527392452600739 0.38098242885756622 93.283340966599582 5.4607476815985381 1.9213271838538211 0.038823868422219271 1.0000000180025095e-35 0.033913438256658601 -1.1214051015833995
decision_type=2 2 2 2 2 2 2 2 2 2 2 2 2 2 2 2 2 2 2 2 2 2 2 2 2 2 2 2 2 2
left_child=1 3 -3 25 -4 7 -7 8 9 -2 11 -6 13 -13 17 -12 -17 -15 -19 21 -21 26 23 -16 -25 28 -9 -28 -1 -30
right_child=5 2 4 -5 10 6 -8 19 -10 -11 15 12 -14 14 22 16 -18 18 -20 20 -22 -23 -24 24 -26 -27 27 -29 29 -31
leaf_value=0.00011567298300854761 -0.01226759367526512 0.0012919427566772199 0.0018629703919070771 0.0018376230088411332 -0.024785075763755569 0.015150667146251299 -0.015464297922263909 0.011873631454976852 -0.028067956906889371 0.020749402469393254 -0.012797295823135869 0.0028602941923195025 -0.025589239273946827 -0.025558517896095645 -0.026737521702883661 0.017456276701089027 -0.0055052124690008579 0.0065209835299900034 -4.7002574661451456e-05 -0.0093704284002088818 0.01659914433688902 -0.01642475912768248 -0.025441132886052389 0.004341939342194406 -0.029576879020265956 0.023792642317349743 0.00091180468075412126 -0.037406165979203959 0.0013347458870916723 -0.010279979399244941
leaf_weight=235.07040571410425 13.372052097526192 16.096746990501742 27.339770883277197 69.898320812469137 55.025899765038048 6.2104292801732326 18.237253061376805 102.40481359842715 27.770017936128397 21.258608488927166 7.6528750903462415 12.25711119812331 31.367485620022535 30.075831926944829 13.885109529782993 11.269365874087272 19.455426462249761 12.610029651611965 60.581448347064224 9.1308648722197159 33.600461913804338 26.215454316064097 67.795560273900719 19.959006934301218 5.8585700417206672 11.275677671490937 6.8347827704419597 7.8444467737911054 33.294278085666065 127.16324261513091
leaf_count=3167 240 92 107 723 227 51 137 813 215 145 40 25 164 128 58 42 79 74 260 29 81 163 290 75 20 97 88 113 404 1593
internal_value=-0.000967794 -0.00203756 -0.00430276 -0.000167881 -0.00496373 0.00241938 -0.00781826 0.00346128 -0.00234779 0.00487454 -0.00578254 -0.00675437 -0.0052832 -0.00398227 -0.00491549 0.00195119 0.00630403 -0.000738705 0.00247983 0.00542821 0.0122395 0.00331861 -0.00886391 -0.00240032 0.00440303 -0.0013116 0.00534414 -0.00625055 -0.00174336 -0.00469919
internal_weight=1140.81 867.932 391.23 476.702 375.133 272.879 24.4477 248.432 62.4007 34.6307 347.794 309.416 254.39 223.023 210.766 38.3777 30.7248 103.267 73.1915 186.031 42.7313 143.299 107.498 39.7027 25.8176 406.804 117.084 14.6792 395.528 160.458
internal_count=9740 7665 1681 5984 1589 2075 188 1887 600 385 1482 1321 1094 930 905 161 121 462 334 1287 110 1177 443 153 95 5261 1014 201 5164 1997
is_linear=0
shrinkage=0.0218826


Tree=40
num_leaves=31
num_cat=0
split_feature=85 2 96 209 49 50 123 45 121 152 63 78 114 110 96 88 210 89 177 5 104 105 172 137 151 50 88 45 28 36
split_gain=8.31172 7.8515 8.3469 6.96853 6.45169 9.0488 9.01495 7.71946 7.74562 7.22402 6.69318 6.78231 5.89255 6.00809 7.6573 7.46132 6.17454 5.60849 5.22288 5.5514 7.39129 6.36431 5.80447 9.90766 6.22472 6.33503 5.71095 5.78066 5.66734 5.63576
threshold=21.450000000000003 0.14072200561097045 0.22896164811919437 0.72024733658984441 11.750000000000002 5.2500000000000009 4.0000000000000009 -0.25881904510252068 0.72322937582890368 0.32716796560905698 13.750000000000002 19.050000000000004 0.21958268715635135 0.27854481388547137 0.30530333467255932 93.201683816033025 5.2950182478907157 1.5225395310570422 0.34248120300751889 1.1301411973258733 6.0248190279214073 0.5100040016006403 -0.0012323446327683338 -0.13039792060848462 1.2084086788721911 4.2500000000000009 96.338977407288738 -0.80382625221112003 0.22313247684215429 0.5237031147170178
decision_type=2 2 2 2 2 2 2 2 2 2 2 2 2 2 2 2 2 2 2 2 2 2 2 2 2 2 2 2 2 2
left_child=1 2 -1 -4 5 17 -6 8 -7 10 -8 12 -12 -14 15 16 -15 18 19 21 -21 29 24 -24 25 28 27 -26 -22 -2
right_child=4 -3 3 -5 6 7 9 -9 -10 -11 11 -13 13 14 -16 -17 -18 -19 -20 20 22 -23 23 -25 26 -27 -28 -29 -30 -31
leaf_value=0.0089739341949999669 0.015822688985565742 -0.0095581489023516108 -0.024818045425874475 0.046794416146183751 0.0043012820753988313 -0.0097032968302120069 -0.024623224997098795 0.011778044870011639 0.015805382278928044 -0.027473719239492843 0.038158148440964025 0.028624147610675638 -0.025614794355835392 -0.030218656290273083 -0.023940090080781989 0.0042085400708740351 0.023366821148104608 0.035830539197818818 -0.01165136020645325 0.01223827802494804 0.00015088928375115538 -0.0089225967830207139 0.018081550789654871 -0.0084132583005511428 -0.014705163504540287 0.0021414959532623759 -0.014274627382051822 0.021440406345164618 -0.01370839755141952 -0.029983090935501791
leaf_weight=49.041210509708208 81.012408525776209 196.30801161595741 15.226104126120392 3.028666933931162 20.352547584217973 17.344751593005643 22.043320802168637 42.05531913698087 12.337003239133081 19.511325396072607 9.0053673493659954 11.630229182028414 23.94387908217368 11.651051784776884 25.861102712623961 44.292324087876068 6.1340232985967296 11.049737510206567 63.254742490149056 45.74802670332906 43.107674651201023 43.101569146738939 35.893382175236411 95.220401000908396 3.3804278921402373 14.628844288763046 5.077470735242513 15.865158211549442 136.06206949725288 17.643197333482703
leaf_count=374 1048 1629 114 15 42 37 70 105 35 65 47 54 78 67 95 176 17 109 543 453 530 337 468 1198 55 79 21 130 1516 233
internal_value=-0.0011695 -0.00457083 0.001827 -0.010453 -0.000140594 0.000857841 -0.00365195 0.00816501 -0.000302463 -0.00528277 -0.00362364 -0.00170015 -0.00328406 -0.00470097 -0.00196002 0.0021846 -0.00944465 -4.52663e-06 -0.000303676 0.000395146 -0.000932712 0.00410126 -0.00202731 0.00158833 -0.00421275 -0.00553231 0.00601798 0.0115049 -0.00667738 0.00715726
internal_weight=1140.81 263.604 67.296 18.2548 877.207 682.782 194.425 71.7371 29.6818 174.073 154.561 132.518 120.888 111.882 87.9385 62.0774 17.7851 611.045 599.995 536.741 394.983 141.757 349.235 131.114 218.122 193.799 24.3231 19.2456 179.17 98.6556
internal_count=9740 2132 503 129 7608 6897 711 177 72 669 604 534 480 433 355 260 84 6720 6611 6068 4450 1618 3997 1666 2331 2125 206 185 2046 1281
is_linear=0
shrinkage=0.0218826


Tree=41
num_leaves=31
num_cat=0
split_feature=99 49 118 135 196 88 111 9 13 60 56 221 38 38 64 22 57 29 196 217 153 195 218 121 50 218 29 4 81 209
split_gain=8.27749 8.06186 7.71596 7.6075 7.17528 6.92812 7.33507 6.56986 7.46723 6.25552 7.96428 6.191 6.24613 5.83598 7.26186 6.29551 5.63505 5.39968 5.19118 5.05517 5.04573 5.47779 6.68028 6.71944 5.88255 5.77453 5.72545 5.39487 4.82935 4.7771
threshold=0.043517714826797137 9.7500000000000018 22.450000000000003 -0.045796312728716738 8.8395305204312766 96.49843571086609 16.500000000000004 0.1539318747249365 5.0836907878446977 0.39081555123708417 90.375031338376758 -0.014839729389442908 1.0310000000000004 1.0395000000000001 18.150000000000002 3.96397375552622 42.5991447977771 0.07011622473170033 9.283512373970547 0.05423432011677342 0.39088094290679526 29.320976953280272 0.012775167513102011 0.73383952118503559 2.2500000000000004 0.0015275163128024574 0.098759842384396584 1.5465204578748089 0.72450000000000003 0.27781999273149488
decision_type=2 2 2 2 2 2 2 2 2 2 2 2 2 2 2 2 2 2 2 2 2 2 2 2 2 2 2 2 2 2
left_child=1 9 4 -2 -3 6 18 -5 19 -1 20 12 -4 -13 15 -15 -16 -17 -6 29 -11 27 23 25 28 26 -23 -22 -24 -9
right_child=3 2 11 7 5 -7 -8 8 -10 10 -12 13 -14 14 16 17 -18 -19 -20 -21 21 22 24 -25 -26 -27 -28 -29 -30 -31
leaf_value=0.0011172305193480698 0.0038853999812127307 0.018114129735889131 0.016143817102107057 0.0026251206698520223 -0.012879864101528938 0.01514015401877301 -0.02769097534320791 -0.011396397591666874 -0.013529649977631777 0.0037173499417999275 0.016448943462877719 -0.010357613654352458 -0.023430190774296325 -0.044522581580423708 0.027664435370535402 -0.029105274633618516 -0.011112165679547831 0.0041548322104772387 0.00073684484350162397 0.042890956681411053 0.043858903712627656 -0.011262465558604346 -0.015462076176353217 0.0022938372200614989 0.0080094039216147932 -0.017385626822926398 0.0038308995265287989 -0.017603802524674198 0.0084701753566277741 0.02065555049494773
leaf_weight=219.31658883333057 10.151522710983725 38.166562709271375 12.488439749902456 18.498541834729394 8.7836168963544861 16.357207007107945 31.419130680246781 49.338241366546981 58.037104043487943 18.951264496404519 51.10879444460511 182.72225296158626 5.2295237807218191 16.71405471351909 17.128170807409109 5.0250960163475638 6.1677277386188498 14.801521959328054 70.455203245567645 5.8276221280170821 3.1416803826459754 111.73897172610396 24.799619393402736 9.0874612620953013 30.717824464701607 28.390096811419426 29.492773037246479 25.143236533624304 11.667452354540726 9.9440445068469199
leaf_count=1914 60 143 69 189 30 63 130 419 458 388 599 717 39 87 104 26 11 83 266 124 19 1633 503 337 136 324 307 333 135 94
internal_value=-0.00131031 -0.000574422 -0.00284757 -0.00605628 0.000833819 -0.00165596 -0.00366012 -0.00739469 -0.00922361 0.0011378 -0.00069527 -0.00519123 0.00698693 -0.00611371 -0.000124346 -0.00621597 0.00919022 0.00201438 -4.0515e-05 -0.00399343 -0.00209747 -0.0028682 -0.00178467 -0.00400097 0.00404244 -0.00501614 -0.00313581 -0.0118716 -0.00183176 -0.00598802
internal_weight=1140.81 989.014 425.459 151.797 165.182 127.015 110.658 141.646 123.147 563.556 344.239 260.277 17.718 242.559 59.8366 36.5407 23.2959 19.8266 79.2388 65.1099 293.13 274.179 245.894 178.709 67.1849 169.622 141.232 28.2849 36.4671 59.2823
internal_count=9740 8396 1768 1344 632 489 426 1284 1095 6628 4714 1136 108 1028 311 196 115 109 296 637 4115 3727 3375 2601 774 2264 1940 352 638 513
is_linear=0
shrinkage=0.0218826


Tree=42
num_leaves=31
num_cat=0
split_feature=49 116 73 84 147 34 35 92 23 22 146 222 97 38 218 63 22 172 81 29 105 33 189 84 120 145 34 152 110 30
split_gain=7.92126 13.0423 7.90688 7.80698 9.05787 8.32922 7.08766 7.35316 7.55848 8.07143 6.84693 7.70771 6.61579 6.61531 6.49883 7.08512 6.11811 6.05125 5.81607 6.22028 6.23665 5.78998 5.76635 7.8426 5.75786 5.47635 5.3498 6.03249 5.17752 6.65089
threshold=13.000000000000002 9.5000000000000018 22.950000000000003 61.45000000000001 5.7777000000000012 0.24509813275389902 0.092972520448470611 9.0149407116264459 12.618898809523811 7.2994645717826314 0.21626170096809527 5.5418178435040151 0.28065699964196206 1.0440000000000003 0.016383604440906089 13.750000000000002 5.2548128873849871 -0.020976661593099934 0.48150000000000004 0.095471701909995793 0.54919354838709689 0.42346818750836213 4.0000000000000009 60.150000000000013 0.73761353408068087 -0.25498958702025293 0.21302148131732715 0.3907893099250615 0.2821266160552896 0.23933003202284389
decision_type=2 2 2 2 2 2 2 2 2 2 2 2 2 2 2 2 2 2 2 2 2 2 2 2 2 2 2 2 2 2
left_child=2 -2 -1 6 -5 -6 13 12 9 10 -9 21 18 26 15 -3 17 -14 -8 20 -20 -12 -17 28 -21 -11 27 -4 29 -24
right_child=1 14 3 4 5 -7 7 8 -10 25 11 -13 16 -15 -16 22 -18 -19 19 24 -22 -23 23 -25 -26 -27 -28 -29 -30 -31
leaf_value=-0.017529622128216581 0.013959933581050509 -0.008349898412062344 0.011742228143781994 -0.012292073991094268 -0.0088672521004110553 0.0027915402619060016 -0.015568551339303021 -0.014642806348416464 0.014002207258820497 -0.0148006086240496 0.011174414593213259 -0.014199482580248243 -0.011778436758637687 0.013401504748213522 -0.024448322958088974 0.018063823274970817 -0.014686703599915413 0.037700871996523881 0.0154350706988538 -0.014583702489953122 -0.014306361256541077 -0.007649408044601378 0.0032263719128505239 -0.025903038693828848 0.003674176310133019 0.018066595568843147 -0.011404429008476269 -0.012016766521529162 0.0010600654179070228 -0.029792485646288745
leaf_weight=8.9051573276519758 15.036509527472161 34.302451801885582 23.049015563892457 39.660860557900151 108.19610658088027 103.20203421442102 9.0751369730921834 43.297865556534362 19.032493533528395 9.8028742350438751 39.640221888378846 23.004656447543312 39.373844939360652 23.940182017820234 47.799980342648723 18.672779022017494 25.831390738040909 21.238643446818969 162.45231874828369 44.403489345707612 16.487121410172222 15.409505012663656 9.1621419152616017 21.0236871492516 24.722299118254796 17.892055368481351 117.23345764585383 4.1928094019904156 41.892164588590276 12.878094177271576
leaf_count=12 104 75 361 615 847 933 176 353 155 44 335 96 393 265 163 33 250 263 1499 379 132 110 36 84 145 134 1556 21 136 35
internal_value=-0.000951656 -0.00488839 -0.000104114 9.731e-05 -0.00319083 -0.0013533 0.00131807 0.00260198 -0.00113051 -0.0028224 -0.00527093 -0.00131749 0.00443531 -0.00255803 -0.00650171 -0.00401631 -0.000765202 0.00300222 0.00619259 0.00683812 0.00898672 0.00309662 -0.00109617 -0.00355583 0.00119239 0.00764343 -0.00434261 0.00423118 0.00025971 -0.00810171
internal_weight=1140.81 200.768 940.044 931.138 251.059 211.398 680.079 511.664 168.08 149.047 121.352 78.0544 343.584 168.415 185.731 137.931 86.4439 60.6125 257.14 248.065 178.939 55.0497 103.629 84.9561 69.1258 27.6949 144.475 27.2418 63.9324 22.0402
internal_count=9740 666 9074 9062 2395 1780 6667 4464 1227 1072 894 541 3237 2203 562 399 906 656 2331 2155 1631 445 324 291 524 178 1938 382 207 71
is_linear=0
shrinkage=0.0218826


Tree=43
num_leaves=31
num_cat=0
split_feature=64 8 49 203 218 64 33 15 39 44 98 84 8 38 35 89 56 8 104 205 84 43 2 156 222 111 118 80 102 100
split_gain=10.1773 7.02133 6.52088 7.74786 6.49498 9.0254 6.6331 6.15386 6.91127 5.78165 5.56827 5.2832 7.15645 6.08678 5.25429 6.16986 5.83631 5.48817 7.82084 5.85924 6.38845 8.23406 7.25138 7.00008 6.40004 7.34278 6.3351 6.11222 5.89666 6.03574
threshold=20.350000000000005 0.93999739585550979 13.000000000000002 2.5124272075719327 0.016383604440906089 12.400000000000002 0.38098242885756622 5.5000000000000009 1.0850000000000002 -0.94828754594723508 0.048415001674294016 58.600000000000009 0.649765788226082 0.97950000000000015 0.083662774699040071 -1.4737115942028962 89.927482939858095 0.49079777406871844 10.579030771917742 0.4766534126012642 55.850000000000001 7.1500000000000012 0.14415271034400559 189.55928135015338 2.7446159134711325 15.500000000000002 20.550000000000004 42.350000000000009 1.0000000180025095e-35 0.043907846539425498
decision_type=2 2 2 2 2 2 2 2 2 2 2 2 2 2 2 2 2 2 2 2 2 2 2 2 2 2 2 2 2 2
left_child=2 9 14 -4 5 -5 -7 -3 -9 -2 -11 12 -8 -14 16 -16 -1 18 -17 20 23 22 -22 -19 -25 -26 -23 -28 29 -27
right_child=1 7 3 4 -6 6 11 8 -10 10 -12 -13 13 -15 15 17 -18 19 -20 -21 21 26 -24 24 25 28 27 -29 -30 -31
leaf_value=-0.013327483813497685 0.00096273077822252675 -0.01558147875300262 0.015224216984770961 -0.023214125018255777 -0.02258515889940357 0.0022065543672977338 -0.023675033727875525 0.0056591013454607058 0.017066490750311594 -0.0081672411003426305 0.019020408958203387 -0.025552528541729107 -0.026383054960314154 0.021453744043309079 -0.015616826365260116 0.011663251401151129 0.00071963390727412964 0.019813081052492854 -0.015432010541168755 -0.031066307637198854 0.0085538086193563921 -0.0086757236508470531 -0.011340264386414441 0.0023295490072453491 -0.011977105630284835 -0.032377843516578061 0.0025173106462402116 -0.0060548531153385241 0.004752940676818921 0.023368439280429823
leaf_weight=74.020228920664522 21.203226273613836 20.18822115701937 7.6593609933188409 28.90146276432597 36.050213053565585 29.149027801686316 7.9138096043652721 104.22130721025542 24.349949236349175 92.10604983792382 10.810431393718543 27.080665559554291 6.2094300007720475 17.84400749210522 10.327223483655187 63.059856920679294 31.263191623972261 25.944348126439991 11.895444436465366 13.112971663173537 17.841459125354959 16.358981105014436 101.27292535328229 86.844876694531649 60.388823198954015 6.2493909094707778 59.991417282879638 110.81616585597044 14.935303512641893 2.8015780049902332
leaf_count=1046 103 221 19 76 125 110 27 796 176 740 39 92 19 64 120 643 442 183 83 113 255 133 1234 801 507 77 485 875 96 40
internal_value=-0.00152073 0.00215454 -0.00268075 -0.00665505 -0.00776097 -0.00515579 -0.00158747 0.00535357 0.00712573 -0.00166438 -0.00383683 -0.00580989 0.000162336 0.00623297 -0.00176603 -0.000966997 -0.00626237 -0.000656892 0.0048356 -0.00146617 -0.00107058 -0.00304923 -0.00752649 0.0019873 0.000340602 -0.00391315 -0.000163329 0.00108836 0.00611711 -0.00720863
internal_weight=1140.81 272.879 867.932 160.808 153.149 117.098 88.1969 148.759 128.571 124.12 102.916 59.0479 31.9672 24.0534 707.124 601.841 105.283 591.514 74.9553 516.558 503.445 306.281 119.114 197.164 171.22 84.3751 187.167 170.808 23.9863 9.05097
internal_count=9740 2075 7665 532 513 388 312 1193 972 882 779 202 110 83 7133 5645 1488 5525 726 4799 4686 2982 1489 1704 1521 720 1493 1360 213 117
is_linear=0
shrinkage=0.0218826


Tree=44
num_leaves=31
num_cat=0
split_feature=49 218 106 134 67 41 64 117 66 111 98 219 9 138 145 142 135 103 193 118 162 219 137 40 96 201 222 111 109 45
split_gain=8.92929 8.4061 7.6923 7.52365 7.04452 7.30215 6.90264 6.5741 6.8983 6.94963 6.43289 6.4097 7.7827 6.05801 5.973 6.0954 6.50379 6.33408 6.39927 6.17591 6.21884 6.95927 6.29521 8.09838 5.95476 5.7739 5.60109 5.5857 6.03247 5.51397
threshold=13.000000000000002 0.010532964600428159 1.3907039675275581 1.819911087464767 34.300000000000004 2.5407835157044869 12.400000000000002 0.133974358974359 37.050000000000004 19.500000000000004 0.057181782794861823 0.0090037067738102262 0.26234556316808361 2.419252272451121 2.9930879720247723 3.8563415628257811 0.042936409624505338 2.0770029647250978 31.146782482573681 19.100000000000005 -4.3011000694716293 -0.0074037634899487828 -0.056285681536177627 8.0108098738965605 0.33632341110217223 7.5605686501072142 5.6606649346475253 17.500000000000004 74.841772151898752 -0.91702515554752051
decision_type=2 2 2 2 2 2 2 2 2 2 2 2 2 2 2 2 2 2 2 2 2 2 2 2 2 2 2 2 2 2
left_child=2 6 13 4 5 -4 -2 -8 9 10 -9 -3 -13 -1 15 16 17 -7 19 -19 21 29 23 -22 -6 -11 -26 28 -5 -21
right_child=1 11 3 27 24 14 7 8 -10 25 -12 12 -14 -15 -16 -17 -18 18 -20 20 22 -23 -24 -25 26 -27 -28 -29 -30 -31
leaf_value=0.003875341498307682 -0.00554593798453034 -0.025719856201927908 -0.01881624975780723 0.018266447552841816 0.0036544344777268058 -0.010133997461582391 0.0041784584807675719 -0.015302629083699143 0.009973616773312247 -0.0038914551023042287 0.020240913523330264 0.038896442791038564 -0.042519092466702074 -0.0084858758435533733 0.0036362217169877606 -0.0142980112518983 -0.013086307466998584 0.017162936811534586 -0.012336062754428887 -0.0079885202377449078 0.026546860384105267 -0.0061697577008224206 -0.0092541291550375278 -0.00033451296125956573 0.00096349334527285637 0.021014181942142687 -0.017598166315362283 -0.029016724229816583 -0.016984773098793232 0.015961111421048113
leaf_weight=95.520651787311408 30.215319567566894 40.495039926995105 31.345518855620185 22.529060277341166 67.963231322288038 63.726070378678287 13.693993306457285 61.578321218063138 17.359133770365588 3.8777840943093898 6.756553580189574 8.3672307843389699 6.9047173905846639 12.541671216651819 13.01046456179756 49.975360133679715 16.561086201547141 30.169499858235895 13.213235351828869 6.996359034539636 30.720992728400461 59.450295957607977 247.26075123030614 91.886269996171222 14.499044544710161 11.5197148855284 7.8393716994246452 3.8147531085260189 3.0674252448757207 57.952426582773114
leaf_count=729 81 125 731 188 557 455 51 193 52 11 24 36 26 88 38 245 171 244 133 47 384 467 2996 1084 126 67 20 44 15 312
internal_value=-0.00135398 -0.0055348 -0.000453803 -0.00117155 -0.00157698 -0.0023105 -0.00269928 -0.000195215 -0.00218187 -0.00482001 -0.0078288 -0.0127095 -0.000367387 0.00501152 -0.00182165 -0.00211784 -0.00151079 -0.0011224 -0.000338313 4.56958e-05 -0.00054148 0.00366744 -0.00197036 0.00205813 0.00414396 0.00806724 -0.00543985 0.00953654 0.0132832 0.00858282
internal_weight=1140.81 200.768 940.044 831.981 802.57 712.268 145.001 114.786 101.092 83.7324 68.3349 55.767 15.2719 108.062 680.923 667.912 617.937 601.376 537.65 524.437 494.267 124.399 369.868 122.607 90.3016 15.3975 22.3384 29.4112 25.5965 64.9488
internal_count=9740 666 9074 8257 8010 7307 479 398 347 295 217 187 62 817 6576 6538 6293 6122 5667 5534 5290 826 4464 1468 703 78 146 247 203 359
is_linear=0
shrinkage=0.0218826


Tree=45
num_leaves=31
num_cat=0
split_feature=64 49 203 218 64 33 17 106 133 95 84 43 29 143 87 152 185 131 111 72 42 93 63 7 89 132 99 139 43 110
split_gain=10.6901 7.51835 7.88448 6.17807 8.5914 7.16248 5.85496 5.79008 6.22086 5.98404 7.01221 6.3628 8.5187 5.78491 5.6541 5.56422 5.46714 5.46299 5.35879 5.30116 5.29513 7.30478 6.84582 6.49956 6.45478 6.02974 5.83908 5.56358 5.50183 5.06221
threshold=20.350000000000005 13.000000000000002 2.5124272075719327 0.016383604440906089 12.400000000000002 0.38098242885756622 3.5000000000000004 1.3496626686656674 0.041398270880845446 0.28351081907782943 61.45000000000001 6.5500000000000007 0.080075001186810948 1.3810915617891533 0.50282915533338246 -0.28784050859004123 2.2500000000000004 0.35631014723779025 7.5000000000000009 28.400000000000002 82.250000000000014 3.8410614216743837 22.850000000000005 0.13302700541959114 -0.56966548721493371 0.049425085076649618 0.039485495606160832 2.0785266031905363 15.250000000000002 0.29328236611640063
decision_type=2 2 2 2 2 2 2 2 2 2 2 2 2 2 2 2 2 2 2 2 2 2 2 2 2 2 2 2 2 2
left_child=1 6 -3 4 -4 -6 -1 19 9 10 14 -12 -13 16 20 -10 17 -11 -18 -8 22 -22 23 28 -23 27 -27 -26 -9 -7
right_child=-2 2 3 -5 5 29 7 8 15 13 11 12 -14 -15 -16 -17 18 -19 -20 -21 21 24 -24 -25 25 26 -28 -29 -30 -31
leaf_value=-0.0083001824090111476 0.0004330594802117005 0.014799635066189021 -0.022143319929173105 -0.021528117254539691 0.0020668333783023297 -0.022822099250474629 0.0037905387641984545 0.0018853169614513614 -0.032561313610283596 0.022185405283726718 -0.010188777644978034 -0.013327807015316353 0.0038276507715729107 0.04230449200120482 0.023127021667675985 0.0074514954359294122 0.026103106621958361 -0.014333152012186575 -0.015086997256278335 -0.0002763425001759779 -0.014307637352154057 0.023300795568252996 0.01008374951765347 -0.024525464871542328 -0.00039785317465894978 -0.011876381949035474 0.00029116910281406339 0.042589259299949209 -0.012460338100412603 0.0014910926235691604
leaf_weight=51.157022539966874 272.87918510888016 7.6593609933188409 28.90146276432597 36.050213053565585 29.149027801686316 33.815544043214913 28.308590995668283 111.76869248983417 5.0102912345037103 10.79621310131847 64.408557600743734 43.727721359626003 71.703864312318728 7.5301801612008594 16.099535301038941 40.564787938805239 4.6782765502844077 24.233411023603594 37.311546828121436 29.789830859699805 28.962299487870496 14.983604531843637 37.143701688936062 11.058257722897904 9.3045524234134991 24.717060013708988 13.451888413036384 10.347414764387393 10.066884875311869 25.232368613581912
leaf_count=452 2075 19 76 125 110 117 191 1313 39 141 702 412 552 53 505 422 47 605 154 351 164 89 376 85 103 179 50 99 49 85
internal_value=-0.00138296 -0.002572 -0.00683731 -0.0079523 -0.00540562 -0.00191844 -0.00159097 -0.00102415 -0.00167107 -0.00231864 -0.00133573 -0.00471801 -0.00158706 -0.00765608 0.000773485 0.00601352 -0.00947611 -0.00287964 -0.0147491 0.00551221 0 -0.00392043 0.00236939 5.16466e-06 -0.000141603 -0.00352587 -0.00857001 0.00607075 0.00152425 -0.00630204
internal_weight=1140.81 867.932 160.808 153.149 117.098 88.1969 707.124 655.967 597.869 552.294 467.744 179.84 115.432 84.5496 287.904 45.5751 77.0194 35.0296 41.9898 58.0984 271.804 101.767 170.038 132.894 72.8045 57.8209 38.1689 19.652 121.836 59.0479
internal_count=9740 7665 532 513 388 312 7133 6681 6139 5678 4678 1666 964 1000 3012 461 947 746 201 542 2507 684 1823 1447 520 431 229 202 1362 202
is_linear=0
shrinkage=0.0218826


Tree=46
num_leaves=31
num_cat=0
split_feature=62 103 201 51 7 31 41 24 221 39 123 222 83 34 73 2 213 89 121 81 162 209 193 7 13 23 178 111 95 16
split_gain=8.44053 7.55145 6.25919 7.77162 6.51998 6.21741 6.20662 6.08899 5.66133 4.97658 6.72784 10.2136 7.01867 8.88117 5.81419 5.66449 7.11891 6.71928 5.7285 8.44136 5.41439 5.33644 4.9663 4.93413 5.68295 5.35132 4.71467 5.77903 5.43566 4.6362
threshold=22.050000000000004 0.90754956786985275 6.4767948483544346 0.26984722222222229 0.16610664754196156 0.8500000000000002 2.6617023910631841 9.3705842843901532 0.012108468899830884 1.0850000000000002 5.0000000000000009 5.62587223998782 79.850000000000009 0.27883644436284621 42.050000000000004 0.31934744085301076 7.7115325787702664 -0.68133790283790308 0.71789255123492535 0.59950000000000003 -6.7333816460523321 1.1817174310126384 19.594714777980219 0.10684402981669928 2.7044825261076744 10.926491566086032 0.049633609578080516 18.500000000000004 0.28351081907782943 10.500000000000002
decision_type=2 2 2 2 2 2 2 2 2 2 2 2 2 2 2 2 2 2 2 2 2 2 2 2 2 2 2 2 2 2
left_child=1 8 3 5 6 -3 7 22 -1 10 15 12 29 14 -14 16 17 -2 19 -18 -13 -19 -4 24 -11 -25 27 28 -16 -12
right_child=9 2 4 -5 -6 -7 -8 -9 -10 23 11 20 13 -15 26 -17 18 21 -20 -21 -22 -23 -24 25 -26 -27 -28 -29 -30 -31
leaf_value=9.2371335903193783e-05 0.036223466068146852 -0.01047454907394892 -0.02640782554235907 -0.029353201167201765 0.016281285829891724 0.0086693514594388277 -0.0060267446084730737 0.00016871366853172257 0.0059837088407585825 -0.017538835596443886 0.014445955363174699 0.00077893164595945342 -0.014006954635440482 -0.024908951091546425 0.021640909984724697 -0.011298200413878044 0.017230406244088631 -0.010556273588486884 0.012955773750527996 -0.020585078953224787 -0.029036472618618327 0.017586095743926868 0.029602105968712267 -0.027113750837743183 0.016607316363741822 0.019011301948617734 0.021482392271851062 -0.015273066339802695 -0.0068585619949195695 -0.016061562568879841
leaf_weight=34.190865486039002 9.5663745492688559 7.0135028973982108 36.918603182073866 5.0288334592019046 11.1892198067585 25.748330520455738 578.6693561468378 13.366929126560306 16.620656552169294 7.3583418289522333 52.94193803332746 10.52355435490608 28.165764282748569 26.647611334279645 21.313342544308398 5.9193599339889706 9.1118909262077086 39.765659184079368 43.128130325038455 9.8180867722003295 41.159244836773723 4.1159890158244243 2.9029493810596696 5.9975851836670682 40.535361424175335 3.0650652489373442 9.2754336505895463 9.5350827992660907 22.905641522025689 8.3126442875945923
leaf_count=292 141 59 648 55 66 183 4886 192 98 59 186 17 89 78 66 176 187 572 727 167 85 56 43 68 350 27 33 32 79 23
internal_value=-0.00122481 -0.00263276 -0.00324428 0.00529792 -0.0037571 0.00931446 -0.00405965 -0.0111915 0.00542391 0.00128546 0.000299191 -0.00188429 0.000584491 -0.0025183 0.000727846 0.00445969 0.00558225 -0.000228684 0.0105755 0.00032877 -0.0103768 -0.00396368 -0.0154147 0.00724152 0.0100525 -0.00690721 0.0044422 0.00177473 0.00518792 0.00655922
internal_weight=1140.81 731.649 680.838 37.7907 643.047 32.7618 631.858 53.1885 50.8115 409.162 352.206 230.78 179.097 117.843 91.1953 121.425 115.506 53.448 62.0581 18.93 51.6828 43.8816 39.8216 56.9564 47.8937 9.06265 63.0295 53.7541 44.219 61.2546
internal_count=9740 6522 6132 297 5835 242 5769 883 390 3218 2714 688 586 377 299 2026 1850 769 1081 354 102 628 691 504 409 95 210 177 145 209
is_linear=0
shrinkage=0.0218826


Tree=47
num_leaves=31
num_cat=0
split_feature=39 192 73 201 64 136 120 134 136 53 192 4 201 85 95 155 145 74 154 35 113 40 50 66 68 222 159 81 81 80
split_gain=6.42583 6.72385 7.82162 6.0466 6.80977 5.73173 6.70251 5.93636 5.49661 7.356 5.48708 6.12938 5.21975 6.64685 6.51591 5.50354 5.9112 5.7894 5.71759 5.60487 5.30838 5.23633 5.21993 5.24387 5.133 5.02582 4.64514 4.61635 4.54053 5.65886
threshold=1.0980000000000003 8.6079534106530531 29.400000000000002 9.8658357171702189 24.200000000000006 0.94878752111350695 0.7386932337270693 2.094185933347954 0.081582071865695008 0.34962795229136495 8.3946402526285784 4.223896219118302 6.4767948483544346 21.350000000000005 0.2865738228733346 1.6153549837569372 0.52788324764839634 0.27550000000000008 1.9565481247718948 0.088973267021160832 18.500000000000004 8.4960609243697487 5.2500000000000009 25.450000000000003 1.1500000000000001 3.6850929278053925 0.56834533971486556 0.5445000000000001 0.6735000000000001 49.750000000000007
decision_type=2 2 2 2 2 2 2 2 2 2 2 2 2 2 2 2 2 2 2 2 2 2 2 2 2 2 2 2 2 2
left_child=1 2 -1 10 24 7 -7 8 -2 -10 12 26 -4 22 15 18 17 20 -15 -18 -17 -22 23 -14 -5 -26 -12 -19 29 -3
right_child=5 28 3 4 -6 6 -8 -9 9 -11 11 -13 13 14 -16 16 19 27 -20 -21 21 -23 -24 -25 25 -27 -28 -29 -30 -31
leaf_value=-0.010329646099704166 0.0011293643871459864 -0.011823874414882498 0.0044958816272896432 -0.014924743137055512 0.012359153629996952 0.016882960753643358 -0.02477427790771335 0.033484962032698233 0.024519661939682046 -0.020479151889021396 -0.03383119362539868 0.0089239720537031969 0.0074203181150028713 -0.024280823743463742 -0.007712526013392812 -0.016606028326689764 0.0010968454662810777 0.01774114074273658 0.021167349567889758 -0.0099224602830592454 0.035256832176099831 -0.0057097012152646448 -0.010300182269961274 -0.01251079328656138 0.015678621341603634 -0.030652506161658363 0.061828011829078953 0.002056077210749008 -0.00041038482110643075 -0.0035223300232174793
leaf_weight=32.341083735227585 79.022075026957964 133.80586961775111 19.042322634348011 53.712961548559861 28.598613225446798 21.038533388215459 2.728937347857026 7.2445169268594318 3.9241834194529046 27.255091313690627 13.660201220086494 30.189378008073618 20.480643468266635 10.533484490114004 82.515449797714837 9.8277752862950383 8.7357723932632307 21.552136064278329 2.4812349834580791 41.895990338461161 6.0360740402265973 11.645657679118129 15.751422742489011 54.616484582385965 10.112703826256167 6.7452331486142603 4.4143783283143412 148.02047687051049 155.9041545196003 76.978508624820734
leaf_count=52 745 1498 136 438 153 208 34 24 35 246 118 205 171 112 674 49 62 314 35 224 42 52 48 572 83 41 35 1370 1026 938
internal_value=-0.00127148 -0.001891 -0.00051767 4.82212e-05 -0.00486107 0.00307782 0.0127022 0.0010308 -0.000264394 -0.00795318 0.00103163 0.00798503 0.000271339 -0.000222946 0.00116503 0.00286743 0.00361629 0.00533131 -0.0105424 -0.00297786 -0.00382057 0.00324693 -0.00546521 -0.00292805 -0.00849783 0.00181655 -0.00191302 0.00684529 -0.0042466 -0.00633943
internal_weight=1140.81 999.598 632.909 600.568 99.1695 141.213 23.7675 117.446 110.201 31.1793 501.399 48.264 453.135 434.093 343.244 260.729 247.714 197.082 13.0147 50.6318 27.5095 17.6817 90.8486 75.0971 70.5709 16.8579 18.0746 169.573 366.689 210.784
internal_count=9740 8448 4986 4934 715 1292 242 1050 1026 281 4219 358 3861 3725 2934 2260 2113 1827 147 286 143 94 791 743 562 124 153 1684 3462 2436
is_linear=0
shrinkage=0.0218826


Tree=48
num_leaves=31
num_cat=0
split_feature=64 40 106 49 54 136 156 137 99 103 158 206 133 26 29 26 52 139 103 90 163 94 158 7 78 134 46 208 37 81
split_gain=8.13726 6.35408 6.33783 6.25456 9.55447 7.5891 6.19278 6.13747 6.02592 6.10592 5.83986 5.83093 7.15414 6.36846 7.41056 6.9536 5.57644 5.55163 5.41788 5.8141 5.39853 5.04556 4.98248 4.97231 4.75041 4.66079 4.65052 4.87382 5.98163 5.33228
threshold=18.050000000000004 9.1857388091423378 8.0145985401459878 9.7500000000000018 7.5548533050547899 -1.222477665271303 185.45633029786558 1.5097246383319052 0.043274706500788511 3.8562476678558597 99.464747552681743 5.2142723130528017 0.00032396244507137967 4.8911931564370592 0.075064292026322491 2.6304471131097151 0.11062724312724315 2.0230004554730803 2.2656844106463883 12.500000000000002 -11.444324842124447 0.2610728453725098 109.11784407606575 0.15123326883108792 2.3500000000000001 1.1680416087492207 1.0000000180025095e-35 3.3383514631901616 0.31009615384615391 0.76550000000000018
decision_type=2 2 2 2 2 2 2 2 2 2 2 2 2 2 2 2 2 2 2 2 2 2 2 2 2 2 2 2 2 2
left_child=3 2 20 4 5 -1 -7 25 9 22 -4 -5 23 15 17 -14 -17 -15 21 -20 -2 -18 -3 -13 -22 26 27 28 -6 -29
right_child=1 8 10 11 7 6 -8 -9 -10 -11 -12 12 13 14 -16 16 18 -19 19 -21 24 -23 -24 -25 -26 -27 -28 29 -30 -31
leaf_value=0.023065354599556984 0.01735291760372866 0.0017828118561023737 -0.016167494701771416 0.0018408775306284894 -0.039691836010379761 -0.0094148042535709825 0.0022504847109475271 0.019238321929557857 -0.032350366112681599 -0.013691465070190575 0.012088702620825913 -0.016836958788551938 0.023030891985719868 0.019560429596569732 0.0021989547783674121 0.025831743730303409 0.016977244530931964 -0.011073019512942322 -0.02587285503434603 0.000626867431758127 -0.014556017485783794 -0.02581280119091919 -0.017615079814369536 0.0028035574364353665 0.00039958480605757483 0.022037914315226934 -0.010168973369232198 -0.010344215238625843 0.023369549256213241 0.0048979931014479314
leaf_weight=16.55633867840379 58.058069977662171 35.796085551343822 24.272394489516959 16.770927211072603 4.7787684690649739 33.086307629366729 70.947939847455245 11.196589124142518 13.257302822968994 20.13353456701293 6.3109842057501728 141.51555493542719 7.3273147354616404 5.1606113629536621 46.14209637875274 4.9549498203466547 4.7195912620745712 11.618943477720221 36.220747756901346 8.9835593013413 6.7140806764364234 6.771138684413927 5.0253486250871893 4.7391905089696129 309.45257236264683 15.814444615147293 117.13342873752117 71.674155476312308 15.658058243617232 10.020319061821963
leaf_count=135 413 322 155 80 228 325 718 154 80 110 20 617 31 34 180 34 30 41 185 29 16 26 64 24 2692 289 267 1875 397 169
internal_value=-0.0010754 0.00109127 0.00217692 -0.00264781 -0.00072732 0.00429069 0.00200541 -0.00320298 -0.00474908 -0.00169026 -0.00725052 -0.00501779 -0.00578337 -0.00203836 0.00294418 -0.00660965 -0.00905444 -0.00914212 -0.0110483 -0.0144168 0.00296955 0.00202629 0.00312325 -0.00911005 0.00181919 -0.00398023 -0.00482141 -0.00135421 0.00796012 -0.00377682
internal_weight=1140.81 479.02 404.808 661.791 366.866 120.591 104.034 246.276 74.2123 60.955 30.5834 294.925 278.154 131.899 62.9217 68.9773 61.65 16.7796 56.695 45.2043 374.225 11.4907 40.8214 146.255 316.167 235.079 219.265 102.131 20.4368 81.6945
internal_count=9740 3872 3296 5868 4557 1178 1043 3379 576 496 175 1311 1231 590 255 335 304 75 270 214 3121 56 386 641 2708 3225 2936 2669 625 2044
is_linear=0
shrinkage=0.0218826


Tree=49
num_leaves=31
num_cat=0
split_feature=7 64 201 49 12 41 22 89 85 43 66 203 95 195 49 139 35 220 71 2 101 156 89 155 154 57 143 5 18 138
split_gain=7.94593 7.74382 7.21653 7.79368 7.10585 6.21152 6.14695 7.47211 5.92986 7.80092 7.48137 7.4145 7.80821 7.34696 6.73155 6.06547 6.02627 5.81278 5.75589 5.421 5.32518 5.219 5.04457 4.81329 4.76866 4.74257 4.69656 4.66516 6.52922 6.04181
threshold=0.16610664754196156 20.350000000000005 6.5179623361511192 13.000000000000002 1.4598794966733446 2.5048544897492167 6.2505856868935892 0.2418458042349059 21.350000000000005 7.4500000000000011 29.650000000000002 5.3445984944358669 0.27443756319514667 36.871662797534121 9.2500000000000018 1.4372196655552081 0.086931686090755536 -0.0052299840301480256 36.300000000000004 0.14415271034400559 0.029607714223098842 178.75601359824847 -0.88330961503374528 2.1163306734443212 1.7576314703775153 39.643252780153979 1.2858189486241722 0.77699555932881248 1.5000000000000002 -0.78411721458673977
decision_type=2 2 2 2 2 2 2 2 2 2 2 2 2 2 2 2 2 2 2 2 2 2 2 2 2 2 2 2 2 2
left_child=1 2 4 5 -1 -4 20 -8 9 19 -11 13 -13 15 17 -10 -17 -14 22 -7 -5 -12 24 -24 -15 -25 -16 -3 29 -29
right_child=-2 27 3 6 -6 8 7 -9 11 10 21 12 14 18 26 16 -18 -19 -20 -21 -22 -23 23 25 -26 -27 -28 28 -30 -31
leaf_value=0.015698140385940716 0.015507445340310597 -0.010085058365512071 -0.025306688453392491 -0.0043348633330590452 -0.007005159129654024 0.022932073066390578 0.00091779701037117021 -0.0042384504840892847 -0.033178363052776785 0.0058920634191560401 -0.012104476199396516 2.4927566201714654e-05 0.013302067634325277 -0.012868708220404684 -0.024109415425883698 -0.010411614383515922 0.01421684504463391 -0.009368000491699181 -0.017174931465716511 -0.011178512588341296 -0.022718139396332312 0.0215556663923504 0.0030944422367022799 -0.010931491059739356 0.0015789283945583121 0.0083938130829634278 0.040703503514096261 0.035023556650325867 -5.777146212306027e-05 0.00099367210176594585
leaf_weight=27.008708251088365 17.235532146660034 17.934135683569366 19.637328312965565 45.708589564927706 22.458674672818233 7.753692245256615 26.894679382333834 15.983459973914021 4.7826822692841224 32.876675747221725 39.125397323411789 124.00871234434135 18.69648657419134 15.295601940198596 37.305969531564642 10.023405090420509 67.141088557780222 23.691594065596064 7.5115266616312502 62.273558953892916 58.455001343563936 17.175339559181566 78.951507893307507 68.998721258396245 5.4635359112980941 13.669059452814052 4.1331148246194962 29.174123097258871 123.83677009460166 97.606675868604498
leaf_count=194 111 107 595 165 177 125 100 61 20 206 320 1034 346 145 187 175 583 326 44 664 167 122 883 760 41 114 25 212 984 747
internal_value=-0.00109233 -0.00132527 -0.00234459 -0.00284677 0.00568619 -0.00181856 -0.00739561 -0.000332633 -0.0014313 -0.00508006 -0.000729533 -0.000207319 -0.00331773 0.00216213 -0.00844284 0.00760471 0.00914669 -0.00215089 -0.00019243 -0.0105053 -0.0102486 -0.0055789 0.000600205 0.00193377 -0.00932319 -0.0017226 -0.014642 0.00190584 0.00269513 0.0061727
internal_weight=1140.81 1123.58 855.024 805.557 49.4674 658.515 147.042 42.8781 638.878 159.205 89.1774 479.673 207.836 271.837 83.8272 81.9472 77.1645 42.3881 189.89 70.0273 104.164 56.3007 182.378 161.619 20.7591 82.6678 41.4391 268.552 250.618 126.781
internal_count=9740 9629 7579 7208 371 6715 493 161 6120 1437 648 4683 1918 2765 884 778 758 672 1987 789 332 442 1943 1757 186 874 212 2050 1943 959
is_linear=0
shrinkage=0.0218826


Tree=50
num_leaves=31
num_cat=0
split_feature=39 157 156 154 42 27 25 201 146 30 156 219 117 41 9 95 43 19 42 93 111 195 81 22 37 162 45 82 35 209
split_gain=7.88799 6.53205 6.39567 7.16962 7.38256 8.77443 12.043 8.01213 9.53587 9.93944 6.86713 7.76313 6.77977 6.62269 6.28196 6.23809 7.86064 7.05233 6.29105 5.90527 5.75559 5.68479 5.6737 6.68316 5.43402 5.30142 6.12705 5.33931 6.39695 5.52165
threshold=1.0980000000000003 264.41623289631139 185.07600380352031 1.0408367819068014 82.050000000000011 0.22863049400958504 4.4877190928971897 9.6465525391119353 0.19954542648551757 0.24377671353624494 229.89172748675693 0.0011005196222137195 0.34021276595744687 2.6617023910631841 0.21875709143095134 0.27919504823058128 11.950000000000001 6.5000000000000009 63.45000000000001 4.0782635285452535 17.500000000000004 29.442450071060986 0.72550000000000014 2.8728676959779018 0.59166666666666679 0.19910843156043614 -0.29237170472273682 26.650000000000002 0.099655463570322483 -2.1589060265481281
decision_type=2 2 2 2 2 2 2 2 2 2 2 2 2 2 2 2 2 2 2 2 2 2 2 2 2 2 2 2 2 2
left_child=2 24 13 -4 10 14 -7 8 20 -10 15 -12 -13 -1 -6 16 22 18 -17 -11 -8 -18 23 -5 -2 27 -27 28 -15 -30
right_child=1 -3 3 4 5 6 7 -9 9 19 11 12 -14 25 -16 17 21 -19 -20 -21 -22 -23 -24 -25 -26 26 -28 -29 29 -31
leaf_value=-0.026642324257199628 0.0078715122159779567 -0.0034337198187178401 0.022185179727265223 0.012121998181077565 0.022245866985020814 -0.013916949097066932 -0.021503852618776204 -0.02039380376364832 0.022526369600793086 -0.010159707150305276 0.014458475494381081 0.0012169601537993869 -0.01882519608348596 -0.028486353905222972 -0.0064500110874243129 0.024363862590631408 0.0079221983798205328 0.00030218196692765383 -0.021772507035212874 0.03648045235385948 0.023050405213391509 -0.012427084739127403 0.0090256834413827997 -0.0064816885834185671 -0.027444458243463567 0.0057631294690234933 -0.0059724724156581775 -0.0087096739429563617 -0.026162186684200155 0.021632661092107396
leaf_weight=20.357320706393011 87.263808739986644 49.145364220671809 9.8491834314431781 26.598076767789962 24.071202444348728 133.1748407589439 15.15339915274035 12.716871077643644 29.414447727004926 7.979376905224397 90.917488691776725 60.432057613717916 18.341897376774796 11.382813843086749 46.222846296009493 9.2253477836889015 5.2305886678709603 16.593624886560974 47.484999169326557 7.5677164825578984 2.8253149296938309 31.328424167687672 43.327249827319065 86.911914081260193 4.8041644623749553 39.481336875255238 65.484335508214826 112.06625709108539 3.3418432334362924 22.117235676825207
leaf_count=308 925 332 91 318 181 812 125 44 143 49 1011 486 154 221 299 125 44 110 410 24 25 239 315 1151 35 297 390 800 30 246
internal_value=-0.00128753 0.00353239 -0.00197384 -0.000890093 -0.00115821 -0.00393356 -0.00618314 0.000750502 0.00402648 0.00940576 0.000613818 0.00405006 -0.000943934 -0.00481818 0.00270013 -0.00156649 0.00048508 -0.00696774 -0.0106249 -0.00445083 -0.00908737 -0.00852211 0.00263713 2.09405e-05 0.00695979 -0.00380806 -7.69569e-06 -0.00645175 0.000689088 0.00683174
internal_weight=1140.81 141.213 999.598 725.367 715.518 279.126 208.832 75.6571 62.9403 44.9615 436.392 169.691 78.774 274.231 70.294 266.7 193.396 73.304 56.7103 15.5471 17.9787 36.559 156.837 113.51 92.068 253.874 104.966 148.908 36.8419 25.4591
internal_count=9740 1292 8448 6156 6065 1702 1222 410 366 216 4363 1651 640 2292 480 2712 2067 645 535 73 150 283 1784 1469 960 1984 687 1297 497 276
is_linear=0
shrinkage=0.0218826


Tree=51
num_leaves=31
num_cat=0
split_feature=64 44 38 147 136 118 88 97 29 223 12 134 3 92 181 51 100 19 28 23 156 16 102 41 8 15 11 7 172 2
split_gain=8.13386 6.01159 6.60944 5.94229 5.81601 5.77778 6.23722 8.5883 6.79198 6.17778 5.55626 5.51295 7.44441 6.01014 5.48374 6.62086 5.66109 5.38334 5.32749 5.08961 6.61851 5.75266 5.48976 6.43914 6.89171 5.0873 4.98944 4.85415 5.0476 6.34628
threshold=18.050000000000004 -0.70088257582277247 1.0440000000000003 12.2255 -1.0070516682505779 23.775000000000002 92.951892006033191 0.29175608011444926 0.07860047261459803 0.43269999999999992 1.7499718563808979 1.1680416087492207 10.141164906691658 10.240152320451998 0.75311019066500606 0.2424375 0.07613871635610768 8.5000000000000018 0.3129241433907976 11.453723205750189 251.03870875915004 6.5000000000000009 6.5000000000000009 2.7705146082196301 0.34658065319260561 7.5000000000000009 3.5318029736944601 0.16610664754196156 -0.0012323446327683338 0.15724524544731514
decision_type=2 2 2 2 2 2 2 2 2 2 2 2 2 2 2 2 2 2 2 2 2 2 2 2 2 2 2 2 2 2
left_child=11 3 10 5 -4 6 -2 18 -9 26 17 14 -13 -14 16 -16 19 -3 -8 20 22 -22 23 24 -1 -6 -7 28 -25 -30
right_child=1 2 4 -5 25 9 7 8 -10 -11 -12 12 13 -15 15 -17 -18 -19 -20 -21 21 -23 -24 27 -26 -27 -28 -29 29 -31
leaf_value=0.0020400819794380823 -0.02325935314364809 -0.00063018669578872907 -0.0158684498522608 0.012644741428293499 -0.0049229522458591373 0.022788933476087337 0.015770396359369818 0.038408944576547963 -0.010718911398883132 -0.012923520029100239 0.014400290375150608 0.011856736761130093 -0.023891307203725828 0.0089691369537371179 0.022640936943886615 -0.010241601068547471 0.0090588643820777668 -0.015947062512717929 -0.00052368487710411661 -0.0141006941996712 0.012838733638348443 -0.0071088512934253069 0.0040000385406686323 -0.0091458044840576208 -0.022967027240190944 0.030604601425587706 -0.011365969754594668 0.023751524291387039 -0.0061334253155836049 0.0012797137893125843
leaf_weight=5.5266486101938872 13.250867131961966 213.6482718738323 6.5550672368633505 22.784706279496959 11.85863475046335 20.895142646457998 41.618992984690749 7.0344499519778791 22.271158964499591 30.181895214494944 21.368737441842086 33.451266305086392 18.218299340412162 8.1965633279087324 24.333303940503583 26.195670556183813 20.330161805756688 22.739621517358728 4.4511739228553315 32.141116565787797 30.171165302533609 16.429223843894306 10.195823342539368 255.87544154302941 50.285189267659462 26.230195810569967 14.131457551060292 5.761563080154473 34.760739470652425 89.91879901599259
leaf_count=80 131 1986 53 133 92 143 270 69 117 173 161 339 155 30 208 230 136 156 32 340 236 102 20 2071 767 204 152 38 323 793
internal_value=-0.00128333 0.000882785 -0.000982722 0.00408436 0.00669919 0.0024774 0.0061024 0.00855035 -0.000623876 -0.00241657 -0.00234195 -0.00285508 0.00341785 -0.00510481 -0.00348786 0.0033374 -0.0041229 -0.00332407 0.0143633 -0.00456289 -0.00399592 0.0037693 -0.00480805 -0.0051848 -0.0121212 0.010022 0.0037428 -0.00415157 -0.00447133 -0.000824521
internal_weight=1140.81 479.02 302.401 176.62 44.6439 153.835 88.6266 75.3758 29.3056 65.2085 257.757 661.791 59.8661 26.4149 601.925 50.529 551.396 236.388 46.0702 531.066 498.925 46.6004 452.324 442.128 55.8118 38.0888 35.0266 386.317 380.555 124.68
internal_count=9740 3872 2652 1220 349 1087 619 488 186 468 2303 5868 524 185 5344 438 4906 2142 302 4770 4430 338 4092 4072 847 296 295 3225 3187 1116
is_linear=0
shrinkage=0.0218826


Tree=52
num_leaves=31
num_cat=0
split_feature=99 64 145 30 95 206 68 139 158 52 105 137 98 196 156 95 67 136 153 142 43 27 217 117 29 8 118 89 88 147
split_gain=7.61129 5.65277 5.77701 5.54157 7.84889 6.02941 5.54052 5.18283 6.52407 5.17487 5.22172 6.24995 6.59466 5.70893 5.61996 6.73593 5.63787 6.07495 5.77708 8.48933 6.12789 5.49426 6.5707 5.52251 5.32195 8.09643 6.68619 5.24367 5.19397 5.05061
threshold=0.043517714826797137 21.950000000000003 2.9930879720247723 0.24188952302308067 0.20016694490818035 10.183187927253478 -1.1499999999999997 8.4432952425198984 88.579838263346105 0.24802028218694888 0.54919354838709689 0.20756396765490639 0.029140366271335167 9.2362848543954481 252.42248243403512 0.28263451409687085 34.550000000000004 -0.928154898677645 0.41534603666383801 4.5141509433962268 6.0500000000000007 0.26741001317162344 -0.003287859356518943 0.26253132832080206 0.074700773205787357 2.1299325337331338 22.366666666666671 1.3836153198653209 96.64944463431307 10.133750000000003
decision_type=2 2 2 2 2 2 2 2 2 2 2 2 2 2 2 2 2 2 2 2 2 2 2 2 2 2 2 2 2 2
left_child=1 2 9 29 -5 -6 -3 -8 -9 10 14 -12 -13 -14 15 16 18 -18 19 21 28 -1 23 -23 26 -26 -22 -17 -20 -2
right_child=3 6 -4 4 5 -7 7 8 -10 -11 11 12 13 -15 -16 27 17 -19 20 -21 24 22 -24 -25 25 -27 -28 -29 -30 -31
leaf_value=0.0024303071967483698 -0.0040759059230608997 -0.020086983173054965 0.0039125071050676368 0.038681080535571649 -0.018247492226937764 0.0021977600174110474 0.011520351408635134 0.035964199308656263 -0.020464958716417712 0.0078633841653487063 -0.015665672566086333 -0.022464447866171956 -0.013275808642243219 0.017588002343784683 0.0036538880889152867 -0.012015476293097294 -0.0069000100563992323 0.0095406462044088647 -0.015598770917221448 -0.013441175350489125 0.00017576767155364449 0.013603143251023367 -0.0092194907066647132 -0.018910562623769139 -0.0037549768135251189 0.014683011654428908 -0.016004822255105904 0.058259030666622309 0.039419603782010988 0.020424383841602972
leaf_weight=109.51256601713408 68.606459565094156 11.709013853640498 15.075777805337564 8.9689888817570118 50.274831283697495 10.602850168793109 134.89207234610353 3.9190061341639639 9.7486078519793846 18.589558926802738 56.014041647662452 10.629961006447045 7.095113681810747 17.973761522852783 65.51802275886007 89.972452057862483 18.732160912179097 41.41911062282793 76.62223505007978 10.620702940135741 18.075368713182115 11.933191454576901 29.735972518670451 6.383421614418693 140.21747811200999 36.3022722894043 39.116734407489048 3.3113530459361291 5.8943147145346293 13.343946691270274
leaf_count=991 629 52 49 88 425 83 930 35 62 146 439 81 37 124 626 919 50 210 1119 35 202 140 318 40 1106 190 421 27 47 119
internal_value=-0.00165776 -0.00095135 -0.00168141 -0.00621068 -0.0107175 -0.013537 0.00279403 0.00396867 -0.00845063 -0.00193801 -0.00221156 -0.00711024 0 0.00617849 -0.00156102 -0.00219236 -0.00124936 0.00501195 -0.00204027 0.00121891 -0.00378218 0.0025446 -0.0035455 0.00648995 -0.00194099 -3.35928e-05 -0.00769239 -0.00760659 -0.00889068 -0.00226517
internal_weight=1140.81 989.014 828.746 151.797 69.8467 60.8777 160.269 148.56 13.6676 813.67 795.08 91.7129 35.6988 25.0689 703.367 637.849 544.566 60.1513 484.414 168.186 316.228 157.565 48.0526 18.3166 233.712 176.52 57.1921 93.2838 82.5165 81.9504
internal_count=9740 8396 7317 1344 596 508 1079 1027 97 7268 7122 681 242 161 6441 5815 4869 260 4609 1524 3085 1489 498 180 1919 1296 623 946 1166 748
is_linear=0
shrinkage=0.0218826


Tree=53
num_leaves=31
num_cat=0
split_feature=85 201 22 35 142 23 92 107 144 29 44 12 142 147 64 95 11 137 55 53 196 203 39 91 142 95 131 137 44 220
split_gain=7.91834 7.04456 7.0195 7.03131 7.38797 7.37984 8.08684 7.60339 6.50036 6.36271 5.88606 5.7984 5.51401 5.49474 5.11228 5.74583 7.0623 6.79004 5.58802 6.16724 5.03517 5.50528 4.90846 6.27853 5.74651 4.88128 4.75668 4.78679 4.74037 5.75173
threshold=21.450000000000003 6.5179623361511192 2.3253150154216509 0.086931686090755536 1.8125475285171107 9.6296485973711103 9.9898143276082916 11.830996346400713 6.0043541364296091 0.076362998915902994 -0.91702515554752051 1.3768141882136977 2.2469322165952481 16.602400000000006 17.650000000000002 0.27339015487117702 4.8776042010337628 0.053309110703136271 39.690458015267183 0.49724807909973451 9.3717840377766386 5.7593399114810468 1.0980000000000003 4.7105861293741009 1.9099413535134617 0.21871440774487474 0.37489350566784457 0.036132261637871428 -0.64942331933852315 0.011761512527173782
decision_type=2 2 2 2 2 2 2 2 2 2 2 2 2 2 2 2 2 2 2 2 2 2 2 2 2 2 2 2 2 2
left_child=1 11 9 22 8 12 -7 -8 14 10 -2 -1 -6 -3 15 17 -17 -5 19 -19 21 -16 23 -4 -25 -13 -18 -28 29 -11
right_child=2 13 3 4 5 6 7 -9 -10 28 -12 25 -14 -15 20 16 26 18 -20 -21 -22 -23 -24 24 -26 -27 27 -29 -30 -31
leaf_value=0.021149811890417033 -0.016078275866615949 -0.0075504381639091237 -0.012677007514491219 0.0032575267931739425 -0.016282831161646631 -0.022639727720574376 -0.0091525850632230531 0.040602705152337722 -0.012886051697234807 0.015006711207913101 0.017705943121875661 0.0048119045621049811 0.00070692760260211479 0.023086743149652533 0.00768549269698894 -0.032799525579553512 0.024293781619932467 0.0024415446593479425 -0.013091599137994351 -0.017708834565888419 0.014427980288292801 -0.011963256357882856 0.0016287341092792794 -0.010577148687754067 0.0038714886214245839 -0.012306669970213437 -0.023448458883648823 0.0018345212517012137 -0.0011697988858336303 -0.011997470671314113
leaf_weight=20.159375330232933 8.823518494852804 215.43790470881004 93.282294658357614 81.993925568868008 13.804020477480661 50.263099822259619 17.996838700842549 7.0332379408300758 14.699177804348436 29.561444198075151 46.416523810315084 13.436571726011154 78.919069219649145 4.6031743504597662 43.283424986827868 25.788287405567871 14.044216168762206 28.028684022522157 37.147123087777572 5.708804961322584 116.67996789429844 34.328363695779217 19.360743450421523 11.494223986002909 10.214151111546014 9.96696707020328 8.9864688526131413 6.7583904910197807 56.512323395971407 16.07903120468518
leaf_count=124 60 1809 1133 927 92 195 85 22 65 198 355 121 385 36 340 335 62 196 355 59 1248 306 191 201 54 42 81 61 518 84
internal_value=-0.00123908 -0.00455924 -0.000234554 -0.00115401 -0.000109877 -0.00397854 -0.00902961 0.00101298 0.00144441 0.0039353 0.00986466 0.00338604 0.000132061 -0.0061529 0.00198261 -0.000384947 -0.00637094 0.00179286 -0.00312015 0.00322604 0.00452986 0.000161817 -0.00565333 -0.00737437 0.00302689 -0.00388567 0.000826243 -0.00715539 0.000646783 0.00586345
internal_weight=1140.81 263.604 877.207 719.815 585.463 168.016 75.2932 25.0301 417.447 157.393 55.24 43.5629 92.7231 220.041 402.748 208.456 55.5774 152.879 70.8846 33.7375 194.292 77.6118 134.351 114.991 21.7084 23.4035 29.7891 15.7449 102.153 45.6405
internal_count=9740 2132 7608 6393 4814 779 302 107 4035 1215 415 287 477 1845 3970 2076 539 1537 610 255 1894 646 1579 1388 255 163 204 142 800 282
is_linear=0
shrinkage=0.0218826


Tree=54
num_leaves=31
num_cat=0
split_feature=39 75 192 113 73 137 25 219 220 35 146 88 87 87 11 176 6 96 103 144 27 44 26 96 42 45 63 117 87 146
split_gain=7.40999 8.58256 5.47881 7.61963 6.06118 5.83145 5.3075 5.15922 4.82974 6.75343 5.50002 6.24484 6.45186 5.62436 5.54144 5.08414 5.23075 6.0982 4.70933 4.70368 5.62197 4.61883 5.75412 5.18874 8.60307 5.57973 5.76397 4.8076 7.15422 7.60494
threshold=1.0850000000000002 0.45000000000000007 9.3315380579211951 15.500000000000002 29.400000000000002 1.5491463646892749 3.4297591553942595 -0.041779100039767376 0.031822344322344334 0.13810843982858587 0.12779526642164316 92.28454407879812 0.47306657306657313 0.47861828738611023 5.4509453805164654 -0.033755177053534695 5.9646359771376476 0.29316826549131453 2.4849639925398539 2.8794242303078774 0.26820953294545363 -0.94260559819261247 7.1535013275435348 0.29756985438803624 76.65000000000002 0.9935340235047978 22.250000000000004 0.31866537717601556 0.45894233239147192 0.21381261361797732
decision_type=2 2 2 2 2 2 2 2 2 2 2 2 2 2 2 2 2 2 2 2 2 2 2 2 2 2 2 2 2 2
left_child=2 -2 4 6 -1 8 -4 -3 10 -10 13 12 -12 -6 -14 -13 21 -18 -16 -7 -21 27 23 25 -25 26 -23 28 -17 -30
right_child=1 7 3 -5 5 19 -8 -9 9 -11 11 15 14 -15 18 16 17 -19 -20 20 -22 22 -24 24 -26 -27 -28 -29 29 -31
leaf_value=-0.010030373310770085 -7.038503470486932e-05 -0.03248803078430209 -0.008040520744707888 -0.0095054452392673416 0.0090299893771590162 0.018004624372451955 0.01799637250746202 0.014970886424181797 0.019506632266959079 -0.011745002611716062 -0.022073666960576683 -0.0076913258431522821 -0.0077814892628511878 -0.0061964339215840646 -0.023436209611492231 0.021313481037391502 -0.015573150917939845 0.019808158963463277 0.036010669553984846 0.025869334957286848 -0.030428068919598882 -0.0042007291032824428 0.016240480326858854 0.0095302945455968038 -0.013754660841028218 -0.019416309164786618 0.0026530534622073274 0.018818582734197314 0.025632275696182347 -0.011739871880446709
leaf_weight=31.720752328634262 125.77115317526909 4.4199567960440609 8.804815578479749 140.42868013897419 18.257012805768458 21.014360829303314 17.429692192540188 47.453928836147725 24.971868852883063 7.5086276081501628 39.066453532250307 93.966640306373847 33.091344285496689 11.988082858434835 3.9606244854803654 16.216872468160773 32.17391403683996 8.2133222711445324 10.346883492692994 5.8747612927036226 5.2983134904143299 149.9015282060675 8.4643417356105584 36.104740970963121 55.078200306031704 8.4734367533703772 119.67132301677452 13.759706368248315 12.500623311388834 28.879386266072743
leaf_count=51 1199 34 84 1534 213 158 244 365 269 57 621 393 257 89 18 108 225 48 100 36 21 1260 93 398 377 82 1034 73 83 216
internal_value=-0.00139743 0.00269282 -0.00215668 -0.00576154 -0.00139343 -0.000994389 0.00487658 0.0101106 -0.00140186 0.00672749 -0.00179072 -0.00220926 -0.00767817 0.00719627 -0.00210476 -0.00138396 -0.000477949 -0.00794313 0.00886717 0.00799382 -0.00312611 0.000199523 -0.000760951 -0.00119375 -0.0057006 0.00028523 0.000867892 0.00527839 0.00233967 -0.0024642
internal_weight=1140.81 177.645 963.166 166.663 796.503 764.782 26.2345 51.8739 732.595 32.4805 700.114 669.869 86.4653 30.2451 47.3989 583.404 489.437 40.3872 14.3075 32.1874 11.1731 449.05 377.694 369.229 91.1829 278.046 269.573 71.3566 57.5969 41.38
internal_count=9740 1598 8142 1862 6280 6229 328 399 6014 326 5688 5386 996 302 375 4390 3997 273 118 215 57 3724 3244 3151 775 2376 2294 480 407 299
is_linear=0
shrinkage=0.0218826


Tree=55
num_leaves=31
num_cat=0
split_feature=63 23 84 147 101 156 29 144 155 94 142 21 49 207 146 28 96 6 97 124 4 78 219 218 155 32 22 223 97 49
split_gain=5.36346 5.66 6.07088 9.61938 7.30896 6.98592 6.64423 6.33874 7.4406 7.4373 6.16217 5.78687 9.40041 7.57935 5.45381 6.88508 6.08231 5.57846 9.61601 5.44605 5.40124 6.04977 5.8536 5.7594 5.07922 5.68308 5.06432 6.09192 5.40603 5.03666
threshold=28.050000000000004 12.159846024502086 57.050000000000004 7.1493000000000002 0.052738553701326497 233.19306074930287 0.09163971065611036 2.9832113518240777 1.7178035349719554 0.26445024994348015 0.83474215312268152 3.0007357350204797 10.750000000000002 0.31494813483082412 0.15264594142049234 0.17575831391557559 0.20569402228976699 3.3744119400189772 0.23194202898550728 1.0000000180025095e-35 7.1473993459831826 14.050000000000002 -0.033909211984211186 -0.029682845862041004 2.6375020311061812 0.13598311514997952 2.7638291285681729 0.14618749999999983 0.24168641390205373 11.250000000000002
decision_type=2 2 2 2 2 2 2 2 2 2 2 2 2 2 2 2 2 2 2 2 2 2 2 2 2 2 2 2 2 2
left_child=1 2 6 5 7 14 11 8 -5 26 -11 -1 24 -14 16 -16 -4 18 -17 -8 21 -19 -23 -22 -13 -26 28 -28 -10 -9
right_child=-2 -3 3 4 -6 -7 19 29 9 10 -12 12 13 -15 15 17 -18 20 -20 -21 23 22 -24 -25 25 -27 27 -29 -30 -31
leaf_value=-0.0038515744852867378 0.0002629521964093333 -0.013981304077094971 -0.0061984620272422788 -0.024714134662667978 -0.0089023081469277593 0.017620869886006786 -0.00040886418523462082 -0.0033299879813461185 -0.017443041677844915 -0.013184381496221587 0.019079775498278495 0.012443730597199639 -0.0099009938359162861 0.016549321074965727 0.022239790316598645 0.02173698364646048 0.023550618563243704 -0.021993210968073711 -0.011830008668078113 -0.026545840039306916 0.017602564221573577 0.042437672565333429 -0.021227388244409819 -0.012313687342840418 0.017956461029931672 -0.010391746285112446 0.001044662901649605 0.014464415576755003 0.0076344346724655215 -0.025309433582730904
leaf_weight=79.789779328935992 204.68679743861094 49.62484014201641 13.501345919403095 11.536290107537978 26.355202945642759 4.6426069080926018 145.89701486541117 43.670030200461042 9.8725836014750694 23.323268569301263 10.67200833958759 126.56994453715606 49.49981016878678 20.304974372061452 8.050553391342417 15.360089379907775 15.956544470933066 83.973273369359049 21.439546468476237 10.329924464225767 12.966375882215287 3.95713232912476 31.875606986047615 20.672630607902192 3.1546049011114956 6.4262292171079025 17.363022949401739 47.983585518941709 3.8554813028272283 17.500249913309744
leaf_count=750 1648 521 196 124 176 79 995 202 82 264 61 1225 169 52 103 146 244 870 253 14 51 33 358 251 37 65 245 413 65 48
internal_value=-0.00149018 -0.00219302 -0.00178123 -0.0035845 -0.000196565 -0.00665234 2.86515e-05 0.00133319 0.00417014 0.00591432 -0.00253273 0.00201813 0.00395886 -0.00251852 -0.00722592 -0.00852894 0.00143604 -0.0093852 -0.00159249 -0.00358207 -0.0112159 -0.0133908 -0.0055619 -0.00324784 0.00729785 -0.00743029 0.00957374 0.0120939 -0.00221349 -0.00437472
internal_weight=1140.81 936.125 886.5 444.527 212.132 232.396 441.972 185.777 124.606 113.07 33.9953 285.745 205.956 69.8048 227.753 198.295 29.4579 190.245 36.7996 156.227 153.445 119.806 35.8327 33.639 136.151 9.58083 79.0747 65.3466 13.7281 61.1703
internal_count=9740 8092 7571 4264 1680 2584 3307 1504 1254 1130 325 2298 1548 221 2505 2065 440 1962 399 1009 1563 1261 391 302 1327 102 805 658 147 250
is_linear=0
shrinkage=0.0218826


Tree=56
num_leaves=31
num_cat=0
split_feature=85 2 96 209 95 42 62 9 223 192 60 211 32 96 97 45 97 1 17 51 46 120 85 147 4 153 21 178 30 178
split_gain=6.17305 6.11338 7.62775 6.96853 5.83401 6.0728 8.08511 7.1681 6.46708 6.21688 5.86771 6.5898 6.47742 8.77423 7.03518 6.36929 6.12833 6.88226 7.18429 5.85108 5.60496 5.55901 5.3725 5.2668 5.26482 5.17517 5.4462 5.07106 5.23951 5.52715
threshold=21.450000000000003 0.14072200561097045 0.22896164811919437 0.72024733658984441 0.2807455612491781 79.450000000000017 27.050000000000004 0.28174314748043511 0.41061500000000017 7.8632845419917539 0.39156391770513915 1.0000000180025095e-35 0.17063056731190965 0.19202649006622521 0.17403517342452371 0.71322329076259938 0.26099033816425127 5.2670000000000003 4.1650000000000009 0.21058080808080809 1.5000000000000002 0.71104609487003689 28.150000000000002 7.2055500000000015 2.0337094612704374 0.40565858047621117 7.945786516853933 -0.030040898887322125 0.23508937891368636 -0.0086236898702921182
decision_type=2 2 2 2 2 2 2 2 2 2 2 2 2 2 2 2 2 2 2 2 2 2 2 2 2 2 2 2 2 2
left_child=1 2 -1 -4 10 8 7 9 22 -7 11 -2 15 -14 -15 16 17 18 -12 -11 21 -18 -6 24 -3 -20 -27 -13 -29 -30
right_child=4 23 3 -5 5 6 -8 -9 -10 19 12 27 13 14 -16 -17 20 -19 25 -21 -22 -23 -24 -25 -26 26 -28 28 29 -31
leaf_value=0.0081341988405085556 0.004216658241651774 0.0099081455137367061 -0.020762876778282223 0.044156722590201015 -0.0086931761353208591 -0.031197381985881248 0.0012038001467689827 -0.035261650005443144 0.013817657834021124 0.018217524242498298 -0.011076217937323845 0.019233978811073089 0.02463328566276636 0.031433623561193107 -0.0093837148201614973 0.0036109674314272742 -0.025930179067455206 -0.0094318886804368122 -0.0098823561356267478 -0.00085619327024717381 0.013765820189261695 0.0078389734126746331 0.0019824582696475372 -0.0032571190263153602 -0.010162538348390536 0.015205963359402951 -0.010565100509477813 -0.017243986365589853 -0.037738470790015716 0.015134957600556302
leaf_weight=49.041210509708208 126.33297311263141 5.7210372346075919 15.226104126120392 3.028666933931162 76.405259563344089 26.450760579909229 37.629143459332454 34.299063052791098 13.395733041045558 6.8990582350647847 21.818430020264941 10.142940523744072 15.999632380505998 6.739167215114775 140.79910539961679 44.734015379942093 6.5539256167887769 73.51070286264121 4.4582350668126756 28.785996332942887 22.392267540097237 19.366298426055891 66.755401987302321 86.546788232575864 104.04018614877396 40.467757949880479 3.7825659056093164 24.220597311673146 5.1718200794784961 20.096504368407295
leaf_count=374 921 59 114 15 743 148 194 229 128 33 203 50 156 38 1036 461 153 908 66 248 51 369 673 604 966 416 59 137 25 163
internal_value=-0.00142894 -0.00436166 0.0012807 -0.010453 -0.00054092 -0.0030738 -0.0064777 -0.0098178 -0.000120976 -0.00519933 0.000711165 0.00391743 -0.000774255 -0.00411911 -0.00581308 0.00152602 -0.000199537 -0.00247935 0.00236052 0.000712972 0.00646349 -0.000400902 -0.0015295 -0.00630904 -0.00948492 0.00703845 0.00938423 -0.00202036 -0.00497681 0.00189041
internal_weight=1140.81 263.604 67.296 18.2548 877.207 290.62 134.064 96.4349 156.556 62.1358 586.587 185.965 400.622 163.538 147.538 237.084 192.35 144.038 70.527 35.6851 48.3125 25.9202 143.161 196.308 109.761 48.7086 44.2503 59.6319 49.4889 25.2683
internal_count=9740 2132 503 129 7608 2396 852 658 1544 429 5212 1296 3916 1230 1074 2686 2225 1652 744 281 573 522 1416 1629 1025 541 475 375 325 188
is_linear=0
shrinkage=0.0218826


Tree=57
num_leaves=31
num_cat=0
split_feature=145 156 41 89 1 158 92 22 32 64 40 27 152 163 134 135 222 22 178 109 117 84 218 213 88 201 40 106 50 213
split_gain=7.10442 7.2589 7.13825 5.96884 5.68768 6.80851 6.48769 6.90228 6.17415 5.70132 7.7501 6.64936 6.06915 8.09382 5.51563 6.56295 5.91025 5.40416 6.25981 6.13977 5.38245 5.14287 5.44376 5.5381 5.05286 5.03944 5.03868 5.54986 5.45694 4.91819
threshold=2.9930879720247723 189.89470588235295 2.7501557146680145 0.91062627685964526 6.3350000000000009 50.391168482669165 7.7464384550996686 2.4859126984126987 0.16740555183604094 18.550000000000004 9.1857388091423378 0.24212775649014037 -0.3296073675745112 4.6753484948121642 1.06184275204306 0.037657004739905221 1.3077066414856784 4.3465889395737278 0.020816603069537563 52.79338327091137 0.32583417593528824 54.650000000000013 0.037254903145992259 11.180555555555557 95.434423289424487 6.3924888623698246 7.5115319417519819 5.8452718766776597 7.2500000000000009 13.496626686656674
decision_type=2 2 2 2 2 2 2 2 2 2 2 2 2 2 2 2 2 2 2 2 2 2 2 2 2 2 2 2 2 2
left_child=1 2 3 25 6 -6 20 -8 -7 11 29 17 13 -13 21 16 -16 -9 -19 -20 -3 -4 23 26 -14 -1 27 -23 -28 -11
right_child=-2 4 14 -5 5 8 7 9 -10 10 -12 12 24 -15 15 -17 -18 18 19 -21 -22 22 -24 -25 -26 -27 28 -29 -30 -31
leaf_value=0.00069229336015366467 0.0040774171964922052 0.0016107508642737981 0.023530756523015832 0.053740740483422804 0.0029376727330913126 -0.0055093629470323712 0.0018798579945909517 -0.0093171578252354247 -0.024550255626231535 0.00028370648738861671 -0.0096661040143341571 -0.039619479091588916 -0.0060973866232517529 0.0044091486764691445 -0.0083257143760718747 -0.033458159783121853 0.018644137958113552 0.016054307325251711 0.023646752891414737 -0.022712218490205247 -0.019736986939340131 0.020832706609801341 0.0086469503500623268 -0.028367506337315128 -0.014059734134678325 -0.023967983422925224 -0.0060121026445701794 -0.008290039881111327 -0.019175663210619243 0.015856212662283875
leaf_weight=1.9439592821895519 17.51909597775375 81.933978113896956 15.813498227209946 3.2818689297680512 4.1053345735888334 27.976309961439256 120.58228658872736 29.714654293497233 24.598516125095557 145.60756213191235 43.092418823861408 7.1850755612799757 115.20143674676638 9.6990931549805719 4.4442301013509704 9.0431117196617361 20.088923052564951 45.954836508126846 4.6712386242743404 12.829800920025262 6.2609058259913573 17.617923658430986 13.729986733965687 23.400969482313485 50.919687137768051 33.536438762171201 188.16482640929053 5.0430849470162675 16.315011247941356 40.535284973854004
leaf_count=26 57 689 143 56 22 310 943 374 175 1331 349 52 1088 69 48 130 102 410 47 160 47 205 135 175 294 488 1470 34 37 274
internal_value=-0.00137303 -0.00159487 -0.0041936 -0.0129866 -0.000399627 -0.00702261 0.000128936 -0.000651772 -0.00924573 -0.00177902 0.000759916 -0.00389375 -0.0063099 0.00587422 -0.00306668 0.00518642 0.0110383 0.000832292 0.00445582 -0.0063785 0.00566115 -0.00407913 -0.00481703 -0.00556547 -0.00758922 -0.0156548 -0.00446689 0.005118 -0.00556014 0.00271252
internal_weight=1140.81 1123.29 352.424 38.7623 770.868 56.6802 714.188 625.993 52.5748 505.411 229.235 276.176 183.005 16.8842 313.662 33.5763 24.5332 93.1705 63.4559 17.501 88.1949 280.085 264.272 250.542 166.121 35.4804 227.141 22.661 204.48 186.143
internal_count=9740 9683 3049 570 6634 507 6127 5391 485 4448 1954 2494 1503 121 2479 280 150 991 617 207 736 2199 2056 1921 1382 514 1746 239 1507 1605
is_linear=0
shrinkage=0.0218826


Tree=58
num_leaves=31
num_cat=0
split_feature=85 95 106 43 99 24 30 30 139 98 42 82 110 103 91 118 18 135 157 156 25 77 214 121 121 221 217 41 69 145
split_gain=6.06102 7.14452 8.99488 6.76453 6.31111 6.71043 5.81161 6.90988 5.86176 5.73293 5.70988 5.64551 7.50661 5.37171 5.18724 5.0753 7.38732 8.0558 6.16776 5.67114 5.56286 8.21169 6.45397 6.51964 6.03777 5.78984 5.48167 5.5275 5.81718 5.05749
threshold=21.450000000000003 0.21728071876413937 5.5723701204168279 14.65 0.043517714826797137 7.4854996539942054 0.24235761690914201 0.22689137513602239 4.0005996196601084 0.051316701316701324 89.850000000000009 26.850000000000005 0.27982332164080775 1.5104562737642586 3.934142683255001 23.708333333333339 1.0000000180025095e-35 0.04209992080517002 239.35273231489276 234.70869831843098 3.7832527785570931 16.050000000000004 2.1000000000000005 0.72047873837186238 0.71445299418085362 -0.018515797607775272 0.056702066490817667 3.4998265060168001 13.350000000000003 -0.50074226405897937
decision_type=2 2 2 2 2 2 2 2 2 2 2 2 2 2 2 2 2 2 2 2 2 2 2 2 2 2 2 2 2 2
left_child=1 2 11 9 5 -2 7 13 -8 -3 -9 -1 -13 -6 -14 16 18 20 -7 -17 26 22 23 24 -22 -25 27 28 -18 -19
right_child=4 3 -4 -5 6 15 8 10 -10 -11 -12 12 14 -15 -16 19 17 29 -20 -21 21 -23 -24 25 -26 -27 -28 -29 -30 -31
leaf_value=0.014101458777135274 0.00096416054146129338 -0.014753138188082241 -0.020744461625734515 0.0093642744574661298 0.03409044164064793 -0.0064435099912766476 -0.011146322174339114 0.015509236741073781 0.00017120271467738622 0.00041937743532064262 -0.011431492927203976 0.019303733289209202 -0.020751071638797757 -0.011062606425124067 -0.0021613721377295825 -0.0087823698768011091 0.011447759917458547 0.0053548553219096278 0.018517277544638472 0.00032729944954208755 -0.0109823347840587 -0.0091132737396516957 0.01972358792816338 0.04314710280280934 0.017777740300131507 -0.0082547063946062475 0.0034896590897690975 0.000804679791712353 -0.022215215006384108 -0.021527018507112149
leaf_weight=23.600601060433291 188.32466351952235 102.27449156844273 28.385230056164346 8.5248722245451045 3.3718625234303081 12.476799832068307 40.001693154439636 23.15530652659368 12.810946408855214 25.93490226094832 5.2761013601852929 21.4356625851633 8.220164052484277 32.506341618357055 45.228069377535803 132.82732649422587 21.889168407051784 6.999047309318942 49.646889241528697 90.106545502053905 14.011510556565552 17.460144688685432 35.146903975444729 4.4478023926903907 23.145868852685453 35.221977118844507 13.496198134258973 45.948010459025454 51.09051408743494 17.84573324773055
leaf_count=327 1972 934 182 53 25 67 324 196 111 158 24 112 57 303 309 1217 104 36 383 747 157 152 238 19 118 344 148 244 571 108
internal_value=-0.000979216 -0.00388375 -0.000112812 -0.00733891 -0.000100095 0.00062642 -0.0048135 -0.000323642 -0.010136 -0.00861944 0.00756687 0.00300276 0 -0.00669005 -0.00436554 -0.000549953 0.00109125 -0.000387534 0.00788323 -0.00312657 0.000745419 0.00396842 0.00616888 0.00250907 0.00902648 -0.00357663 -0.00238638 -0.00392166 -0.00764302 -0.0120995
internal_weight=1140.81 263.604 126.87 136.734 877.207 760.085 117.122 64.3096 52.8126 128.209 28.4314 98.4845 74.8839 35.8782 53.4482 571.76 348.827 286.703 62.1237 222.934 261.858 129.434 111.974 76.8272 37.1574 39.6698 132.424 118.928 72.9797 24.8448
internal_count=9740 2132 987 1145 7608 6625 983 548 435 1092 220 805 478 328 366 4653 2689 2239 450 1964 2095 1028 876 638 275 363 1067 919 675 144
is_linear=0
shrinkage=0.0218826


Tree=59
num_leaves=31
num_cat=0
split_feature=85 99 24 147 74 123 178 24 70 44 30 113 213 57 133 146 16 213 21 45 5 219 19 160 219 155 99 133 218 12
split_gain=6.88679 7.7547 7.39299 7.35437 5.91807 6.31485 5.85895 5.75718 5.74232 5.73355 5.9008 5.67857 5.46357 5.45662 5.28 5.21692 5.14596 5.21226 5.11737 5.54194 5.01745 5.3167 4.91195 7.76134 6.04359 6.59415 6.03706 6.04384 5.72316 5.50202
threshold=21.450000000000003 0.043517714826797137 7.4854996539942054 5.7777000000000012 0.35950000000000004 5.0000000000000009 0.023068086248471179 7.5683731075186049 21.250000000000004 0.98321746822993605 0.24188952302308067 13.500000000000002 10.805405405405407 22.658926197540215 -0.052198824944267898 0.24351301845852447 5.5000000000000009 7.5315126050420176 3.0986731738508992 -0.96811077628253217 1.4938042466940951 0.0056891974879920574 9.5000000000000018 61.042736333434014 0.00082710597572600863 2.3332176654825645 0.025434510717212234 -0.021429141995395997 -0.013460160066309302 0.95279338024059645
decision_type=2 2 2 2 2 2 2 2 2 2 2 2 2 2 2 2 2 2 2 2 2 2 2 2 2 2 2 2 2 2
left_child=3 2 4 -1 5 11 -6 14 -4 10 16 -2 -8 -9 -5 -7 17 20 -16 -20 -3 -22 24 -24 25 26 27 -10 -29 -27
right_child=1 9 8 7 6 15 12 13 22 -11 -12 -13 -14 -15 18 -17 -18 -19 19 -21 21 -23 23 -25 -26 29 -28 28 -30 -31
leaf_value=-0.0058721693201080633 -0.013247010009005388 0.013262002944610468 -0.0083062206842502602 0.020580907339963622 -0.0062371692980417769 -0.011760855926005986 0.021498273641827301 -0.0088733623192269635 -0.029030534785165842 0.025034500778548813 -0.01090241112906503 0.012037710872357327 -0.015892323288381496 -0.010509891086682193 0.0056999180215603646 0.013587883749184397 -0.005197209119707666 0.018017343604618024 0.0095113569302681354 -0.0060198270464552183 -0.014059861884367808 0.00019165089625592207 0.014486896686120599 -0.015462885039018003 -0.00049460009020475164 -0.0033807413741414279 0.0010558278710113347 0.021460682291944422 -0.012658038892930398 0.010233178257253948
leaf_weight=44.841036430143959 5.7636011930592295 11.665154119417823 33.232721402252082 5.8567227017394989 49.868271294344595 25.803333153075073 14.42733486319071 28.620737608974878 19.790100813668005 6.0540888342432018 51.401446276353681 74.431116758903045 5.7206253879867281 33.230169319585457 35.785985613065805 12.310380868962964 22.588120428588354 10.947775221686923 6.153715230193483 109.11562628201409 10.799160297706065 3.6665064138651351 13.407392082227942 24.343811289127416 228.49437679496168 7.8220400661789418 127.57618444448053 15.018566350406216 43.154677569359592 58.920569486951081
leaf_count=597 129 130 153 46 443 108 132 179 158 56 417 1062 56 250 248 42 185 107 58 754 69 19 108 135 1792 51 1052 106 490 608
internal_value=-0.00129483 -0.000357512 0.000448279 -0.00439166 0.00420156 0.00717234 -0.000798702 -0.00269515 -0.000786687 -0.00558068 -0.00675758 0.0106291 0.00889233 -0.00830571 -0.000432834 -9.02426e-05 -0.00196499 0.00298391 -0.00128619 -0.00354615 -0.00229091 -0.0107295 -0.000229487 -0.00775947 0.000343469 0.00254761 0.000579678 -0.00417403 -0.000504843 0.00848302
internal_weight=1140.81 877.207 760.085 263.604 188.325 118.308 70.0162 218.763 571.76 117.122 111.068 80.1947 20.148 61.8509 156.912 38.1137 59.6667 37.0786 151.055 115.269 26.1308 14.4657 538.528 37.7512 500.777 272.282 205.54 77.9633 58.1732 66.7426
internal_count=9740 7608 6625 2132 1972 1341 631 1535 4653 983 927 1191 188 429 1106 150 510 325 1060 812 218 88 4500 243 4257 2465 1806 754 596 659
is_linear=0
shrinkage=0.0218826


Tree=60
num_leaves=31
num_cat=0
split_feature=145 85 147 97 99 1 53 5 53 50 176 64 39 162 210 29 159 223 79 115 44 178 106 93 79 25 144 100 131 176
split_gain=7.22066 6.6629 6.10615 5.42438 5.37298 5.28289 8.08612 5.74125 6.60792 6.91542 7.34223 6.27263 6.14424 6.27013 5.94735 5.75124 6.85709 6.06523 5.94857 5.67905 6.76206 6.51219 6.24551 5.7269 5.52003 5.41358 5.17032 5.145 5.86726 5.13026
threshold=2.9930879720247723 21.450000000000003 16.602400000000006 0.27340939748201448 0.043517714826797137 6.3350000000000009 0.4699177319712084 1.1301411973258733 0.33962550607287456 5.7500000000000009 0.0056095969007351901 21.750000000000004 1.0165000000000002 1.538831538831545 3.4303105292858382 0.093787913204605403 0.84484733461734962 0.16194749999999994 29.700000000000003 0.29214299712568598 0.33379414889141273 0.039980696537347635 5.0122121423586892 3.4817971281734454 44.650000000000013 3.0706335079260385 3.2226058831242628 0.041136180499597101 0.44723835632183906 -0.037622783486670051
decision_type=2 2 2 2 2 2 2 2 2 2 2 2 2 2 2 2 2 2 2 2 2 2 2 2 2 2 2 2 2 2
left_child=1 2 3 26 5 7 29 15 14 19 27 12 13 -12 -9 16 24 -17 -19 -10 22 -22 -21 -24 -3 -23 -1 -11 -29 -7
right_child=-2 4 -4 -5 -6 6 -8 8 9 10 11 -13 -14 -15 -16 17 -18 18 -20 20 21 25 23 -25 -26 -27 -28 28 -30 -31
leaf_value=-0.00097224840863744581 0.0037036771347641159 0.016390013862963088 0.015317926464871245 -0.029411117194530864 -0.0048837572791616051 -0.01287359867702614 -0.023543858103334342 -0.013129315733500362 -0.0072581568675548248 0.0093533641924233909 0.0049377914552473689 0.024834024441158453 -0.021752191584593072 -0.048915078350926497 0.018075973992722153 0.015575625054098177 -0.0028087501114761305 0.015305634937250436 -0.015822784510110242 -0.011065158297332761 0.025413193202419176 0.0093743942287064022 -0.017969884449735938 0.013436119718405587 -0.00022927117175628974 -0.01202773272475164 -0.010778080837282935 -0.0064672407881703519 0.0037374788009996605 0.017735745058189513
leaf_weight=162.06884622091206 17.51909597775375 76.990952100531786 6.3148745528712871 14.682419669846693 114.90832725933933 11.370725901349941 20.961114606712272 15.82023192665565 259.28046665194643 35.461114522692924 17.182559055047935 12.614273236629741 13.386911901846359 8.41866214204674 32.74777827887533 23.360905338062366 11.157477568324564 4.4597069936771758 25.304975694182986 54.159788161150118 26.837503053905266 2.9657791178567532 5.1839679340550928 17.196622122854706 25.835685561433593 7.3725086804945477 73.926006445039093 9.8278867864310104 9.0885755350991513 24.40560559908954
leaf_count=1596 57 795 40 191 978 54 186 131 2453 90 44 27 43 19 341 218 62 15 168 756 348 32 29 133 241 67 291 28 18 289
internal_value=-0.0014825 -0.00170605 -0.004797 -0.00535875 -0.000781918 -0.000101611 -0.00647701 0.000421514 -0.000694203 -0.00148298 0.00341874 -0.00243389 -0.00681097 -0.000276536 0.00691925 0.00394871 0.00671157 -0.00193311 -0.00842825 -0.00288839 0.00116146 0.00873493 -0.00252922 0.00696519 0.00850099 -0.0055043 -0.00449998 0.0089837 -0.000101272 0
internal_weight=1140.81 1123.29 256.992 250.677 866.3 751.392 56.7374 694.654 527.545 478.977 105.98 51.6024 38.9881 25.6012 48.568 167.11 113.984 53.1256 29.7647 372.997 113.716 37.1758 76.5404 22.3806 102.827 10.3383 235.995 54.3776 18.9165 35.7763
internal_count=9740 9683 2118 2078 7565 6587 529 6058 4559 4087 269 133 106 63 472 1499 1098 401 183 3818 1365 447 918 162 1036 99 1887 136 46 343
is_linear=0
shrinkage=0.0218826


Tree=61
num_leaves=31
num_cat=0
split_feature=64 41 207 121 162 29 94 138 214 119 43 105 45 159 9 79 37 35 204 110 74 23 102 44 36 182 220 137 43 10
split_gain=6.58367 6.39029 6.21945 7.11244 7.92144 5.94961 5.89056 5.70899 5.66716 6.69472 5.32455 5.03269 5.01343 4.97106 5.09012 4.82943 4.57664 4.36113 6.6153 5.33683 5.28833 5.92085 4.81864 4.69197 5.457 4.67442 4.42893 4.58829 4.32843 4.31601
threshold=18.750000000000004 2.6617023910631841 -0.75242882666611421 0.7140539852328921 -6.4908063427800249 0.06253499473791789 0.22484214288550894 -1.0146535698673051 2.2916666666666674 22.894444444444449 11.350000000000003 0.32885724585436199 0.9935340235047978 0.56493707792084202 0.25361873110685951 36.600000000000009 0.36038961038961043 0.083662774699040071 0.46790551052157542 0.29717049283394614 0.31250000000000006 11.306222186525785 4.5000000000000009 0.94828754594723541 0.33555015116763126 0.0056743447040854553 0.003181553101792905 0.22320009736929339 5.2500000000000009 6.7718623907263957
decision_type=2 2 2 2 2 2 2 2 2 2 2 2 2 2 2 2 2 2 2 2 2 2 2 2 2 2 2 2 2 2
left_child=1 6 5 -4 12 -2 -1 8 9 -6 11 -9 -5 14 16 -8 -12 18 -3 25 22 23 26 -22 -25 -20 -19 -28 -26 -13
right_child=2 17 3 4 7 -7 15 10 -10 -11 13 29 -14 -15 -16 -17 -18 20 19 -21 21 -23 -24 24 28 -27 27 -29 -30 -31
leaf_value=0.0018801969916579407 0.016796237070051633 -0.020652513765296743 0.0071464648041122533 0.011662007888938139 0.034816168425296945 -0.01604643276785133 0.00012261500173620351 -0.016834357674710792 0.032428267981391132 -0.015927200007568053 0.022082467942880459 0.015055334936033888 -0.01936663593977922 0.030942439918466434 -0.022489319728769462 -0.020897571473139684 -0.00016923941630599771 0.013725367343502366 0.0012621439989661972 0.02216260677569401 -0.00016037509761305049 -0.011800647761629727 -0.034958694637498899 0.033732544779180133 0.02097977832871423 -0.016149183191166639 0.020509206644710971 -0.0069728001693615104 -0.018181951573085581 -0.0046379221482504866
leaf_weight=8.9981673378076703 6.3645429419229904 42.377419011225811 61.217782663352182 42.532634739258356 6.538518894161828 52.314721010410722 3.7378755871056901 14.455353233340245 21.683838967813472 14.488512476476442 6.6113546720700986 10.191055073583128 5.5404442231101703 13.326615809444318 5.4429419501375369 44.29591060060261 13.328078592181326 33.022956049803952 12.361083295820888 8.1235981814738789 447.3019032287857 31.313706785896329 4.9169838647358111 3.4471224605451871 5.6974582589273259 33.494174317160741 11.631491368881827 7.7231812232384973 27.418167719436497 140.91375405800295
leaf_count=303 46 671 680 193 106 355 49 103 179 130 47 84 9 80 32 623 74 272 124 60 3268 313 15 30 93 263 71 35 202 1230
internal_value=-0.00146127 -0.00271802 0.000730653 0.00182728 0.000399144 -0.00580999 -0.00971545 -0.00117907 0.00600314 -0.00196504 -0.00271361 -0.00442949 0.00845724 0.00448739 -0.00115531 -0.0127508 0.00397185 -0.00210576 -0.00640271 -0.00121274 -0.00136913 -0.00207641 0.00487777 -0.00146248 -0.00892139 -0.00421328 0.00691178 -0.0012436 -0.0117486 -0.00317555
internal_weight=1140.81 725.861 414.95 356.271 295.053 58.6793 57.032 246.98 42.7109 21.027 204.269 165.56 48.0731 38.709 25.3824 48.0338 19.9394 668.829 96.3563 53.9789 572.473 515.178 57.2946 483.865 36.5627 45.8553 52.3776 19.3547 33.1156 151.105
internal_count=9740 6392 3348 2947 2267 401 975 2065 415 236 1650 1417 202 233 153 672 121 5417 1118 447 4299 3906 393 3593 325 387 378 106 295 1314
is_linear=0
shrinkage=0.0218826


Tree=62
num_leaves=31
num_cat=0
split_feature=85 2 43 157 96 1 22 35 175 117 139 89 53 52 87 8 89 41 78 196 220 61 8 83 91 43 52 133 145 46
split_gain=7.76458 6.88271 7.62959 8.00325 7.26156 6.4211 6.47999 6.25646 5.79743 7.41106 5.75734 5.81655 5.81355 6.32368 8.85583 6.04205 5.75138 8.38202 6.71187 5.90618 5.46388 5.74501 5.32538 6.84096 6.41036 5.72278 5.2676 5.26378 6.14863 5.20373
threshold=21.450000000000003 0.14415271034400559 7.4500000000000011 176.54434282742997 0.22896164811919437 6.4450000000000012 2.4859126984126987 0.086931686090755536 0.24088330033393426 0.32529069767441871 10.450045875632641 1.5225395310570422 0.33799311391223164 0.15779835390946503 0.47137443187182221 3.0507269979204588 1.291094696969701 3.382520033673249 8.3500000000000032 11.924686614815554 -0.010358788449633841 0.30096663927871387 1.7556700870511281 84.750000000000014 4.2561402347248913 8.0500000000000025 0.1538302469135803 -0.0052355702571833104 -0.36090236950294119 6.5000000000000009
decision_type=2 2 2 2 2 2 2 2 2 2 2 2 2 2 2 2 2 2 2 2 2 2 2 2 2 2 2 2 2 2
left_child=1 4 -3 -4 -1 6 -2 27 9 -9 11 12 -10 22 15 -15 17 18 -16 20 -20 -22 23 24 25 -14 -7 -8 -29 -23
right_child=5 2 3 -5 -6 26 7 8 10 -11 -12 -13 13 14 16 -17 -18 -19 19 -21 21 29 -24 -25 -26 -27 -28 28 -30 -31
leaf_value=0.005599973523107908 0.0017931402533418411 -0.0094573308005221086 0.010279666873076647 -0.0065459994091866171 -0.0091691469027113115 0.00033618694514867702 -0.010621751179187013 0.031587447454074172 0.0051154599608645443 -0.01456451968118941 0.00046019667583224814 0.054195308881334579 -0.017250720639597913 -0.0063701708828815731 -0.01729521297617807 0.00051808068609158402 -0.028942355248181322 0.020520685223227295 -0.024482019506734537 -0.0094397902949886741 0.018370450829781348 -0.00010962898173953499 -0.014240643883093144 0.0008648227418223349 0.014491387777655039 -5.6426770952701864e-05 -0.020245962150005122 0.0019944383173208726 -0.0049483964688890204 0.023792192600690105
leaf_weight=53.212072593522407 148.04015693192969 85.29948887729347 15.826162902338181 88.029869050124717 21.236399762438396 24.086847695765982 54.052206150681741 28.37763727327183 48.627150145954374 6.8739615012980257 10.418061977434034 8.2661669104932098 32.21117480430371 110.51447154874404 11.196996937901984 7.0666648552701181 4.2672314426506537 43.393782924307743 7.1150209503498436 6.334727554780101 14.772419426148188 23.293126298410474 69.061033225024175 57.118477993810984 19.774008227986542 31.839955944585654 28.91381439541874 19.449763475324062 54.261046896231846 7.8814499229192725
leaf_count=406 1184 870 83 625 148 240 647 402 432 58 80 70 500 564 56 29 14 285 117 68 97 289 519 366 221 320 203 144 690 13
internal_value=-0.00113996 -0.00442748 -0.00664061 -0.00258566 0.00116501 -0.000145362 0.000328834 -0.000576348 0.000436402 0.00891982 -0.000153344 -0.000504562 -0.000827765 -0.00162011 0.000827953 -0.00339749 0.00505005 0.0060476 0.00130421 0.0043085 0.00677617 0.00957773 -0.00437675 -0.00188812 -0.00585979 -0.00921264 -0.00747224 -0.00492321 -0.00104417 0.00391751
internal_weight=1140.81 263.604 189.156 103.856 74.4485 877.207 824.207 676.167 548.404 35.2516 513.152 502.734 494.468 445.841 235.836 117.581 118.255 113.988 70.5937 59.3967 53.062 45.947 210.005 140.944 83.8251 64.0511 53.0007 127.763 73.7108 31.1746
internal_count=9740 2132 1578 708 554 7608 7165 5981 4500 460 4040 3960 3890 3458 1532 593 939 925 640 584 516 399 1926 1407 1041 820 443 1481 834 302
is_linear=0
shrinkage=0.0218826


Tree=63
num_leaves=31
num_cat=0
split_feature=39 145 85 97 99 2 12 43 134 53 57 119 94 10 10 97 206 42 155 165 12 53 97 142 29 100 220 85 8 62
split_gain=6.54125 7.77844 5.97007 7.13689 6.71941 6.66858 7.76814 7.24894 6.453 7.42282 7.9749 5.87016 8.89917 5.82232 6.23799 5.66255 8.01476 5.54742 8.49344 7.16233 7.09936 6.55893 7.04063 6.4986 5.70828 5.43527 8.42741 7.24828 5.36843 5.25091
threshold=1.0980000000000003 2.9930879720247723 21.450000000000003 0.17027121814355858 0.043517714826797137 0.14415271034400559 1.548593685634128 7.4500000000000011 0.90092520244344876 0.55393593878161707 22.414011105267036 24.683333333333337 0.23715333566189314 8.2422300049246324 10.448330788886725 0.26579427528794625 9.3304980157056203 79.750000000000014 1.9607972591183411 0.29717049283394614 1.3673391429488992 0.45789541032175307 0.26034280404909782 1.2485565819861435 0.079586575449296551 0.04776161961790705 -0.0077849810331648639 26.650000000000002 2.6418697232611197 15.200000000000001
decision_type=2 2 2 2 2 2 2 2 2 2 2 2 2 2 2 2 2 2 2 2 2 2 2 2 2 2 2 2 2 2
left_child=1 2 5 -4 11 6 -1 -7 9 10 -9 17 -13 -6 -15 16 -2 24 19 -19 -20 23 -23 -22 25 26 27 -5 -8 -17
right_child=15 -3 3 4 13 7 28 8 -10 -11 -12 12 -14 14 -16 29 -18 18 20 -21 21 22 -24 -25 -26 -27 -28 -29 -30 -31
leaf_value=0.0078835592831598238 0.00050674370877256888 0.003555773161498093 0.010402651936525764 -0.010163287475352398 -0.020431628336419313 -0.015383210089641596 -0.021265511997738865 9.6228797267196599e-05 0.019785866953462128 0.026508923663247193 -0.01148128381329446 0.02470206094325484 -0.012199179140090503 0.00010711404796457999 -0.0091671119624421524 -0.028122196565988401 -0.018770756290202417 -0.0007735298670263058 -0.015003517936460722 0.023165138775696498 0.017511958197722676 0.00089414180942629052 -0.021561813243406624 -0.01111784492823429 -3.261712175141806e-05 -0.00030580056710942421 0.016959330118656472 0.042448945178526723 0.0044483564592435378 0.013514349641900967
leaf_weight=37.428775042879124 72.216627177349892 16.162711453143856 13.320324140601086 16.809203556752667 31.561264865680641 73.908788939995475 17.574159091836012 31.727537220940121 9.7373421231250159 9.1348569428298543 38.568621768158437 16.305996054087927 68.124877608613815 46.138789829339885 13.733802520135667 3.9021106911761754 17.930147618954607 70.786296666715316 89.452173129571747 22.690871007238911 30.147271282744441 16.526918830556042 21.170722844609372 11.459663023150368 194.81721943892171 23.470373472120627 63.84377822832721 8.1522120134943616 6.8434600781110921 47.164451935552734
leaf_count=243 685 51 180 176 348 740 163 200 87 57 273 220 700 383 115 28 132 485 575 83 221 104 109 61 1734 288 707 99 46 447
internal_value=-0.00134482 -0.00196978 -0.00222424 -0.00128753 -0.00158173 -0.00535348 0.000714308 -0.00766589 -0.00336946 -0.00548458 -0.00794119 -0.000795247 -0.00615108 -0.00711553 -0.00296284 0.00304331 -0.000235554 1.10456e-06 -0.00232714 0.00292687 -0.00525586 -0.000433337 -0.0070038 0.00546627 0.00200024 0.00591233 0.00838193 -0.00224622 -0.00866733 0.00880549
internal_weight=1140.81 999.598 983.435 758.512 745.191 224.924 61.8464 163.077 89.1684 79.431 70.2962 653.758 84.4309 91.4339 59.8726 141.213 90.1468 569.327 262.234 93.4772 168.757 79.3046 37.6976 41.6069 307.093 112.276 88.8052 24.9614 24.4176 51.0666
internal_count=9740 8448 8397 6588 6408 1809 452 1357 617 530 473 5562 920 846 498 1292 817 4642 1638 568 1070 495 213 282 3004 1270 982 275 209 475
is_linear=0
shrinkage=0.0218826


Tree=64
num_leaves=31
num_cat=0
split_feature=39 75 146 115 33 32 35 156 155 223 27 55 1 101 83 120 9 9 46 222 142 12 132 79 85 87 73 100 153 207
split_gain=6.0238 7.89828 5.97204 5.62983 6.91086 5.45456 5.39877 5.31453 6.75311 7.65085 7.02026 8.05845 5.76024 5.70153 5.86242 5.68763 6.39899 5.22204 5.68482 7.09525 6.15695 6.82321 9.87888 5.57863 5.22045 5.07072 7.0779 4.97647 4.96381 5.00374
threshold=1.0850000000000002 0.45000000000000007 0.13611692863684813 0.28801294498381885 0.35256769907831292 0.16025375607562517 0.12508123061980067 173.7367148694893 2.0664215039111071 0.84103249999999996 0.28296751177485735 37.549109083007387 3.9350000000000005 0.055674773485932291 89.550000000000011 0.735321917046592 0.16492212309189683 0.21875709143095134 12.500000000000002 1.6590214243556951 2.2535266457680256 1.4934786823541331 0.06353014969450653 48.150000000000013 28.150000000000002 0.472915057915058 34.750000000000007 0.021201678154030571 0.41441920022333661 -0.16673994044853477
decision_type=2 2 2 2 2 2 2 2 2 2 2 2 2 2 2 2 2 2 2 2 2 2 2 2 2 2 2 2 2 2
left_child=2 3 28 4 -2 -5 -3 15 12 25 -11 -12 -9 14 17 -4 -17 -14 19 -19 21 22 -21 -22 -24 -10 -27 -26 -1 -30
right_child=1 6 7 5 -6 -7 -8 8 9 10 11 -13 13 -15 -16 16 -18 18 -20 20 23 -23 24 -25 27 26 -28 -29 29 -31
leaf_value=0.0034779634288335201 0.0061001648099644305 0.01554543715538202 -0.0079803487235468821 -0.0012896390865424247 -0.010230017076268588 0.0074848607976482264 -0.00059985070402738139 0.029531114274975553 -0.0035897630633446608 -0.012412593476923157 -0.033485108900464904 0.019015612843469001 0.0051137388215441665 -0.0057836765432638148 -0.019535976541985342 0.013654340672844651 -0.0097999119033112363 0.0090358176200241707 -0.013978470581905683 -0.0093435056855473916 0.013132748188290366 0.0043074097437524094 0.0068550374634988084 -0.011932228796380229 0.048974033713503111 -0.013216127134241527 0.0034600003366513179 -0.018803988559828119 0.022508979472162481 -0.0043762136712676624
leaf_weight=13.712886554240638 18.107434111517932 41.816905411077641 91.585652615293384 19.971077579358962 60.760479498849008 26.932161985543189 10.056980221114143 9.7808006225932314 206.0721328714219 73.870941914552304 4.9751006314618307 11.894867835537523 88.858919699639046 23.480218667247755 13.616049498436039 14.876939514896319 27.785970806494333 58.149059610065024 18.963328778743744 47.280056005354936 16.827342492990287 13.642073856568002 10.487089645021117 7.5969393536761336 4.6941151683115532 15.336590167338953 131.84353237569098 7.9867330810141084 6.6530201060795653 43.195947916584601
leaf_count=114 170 301 830 262 553 214 98 57 2033 353 26 93 916 160 27 81 243 651 43 402 77 114 98 22 51 68 1144 76 63 400
internal_value=-0.00145817 0.00222857 -0.00214266 -0.000723445 -0.00430051 0.00519729 0.00934693 -0.00260364 -0.00188936 -0.00363656 -0.00928752 0.00318235 0.000517953 -1.13166e-05 0.000834746 -0.00661731 0 0.001555 -0.000522095 0.000772763 -0.00251009 -0.00533563 -0.00809776 0.00695474 0.00342749 -0.00215842 0.000924331 -0.00572779 0.0042844 0.00092318
internal_weight=1140.81 177.645 963.166 125.771 78.8679 46.9032 51.8739 899.604 765.356 443.993 90.7409 16.87 321.363 311.582 288.102 134.249 42.6629 274.486 185.627 166.663 108.514 84.0901 70.448 24.4243 23.1679 353.252 147.18 12.6808 63.5619 49.849
internal_count=9740 1598 8142 1199 723 476 399 7565 6411 3717 472 119 2694 2637 2477 1154 324 2450 1534 1491 840 741 627 99 225 3245 1212 127 577 463
is_linear=0
shrinkage=0.0218826


Tree=65
num_leaves=31
num_cat=0
split_feature=39 156 97 135 145 133 38 154 96 49 19 103 94 21 21 155 131 68 84 35 136 153 223 85 111 81 41 159 158 48
split_gain=6.99876 6.79233 6.94259 6.82642 6.62648 6.37886 5.87491 6.65143 6.03134 5.86495 7.39565 5.60276 5.58152 5.38189 5.22418 6.03416 5.20556 6.81 6.40568 5.5176 6.63577 5.20261 5.94799 6.7505 5.11894 6.24226 5.80925 5.72187 5.21387 5.08513
threshold=1.0980000000000003 178.75601359824847 0.17234135033323678 0.04209992080517002 -3.2384299093796844 0.046860683728786413 0.95950000000000013 1.2043525799400496 0.22673539518900346 13.750000000000002 7.5000000000000009 1.64488114457496 0.22597511951325513 4.0978063712012913 3.0007357350204797 2.1778230982578513 0.4116867190890206 0.55000000000000016 56.750000000000007 0.086931686090755536 1.4370241719249337 0.48411959685059264 0.53460000000000019 27.350000000000005 16.500000000000004 0.74450000000000005 3.3993512088012756 0.40851526064329374 48.236916331102101 1.0000000180025095e-35
decision_type=2 2 2 2 2 2 2 2 2 2 2 2 2 2 2 2 2 2 2 2 2 2 2 2 2 2 2 2 2 2
left_child=1 5 11 14 -5 6 -1 8 13 10 -2 -3 -11 -8 21 16 -16 18 19 -18 -21 22 23 -4 25 27 -26 28 -17 -29
right_child=9 2 3 4 -6 -7 7 -9 -10 12 -12 -13 -14 -15 15 24 17 -19 -20 20 -22 -23 -24 -25 26 -27 -28 29 -30 -31
leaf_value=0.0010384472644714899 0.0010160038854423823 -0.019252414751122722 -0.0093510334814364514 0.066298306239562857 -0.01142834482679882 0.016683978209974529 0.023367435255056423 -0.011363530679990264 -0.0072227294004949772 0.0014572467265816283 0.0097034563163450153 0.012448794751308586 -0.019132398837895435 -0.0044620284292887875 0.0011289737260824033 0.00063899300282591769 -0.025855585486390546 0.008842444910719973 -0.022694759559963824 0.0024016478835257506 -0.012803367059558295 0.0021101892281720422 -0.011921557172227511 0.0022636022077712568 -0.014503387158107709 0.019804391494437638 9.5033704901611646e-05 0.00076384775555176645 -0.015656160351597032 -0.0085858309285009905
leaf_weight=32.990243039670986 91.568730956869103 2.3121600650633836 74.22115777036197 4.6477181985064808 50.921905827586897 8.2242620592203348 13.967386298287009 117.12419399647638 12.728755573644319 7.4769666768895631 18.524785235760646 15.377762917771859 23.642854553514098 25.007723304991941 179.39978811518608 5.7902375807377693 11.297757547509717 17.179133658439923 23.930261788616008 29.197397756088094 6.3377575522340512 8.7356850520641256 76.949586510691461 57.420249300685327 28.736132392558375 28.279507983812891 23.169487000604704 83.107238326029801 21.267302770645301 41.27721878619559
leaf_count=336 1058 18 899 12 372 84 83 1033 97 32 129 181 73 171 1146 59 94 126 387 224 37 95 581 645 264 137 123 712 140 392
internal_value=-0.00130432 -0.0019508 -0.00101303 -0.0013328 -0.00867039 -0.00544388 -0.00623847 -0.00788672 -0.00125331 0.00323515 0.00561297 0.0122233 -0.00500904 0.00299522 -0.000750144 0.000478557 0.00271976 -0.00160539 -0.00464696 4.38543e-05 0.00436891 -0.00357682 -0.00429616 -0.00142412 -0.00209529 -0.000317122 -0.00809445 -0.00210684 -0.0110714 -7.33939e-05
internal_weight=1140.81 999.598 789.555 771.866 55.5696 210.043 201.818 168.828 51.7039 141.213 110.094 17.6899 31.1198 38.9751 716.296 498.969 267.342 87.9423 70.7632 46.8329 35.5352 217.327 208.591 131.641 231.627 179.722 51.9056 151.442 27.0575 124.384
internal_count=9740 8448 6644 6445 384 1804 1720 1384 351 1292 1187 199 105 254 6061 3841 2014 868 742 355 261 2220 2125 1544 1827 1440 387 1303 199 1104
is_linear=0
shrinkage=0.0218826


Tree=66
num_leaves=31
num_cat=0
split_feature=85 95 106 44 101 35 34 54 68 33 203 63 176 42 102 21 100 182 193 135 92 34 53 69 120 29 120 144 73 121
split_gain=5.986 8.08727 9.48646 6.31992 7.87829 5.59483 6.49577 5.89344 5.82635 6.63903 5.69046 6.93151 6.21279 6.13543 5.66099 5.4537 5.2161 6.12543 6.80346 5.19365 9.95073 8.38853 5.71705 6.28924 5.4579 7.26865 5.64675 5.23285 5.20131 5.18801
threshold=21.450000000000003 0.21728071876413937 5.5723701204168279 -0.026175951569892227 0.028422554933218443 0.096721528172313817 0.21374287215160245 9.1001079913606926 1.0000000180025095e-35 0.44565254211218469 6.0833720060377177 32.70000000000001 -0.058443410372672387 81.850000000000009 3.5000000000000004 5.3886054242685946 0.073922282938676392 0.0074638926964509253 19.123643524277878 0.0086045779919830274 6.613798045199605 0.21859468836861914 0.33962550607287456 27.550000000000001 0.73674056379115338 0.083637498711186767 0.72780493934340096 4.0051413881748088 37.600000000000009 0.71607936925406002
decision_type=2 2 2 2 2 2 2 2 2 2 2 2 2 2 2 2 2 2 2 2 2 2 2 2 2 2 2 2 2 2
left_child=1 2 3 4 -1 6 7 -2 9 14 12 13 -10 -12 -7 -6 17 18 29 22 -21 -22 -14 24 25 27 -27 28 -24 -3
right_child=5 16 -4 -5 15 8 -8 -9 10 -11 11 -13 19 -15 -16 -17 -18 -19 -20 20 21 -23 23 -25 -26 26 -28 -29 -30 -31
leaf_value=0.013705575389758 0.0010130726255307932 -0.016954089184771745 -0.018772771380297027 0.0073292599390856403 -0.018584186200827517 0.00025531154837559117 -0.0031923618026352438 -0.013722118240237178 -0.022820422764897142 -0.011660681932332951 0.00022958039094421448 0.014389597611849672 0.018897653902081556 -0.012645773066329637 -0.0087004000571989162 0.015273129520904712 0.021620584420686869 -0.0093367997375804635 -0.025580052460488327 -0.023850242947578811 -0.014028760349601479 0.015071840926488209 -0.015797966239731624 -0.012266458773988773 0.013022177446279893 -3.760933385080783e-05 -0.012740004294280006 -0.010889882313010805 0.020394113604636457 0.0095810041809692523
leaf_weight=20.36814736047927 28.324053635382825 14.036025505380623 28.385230056164346 36.329237446343541 28.376271662247291 103.14123610767183 227.101077890037 8.2281554274134105 8.8064776694463927 29.802459680217453 68.631789934412836 42.07827455624988 21.799461852698187 54.346526126530534 15.662861523800528 13.41084060654657 7.6607071625460312 91.452728555239446 7.0638885709031447 10.235831237021555 7.8262617459795356 66.394964794877751 10.389585354152812 20.116389655420789 41.858358767980462 55.995762436300993 12.391708345618325 11.95866756581472 32.117451103969188 16.520916259866908
leaf_count=183 358 188 182 326 157 779 2404 158 38 148 629 245 226 281 40 139 39 741 21 50 76 420 73 103 407 437 138 68 530 156
internal_value=-0.000945324 -0.00383173 0.000128075 0.00337522 -0.000835341 -7.16909e-05 -0.00273615 0.00570365 0.00107028 -0.00268221 0.00227889 -0.00096635 0.0040732 -0.00360492 -0.000311883 -0.00629344 -0.0075078 -0.0085711 -0.00101518 0.00464148 0.00920669 0.0120143 0.00273207 0.0014361 0.00287375 0.000501963 -0.00420063 0.00643814 0.0100252 0.00348673
internal_weight=1140.81 263.604 126.87 98.4845 62.1553 877.207 263.653 36.5522 613.554 148.607 464.948 165.057 299.891 122.978 118.804 41.7871 136.734 129.074 37.6208 291.084 84.4571 74.2212 206.627 184.828 164.712 122.853 68.3875 54.4657 42.507 30.5569
internal_count=9740 2132 987 805 479 7608 2920 516 4688 967 3721 1155 2566 910 819 296 1145 1106 365 2528 546 496 1982 1756 1653 1246 575 671 603 344
is_linear=0
shrinkage=0.0218826


Tree=67
num_leaves=31
num_cat=0
split_feature=147 120 39 52 113 64 50 6 145 32 53 73 88 133 17 1 44 97 178 136 194 203 195 44 138 119 64 155 78 78
split_gain=5.90815 6.8358 6.5182 6.41867 5.99422 5.82879 5.28081 8.88691 5.14505 5.0673 7.1698 6.2384 5.58279 5.1439 5.0376 5.52161 5.25896 4.89676 4.70852 6.36297 4.66593 4.3488 6.0159 6.19388 6.50624 6.04412 5.96072 6.30968 4.39162 4.2328
threshold=4.014450000000001 0.70733896746507863 1.0395000000000001 0.26035879629629632 15.500000000000002 20.350000000000005 5.2500000000000009 2.8219429740106254 2.9930879720247723 0.096230863452693841 0.34629551542260145 34.150000000000013 95.63524047555822 0.071231681931369292 6.1650000000000009 4.4827500000000002 0.37460659341591218 0.2407785336356765 -0.024060437542458065 -1.0000000180025095e-35 2.2486317468552532 3.4911582712470888 31.346004656976188 1.0000000180025095e-35 -0.93766662249470489 22.31666666666667 27.000000000000004 1.8592366067224237 5.0000000000000009 6.8500000000000005
decision_type=2 2 2 2 2 2 2 2 2 2 2 2 2 2 2 2 2 2 2 2 2 2 2 2 2 2 2 2 2 2
left_child=1 2 -1 5 -3 8 18 -8 9 20 11 -11 14 -12 15 -13 -17 -9 19 -7 -2 -20 23 24 -23 -26 27 -27 -24 -5
right_child=3 4 -4 29 -6 6 7 17 -10 10 13 12 -14 -15 -16 16 -18 -19 21 -21 -22 22 28 -25 25 26 -28 -29 -30 -31
leaf_value=0.010727925610624448 -0.018424449728807569 0.0048540235561868404 -0.005447786313508291 -0.039106755609268719 -0.0093138084092256306 0.037834819012340828 -0.0038727762527669381 -0.00019060053701614737 0.0027268215881135244 -0.030483332889042772 -0.0022891364248405171 0.03448742717023888 0.017752597641513154 0.011920637760772203 0.022424449199046705 -0.0090765507769918034 0.037048996080233612 0.012737217720283541 0.017822772533218796 -0.00018905857625942058 0.00047937493541590079 0.019408083548884899 0.0091912047141587318 -0.0078795758791101334 -0.013429056975065459 -0.016787900402830097 -0.038000471444649186 0.017778237800074669 -0.012660221930113043 0.014496547351310528
leaf_weight=11.581924052447446 22.507013547864293 10.965769115880901 4.0149981132219628 3.4379800010110584 48.520185247660947 22.165119934852555 17.514469816580913 7.4040169483532727 14.601002306721055 6.0962281371869258 672.78932262677336 5.8142824296733115 19.063290635954445 7.9521392197502783 7.2368783715041891 26.829493506908193 5.2791954473043452 31.091527098935785 5.0703380818986252 35.684777170555435 5.039739165969876 14.223788660150829 3.6272167712450019 36.364287533437391 10.368229001509006 5.5163975236214382 6.2153897116079397 24.829947040838078 34.576711294472034 14.429690082823297
leaf_count=192 240 170 107 11 704 197 42 22 41 23 5658 38 102 48 96 249 110 83 44 345 49 73 10 286 90 43 22 139 403 103
internal_value=-0.00146799 -0.0073751 0.00518347 -0.00104366 -0.0107447 -0.00127201 0.00159773 0.00748138 -0.00219792 -0.00244664 -0.00209628 0.00450408 0.00659213 -0.00278716 0.00221659 -0.00102061 -0.00474194 0.0132974 -6.90806e-05 0.00512871 -0.0115594 -0.00224375 -0.00304423 -0.000105873 0.00409975 2.02417e-05 0.00430615 0.00839336 -0.0103082 0.0116603
internal_weight=1140.81 75.0829 15.5969 1065.73 59.486 1047.86 254.652 56.01 793.209 778.608 751.061 70.3194 64.2231 680.741 45.1598 37.923 32.1087 38.4955 198.642 57.8499 27.5468 140.792 135.722 97.518 61.1538 46.93 36.5617 30.3463 38.2039 17.8677
internal_count=9740 1173 299 8567 874 8453 1799 147 6654 6613 6324 618 595 5706 493 397 359 105 1652 542 289 1110 1066 653 367 294 204 182 413 114
is_linear=0
shrinkage=0.0218826


Tree=68
num_leaves=31
num_cat=0
split_feature=145 85 147 95 106 43 100 104 96 122 75 40 64 76 15 25 155 95 19 108 91 49 220 153 203 136 30 219 22 172
split_gain=5.74972 6.21328 6.03566 5.28985 6.43791 6.31047 5.73688 5.03404 6.49295 4.79271 6.03503 5.93399 6.91362 6.80606 6.63647 7.75129 5.42377 6.17868 6.37181 7.21743 6.30342 6.27078 5.72523 5.44074 5.09117 5.42153 5.06811 4.949 5.86901 6.771
threshold=2.9930879720247723 21.450000000000003 16.602400000000006 0.21728071876413937 5.5723701204168279 12.850000000000003 0.073922282938676392 5.6982731760114147 0.2233526130964677 4.0000000000000009 -1.1499999999999997 9.1857388091423378 21.450000000000003 18.350000000000005 5.5000000000000009 3.4139947818289822 1.6153549837569372 0.28263451409687085 9.5000000000000018 59.360419285425152 4.2191341879674544 10.250000000000002 0.0034382932830436031 0.35666864625807121 4.8596639848663807 1.1422489275643957 0.21103798483027766 -0.054904873893423488 2.9934590626405431 -0.0012323446327683338
decision_type=2 2 2 2 2 2 2 2 2 2 2 2 2 2 2 2 2 2 2 2 2 2 2 2 2 2 2 2 2 2
left_child=1 2 3 4 5 7 -5 -1 -9 10 -3 12 16 24 -14 -16 -11 18 23 -20 21 -19 -22 -18 -13 -26 -17 -25 -29 -30
right_child=-2 9 -4 6 -6 -7 -8 8 -10 11 -12 13 14 -15 15 26 17 20 19 -21 22 -23 -24 27 25 -27 -28 28 29 -31
leaf_value=-0.0028059857493393241 0.0032122533537271227 -0.0035338860149439584 0.014179324507576151 -0.0089627067952341502 -0.01831188106438239 -0.014981210423139024 0.021197561147756217 0.02024002398991534 -0.0003383901042736521 -0.01337174958944585 0.01443067800560628 0.0084330625797532886 -0.012833561982278889 -0.0077256002331202236 0.0001133772601790674 -0.0024859768755634347 0.018256650193633255 -0.0050704692943105778 0.0011771498874563403 -0.022347333361274268 0.0068290369397551324 -0.018827923612002667 -0.0068451046945890047 0.0013064335873701058 -0.010308109492248356 0.010173571078764059 0.017072031031168368 0.0041584648789209011 -0.00532857432291854 0.0011683579141063807
leaf_weight=16.853947780311955 17.51909597775375 16.11747455841396 6.3148745528712871 121.77869821580111 27.943198195812784 13.729335130096841 7.6606860418382885 31.680078093131897 31.03132887880497 21.748530346711277 49.038411701971199 11.132691444540113 21.469908522687547 75.219280424118779 68.212965575821727 5.1961648809601675 10.834605692645026 59.151504682978384 5.3724692157002236 20.065743402187081 27.292955684691378 45.097411172211196 5.0292218261515691 20.499216757960312 29.84508786140259 4.9443567331491058 49.522191968456355 64.582207722198746 169.81240784924012 86.115297706094452
leaf_count=116 57 44 40 1074 181 45 37 351 274 350 182 86 214 860 531 58 123 836 88 131 186 174 37 61 175 17 348 675 1492 897
internal_value=-0.00149546 -0.00169506 -0.00468016 -0.00523897 -0.00190156 0.000850334 -0.00831003 0.00327354 0.00614577 -0.000802412 0.0048593 -0.00127116 -0.000468465 -0.00571862 0.00376162 0.00573785 -0.00161865 -0.00114909 0.000289304 -0.010103 -0.00512384 -0.00773638 0.00319172 0.00107079 0.000856574 -0.00323568 0.0118129 0.000557862 -0.000111074 -0.00161093
internal_weight=1140.81 1123.29 256.992 250.677 121.238 93.2947 129.439 79.5654 62.7114 866.3 65.1559 801.144 680.003 121.141 144.401 122.931 535.602 513.853 377.282 25.4382 136.571 104.249 32.3222 351.844 45.9221 34.7894 54.7184 341.009 320.51 255.928
internal_count=9740 9683 2118 2078 967 786 1111 741 625 7565 226 7339 6201 1138 1151 937 5050 4700 3467 219 1233 1010 223 3248 278 192 406 3125 3064 2389
is_linear=0
shrinkage=0.0218826


Tree=69
num_leaves=31
num_cat=0
split_feature=69 41 83 106 65 40 80 218 153 49 147 196 50 137 41 100 145 102 92 91 120 63 218 4 96 121 74 78 29 120
split_gain=4.63511 5.52228 8.20182 8.999 6.39449 6.80471 6.86399 5.53558 5.46108 5.42454 4.84462 6.36743 7.60625 4.69803 4.52645 5.55029 4.29095 4.22792 6.87545 5.31691 11.5659 5.58628 5.14538 6.37807 6.23846 7.71138 5.64514 5.63454 6.2949 7.64957
threshold=25.200000000000006 2.6617023910631841 85.450000000000017 3.5101043024771843 8.6000000000000014 7.886640982994467 58.700000000000003 -0.07182966428724645 0.37683204310257007 13.000000000000002 12.120100000000001 10.779515042399519 2.7500000000000004 -0.33613446382968498 3.2913571265081916 0.013559477845192134 2.8012934600967694 3.5000000000000004 11.138852033981147 3.9818621596694146 0.72490333079530023 27.450000000000003 -0.012467435724120233 2.9313667666863163 0.29819112999891034 0.71425807645117156 0.40850000000000003 13.050000000000002 0.089481077612341767 0.75356439134673237
decision_type=2 2 2 2 2 2 2 2 2 2 2 2 2 2 2 2 2 2 2 2 2 2 2 2 2 2 2 2 2 2
left_child=1 2 3 4 -1 -6 -7 -3 9 -2 16 14 -13 -4 -12 -16 17 22 19 21 -21 -19 -9 24 26 -26 -24 -25 -29 -30
right_child=8 7 13 -5 5 6 -8 10 -10 -11 11 12 -14 -15 15 -17 -18 18 -20 20 -22 -23 23 27 25 -27 -28 28 29 -31
leaf_value=-0.011341864515454743 0.010986669801473763 -0.011743983705608677 0.00017242476159610225 -0.02428041934593364 -0.02057325873814491 0.033255674632881801 -0.013565755119902137 0.00090740904702186771 -0.0093749506171244106 -0.016837119542473102 -0.0028525242709481063 -0.0075690571015917633 0.021522169230249719 -0.022027837430955551 -0.0071181633059928234 0.0019701102018015748 0.0031419607441167054 -0.026502491146412337 0.036866714224039115 0.0071334912999656587 -0.015482437137121791 0.010840902357409912 0.0095301030974906838 -0.0034565552310044071 0.039987059207508502 -0.011786771018185746 -0.020014977442367514 0.0011513907307584706 -0.011351392729020067 0.020907389260580053
leaf_weight=3.9818072840571395 20.355231520644569 23.315621373761132 6.9903418055610009 12.699326791898327 4.8999704796710857 21.09187175699299 2.5048055454753912 209.91485672852514 97.840536061285093 6.0769823818377509 27.259432542516379 9.7814916328072758 22.133776547446132 27.863916460778228 7.9732927709660535 47.706829937099428 12.241887490017687 41.211977657454554 8.1910766315413621 25.163252576836385 19.474096467369236 8.0275264041847532 52.961904811339309 250.25203009046822 8.0822570029440595 41.48816044871819 3.2662212478862775 69.662687902678044 41.619584509143351 6.7785937348096459
leaf_count=16 155 96 106 196 119 522 54 1580 766 15 226 175 56 291 39 219 50 126 36 101 65 34 637 2563 105 328 45 674 314 31
internal_value=-0.00112686 -0.000633732 -0.00612236 1.39165e-06 0.00618073 0.00995173 0.0148325 -0.00015652 -0.00510577 0.00355829 0.000113306 0.0043019 0.0124867 -0.0139685 0.00102567 0.00461706 -0.000489119 -0.000698727 -0.00483534 -0.00656178 -0.000976127 -0.0114663 -7.19858e-05 -0.00133904 0.00336621 -0.00223037 0.00831665 -0.00270345 0.00121098 -0.00477107
internal_weight=1140.81 1016.54 80.032 45.1778 32.4785 28.4966 23.5967 936.507 124.273 26.4322 913.191 114.855 31.9153 34.8543 82.9396 55.6801 798.336 786.094 102.068 93.8769 44.6373 49.2395 684.026 474.111 105.799 49.5704 56.2281 368.313 118.061 48.3982
internal_count=9740 8804 1304 907 711 695 576 7500 936 170 7404 715 231 397 484 258 6689 6639 362 326 166 160 6277 4697 1115 433 682 3582 1019 345
is_linear=0
shrinkage=0.0218826


Tree=70
num_leaves=31
num_cat=0
split_feature=7 151 99 92 206 41 222 8 115 85 159 96 196 203 41 73 193 54 82 122 104 204 162 108 41 34 95 94 96 137
split_gain=5.48243 4.99403 7.39317 5.78198 5.98897 8.85111 7.41331 5.94854 5.68607 5.19883 6.69689 9.52793 5.23472 5.15078 5.15051 7.98562 5.82963 7.19641 6.08293 6.13318 6.12798 5.26024 6.33584 5.73518 6.35388 7.34757 5.57804 5.34601 6.38002 7.09579
threshold=0.16610664754196156 1.0433835019102704 0.039624840568236799 10.657952116357299 8.3358290439542611 3.3993512088012756 5.2090266864608079 0.51518607442977193 0.28238960863110357 21.050000000000004 0.30556064676141703 0.22673539518900346 9.6568580284019454 5.2346558644358652 3.0463037572327516 32.800000000000004 18.761109468929572 9.1016936150393395 26.850000000000005 5.0000000000000009 7.7910836999123214 0.46947986676390013 -7.6380079996889512 63.987054612054621 3.5242994516090138 0.27932733902743478 0.3165900145614971 0.28665580890336601 0.19202649006622521 1.4267172733629747
decision_type=2 2 2 2 2 2 2 2 2 2 2 2 2 2 2 2 2 2 2 2 2 2 2 2 2 2 2 2 2 2
left_child=1 9 3 4 6 -6 7 -3 -9 10 11 12 -1 -4 15 -11 17 18 -17 -20 -21 23 -23 27 26 -26 -25 28 -16 -30
right_child=-2 2 13 -5 5 -7 -8 8 -10 14 -12 -13 -14 -15 21 16 -18 -19 19 20 -22 22 -24 24 25 -27 -28 -29 29 -31
leaf_value=-3.3914776302287658e-05 0.012992991639359202 0.020523822890065584 0.019939925027644849 0.032913319369928543 0.0003399320554483294 -0.023954967795007377 0.02105120717555501 -0.022823820902855247 0.011541326015373035 -0.01591371374897918 -0.0090744975803292664 -0.023741335982228055 0.019567658077535823 -0.015253740697898257 0.020242106803790263 -0.018049215414458974 0.01562159687405555 -0.01366960045574216 0.003571540978965513 -0.027868829993324174 -0.00027840962975309177 0.009930955629982266 0.00012415232965366923 -0.024820989292256498 0.00040633449120931747 -0.027146842171276553 0.020337354491782825 0.0012321391733172715 -0.0047139072952206013 0.0025281044802021478
leaf_weight=29.553865699270318 17.235532146660034 7.5043037567888886 5.1876488089169497 17.75103624915846 32.932994980037847 23.846999313247125 18.736862863358965 10.619930167065833 10.545908004690771 12.547676717492548 116.01664343708944 16.485078811277845 23.577218533044061 25.443523425634794 16.960792586928164 15.158309331557346 21.116952311899468 34.652927398644124 53.346669546153407 15.581128705234731 57.573958199762274 38.202033378061969 246.15140151734181 50.948488876839974 35.892487442391939 10.964342681037577 3.5402713123608001 41.28198781626611 124.17957128074954 7.2748032977510766
leaf_count=217 111 40 78 73 279 122 131 151 95 66 1032 163 213 192 138 239 251 694 1241 47 191 130 1640 522 290 78 71 356 837 52
internal_value=-0.000939487 -0.00113337 0.00252975 0.00495814 0.00289267 -0.00185444 0.00857911 0.00133862 -0.00455129 -0.00171376 -0.00500304 0.000322892 0.00489335 -0.00691798 -0.000928018 -0.00385495 -0.0027172 -0.00403677 -0.00179345 -0.000161351 -0.00428085 0.000138578 0.00225714 -0.00192115 -0.00610307 -0.00010544 -0.0111279 0.000313011 -0.00161401 -0.00327779
internal_weight=1140.81 1123.58 152.569 121.938 104.187 56.78 47.407 28.6701 21.1658 971.007 185.633 69.6162 53.1311 30.6312 785.374 209.978 197.43 176.313 141.66 126.502 73.1551 575.396 284.353 291.043 101.346 46.8568 54.4888 189.697 148.415 131.454
internal_count=9740 9629 1161 891 818 401 417 286 246 8468 1625 593 430 270 6843 2729 2663 2412 1718 1479 238 4114 1770 2344 961 368 593 1383 1027 889
is_linear=0
shrinkage=0.0218826


Tree=71
num_leaves=31
num_cat=0
split_feature=85 35 99 36 77 2 120 72 29 27 99 120 219 21 78 219 97 51 133 35 89 195 144 111 78 45 74 105 136 85
split_gain=6.52018 6.28191 6.83846 6.01104 6.17178 5.9409 5.92309 5.80115 5.79208 7.45117 7.08971 8.80662 7.79021 5.81131 7.17773 5.48836 5.38159 6.9069 5.30558 5.83953 5.12833 5.1562 5.07568 5.14129 5.05252 4.941 5.645 4.87341 4.82816 5.75528
threshold=21.450000000000003 0.086931686090755536 0.043073050591847593 0.37425195358974161 16.600000000000005 0.14415271034400559 0.70817482244369556 31.900000000000002 0.095471701909995793 0.29525714279275495 0.025289592557806703 0.74740120247064079 0.0046194110959492255 6.8979439076422056 5.3500000000000005 -0.038082668984301023 0.25885338907136463 0.2478977272727273 -0.023546903944324803 0.10756117714310026 -0.5018897627566189 67.358701249619443 4.6274972014270324 8.5000000000000018 9.1500000000000004 0.40673664307580004 0.36550000000000005 0.58434959349593507 -1.330026833045012 20.950000000000003
decision_type=2 2 2 2 2 2 2 2 2 2 2 2 2 2 2 2 2 2 2 2 2 2 2 2 2 2 2 2 2 2
left_child=5 2 6 4 16 7 -2 20 9 -5 -10 12 13 14 -12 -9 17 18 -3 24 -1 -22 -8 -24 -20 26 -6 -16 29 -7
right_child=1 3 -4 8 25 28 22 15 10 -11 11 -13 -14 -15 27 -17 -18 -19 19 -21 21 -23 23 -25 -26 -27 -28 -29 -30 -31
leaf_value=-0.01412074108514496 0.0034681709515680019 0.020174092646907862 -0.013962395723841406 0.00028707676432332212 0.013023704389157181 0.0096944504823637846 -0.0089513338191633228 0.017583573168393908 -0.014417869584989824 -0.013370473399885563 -0.015237721012163434 0.018419470698515163 -0.016518020365578714 -0.019613096688205219 0.0054788396524065447 -0.011481814899918428 0.01063710220370062 0.017343189335964224 0.014181649626607572 0.047028648075374713 0.020289546186377294 -0.0017042497780824098 -0.001457974155739807 0.007994032714216736 -0.012646974575946544 -0.017669415201440587 -0.011119512284268305 -0.031386304910865921 -0.0057885530941358268 -0.027307063250012736
leaf_weight=9.7290986660962044 32.082751775187035 4.5512573392468303 24.732679196042454 404.44624132343961 14.048647462877858 12.211924681759685 83.423087565931155 5.8055757256906899 43.184771760563081 30.910416075797229 7.6705728475353672 18.802131994872298 32.094331593473271 8.8470405429179646 34.010330954055462 18.77168316476218 51.108690380301596 13.160906365482331 5.5392510533060912 6.3621998889336728 26.884962225771687 13.25715257364004 4.4633599420139971 19.00731051053026 20.660385263082617 6.9582823893208561 6.2433270270303174 4.8993821590556754 169.17453067141241 7.7690654765842728
leaf_count=69 443 74 262 3230 73 160 1050 18 354 295 24 121 218 59 298 252 476 101 48 60 126 89 23 104 210 48 14 23 1377 41
internal_value=-0.000863748 4.06411e-05 -0.00381082 0.00093199 0.00519915 -0.00387608 -0.00186101 0.00131646 -7.03894e-06 0.00126429 -0.00371672 -0.000623974 -0.00359185 0.001346 0.00452993 -0.00718562 0.00768241 0.00245788 -0.00235792 -0.00562781 0.0056153 0.00908424 -0.00435072 0.00444755 -0.0102386 -0.00388413 0.00159447 0.0084136 -0.00593309 0.00401266
internal_weight=1140.81 877.207 163.709 713.498 128.633 263.604 138.977 74.4485 584.865 435.357 149.509 106.324 87.5217 55.4273 46.5803 24.5773 101.383 50.274 37.1131 32.5618 49.8712 40.1421 106.894 23.4707 26.1996 27.2503 20.292 38.9097 189.156 19.981
internal_count=9740 7608 1882 5726 1104 2132 1620 554 4622 3525 1097 743 622 404 345 270 969 493 392 318 284 215 1177 127 258 135 87 321 1578 201
is_linear=0
shrinkage=0.0218826


Tree=72
num_leaves=31
num_cat=0
split_feature=85 99 151 21 49 16 50 7 53 79 83 87 206 93 99 181 80 144 41 37 131 181 95 106 41 67 123 44 65 146
split_gain=6.04188 5.43997 7.48524 6.23268 6.63545 8.02215 7.33243 6.94 5.67655 6.79967 6.7997 7.14786 6.53391 5.57372 5.56856 5.92678 5.47309 5.31902 6.04852 5.51579 5.35484 5.08994 4.96184 7.54455 5.65491 5.96969 5.24919 4.97358 7.56997 5.48757
threshold=21.450000000000003 0.043517714826797137 -1.1294270036145282 3.3771267756633616 11.750000000000002 2.5000000000000004 5.2500000000000009 0.13628104804149385 0.34629551542260145 51.050000000000004 79.750000000000014 0.48603133943044691 10.68325264171362 3.715404275409488 0.040331141702623113 0.69249654704216124 39.95000000000001 5.1891047936422909 3.6664521122540701 0.38675213675213682 0.43354499750058584 0.71073588550077593 0.21728071876413937 5.5723701204168279 3.4797896485091697 26.050000000000004 4.0000000000000009 -0.13917310096006566 10.750000000000002 0.19631320421085785
decision_type=2 2 2 2 2 2 2 2 2 2 2 2 2 2 2 2 2 2 2 2 2 2 2 2 2 2 2 2 2 2
left_child=22 3 -3 -2 6 -6 8 14 12 10 -10 16 -5 -13 15 -7 21 19 -19 20 -18 -12 23 24 26 -26 -1 -24 29 -29
right_child=1 2 -4 4 5 7 -8 -9 9 -11 11 13 -14 -15 -16 -17 17 18 -20 -21 -22 -23 27 -25 25 -27 -28 28 -30 -31
leaf_value=0.012199882754278069 -0.00054001320135849682 0.00097541745493182497 -0.0044751884516701507 0.016431740949587884 0.021748706493020183 0.0006488398385094006 0.0065512010956785636 0.031695286181827133 0.0085632684462960563 0.013639524025488738 0.041810418828235281 -0.011685252892340793 -0.014128742377925739 0.024263998192499362 0.0033922781872323688 -0.019088858781493925 -0.010876187910383094 -0.015046769639664408 0.0031803582925987411 0.00023666047319248994 0.0015155644272931391 -0.00066720419130888466 -0.0019354198902581832 -0.017510287127206398 -0.0078393801881877882 0.025364336512983841 -0.00062618200684872154 0.01759546810892286 -0.018442722734266472 -0.028972648622513555
leaf_weight=33.207096192403696 303.14927724146264 15.361598810576877 101.76065278128431 38.509926886282528 12.412453070711761 13.240427550393404 38.482860885348146 8.1865336421860757 29.368308638170902 22.281233459675832 9.3161670620870591 9.2234769290662353 7.8685475761374155 30.36186949751891 9.3909167211234017 60.979129632972445 36.077721286942051 24.04882794944297 7.7735637441655845 63.704953913902045 10.109135216556295 25.599772914990126 80.481879646294828 28.385230056164346 30.2388359812212 9.0939927423066802 25.944572159685094 7.9837307435568645 38.852945564997526 9.4157100990869349
leaf_count=123 2993 84 899 348 45 40 84 20 364 264 104 84 68 420 25 221 417 91 25 518 223 271 610 182 186 32 464 18 488 29
internal_value=-0.000925532 -4.78925e-05 -0.00442441 0.000626355 0.00224184 -0.00257765 0.00367713 -0.0048605 0.0025431 0.00129269 0.000211779 -0.00112929 0.00955412 0.00716185 -0.00679526 -0.00882769 -0.003029 -0.00494831 -0.01274 -0.00258782 -0.00828813 0.00460991 -0.00382531 -0.000672302 0.00218129 -0.00415076 0.0064429 -0.00670721 -0.011678 0.000171335
internal_weight=1140.81 877.207 117.122 760.085 456.936 104.209 352.726 91.797 314.244 267.865 245.584 216.215 46.3785 39.5853 83.6105 74.2196 176.63 141.714 31.8224 109.892 46.1869 34.9159 263.604 126.87 98.4845 39.3328 59.1517 136.734 56.2524 17.3994
internal_count=9740 7608 983 6625 3632 351 3281 306 3197 2781 2517 2153 416 504 286 261 1649 1274 116 1158 640 375 2132 987 805 218 587 1145 535 47
is_linear=0
shrinkage=0.0218826


Tree=73
num_leaves=31
num_cat=0
split_feature=64 221 36 133 133 19 1 90 87 41 67 218 58 50 135 70 82 118 120 35 123 43 96 105 121 50 40 121 80 220
split_gain=5.70664 5.90348 6.70864 6.30901 5.76956 6.52462 5.94993 5.72033 6.06314 5.18532 6.62227 5.16402 5.05136 5.62629 4.89919 5.04548 7.36512 5.58011 4.79988 4.63686 4.5901 7.13708 6.30446 5.34952 5.23482 5.50228 4.57502 4.49917 4.46302 6.78201
threshold=20.350000000000005 -0.0031582281910525908 0.5527392452600739 -0.012468634659211426 -0.015028507348750718 5.5000000000000009 6.7330000000000014 7.5000000000000009 0.46755813662105955 2.7012443658751679 15.600000000000003 -0.07182966428724645 69.025795772854607 4.2500000000000009 0.032953010702919512 29.450000000000003 31.950000000000003 24.100000000000005 0.74085182590383181 0.10069539706748638 4.0000000000000009 4.9500000000000011 0.21091092687074833 0.37431318681318687 0.72779722406016278 1.2500000000000002 9.3678886081123114 0.71823386278410861 44.750000000000007 0.01396311872231182
decision_type=2 2 2 2 2 2 2 2 2 2 2 2 2 2 2 2 2 2 2 2 2 2 2 2 2 2 2 2 2 2
left_child=9 3 4 18 5 -3 26 8 -5 10 -1 -11 20 -14 15 -12 17 -17 -2 -7 21 22 -13 -24 28 -26 -6 -4 -23 -30
right_child=1 2 27 7 6 19 -8 -9 -10 11 14 12 13 -15 -16 16 -18 -19 -20 -21 -22 24 23 -25 25 -27 -28 -29 29 -31
leaf_value=0.0096660361181626978 0.012589393147521187 -0.017470148596839846 0.00021355830256377805 -0.010680470595410262 0.017210432672892264 -0.0064453955258904887 -0.026345101571736505 -0.014020672316484895 0.0076757444818439944 -0.016560097328026546 -0.017149351252230178 -0.011968314755496997 -0.02604154226667835 0.00035574180814213028 0.031983271262742405 -0.019388635363292567 0.04136854360164597 0.021510591974362021 -0.0011503719713483347 0.015694958336556326 -0.0005963324488997135 -0.0019916756920883901 -0.019608923680655744 0.013180322087185654 -0.0033063290581902931 0.019881863763990884 -0.014090551500294164 -0.017272675416065926 0.0053512149086555822 -0.0027061626972378836
leaf_weight=6.4493900672473492 35.226228153440388 13.86504581875033 5.6058754499911201 22.485523812291149 77.962108402080958 8.6924227293284293 5.7968968474440308 27.35500858436626 30.571779717545269 18.392454628660744 31.721836879232569 18.819860947958659 14.96096687157524 6.4390511045767189 2.7746720985242055 21.456209180538739 8.0163461772108331 3.9521933757257548 7.9777745459621192 16.288375698047957 586.95085926196111 50.621869578317273 5.3140155753353602 8.8375599118298833 7.7938703120453274 39.565083384164609 7.6003115026387595 13.451833846993393 20.541920382645912 15.324003750283735
leaf_count=80 239 110 57 157 620 121 24 129 294 79 331 67 150 23 94 504 79 195 46 112 5582 142 20 34 59 92 65 101 85 49
internal_value=-0.00126837 0.00148195 0.0044072 -0.00203083 0.00619772 -0.000786616 0.00918221 -0.00565268 -0.00133526 -0.00213723 -0.00764353 -0.00161007 -0.00132649 -0.0116289 -0.00970215 -0.0109921 -0.0047537 -0.0105443 0.00461964 0.00577581 -0.00101781 0.00216935 -0.00680399 0.00395792 0.00443032 0.010222 0.0106695 -0.00742516 0.00115838 0.00700754
internal_weight=1140.81 272.879 149.263 123.616 130.205 38.8458 91.3593 80.4123 53.0573 867.932 74.3706 793.562 775.169 21.4 67.9213 65.1466 33.4247 25.4084 43.204 24.9808 753.769 166.818 32.9714 14.1516 133.847 47.359 85.5624 19.0577 86.4878 35.8659
internal_count=9740 2075 1210 865 1052 343 709 580 451 7665 1283 6382 6303 173 1203 1109 778 699 285 233 6130 548 121 54 427 151 685 158 276 134
is_linear=0
shrinkage=0.0218826


Tree=74
num_leaves=31
num_cat=0
split_feature=85 122 105 11 30 10 74 38 89 50 106 45 23 103 5 159 136 91 78 80 204 105 22 105 207 218 58 63 143 89
split_gain=5.10123 6.88237 7.63495 5.90016 6.24488 5.77801 5.76391 5.41944 5.34653 5.05309 5.02206 5.30254 5.51964 6.54678 7.18293 5.02502 4.95725 5.88174 7.29588 5.91832 6.89485 5.42668 5.40431 6.23971 5.39409 4.9121 4.623 4.54057 4.38397 5.48299
threshold=21.550000000000004 4.0000000000000009 0.38047619047619052 3.9991841108484678 0.2576487585247943 6.2605117316873438 0.36550000000000005 0.97350000000000014 1.5225395310570422 4.7500000000000009 1.0283690026494969 -0.93038214053199442 9.872172506743242 3.9780080568240974 1.1364749081535719 0.48218343076603137 -1.1237673813811406 4.3181240121054305 5.5500000000000007 45.45000000000001 0.44683674849529997 0.44208407871198574 2.6262262250341331 0.53378995433789966 2.0660729985330373 0.048426915814050876 20.508199686519003 21.100000000000005 0.81128027146626835 0.66998534709665603
decision_type=2 2 2 2 2 2 2 2 2 2 2 2 2 2 2 2 2 2 2 2 2 2 2 2 2 2 2 2 2 2
left_child=1 2 7 4 -4 6 -2 -1 10 -10 -7 12 13 14 15 -12 17 19 -19 20 -13 -20 23 24 -18 26 -3 -23 -24 -30
right_child=5 25 3 -5 -6 8 -8 -9 9 -11 11 16 -14 -15 -16 -17 22 18 21 -21 -22 27 28 -25 -26 -27 -28 -29 29 -31
leaf_value=0.00034086201979507524 0.013524796907893136 -8.0746554709292405e-05 -0.0064362188587288116 0.013195283433059415 0.019840489866920281 0.0015842222733591321 -0.0012722484523111375 -0.0080689502994184606 0.033726672487537836 -0.016121246047460368 -0.0079509252581740839 -0.033083860273005965 -0.016667493202838744 0.0043409045811385874 -0.012647910561354499 0.019910903573159972 0.012447632491414885 -0.025146153541938752 0.037033422735833488 -0.0085856230869383737 0.014706145639354509 -0.00064690480605518734 -0.00010949051824749884 -0.003169716628097135 -0.0051639458926466498 0.019838468846473542 -0.015141003010508329 0.045676377567953681 -0.013172497421317063 0.035127449094544794
leaf_weight=13.81576224270975 16.96605395493771 37.6803884666881 13.885605935298374 50.676695749512874 6.2567965623456976 79.990385238295175 14.074021184033198 39.549834744306281 10.325859508924394 3.7228701781714326 3.2845946493603133 7.8729482933306398 35.940153448822457 17.735522674097865 26.001707446617502 6.4000253909721323 94.246980383134769 4.9340226402050602 12.868464280977152 46.933085674361109 23.104955575660824 4.4414775037575955 373.33586323313693 25.136951401520037 6.59871258676253 4.6886223039750794 103.97006472448857 3.1470765721196585 46.732581825448506 6.4932642227424813
leaf_count=42 322 384 51 182 22 530 137 123 98 10 51 91 357 138 307 72 878 16 163 320 175 21 3350 133 38 78 1312 28 267 44
internal_value=-0.00122937 -0.00385058 -3.15037e-05 0.00463223 -0.00514778 -0.000408213 0.00873421 -0.00625492 -0.000758082 0.0122411 -0.000994842 -0.00155826 -0.00653983 -0.00194885 -0.00734908 0.00807346 -0.000867589 -0.00524809 0.00372755 -0.00822097 -0.000648824 0.00963116 -3.65708e-05 0.00392521 0.00636458 -0.00705247 -0.00781745 -0.00446665 -0.00121912 -0.0070485
internal_weight=1140.81 270.524 124.185 70.8191 20.1424 870.288 31.0401 53.3656 839.248 14.0487 825.199 745.208 89.362 53.4219 35.6863 9.68462 655.846 103.302 25.391 77.911 30.9779 20.457 552.544 125.983 100.846 146.339 141.65 7.58855 426.562 53.2258
internal_count=9740 2194 420 255 73 7546 459 165 7087 108 6979 6449 925 568 430 123 5524 814 228 586 266 212 4710 1049 916 1774 1696 49 3661 311
is_linear=0
shrinkage=0.0218826


Tree=75
num_leaves=31
num_cat=0
split_feature=207 50 98 79 31 52 16 1 17 119 68 45 218 113 112 53 63 131 93 137 26 203 100 81 176 54 84 94 4 192
split_gain=5.73114 8.32693 7.11115 6.07616 6.6895 5.27578 4.83026 4.56955 5.24936 5.05878 4.95751 4.80875 4.52369 8.03026 7.07379 4.48658 4.42326 5.14904 5.08834 8.19101 7.32511 6.3663 6.07171 6.0536 6.41406 6.00143 5.50683 6.55165 6.34256 5.66761
threshold=-0.42736115566885585 6.7500000000000009 0.044667797286512378 33.050000000000004 1.2500000000000002 0.15650757575757579 5.5000000000000009 3.7633333333333341 3.5000000000000004 22.788888888888895 2.3000000000000003 0.21643137258081221 0.023593942556072337 28.500000000000004 7.8333333333333348 0.45474940625068999 10.700000000000001 0.35631014723779025 3.942569704979122 -0.46112562572139199 3.8171500470515918 5.1893945068833229 0.061470985155195688 0.62100000000000011 0.034563444940803441 8.7272683355292084 59.250000000000007 0.30093318239869971 3.0840758375154893 8.7124302369501745
decision_type=2 2 2 2 2 2 2 2 2 2 2 2 2 2 2 2 2 2 2 2 2 2 2 2 2 2 2 2 2 2
left_child=1 2 12 4 -2 6 15 11 9 -9 16 -5 13 -1 -15 -4 17 -10 22 23 -21 25 26 -20 -25 -22 27 -18 29 -28
right_child=3 -3 5 7 -6 -7 -8 8 10 -11 -12 -13 -14 14 -16 -17 18 -19 19 20 21 -23 -24 24 -26 -27 28 -29 -30 -31
leaf_value=-0.014671527394550091 0.010418923159489465 -0.021619193998819175 0.015908296815615518 0.012464631118214876 -0.0056722755702341005 0.016826363868182634 -0.014371131438189945 -0.0080066262088890408 0.0001526697440068462 0.00031993481525849604 0.022028776685316883 -0.00081874926615757451 0.00052887450682132442 0.024010729156100325 -0.020118814789313655 -0.0061937893534649933 0.00028491512807933789 -0.010857264072221201 0.0031758997292672861 0.024591209892121622 0.015386847217227542 -0.016565585616544441 0.0041194044307942563 -0.0049258280899778396 0.013228838537111565 -0.0002231365476604007 0.0074731118883178006 -0.0080113001496564442 -0.0062541668250165917 -0.0077763182437816632
leaf_weight=77.154281042646289 49.951497601118035 26.005731774293963 9.5523362678789017 12.044483598001081 43.367666331784221 23.808851120991221 16.708237910993375 31.350061409856835 4.9754138775908805 15.91166312288078 8.9757501133717579 4.2205723695715269 36.077867529422747 12.096864692681267 5.6162939255523261 4.0180933843153062 219.83222962973286 33.973738281996702 10.62776058577583 31.616103808167736 33.242958610455162 12.544867773532131 41.679114214179663 23.841166977296101 4.6378021246064227 44.240886479914025 35.798416251140907 70.038684387292278 183.51324287081025 13.38871052886361
leaf_count=694 302 58 71 60 184 147 94 287 28 147 57 36 287 93 44 25 2248 326 162 269 229 104 435 165 18 345 311 788 1524 202
internal_value=-0.0013577 -0.00460835 -0.00292224 -0.000613186 0.00465231 0.00368011 -0.00229599 -0.00120825 -0.00144345 -0.00847011 -0.00100143 0.0099796 -0.00567881 -0.00817235 0.00482214 0.00704461 -0.00120215 -0.0083187 -0.000806757 0.00261138 0.00541984 0.00214645 -0.0017884 -0.00597983 -0.0112026 0.00453946 -0.00243621 -0.000408703 -0.00493843 0.00196571
internal_weight=1140.81 211.039 185.033 929.773 93.3192 54.0875 30.2787 836.454 820.189 47.2617 772.927 16.2651 130.945 94.8674 17.7132 13.5704 763.951 38.9492 725.002 160.752 121.645 90.0287 564.25 39.1067 28.479 77.4838 522.571 289.871 232.7 49.1871
internal_count=9740 1513 1455 8227 486 337 190 7741 7645 434 7211 96 1118 831 137 96 7154 354 6800 1292 947 678 5508 345 183 574 5073 3036 2037 513
is_linear=0
shrinkage=0.0218826


Tree=76
num_leaves=31
num_cat=0
split_feature=123 105 51 57 220 195 49 85 196 119 110 27 54 106 138 35 140 44 221 101 146 62 208 49 219 101 221 134 107 155
split_gain=4.77037 6.54736 7.05129 6.99349 5.11911 8.58439 5.05683 7.50039 7.29356 6.28429 5.80944 6.70843 6.02687 6.90998 6.71349 5.37384 5.34417 5.24051 6.49123 7.54457 6.40151 5.15041 5.12041 5.12675 7.28666 6.12477 5.93135 5.62046 6.45733 5.47428
threshold=4.0000000000000009 0.38047619047619052 0.25054526748971201 26.294816639553801 -0.014517073787419411 61.671511620595318 10.250000000000002 28.150000000000002 9.4851212949298596 19.211111111111112 0.29519444636664771 0.22325860568777192 7.4493640707477553 0.83083411433926913 -0.9596247654784239 0.086931686090755536 0.3000000000000001 -0.86159635224327535 0.015759134185468992 0.057350944972329544 0.25755778980898847 24.000000000000004 7.9454406308092436 8.7500000000000018 0.01508153124711731 0.016238189408921123 0.020103075652236974 0.27696004229284693 11.371414317784986 2.2087407913983905
decision_type=2 2 2 2 2 2 2 2 2 2 2 2 2 2 2 2 2 2 2 2 2 2 2 2 2 2 2 2 2 2
left_child=1 2 3 -1 5 -3 7 15 16 -8 12 -12 14 -14 -11 -2 -9 21 19 20 -19 -13 23 26 27 -26 29 -25 -29 -17
right_child=6 4 -4 -5 -6 -7 9 8 -10 10 11 17 13 -15 -16 22 -18 18 -20 -21 -22 -23 -24 24 25 -27 -28 28 -30 -31
leaf_value=-0.0027419363336662981 -0.0076695181139951702 -0.014636734201926283 -0.011743943092913729 0.016458158469571518 0.0014325547193188163 0.015265023691376911 0.013387406470304401 -0.01483719671793216 0.012586050819432103 0.00070923892787615585 0.015253942134013028 -0.018178219030725081 0.029368862645675328 -0.006126751078075773 -0.018486539355160411 -0.00022274372213745212 0.010306784360802507 -0.00019281542962303364 0.030149784108052875 0.0023202746190493255 -0.022283575888869863 0.022152488109374504 -0.018144706389355666 0.00093174920360629518 0.009860500058430987 -0.011424438701120686 0.0040292609534295981 0.019777380553597502 -0.0056013380717488881 -0.0096058649694776999
leaf_weight=27.845768269558903 79.800660454369563 18.225285886437636 32.305544226022903 18.807949680660386 107.53948189766379 6.6558853843598618 9.737614593872193 30.782015722830465 79.510204790162788 9.5709806257805194 19.364658815080475 20.137617772516936 9.9820103324605025 166.40189696494031 51.408678109539096 88.678678663188748 30.27518183025677 29.453365796462094 16.562684208716746 7.5069521846667149 19.00865173205375 6.0422660019571586 19.949091271983434 74.014987711246022 5.9802626738469398 24.473846952137137 34.845881037089839 28.380628949730408 4.3674572786585477 63.195158778463565
leaf_count=84 1463 57 97 58 354 25 44 530 809 44 117 96 42 723 221 1286 174 209 77 36 100 24 303 722 33 228 452 282 24 1026
internal_value=-0.00127397 0.00168067 -0.00326305 0.00212871 0.00465375 -0.00411365 -0.00195016 -0.000643186 0.00371556 -0.00395529 -0.00444683 -0.000446516 -0.00641549 -0.00430316 -0.0123397 -0.00210092 -0.00192118 -0.00280083 0.000217617 -0.00332308 -0.00657881 -0.0110365 -0.000896321 -0.000210944 0.00298007 -0.00629981 -0.00257528 0.00568335 0.013138 -0.00445383
internal_weight=1140.81 211.38 78.9593 46.6537 132.421 24.8812 929.431 564.254 140.567 365.177 355.44 118.076 237.364 176.384 60.9797 423.687 61.0572 98.7115 72.5317 55.969 48.462 26.1799 343.886 323.937 137.217 30.4541 186.72 106.763 32.7481 151.874
internal_count=9740 675 239 142 436 82 9065 7332 1513 1733 1689 659 1030 765 265 5819 704 542 422 345 309 120 4356 4053 1289 261 2764 1028 306 2312
is_linear=0
shrinkage=0.0218826


Tree=77
num_leaves=31
num_cat=0
split_feature=39 145 176 101 43 68 219 57 118 21 159 57 4 113 73 220 144 22 82 196 204 111 52 132 104 163 136 120 216 69
split_gain=6.85894 5.82867 5.6718 6.58851 6.26226 8.81115 7.70949 6.69607 6.81813 7.76091 6.70051 6.62423 6.19338 6.17006 7.84262 6.03517 7.56053 5.79382 5.44726 6.67311 7.56433 5.78276 5.47041 7.6805 5.66782 5.44138 5.26157 6.69849 5.17516 5.04915
threshold=1.0980000000000003 2.9930879720247723 -0.033755177053534695 0.050337088819510441 7.9500000000000011 0.15000000000000005 -0.019590606056365891 23.440042140069121 23.366666666666671 7.7773600975626485 0.63179026089554335 62.799051088325243 2.5618043748431938 25.500000000000004 38.150000000000013 0.012726087540907437 3.0073272854152133 1.7991159041332419 29.850000000000005 12.59231338008153 0.47980229554679465 19.500000000000004 0.14857864357864362 0.049425085076649618 8.2429461108286741 64.021119548645004 0.94878752111350695 0.7386932337270693 -4.4703435077383125 7.9000000000000012
decision_type=2 2 2 2 2 2 2 2 2 2 2 2 2 2 2 2 2 2 2 2 2 2 2 2 2 2 2 2 2 2
left_child=1 2 3 13 7 6 -6 8 9 -4 11 17 -10 15 -15 -1 -17 -9 19 20 29 22 -20 -24 -25 -19 -2 -28 -7 -8
right_child=26 -3 4 -5 5 28 18 10 12 -11 -12 -13 -14 14 -16 16 -18 25 21 -21 -22 -23 23 24 -26 -27 27 -29 -30 -31
leaf_value=-0.009395663207064895 0.00031525484947856339 0.0032769968199313267 0.00022987240662017793 -0.021014558947997027 0.00063872811013228196 0.019344599095448296 0.00020434271080160704 0.008447145450112761 0.019995512110752765 -0.016932873899435187 -0.015986245452456214 -0.0077297797715681167 -0.01775493005706328 -0.01569560956394974 0.0090134932588826384 -0.01086317369267744 0.0016445024390996427 -0.00014028059677860942 0.00049991556231772588 0.0025461411905466167 9.5393708101054042e-05 0.026355030603828093 0.003559852758233794 -0.00020724883093539028 -0.013064710595072996 0.02183005156060103 0.012737861188230504 -0.020076078602189299 0.0001983397806339723 -0.013834687954284582
leaf_weight=64.308980421459637 117.44586668696093 16.162711453143856 51.281672315424885 16.786357983554808 68.959686077514107 38.484629137773254 5.263813228174512 19.203152288025876 5.4014381794522697 10.530031895491673 45.642277616777164 14.828182127468152 66.531693012829464 8.1165955334399751 31.785884694600099 11.383733075237616 11.83155858968439 208.17791399929411 44.21931941598632 5.6885709951577601 27.976714192869849 19.315252251992888 13.183298976743115 13.437382421625896 27.854569541045294 17.651357015726717 21.038533388215459 2.728937347857026 86.575946700652139 49.015288032534954
leaf_count=369 1050 51 610 75 377 132 30 170 157 74 374 117 878 20 173 56 36 1921 274 110 418 90 60 39 129 190 208 34 653 865
internal_value=-0.00103076 -0.00167106 -0.00189172 -0.00589419 -0.00119525 0.000778954 -0.00140374 -0.00299815 -0.00707111 -0.00164537 -0.00119104 0.000164984 -0.011621 -0.00410023 0.00293561 -0.00734065 0.00206191 0.00105452 -0.00353127 -0.00762933 -0.00926544 -0.000420159 -0.0026059 -0.00721863 -0.0118366 4.06471e-05 0.00346365 0.012693 0.00558012 -0.0139718
internal_weight=1140.81 999.598 983.435 144.213 839.222 399.974 274.914 439.248 133.745 61.8117 305.503 259.861 71.9331 127.427 39.9025 87.5243 23.2153 245.032 205.954 87.9444 82.2558 118.01 98.6946 54.4753 41.292 225.829 141.213 23.7675 125.061 54.2791
internal_count=9740 8448 8397 729 7668 3177 2392 4491 1719 684 2772 2398 1035 654 193 461 92 2281 2015 1423 1313 592 502 228 168 2111 1292 242 785 895
is_linear=0
shrinkage=0.0218826


Tree=78
num_leaves=31
num_cat=0
split_feature=63 144 89 145 101 11 163 118 43 147 51 53 34 73 144 6 207 32 111 50 210 26 131 84 147 7 12 121 192 11
split_gain=4.52155 6.77112 6.79446 7.74524 7.72064 6.45892 8.42713 8.08386 6.36739 6.31135 6.22232 6.15882 5.94919 6.93308 5.70345 6.8055 5.63207 6.68897 6.27516 5.66737 6.72948 5.6103 9.02662 6.15065 5.26863 5.25385 6.17088 6.02513 5.12419 5.76906
threshold=27.750000000000004 3.0073272854152133 -0.38546255442059157 2.9930879720247723 0.044734428416576343 4.2594086447996391 -4.9071926649764199 18.366666666666671 6.3500000000000005 4.8065000000000007 0.26108585858585864 0.31794645311640929 0.22023222700014641 51.350000000000001 4.6868057366362459 3.1423809523809525 2.1512073727090226 0.098467685793652351 16.500000000000004 3.2500000000000004 7.3986684513365093 5.536065668843448 0.4248669663212436 53.45000000000001 11.198450000000003 0.061917711644891398 1.5389394546763044 0.71539317836643734 8.1938824545454576 5.0405372704563591
decision_type=2 2 2 2 2 2 2 2 2 2 2 2 2 2 2 2 2 2 2 2 2 2 2 2 2 2 2 2 2 2
left_child=1 5 3 11 -4 6 8 -7 -1 -2 -6 -3 -10 -14 15 -11 17 -9 19 20 25 22 23 -21 -24 -19 -27 -28 -17 -30
right_child=9 2 4 -5 10 7 -8 16 12 14 -12 -13 13 -15 -16 28 -18 18 -20 21 -22 -23 24 -25 -26 26 27 -29 29 -31
leaf_value=-0.011384991665174787 -0.0062375687437234871 0.01265947579117627 4.6003744458379877e-05 0.0013410634670494857 -0.017224664201997034 0.011881785758161061 -0.0079641619376949069 -0.022903545163265933 -0.011372951046243175 -0.0081354136656567773 0.00023078223878902695 -0.015650679052343536 0.018332027940813587 -0.0068593795233438566 0.012306294499304099 -0.0003949764617395013 -0.009232809411891231 -0.0037815131160943536 -0.0012892354370883906 -0.0053125210699761635 -0.02529657916913769 0.012255682783121325 -0.0079497507736492855 0.016076743961276067 0.012531584025646946 0.019741366841924957 -0.046338684943092394 0.00221947569807003 0.025561854704194375 -0.00044403299696644909
leaf_weight=29.485634576820758 21.707048976900296 6.2317440754486588 190.26670559705394 5.5187011931557199 32.577195165973535 14.075981877010689 132.14501189895873 13.531605479881817 16.022168169247379 49.227054675304316 12.118849021112508 87.647231499396185 51.131126242854407 11.850398704430289 43.652020736296436 48.546585614754804 22.173615306628108 20.766640835416183 90.211710068678485 9.6308073295979266 6.6820839846952813 41.075090246676382 21.737473961468599 25.252565107811961 8.4938650900232897 35.83746608968454 8.8481482635397679 33.986430576034763 39.221630087658241 11.15875814420019
leaf_count=402 329 25 916 12 165 108 1812 170 130 412 50 381 399 75 162 364 171 523 913 38 88 157 100 82 29 638 175 469 280 165
internal_value=-0.000677513 -0.00134072 -0.00382691 -0.00860792 -0.00176874 5.92922e-05 -0.00269366 0.00195031 0.00179786 0.00218254 -0.00986765 -0.0101373 0.00505046 0.0080861 0.00346815 0.00137316 0.0012429 0.00200681 0.00270083 0.00475435 0.00112795 0.00831363 0.00416573 0.0116577 -0.00445679 0.00264155 0.00524525 -0.000317844 0.00468696 0.00952011
internal_weight=1140.81 927.298 334.36 99.3977 234.963 592.938 240.634 352.303 108.489 213.513 44.696 93.879 79.0037 62.9815 191.806 148.154 338.228 316.054 302.522 212.311 106.121 106.19 65.1147 34.8834 30.2313 99.4387 78.672 42.8346 98.927 50.3804
internal_count=9740 8028 1549 418 1131 6479 2818 3661 1006 1712 215 406 604 474 1383 1221 3553 3382 3212 2299 1893 406 249 120 129 1805 1282 644 809 445
is_linear=0
shrinkage=0.0218826


Tree=79
num_leaves=31
num_cat=0
split_feature=35 217 220 88 154 131 51 108 98 45 155 147 223 10 108 99 221 71 89 75 31 131 143 181 135 19 152 219 138 99
split_gain=5.80657 5.56944 5.76066 5.66768 5.16876 5.40714 5.06158 6.20643 5.03229 5.41053 4.76637 8.16644 6.63471 6.94992 5.61549 5.57704 5.32899 5.20874 5.09193 5.91479 8.47469 6.89798 6.62396 6.53028 6.80293 6.2077 5.2595 5.72061 6.02051 7.80092
threshold=0.086931686090755536 0.014247429502445634 -0.015805466059612663 92.845843682736259 2.9068579951955722 0.49151819445054529 0.27280555555555563 60.602282173354503 0.058280732542670334 0.93663652364155514 2.1974945822743366 11.964150000000002 0.97958000000000012 10.418184127369715 72.742946708463975 0.037273891249863793 0.027405484401971523 15.300000000000002 -1.4737115942028962 -0.24999999999999997 0.8500000000000002 0.42632393897652682 0.20451362585418323 0.7346736714487776 -0.0041581051011602274 8.5000000000000018 -0.45873091045363351 0.05899384879999111 -1.0826503815808508 0.023831367409349064
decision_type=2 2 2 2 2 2 2 2 2 2 2 2 2 2 2 2 2 2 2 2 2 2 2 2 2 2 2 2 2 2
left_child=1 2 -1 -3 5 -5 10 -8 9 -4 12 14 18 15 -12 16 -14 -13 -2 20 -20 25 -23 26 -25 -22 -21 28 29 -28
right_child=6 3 8 4 -6 -7 7 -9 -10 -11 11 17 13 -15 -16 -17 -18 -19 19 23 21 22 -24 24 -26 -27 27 -29 -30 -31
leaf_value=0.00029566222226546258 -0.012769880445627055 -0.012946421160511173 -0.015499234714761567 0.0034258182238887133 -0.0053059531451701211 -0.029663713393147856 -0.010442369404239074 0.00013096817069502124 0.0048185299612739903 0.010919564790676767 -0.00066666965403038958 -0.004536694143657813 0.022731113628598688 -0.012456436079525013 0.0024070389014188452 8.6452484745737099e-05 -0.0018721737006492695 0.018895861225182727 -0.0072794163607136451 0.014658457557692475 0.019517852900417229 0.0013934648888630232 -0.013622942192671466 -0.0044683744850199675 0.0025045384748275546 -0.02808902932039457 -0.031547386417540013 0.026982246440591107 -0.0093682713364148604 0.0075381060390163788
leaf_weight=26.306910058677431 5.6986381060462454 24.688423899351392 87.735614105128207 53.485116629844242 5.2205205682200804 3.8087349334723504 44.800479880795592 51.882246544740383 3.7246160670192685 6.7003138864972689 313.4390508040226 9.5919117771400106 42.239447860654309 12.111261819751688 9.3713229088846202 25.780144384969844 5.3890300526211368 33.41085992846979 27.896890566514458 6.3305085714509906 52.534548150777709 39.86180068991689 7.5737053190739507 29.42291007752101 55.081581905438725 3.5838425438250843 8.2376389472544833 6.6314293538525808 118.7524510703845 19.519397184397349
leaf_count=366 59 345 896 592 48 41 307 458 51 79 2502 46 208 40 144 130 18 261 293 32 384 338 65 225 410 27 80 24 1093 178
internal_value=-0.000843457 -0.00410735 -0.00706371 0.000102937 0.00364418 0.00564275 -9.36487e-05 -0.00481423 -0.00948987 -0.0105191 0.00045498 -0.00140854 0.0019224 0.00740426 -0.00261312 0.0099491 0.0143358 0.00744505 0.000671207 0.00100947 0.00474072 0.00762757 0.00136623 -0.000997111 0.00388032 0.0127715 -0.00360759 -0.00445809 -0.00539821 0.00362058
internal_weight=1140.81 211.67 124.467 87.2028 62.5144 57.2939 929.141 96.6827 98.1605 94.4359 832.458 365.813 466.645 85.5199 322.81 73.4086 47.6285 43.0028 381.125 375.427 131.451 103.554 47.4355 243.976 84.5045 56.1184 159.471 153.141 146.509 27.757
internal_count=9740 2418 1392 1026 681 633 7322 765 1026 975 6557 2953 3604 396 2646 356 226 307 3208 3149 1107 814 403 2042 635 411 1407 1375 1351 258
is_linear=0
shrinkage=0.0218826


Tree=80
num_leaves=31
num_cat=0
split_feature=39 175 175 40 220 215 34 32 192 80 214 79 194 80 143 33 85 123 29 94 175 94 21 43 137 10 76 51 178 175
split_gain=5.3525 5.31459 6.01817 5.96856 5.41745 5.3026 7.56612 5.7075 6.56567 7.30499 7.12724 6.10653 5.71274 5.694 5.44073 5.01014 5.37085 7.24718 7.0514 6.98506 6.68902 6.09543 5.77903 6.70327 5.55237 5.28775 6.86632 5.45311 5.37089 5.12683
threshold=1.0980000000000003 0.27019066073807513 0.28659486361218756 9.1996780586785665 -0.021544475425844669 -100.29852113208945 0.28519985821051858 0.19300651222750406 9.3723085767513439 53.850000000000016 4.7500000000000009 29.100000000000005 1.0857355940846534 34.95000000000001 -1.4166996239428473 0.42275546251061386 21.450000000000003 5.0000000000000009 0.083637498711186767 0.22804607673028729 0.29546596619460946 0.22309224639901934 4.4302398807635628 8.8500000000000032 1.5491463646892749 6.1075004930256416 20.150000000000002 0.26170634920634922 0.0099539234414824946 0.30462370603742045
decision_type=2 2 2 2 2 2 2 2 2 2 2 2 2 2 2 2 2 2 2 2 2 2 2 2 2 2 2 2 2 2
left_child=5 3 -3 4 -2 6 14 15 9 10 11 -9 -12 -10 -1 16 20 19 22 21 -7 -18 23 -19 -20 27 28 -17 -27 -28
right_child=1 2 -4 -5 -6 7 -8 8 13 -11 12 -13 -14 -15 -16 25 17 18 24 -21 -22 -23 -24 -25 -26 26 29 -29 -30 -31
leaf_value=-0.011099945970242806 -0.024590999819232906 -0.0073495988683919822 0.00070818581654586625 -0.0026090099962071114 0.014593418736523893 -0.0019019008581142454 -0.0095766260340353643 -0.022635067797707603 0.066228489310315497 -0.01555473548190146 0.039840937411883902 0.012750893768649811 -0.024589803374983701 -0.018551104049544694 0.0004773337386526399 0.038786015269278211 -8.6493265807317177e-06 -0.010630709858364951 -0.0081331517949194219 0.001806114759265958 -0.014187755445406678 -0.024117135354686087 0.013805085093633715 0.0061498610068685825 0.0094954019392340244 0.00053829254956574567 -0.017720462763126311 -0.026947487762603486 -0.012663119182654427 0.011767320471790433
leaf_weight=16.403106734156609 2.4082990577310275 36.003369086131215 57.899229796436884 7.8540699480522553 37.048369534682024 112.27223875589971 20.260847344994545 9.816470191060942 3.7965870522489267 19.726738442155693 4.8520055555186437 76.712472092310463 9.1003681947233854 25.281121275677606 125.44085273146629 7.4806923637611344 39.287223309985393 44.65300593705615 106.9045350914821 148.22081973992908 28.188585881214522 9.853125945506461 34.339471139595844 28.900352266675327 8.1685476863058266 23.9854964954975 55.989812412487026 5.174327430081803 28.543843734179973 6.2453633697098203
leaf_count=32 39 273 532 98 350 939 44 28 30 183 47 617 42 282 262 58 677 177 425 2892 301 134 93 101 15 178 569 43 133 146
internal_value=-0.000873971 0.0030956 3.18652e-05 0.0090098 0.0124755 -0.0014399 0.00216547 -0.00214287 0.00171546 0.00399219 0.00639985 0.00875421 -0.00767211 -0.00744681 0.00397918 -0.00298536 -0.0020815 -0.000830521 -0.00353335 0.00220919 -0.00577702 -0.0048561 0.000461917 -0.00296736 -0.00728342 -0.00690112 -0.00839259 0.00608701 -0.00243488 -0.0132767
internal_weight=1140.81 141.213 93.9026 47.3107 39.4567 999.598 162.105 837.493 149.286 120.208 100.481 86.5289 13.9524 29.0777 141.844 688.207 560.788 420.327 222.966 197.361 140.461 49.1403 107.893 73.5534 115.073 127.42 114.765 12.655 52.5293 62.2352
internal_count=9740 1292 805 487 389 8448 338 8110 1229 917 734 645 89 312 294 6881 5754 4514 811 3703 1240 811 371 278 440 1127 1026 101 311 715
is_linear=0
shrinkage=0.0218826


Tree=81
num_leaves=31
num_cat=0
split_feature=218 41 123 205 45 208 22 146 154 35 78 221 137 133 91 147 43 6 83 97 176 209 176 87 208 45 176 96 79 53
split_gain=5.33931 5.23565 4.95951 6.68736 7.49505 6.50631 7.64932 6.9222 5.73877 5.35564 6.71005 5.29677 5.0245 4.97302 4.87474 4.67985 5.33451 7.8571 6.34042 5.03055 4.6628 4.59671 8.14191 4.58375 4.3881 4.2184 6.82364 6.19704 9.21066 7.21299
threshold=-0.07182966428724645 2.8617188289064015 4.0000000000000009 0.26810127993526239 0.82409480842201688 3.4836754980858546 4.5001507638702769 0.19799078137535833 1.1307486912774818 0.090617523103532896 14.15 0.016291094347682961 -0.096429433033232689 -0.031673664285550816 0.68665368991198383 13.5463 9.2500000000000018 4.2332257876144483 83.550000000000011 0.2845358369901691 -0.040851825346266836 -1.2200137321050122 -0.0076289528228575534 0.48603133943044691 5.57576776391653 -0.74892720285008296 -0.040851825346266836 0.30530333467255932 31.650000000000002 0.55598462654383718
decision_type=2 2 2 2 2 2 2 2 2 2 2 2 2 2 2 2 2 2 2 2 2 2 2 2 2 2 2 2 2 2
left_child=1 -1 5 4 11 21 8 23 -7 -9 12 15 -11 -6 -5 16 17 -4 -18 20 -19 22 -2 -8 -10 27 -27 28 -16 -30
right_child=2 -3 3 14 13 6 7 9 24 10 -12 -13 -14 -15 25 -17 18 19 -20 -21 -22 -23 -24 -25 -26 26 -28 -29 29 -31
leaf_value=0.0015238008725190428 -0.016808016119539377 -0.010807478673896977 0.0017054422741792129 -0.010874421901442933 -0.010650400299733158 0.00038065551185061217 0.01223899687144487 -0.019048092214453548 -0.01582471494231168 0.00015553803276513936 0.017541321921883034 0.00036910251205255141 -0.0085251915826831826 0.0092876174004353843 0.029285514616011039 0.0038728987801134374 0.00013306563371970223 0.0059996435998579756 -0.022797705088583687 0.015260488783403041 -0.016589593251675656 0.019444957990422375 0.033204186902520638 -6.9480636680231301e-05 -0.00046331188460785859 -0.0059824253276789365 0.00020582358002846815 -0.017094958998769623 -9.60949263046986e-05 -0.01814515676855458
leaf_weight=6.5396887244278359 6.1403211996657774 18.12954622415873 27.717508652641982 9.3252941265884584 3.4772799276104278 17.555174419423565 47.240584399900399 9.2059976368909684 28.005239928665105 12.19227379944641 8.0704901150311326 32.32342854501735 18.113426695810634 15.560646878862597 14.785961891802343 9.5802094766709143 4.4553853904171765 5.4568968284211214 34.987324754202518 5.5796317391245784 54.772793566623704 19.450126233918127 6.885962406289762 15.803784939809701 16.042549956007861 50.521832216126768 486.70009550763848 44.362272161301007 99.030834524196507 12.798785730022244
leaf_count=34 20 86 432 93 49 53 168 38 90 21 23 521 57 293 50 111 101 54 286 45 838 80 25 35 55 242 4067 488 1145 140
internal_value=-0.000850459 -0.0107648 -0.000620962 -0.00131463 -0.00491246 0.00244544 0.00071117 0.00415911 -0.0054046 -0.00207437 0.00153901 -0.00634581 -0.00319604 0.00782072 -0.000333575 -0.00815438 -0.00922963 -0.00623685 -0.0159828 -0.0103277 -0.0121923 0.0113101 0.000860993 0.00887946 -0.00959577 -0.00011344 0.000835349 -0.00310268 -0.000590303 -0.00279196
internal_weight=1140.81 24.6692 1116.14 911.436 193.911 204.706 172.23 110.627 61.603 47.5822 38.3762 174.873 30.3057 19.0379 717.525 142.55 132.97 93.5268 39.4427 65.8093 60.2297 32.4764 13.0263 63.0444 44.0478 708.2 537.222 170.978 126.616 111.83
internal_count=9740 120 9620 8955 2730 665 540 342 198 139 101 2388 78 342 6225 1867 1756 1369 387 937 892 125 45 203 145 6132 4309 1823 1335 1285
is_linear=0
shrinkage=0.0218826


Tree=82
num_leaves=31
num_cat=0
split_feature=85 118 147 134 122 45 142 154 139 62 201 210 155 155 64 35 95 74 95 28 172 178 11 53 19 73 121 182 178 32
split_gain=6.46136 5.89761 5.25675 5.30757 5.87189 6.3202 6.89949 5.13306 5.04562 4.81878 4.54114 5.04334 4.47906 7.08195 5.60696 5.77125 4.8501 5.83597 5.80198 5.34752 5.93607 5.88624 6.154 5.19181 5.14615 8.30034 4.80574 5.75431 4.64204 5.8575
threshold=21.550000000000004 17.633333333333336 16.602400000000006 -1.2747958393822187 4.0000000000000009 0.06104621499353461 3.4355844184810294 1.1307486912774818 1.4589315968882886 11.15 6.9883629310131044 3.7307196179254292 1.6524509376508052 1.6697253217053294 24.200000000000006 0.14040936556321543 0.2807455612491781 0.42800000000000005 0.3165900145614971 0.21994459232218896 0.053435972629521052 0.0017122317156644253 4.6157557537332137 0.30382157727528875 9.5000000000000018 37.800000000000004 0.71998883805773606 0.021554703093812414 0.034947274108698724 0.16820865801238197
decision_type=2 2 2 2 2 2 2 2 2 2 2 2 2 2 2 2 2 2 2 2 2 2 2 2 2 2 2 2 2 2
left_child=2 -2 3 -1 5 6 -5 8 -7 -3 11 -11 14 -14 15 -12 17 24 19 21 23 22 -18 -21 28 -26 27 -20 -15 -30
right_child=1 9 -4 4 -6 7 -8 -9 -10 10 12 -13 13 16 -16 -17 18 -19 26 20 -22 -23 -24 -25 25 -27 -28 -29 29 -31
leaf_value=-0.00117819354056654 0.0084357362265173215 -0.022680546630448422 0.011971175210332929 0.011105416944950134 -0.0077532567502858517 -0.010963633754006209 -0.017336095697099256 -0.0033349697620730736 0.015644632778801227 -0.0055669843758444498 -0.013467548252933987 0.0082724367908426494 0.03289784727634093 0.00042303333314234624 0.01412754544842528 0.020888069062355293 -0.012499457099111756 -0.013493420456984637 -0.0092361527889818773 0.01594080166002897 0.0067426576352727103 0.012760910421859251 0.020275863605455146 -0.010894369352189058 0.00072021309663312678 -0.0067471577460216734 0.010276567018186283 0.0099633768799523917 0.00075346480146155101 -0.0087455753780594329
leaf_weight=23.632328268713991 18.041300562865899 7.9898787321531008 6.3148771086994193 52.453589969722088 130.77312300213748 5.8776293154805881 6.638581766979768 37.552468582638539 7.2811727149528451 5.3906914573326494 32.005153957609082 28.350805916368245 8.418977149446162 344.31394575171771 6.5438688560172968 5.2899573224817678 14.255019972779566 14.673496879184993 12.980685353270475 4.5505803481057674 9.0461471482599318 16.848062708865882 8.0766285145309649 154.419816571414 9.4739573868737335 25.294961213007355 34.143443073352728 8.9489034209254879 57.031786132266689 44.199509438559971
leaf_count=166 111 141 41 192 1604 23 20 128 20 71 450 308 52 2906 47 45 101 152 186 56 43 148 59 1070 43 215 388 59 607 288
internal_value=-0.000408691 0.000506981 -0.0033587 -0.0038575 -0.0028434 0.000862094 0.00571359 -0.0047317 0.00661566 0.000235295 0.000406353 0.00817734 7.12399e-05 0.000466903 -0.0066625 -0.0099849 0.000230685 0.00151006 -0.00216023 -0.00385604 -0.00555634 0.00332279 -0.00391244 -0.00656301 0.00193878 -0.00605335 0.0040172 -0.00379579 0.0025792 -0.00150908
internal_weight=1140.81 870.288 270.524 264.209 240.577 109.803 59.0922 50.7113 13.1588 852.246 844.256 33.7415 810.515 766.676 43.839 37.2951 758.257 494.988 263.269 207.196 168.017 39.1797 22.3316 158.97 480.314 34.7689 56.073 21.9296 445.545 101.231
internal_count=9740 7546 2194 2153 1987 383 212 171 43 7435 7294 379 6915 6373 542 495 6321 4211 2110 1477 1169 308 160 1126 4059 258 633 245 3801 895
is_linear=0
shrinkage=0.0218826


Tree=83
num_leaves=31
num_cat=0
split_feature=64 213 40 98 36 103 44 62 145 97 30 145 65 134 28 33 195 193 1 91 117 16 12 84 146 205 34 123 45 43
split_gain=7.65713 5.83299 5.56785 6.60294 6.44052 6.25076 6.17231 6.37917 6.08685 5.85199 5.4136 5.36524 6.57128 5.1366 6.20332 6.56703 5.11514 7.89047 5.06167 5.00443 4.92274 5.70995 5.377 4.88414 5.77471 7.08986 7.42911 5.73065 5.86603 5.09053
threshold=17.950000000000003 4.596805736636246 9.1857388091423378 0.021768747778699211 0.5554143191070563 3.5138065628045418 -0.70088257582277247 20.150000000000002 -0.55190997773006922 0.30020576131687249 0.20127666176977269 -1.1375213922593412 10.100000000000001 0.97472791711164197 0.27313697276441834 0.37905926935312123 27.674691887441053 8.5187108162194232 5.6690000000000014 2.7593202691367029 0.17974358974358975 8.5000000000000018 1.1976093615385983 59.95000000000001 0.23972755963087677 0.38454729028306212 0.28966480534729239 5.0000000000000009 0.16504132135358049 10.850000000000003
decision_type=2 2 2 2 2 2 2 2 2 2 2 2 2 2 2 2 2 2 2 2 2 2 2 2 2 2 2 2 2 2
left_child=13 -2 4 -4 6 -5 7 -3 11 -9 -10 12 -8 23 16 -16 -15 -18 20 -13 -6 22 -22 24 29 26 -26 -27 -29 -1
right_child=1 2 3 5 18 -7 8 9 10 -11 -12 19 -14 14 15 -17 17 -19 -20 -21 21 -23 -24 -25 25 27 -28 28 -30 -31
leaf_value=0.00029977485555746742 0.0033893998082059197 -0.00025245945729854708 0.0011122566914721238 -0.0020804671966764532 0.03602887342508395 -0.020117181290042033 -0.033203034277240646 0.011987957942742657 0.021166811827336113 0.00021876349837030276 -0.0019706116615103042 -0.030881252444156172 0.010809841087610489 -0.022485891566242828 -0.0075835949615216409 0.018893878745538269 -0.030137948197554557 0.005655054752746593 -0.015801833634823726 0.014857078428321976 0.021710174579536314 0.050214835643853963 -0.010411842830444629 -0.0027805746015641072 -0.017364518697109792 0.0025645103361309476 0.0016516348760374179 -0.0164330219083971 0.014338605932885638 -0.0030538277592808151
leaf_weight=191.01257792889783 49.716613616653376 27.522239245873607 10.626346971110705 36.802552894061819 7.3536631475699314 22.219236659255557 8.9733334648190048 56.473130380270732 10.909370894254833 30.999740266145636 135.08755690894054 3.7334706155247686 24.285052717790677 13.693356894865245 6.6697446778835028 18.234004197594459 8.1417385039617312 29.622266306453184 16.733991561745142 23.670257661296546 5.1218973508516745 4.3719337123027335 18.63628464618796 251.16563134957255 38.48735028306487 8.7566989735357783 7.8420405593349178 15.372165638487788 5.9846391804167061 52.592461387990397
leaf_count=1919 447 179 109 304 35 97 22 436 134 194 1343 22 133 103 97 106 70 315 159 132 44 29 116 2113 330 177 72 68 26 409
internal_value=-0.000490249 0.00155893 0.000747335 -0.00488654 0.00181339 -0.00778158 0.0029783 0.00702606 0.000692458 0.00990172 -0.00171431 0.00648226 0.000420933 -0.00205584 0.00323147 0.0120215 -0.00108238 0.00303568 -0.00524002 0.0135068 -0.000387524 -0.00469368 -0.00906382 -0.00277165 -0.000962767 -0.00618051 -0.0114922 0.00197706 -0.00407365 0.000676741
internal_weight=1140.81 493.237 443.52 69.6481 373.872 59.0218 321.654 114.995 206.659 87.4729 145.997 60.6621 33.2584 647.575 76.3611 24.9037 51.4574 37.764 52.2178 27.4037 35.4838 28.1301 23.7582 571.214 320.048 76.4429 46.3294 30.1135 21.3568 243.605
internal_count=9740 3935 3488 510 2978 401 2595 809 1786 630 1477 309 155 5805 691 203 488 385 383 154 224 189 160 5114 3001 673 402 271 94 2328
is_linear=0
shrinkage=0.0218826


Tree=84
num_leaves=31
num_cat=0
split_feature=85 49 31 24 222 105 193 22 137 176 111 17 99 109 5 9 35 133 65 203 73 43 64 134 49 52 83 160 30 28
split_gain=5.97024 6.23132 7.03335 6.57535 6.95526 6.34335 6.3405 4.81102 5.78357 5.53219 5.3568 5.0075 4.67597 5.48834 4.87664 4.67406 4.88946 4.59383 4.54434 4.54416 7.48431 7.69341 10.9108 7.07702 6.80022 6.87055 6.54729 5.77023 5.66855 5.29258
threshold=21.550000000000004 13.750000000000002 0.75000000000000011 7.5683731075186049 5.1484324289391141 0.38327018361993592 10.466603308389994 2.3253150154216509 -1.2604879144405357 0.018523853848997563 23.500000000000004 7.8350000000000009 0.019290996085254464 51.875293014533533 0.72029921115408213 0.17465202652057921 0.10966420519715057 -0.036164321355095945 9.1500000000000004 5.3445984944358669 34.850000000000001 8.9500000000000011 19.650000000000002 1.0242218515941384 11.250000000000002 0.11231691919191923 84.950000000000017 62.232129190264814 0.21292549567747307 0.22202469023664326
decision_type=2 2 2 2 2 2 2 2 2 2 2 2 2 2 2 2 2 2 2 2 2 2 2 2 2 2 2 2 2 2
left_child=1 2 -1 4 5 -4 -5 8 -2 10 11 12 -10 -14 -15 -7 -17 -16 -3 23 -21 24 29 27 25 -22 -26 -9 -29 -23
right_child=7 18 3 6 -6 15 -8 19 9 -11 -12 -13 13 14 17 16 -18 -19 -20 20 21 22 -24 -25 26 -27 -28 28 -30 -31
leaf_value=-0.01350448110623346 -0.019776517972365303 0.00075800299179483053 -0.012461843314171019 8.1918377837479603e-05 0.010923247349817502 0.010004677637832681 -0.019862652198929007 0.00026284347639590251 -7.2031117730868445e-05 -0.012049824706263083 -0.03445848010611139 -0.01545604767073324 -0.011800403416898267 -0.030595077542712221 -9.159758736660106e-05 0.0061711069211371648 -0.0082722197137339477 0.014024839265624318 -0.013288526133008044 -0.0052533634051686795 -0.016736692984652204 0.016375441817154886 0.008818390687351749 0.018423639986632573 -0.021017882063504727 9.4422195279341208e-06 0.00051827671009523773 0.001793108515956855 -0.0035624419541468097 -0.0042536801454937231
leaf_weight=31.409111284710661 7.2922856562772713 7.9396599233150473 34.958074780942297 30.049328357144304 43.567339183016884 36.121858985984773 31.87642673231403 206.22212848351865 26.814106761632047 15.610323553762099 6.2455183397471492 6.1414925768597177 6.6414851408771929 4.2948327113372207 8.6950653595720251 11.194315583657728 12.595056544687166 75.657731003834897 30.812599353551832 28.48222205623847 17.471914858937907 17.660107857725279 52.469299651493429 21.38829575005002 38.780076452967251 113.88169739138743 13.055010066295834 26.103812204582255 122.13367608031422 55.246495909979103
leaf_count=336 28 13 264 220 368 353 282 1853 272 93 54 44 35 30 80 153 106 579 99 120 241 147 332 196 201 1375 36 245 1183 402
internal_value=-0.000697899 -0.00353262 -0.00213788 -0.000593245 0.00204239 -0.00126349 -0.00648563 0.000182128 0.00363729 0.00460305 0.00605148 0.00705162 0.00805259 0.0103073 0.0117624 0.00301643 -0.00434445 0.0129467 -0.0115829 -0.000579576 -0.00242447 -0.00140589 0.0027453 0.00106824 -0.0042635 -0.0015623 -0.0109212 0.000308012 -0.00296598 -0.00269491
internal_weight=1140.81 270.524 231.772 200.362 138.437 94.8693 61.9258 870.288 157.393 150.101 134.49 128.245 122.103 95.2891 88.6476 59.9112 23.7894 84.3528 38.7523 712.895 337.047 308.565 125.376 375.848 183.189 131.354 51.8351 354.46 148.237 72.9066
internal_count=9740 2194 2082 1746 1244 876 502 7546 1215 1187 1094 1040 996 724 689 612 259 659 112 6331 2854 2734 881 3477 1853 1616 237 3281 1428 549
is_linear=0
shrinkage=0.0218826


Tree=85
num_leaves=31
num_cat=0
split_feature=64 196 75 176 44 111 138 78 57 90 223 30 43 46 39 7 119 146 138 207 22 46 52 192 32 120 137 111 131 208
split_gain=5.14978 5.94259 5.20461 5.13446 6.02039 5.89142 6.61168 5.46639 5.08048 4.87967 4.72365 4.5669 4.82026 4.69595 4.46904 4.37482 4.3435 5.53373 7.6829 6.24866 8.63171 7.06927 5.72132 5.60285 5.52449 5.40733 6.4145 6.34871 5.37404 6.85298
threshold=22.450000000000003 12.943722003016303 -0.34999999999999992 -0.033755177053534695 -0.90992662233962551 16.500000000000004 -0.63703773830880894 8.7500000000000018 59.138659793814448 2.5000000000000004 1.15527 0.21530818407731547 12.250000000000002 1.0000000180025095e-35 1.0275000000000001 0.074574153868413956 20.105555555555558 0.21202735930298169 -2.2191735376377788 1.5438016663432415 4.5001507638702769 1.0000000180025095e-35 0.16817424242424245 7.0318024716160901 0.12052232792507935 0.74695116913162041 0.46507907231820705 7.5000000000000009 0.36097621162169707 3.0421137549915778
decision_type=2 2 2 2 2 2 2 2 2 2 2 2 2 2 2 2 2 2 2 2 2 2 2 2 2 2 2 2 2 2
left_child=1 8 15 -2 -5 10 -7 -8 16 -10 11 14 13 -13 -6 -3 25 19 -19 20 21 28 -23 -24 -22 26 27 -1 -18 -30
right_child=3 2 -4 4 5 6 7 -9 9 -11 -12 12 -14 -15 -16 -17 17 18 -20 -21 24 22 23 -25 -26 -27 -28 -29 29 -31
leaf_value=-0.0053116913133683542 -0.0056240696785598817 -0.008097510467296485 0.011444513449223545 0.013249168457168194 -0.017773313923291706 0.027714630059431426 0.010030118265760234 -0.01468472360643828 0.00017931342147951528 -0.015377106404885812 -0.031478276741890819 0.032803264202977599 -0.015117828419198089 0.00054752717989520617 0.036460277198851955 0.00015116346789101305 0.024030544185256925 0.024976689001330495 -0.0023132431192358712 -0.010424128411756651 -0.0041195104422193513 -0.014748355961961951 -0.0098953092320895938 0.003367162052376907 0.002778120743180968 -0.023103869308538465 -0.0072846603922388838 0.012346691036454589 0.026816039297123773 -0.0085609655184303666
leaf_weight=5.4966149523268077 18.863370629818746 4.6469889850643566 18.598444273933183 29.542211978993691 6.2707510435404838 6.3443250885029583 6.0496458273846683 16.739139241664361 5.8850953538928961 21.670967447208341 8.2410678656283363 29.160435748726968 6.2637788515114599 29.887616649270058 6.1497334465293534 12.823484357152209 10.209954493365329 12.797933572942837 500.62083289954853 51.37961311903382 26.071205308859589 44.397553116083145 15.203712314367293 18.450878500938416 135.99102676755297 4.7515089025489479 10.537271607045112 38.377347276813225 8.1455998796370732 31.243239096829029
leaf_count=55 106 70 252 136 74 54 17 118 97 147 26 303 49 63 47 95 190 87 4300 396 285 101 25 36 1266 57 71 303 201 713
internal_value=-0.000463558 -0.00106781 0.00753913 0.00311662 0.00453587 0.00220058 -0.00614386 -0.0116635 -0.00140708 -0.0105436 0.00509475 0.00680402 0.00911954 0.011079 -0.00495091 -0.000916948 -0.00111911 -0.0015201 -0.00295479 0.000632185 0.00189134 -0.00233996 -0.00643471 0.000299449 0.00523842 0.00456347 0.00662008 0.0103077 0.00404193 0.000179932
internal_weight=1140.81 977.299 36.0689 163.512 144.649 115.106 29.1331 22.7888 941.23 27.5561 85.9734 77.7323 65.3118 59.0481 12.4205 17.4705 913.674 854.512 513.419 341.093 289.713 127.651 78.0521 33.6546 162.062 59.1627 54.4112 43.874 49.5988 39.3888
internal_count=9740 8747 417 993 887 751 189 135 8330 244 562 536 415 366 121 165 8086 7600 4387 3213 2817 1266 162 61 1551 486 429 358 1104 914
is_linear=0
shrinkage=0.0218826


Tree=86
num_leaves=31
num_cat=0
split_feature=39 37 201 108 108 68 29 18 16 97 85 90 109 34 25 172 121 98 42 98 106 219 4 181 72 140 133 35 181 12
split_gain=6.25154 5.88151 5.71217 5.10084 8.08825 4.80775 6.87023 6.29892 5.0557 6.15857 6.06739 6.37148 6.82414 5.61161 5.57084 5.42978 10.5988 6.88721 6.5382 6.51476 5.23644 5.07612 5.01583 6.53815 5.6159 5.00943 6.55589 4.95852 4.80996 4.76931
threshold=1.0980000000000003 0.59166666666666679 5.9888701131005204 72.298424467099181 74.769945124525137 1.5500000000000003 0.076362998915902994 1.0000000180025095e-35 10.500000000000002 0.27568830512755754 28.750000000000004 4.5000000000000009 57.364995178399234 0.24677025484373347 6.0473017179034878 -0.025517688028198895 0.7266247219947658 0.052697699021422913 88.050000000000011 0.050578517924023549 1.2959776072983622 0.035630543733469029 2.9746031746031751 0.75485126145349579 34.95000000000001 0.3000000000000001 0.01813726447306999 0.14760680888817332 0.75939153111666802 1.0693440909730429
decision_type=2 2 2 2 2 2 2 2 2 2 2 2 2 2 2 2 2 2 2 2 2 2 2 2 2 2 2 2 2 2
left_child=2 -2 -1 5 -5 8 -7 -8 9 10 15 -12 -13 14 20 16 22 -17 27 25 -11 -15 24 -24 29 26 -18 -19 -27 -4
right_child=1 -3 3 4 -6 6 7 -9 -10 13 11 12 -14 21 -16 17 19 18 -20 -21 -22 -23 23 -25 -26 28 -28 -29 -30 -31
leaf_value=0.0048022878131659076 0.0012676296949678751 -0.01822488576309618 -0.022253681515734418 0.014045015204287345 -0.00079828064135432453 0.010561105174188968 -0.024019338854546948 0.00043454102211442909 0.012039931636404372 0.0019571510453065244 0.038506376592812419 0.043296145867398182 -0.0050982503246148119 -0.015905639577876652 0.016016670838396876 -0.00015490369893621613 -0.0075552812552206793 0.0143131509042421 -0.021237339509652738 0.0050867927298375096 -0.010440865001197785 -0.00017212039293117181 -0.012111153843972813 0.015098765468077608 0.0073197417556519762 0.0053752497148683246 0.016488452625109493 -0.039246882111888821 -0.0066058008226414361 0.010717342480610294
leaf_weight=10.763372887331114 133.1202711436049 8.0930662794285109 11.74173354422692 20.485218913394419 18.637548406285987 35.651142199236347 16.372653032736252 48.459002666442757 15.738737084458306 10.819724286471908 11.497553889166509 10.534899912091534 17.475168278948104 83.996736469321604 8.4793872810316753 315.8073309706881 32.7218272161399 20.971347393928916 3.0254671526640768 15.696168251463403 84.11487742153281 28.726429045108944 101.31791578945172 3.2706957050600058 17.493674647113949 28.385844351198102 8.8960562369325071 2.3147322634392813 4.9729399932321021 11.229825884583532
leaf_count=67 1248 44 51 222 310 142 62 193 127 89 90 72 142 866 63 2708 344 207 24 111 859 224 864 25 180 148 124 32 22 80
internal_value=-0.000548227 0.0037435 -0.00116015 -0.00134082 0.00630859 -0.00166427 0.00283252 -0.00138267 -0.00220217 -0.00244079 -0.00131771 0.00687792 0.000966955 -0.00561755 -0.00187532 -0.00189219 -0.00444193 -0.000120008 0.0104547 0.00139248 -0.00345733 -0.00898577 -0.00809793 -0.0106181 -0.00142878 -0.00129581 -0.00633815 0.0145018 0.00490493 -0.00847962
internal_weight=1140.81 141.213 999.598 988.835 39.1228 949.712 100.483 64.8317 849.229 833.49 617.353 39.5076 28.0101 216.137 103.414 577.846 235.727 342.119 26.3115 90.6728 94.9346 112.723 145.054 104.589 40.4652 74.9767 41.6179 23.2861 33.3588 22.9716
internal_count=9740 1292 8448 8381 532 7849 397 255 7452 7325 5224 304 214 2101 1011 4920 1949 2971 263 749 948 1090 1200 889 311 638 468 239 170 131
is_linear=0
shrinkage=0.0218826


Tree=87
num_leaves=31
num_cat=0
split_feature=64 50 6 41 67 84 15 40 218 36 147 192 29 40 217 157 217 49 218 84 158 93 84 35 178 115 50 48 80 78
split_gain=5.6645 7.11234 8.83797 6.67138 7.31453 5.81997 5.70862 5.2511 5.2291 4.87531 5.87392 6.2598 5.08383 4.75026 5.20938 4.79585 5.37549 4.7204 4.69305 5.64662 6.13688 8.8936 6.08218 6.89936 6.12824 5.87833 6.88164 4.99254 6.07857 4.7303
threshold=20.250000000000004 5.2500000000000009 2.8219429740106254 2.6617023910631841 15.600000000000003 56.150000000000013 9.5000000000000018 7.7252162217430884 -0.07182966428724645 0.5527392452600739 4.6234000000000011 9.0440992911209914 0.074700773205787357 7.7042743639849851 0.039482672959533956 288.60546995869311 0.049759128750443825 13.000000000000002 -0.045961492142199654 64.600000000000009 81.308259167750407 2.65148749099356 54.95000000000001 0.086931686090755536 0.014257733463953108 0.2842471429324776 2.7500000000000004 1.0000000180025095e-35 38.350000000000009 3.2500000000000004
decision_type=2 2 2 2 2 2 2 2 2 2 2 2 2 2 2 2 2 2 2 2 2 2 2 2 2 2 2 2 2 2
left_child=3 9 17 4 -1 6 -6 -8 -5 10 -2 13 -11 -12 -15 16 -16 -3 -10 20 21 -20 23 24 -23 26 -22 -27 -29 -25
right_child=1 2 -4 8 5 -7 7 -9 18 12 11 -13 -14 14 15 -17 -18 -19 19 -21 25 22 -24 29 -26 27 -28 28 -30 -31
leaf_value=0.010031466250474075 -0.011719142896292547 0.011776466049771263 0.0078313073133860732 -0.014260293318341161 -0.017473133124270363 -0.016685595892307035 -0.016015589364973243 0.030495057196384272 0.010310215490106992 0.010475432012158887 -0.029870966657148199 -0.0021643749952881858 -0.016279497785541348 0.0089990384857801427 -0.02421593725861489 -0.01254208070005447 0.019521543324278978 -0.02109021878148621 -0.012392230449917451 -0.0035100868616769984 0.00019021624947025256 0.00046483689776013809 3.5670704974778839e-05 -0.0082785395956125989 -0.010330194065653357 0.00042615095140679875 -0.01330813857099024 0.023443584324425632 -0.0095253288243397835 0.0035087280264977337
leaf_weight=5.100918693129187 15.057134051572573 9.0334941680575884 45.835998691507939 18.390158352968683 9.4846746842667926 39.252944439424027 2.6243491327218189 10.060609940564971 44.370706689589497 12.943188949142948 8.1761602881945219 36.85697505144617 24.781511903458977 103.81389274820413 7.3085156303332104 8.4049472703579777 10.160734652224617 9.4517333968528856 25.082321916202091 94.242141323261421 36.546415707332017 10.690517283512692 277.82762230800813 5.8929698087740681 15.084731058274881 53.514557176996504 62.180022069617053 3.9052821546003988 29.066443965271674 105.66967509084475
leaf_count=73 287 17 126 76 167 668 34 212 292 107 116 418 178 660 48 75 103 28 242 858 518 134 2540 40 117 380 201 25 198 802
internal_value=-0.000138853 0.00248394 0.00886438 -0.00104555 -0.00765863 -0.0098224 -0.000654587 0.00859424 -0.000472069 0.00064155 0.002087 0.00324494 -0.00644109 0.00539229 0.00644054 -0.00219514 0.00423123 -0.00366635 -0.000184357 -0.000617092 0.000133042 0.00154352 0.00232151 0.00607596 -0.00395054 -0.00319509 -0.0068256 0.000938242 -0.00563421 0.00843184
internal_weight=1140.81 291.824 64.3212 848.987 66.5235 61.4226 22.1696 12.685 782.464 227.503 189.778 174.721 37.7247 137.864 129.688 25.8742 17.4693 18.4852 764.073 719.703 625.461 440.248 415.166 137.338 25.7752 185.213 98.7264 86.4863 32.9717 111.563
internal_count=9740 2163 171 7577 1154 1081 413 246 6423 1992 1707 1420 285 1002 886 226 151 45 6347 6055 5197 3875 3633 1093 251 1322 719 603 223 842
is_linear=0
shrinkage=0.0218826


Tree=88
num_leaves=31
num_cat=0
split_feature=69 35 92 135 203 64 208 213 45 79 182 61 40 147 133 52 35 111 159 223 156 134 85 81 92 62 209 100 207 131
split_gain=4.79856 6.24811 5.93976 6.86515 6.13776 8.05189 5.61947 6.37888 6.36355 6.81447 5.72289 7.91668 6.33641 5.64494 5.65361 5.44967 5.42279 7.2262 6.32499 6.09712 7.24408 9.64947 6.92392 7.09098 6.55473 6.21181 5.59925 5.34012 5.23746 7.43354
threshold=25.200000000000006 0.096721528172313817 11.107880082803989 0.01509821274300094 6.060717840148194 21.850000000000005 3.5157931389420245 6.7483133433283369 0.8869770585236475 46.250000000000007 0.0074638926964509253 0.32960148598446476 7.5777474188392029 6.4291500000000008 -0.023216618012114467 0.17590428090428092 0.14113872141321182 14.500000000000002 0.28190479317869982 0.63709250000000017 210.72817462927074 0.2594805221570225 24.550000000000004 0.6665000000000002 8.9050037061249725 15.950000000000001 -1.861093604969196 0.082079496968335955 -0.028451058165411155 0.36097621162169707
decision_type=2 2 2 2 2 2 2 2 2 2 2 2 2 2 2 2 2 2 2 2 2 2 2 2 2 2 2 2 2 2
left_child=1 6 4 -4 16 28 7 -1 9 10 11 -8 -12 -9 -15 -2 19 -18 -19 22 26 24 -3 -24 25 -22 -21 -28 -6 -30
right_child=15 2 3 -5 5 -7 8 13 -10 -11 12 -13 -14 14 -16 -17 17 18 -20 20 21 -23 23 -25 -26 -27 27 -29 29 -31
leaf_value=0.0020488089042705921 -0.0065336681518817531 -0.0021236974624778467 0.00026503301084299319 0.028545653867759001 -0.023792188672130982 0.003792231265705891 0.00685638942177123 -0.011184234394260096 0.00051264320197475703 -0.019802843768337328 0.00022726838985085061 -0.020943980025257311 -0.0070098260799563213 -0.015145143418843095 0.0016213265570603015 0.00022837482308475906 0.00029771003944915409 0.025873043002080227 -0.015923259264951129 -2.0530709067375855e-05 0.0041243034898975177 0.0015311079131323907 0.0001263752962463689 0.0029355092941702027 0.013852864496877761 -0.013936686410810414 0.018405911169523174 -0.0056180381115265802 0.0024475837528512281 -0.0079183270714792767
leaf_weight=25.856435678935213 87.417983980202052 144.77833472314114 38.816816962247913 15.07394565728009 44.80973226023707 55.684009440818727 28.939006043584413 12.205828124957405 22.1753549755108 53.312796016535685 7.9514724311227374 14.916934147202253 91.08130095640945 7.7106665796718508 45.737867572048344 36.854765983565358 67.4512565667128 3.1084756704146903 31.734888631249987 17.562428689583612 3.5539611058297913 18.457124349466994 56.350176718822468 37.835070215990072 8.429193563361876 19.542671957524362 75.53267103471444 4.4628598247827531 21.583936461816847 41.883382272972995
leaf_count=322 678 1527 296 69 251 345 342 246 228 531 102 203 913 102 408 258 492 30 214 65 19 74 508 249 51 127 527 11 145 407
internal_value=-0.000277731 0.000216832 0.00135548 0.00828889 0.000768831 -0.00287797 -0.00236646 0.00214989 -0.00427418 -0.00554133 -0.00298819 0.00350462 -0.00589972 -0.00145699 0.00161414 -0.00432352 0.00200117 -0.00244784 -0.0104323 0.00318934 0.00667831 -4.27338e-05 0.00100705 0.00560877 -0.00740685 -0.0133685 0.0101257 0.0125629 -0.0063504 -0.00219416
internal_weight=1140.81 1016.54 706.651 53.8908 652.76 163.961 309.888 91.5108 218.377 196.202 142.889 43.8559 99.0328 65.6544 53.4485 124.273 488.799 102.295 34.8434 386.504 147.541 49.983 238.964 94.1852 31.5258 23.0966 97.558 79.9955 108.277 63.4673
internal_count=9740 8804 5407 365 5042 1148 3397 1078 2319 2091 1560 545 1015 756 510 936 3894 736 244 3158 874 271 2284 757 197 146 603 538 803 552
is_linear=0
shrinkage=0.0218826


Tree=89
num_leaves=31
num_cat=0
split_feature=85 91 35 67 35 40 1 94 8 213 201 134 117 78 5 45 2 67 122 38 6 39 35 78 5 62 147 41 112 134
split_gain=5.41668 5.14226 8.45397 6.64087 5.54424 7.24829 6.33955 5.86453 5.52579 5.4693 6.04078 5.32658 5.72423 5.28179 5.79371 5.13837 6.56396 7.42947 5.29093 5.703 5.94514 7.66158 5.10243 6.18267 5.05988 4.98137 4.90991 4.88192 6.7162 5.20919
threshold=21.450000000000003 3.934142683255001 0.12213102774273744 25.100000000000005 0.10648820426643192 7.6403015336921802 6.2010000000000014 0.22484214288550894 0.68144964481152925 13.503069577080494 6.9182950717228167 -1.6436859523553442 0.32583417593528824 9.3500000000000032 1.2677507076203132 -0.052335956242944064 0.14415271034400559 23.750000000000004 4.0000000000000009 0.96850000000000003 5.8678868808203681 1.0395000000000001 0.091505413218746098 12.050000000000002 0.9539502501986491 28.350000000000005 7.9443500000000009 3.1995001379823864 7.166666666666667 0.99044671102133564
decision_type=2 2 2 2 2 2 2 2 2 2 2 2 2 2 2 2 2 2 2 2 2 2 2 2 2 2 2 2 2 2
left_child=15 2 11 -4 5 8 13 -8 -3 10 -7 -2 -13 14 24 18 17 -17 19 -1 21 -21 -20 -24 -6 -5 -18 29 -29 -15
right_child=1 4 3 25 6 9 7 -9 -10 -11 -12 12 -14 27 -16 16 26 -19 22 20 -22 -23 23 -25 -26 -27 -28 28 -30 -31
leaf_value=0.0067634399574750545 -0.017834604638399847 -0.022679184887505935 -0.031243230522900647 -0.0049794808107325233 -0.050476984635973964 0.00040983167133364827 0.0081598445429941508 -0.023596031632362582 0.0094586146008940122 0.00029258799606274484 -0.003159866025237267 0.00045002099096076503 -0.0074202466062401364 2.4418017644379412e-05 -0.0069951362264345594 -0.005495100560759675 -0.013254893190466781 0.0053222875061694069 -0.023221607807283648 -0.016320888399630092 0.017714916775223872 0.011261391040335756 0.00057736304880074492 -0.010963501223781313 0.0031881918776142586 0.050622815514377584 -0.00020090952349868587 0.013029834239042732 -0.021247277999372968 0.014782313552691868
leaf_weight=16.743869344645645 9.9297773402263356 3.6901664300294241 22.131929763457265 58.497792674216498 5.6229927442411762 10.582504399834077 6.6759419202828658 25.954026196264294 14.832939381264394 26.164054390177171 212.00800788738275 141.35224277735506 33.178418102788783 82.065167240976734 44.698058329766809 16.715391232882894 63.39736687132222 18.756753288006166 20.125883446876514 14.08102396578761 14.211202842299825 13.990658447321037 36.994588027724603 16.718014538961825 21.536773577903432 4.6354594155159239 31.869241179888832 128.31901174413542 9.5214907009969902 15.810600394181618
leaf_count=54 58 64 137 402 18 134 29 224 241 263 2228 1196 168 931 246 94 501 144 323 60 48 44 288 352 117 58 224 888 61 145
internal_value=-0.000236062 0.000588027 -0.00191725 -0.00758376 0.00170657 -0.000641563 0.00355764 -0.0054746 0.0122526 -0.00165051 -0.00277965 0.000706757 0.00163575 0.00453771 -0.000612252 -0.00298365 -0.00604965 0.00188387 2.82034e-05 0.00489918 0.00046192 -0.00528027 -0.00383478 -0.000201378 0.00718601 -0.00380187 -0.00902713 0.00611758 0.00876974 0.00230997
internal_weight=1140.81 877.207 269.726 85.2652 607.482 267.278 340.204 32.63 18.5231 248.755 222.591 184.46 174.531 307.574 71.8578 263.604 130.739 35.4721 132.865 59.0268 42.2829 28.0717 73.8385 53.7126 27.1598 63.1333 95.2666 235.716 137.841 97.8758
internal_count=9740 7608 2019 597 5589 2930 2659 253 305 2625 2362 1422 1364 2406 381 2132 963 238 1169 206 152 104 963 640 135 460 725 2025 949 1076
is_linear=0
shrinkage=0.0218826


Tree=90
num_leaves=31
num_cat=0
split_feature=99 121 178 110 103 207 209 43 217 32 1 32 204 110 162 43 33 74 28 207 29 61 142 185 105 49 109 64 109 219
split_gain=4.30134 7.31153 6.07499 4.61507 6.85982 5.77162 5.73599 4.33485 4.37608 4.16297 7.95403 6.60094 7.86031 8.6842 5.20916 6.69484 4.8446 5.20756 5.01632 4.71043 6.41306 4.49285 4.45176 4.43584 9.83852 9.39955 7.06726 6.22197 5.54 6.00908
threshold=0.043517714826797137 0.71463170045135738 0.061664940455013105 0.27982332164080775 2.6990553913205368 0.91065099447423992 -2.7124762196601679 17.950000000000003 -0.054940091106751347 0.19229246074378697 6.5160000000000009 0.20032701902052921 0.46755813662105955 0.29454317504255328 -1.0000000180025095e-35 6.4500000000000011 0.42656639142127417 0.36250000000000004 0.28250224014336922 -0.72225846033254226 0.062171216099983988 0.33144581216320251 3.5906336088154274 5.7500000000000009 0.60903532608695665 13.750000000000002 58.044603743528477 17.050000000000004 67.327315541601266 0.01043353636903663
decision_type=2 2 2 2 2 2 2 2 2 2 2 2 2 2 2 2 2 2 2 2 2 2 2 2 2 2 2 2 2 2
left_child=9 2 7 4 -3 -6 -5 8 -2 19 11 16 13 -13 15 -14 -11 -18 -19 20 -1 -22 -16 -21 25 27 -27 -25 29 -28
right_child=1 3 -4 6 5 -7 -8 -9 -10 10 -12 12 14 -15 22 -17 17 18 -20 23 21 -23 -24 24 -26 26 28 -29 -30 -31
leaf_value=0.00027125276938352367 -6.018865797014587e-05 0.014738298614972053 -0.043976370196356251 0.0031429193479908198 -0.0086742692112589375 0.022832648046755846 -0.0087689096782051501 -0.038663997835387633 0.0017951553447058352 -0.03762355264732848 -0.034014004995215529 -0.014494630474184696 0.033090667512746051 0.0037087128726802799 0.020578564849125489 -0.00094489945518818935 0.031448265540558538 0.0066154379812291041 -0.0029170480893806919 -7.9938802029959108e-05 -0.012716482985679076 0.00012136574698465538 -0.0072578719612575822 0.00019636631541255104 -0.007173450007790883 0.0010394466317151145 -0.017444336261857065 0.011014088637353816 0.0015899597225444552 0.0015759999876626529
leaf_weight=12.92716538390482 1.9350738807247676 9.1483437975143698 3.9135063285511924 6.0698611566485843 26.734092302400541 7.1574910406334302 72.540374158668783 2.2526681189603996 22.045665806509987 2.56814070328869 8.4470465019196563 40.653467962582454 8.3580387790775621 18.928733643497253 23.829085080031522 22.814491583103518 33.132844639800851 12.797345937441152 5.4935056262493154 560.769487328987 78.442733638815525 25.969443159413004 4.7659910343354559 25.138700696335036 9.1492428824094514 23.232739415923561 18.609807892530629 33.052791972014347 13.822380289437886 6.1110878550034604
leaf_count=93 31 48 34 48 244 42 624 6 267 48 68 353 64 180 190 109 206 69 21 5881 498 232 17 64 24 70 60 75 58 16
internal_value=-0.000273328 -0.0036942 0.00579109 -0.0060928 -0.000243053 -0.00490108 -0.00922155 0.00973411 0.0126078 0.000251144 0.00323709 0.00428858 0.00136199 -0.00420302 0.0069433 0.000590782 0.0105863 0.0121388 0.00241109 -0.000419993 -0.00445896 -0.00628701 0.0135572 0.000266852 0.0039135 0.0056344 -0.0002787 0.0118829 -0.00603386 -0.0121341
internal_weight=1140.81 151.797 30.1469 121.65 43.0399 33.8916 78.6102 26.2334 23.9807 989.014 181.789 173.342 119.35 59.5822 59.7676 31.1725 53.9918 51.4237 18.2909 807.226 117.339 104.412 28.5951 689.886 129.117 119.968 61.776 58.1915 38.5433 24.7209
internal_count=9740 1344 338 1006 334 286 672 304 298 8396 1325 1257 913 533 380 173 344 296 90 7071 823 730 207 6248 367 343 204 139 134 76
is_linear=0
shrinkage=0.0218826


Tree=91
num_leaves=31
num_cat=0
split_feature=218 7 58 4 155 104 33 58 104 38 23 52 205 155 95 131 158 213 91 90 1 11 213 114 120 95 104 40 136 66
split_gain=5.07846 4.80326 4.4817 5.00683 4.7006 6.45738 6.17959 7.10752 6.92786 6.71904 6.13991 6.98921 6.13708 5.87982 5.78905 10.7642 6.64365 6.80226 5.70947 5.50406 5.45911 6.01443 5.23125 6.09629 5.11335 6.93617 6.55931 6.44772 5.10495 5.42151
threshold=-0.07182966428724645 0.16610664754196156 69.025795772854607 2.5374405220132705 2.1974945822743366 8.8679448377170242 0.41288379525124885 28.714148073022319 8.4169232315870186 1.0185000000000002 11.141021719180179 0.17684259259259263 0.19821730255870471 1.6153549837569372 0.27919504823058128 0.38159721966785359 89.239560654714822 11.567298868155401 4.2389009810904836 6.5000000000000009 5.4010000000000007 4.7407188955299491 7.3116921075210017 0.26682847896440137 0.73113229390412904 0.24337001330866362 5.4006751687921986 7.5115319417519819 -0.52320579396820011 24.700000000000006
decision_type=2 2 2 2 2 2 2 2 2 2 2 2 2 2 2 2 2 2 2 2 2 2 2 2 2 2 2 2 2 2
left_child=-1 2 4 -4 5 13 7 8 -6 10 19 -12 -8 -2 15 -15 17 24 20 22 -16 -22 23 -9 25 27 -26 -17 -7 -30
right_child=1 -3 3 -5 6 28 12 9 -10 -11 11 -13 -14 14 18 16 -18 -19 -20 -21 21 -23 -24 -25 26 -27 -28 -29 29 -31
leaf_value=-0.0081131580552511341 -0.010868598220411058 0.013541628760214799 0.0090108575928315761 -0.0045271692891535901 0.00013372679606865137 0.0013579987613237532 0.033849871220292413 0.00042413466641244086 -0.0095440301821939025 0.0053605570669506587 -0.012564223257819855 0.031806687920223627 -0.0042836600962014703 0.013107397043504793 -0.0338311348835863 0.017769352186323927 0.0078698877546225302 -0.015581090189175107 0.015076875628606157 -0.011527715699252967 -0.014817320213468387 0.009442784248298983 0.011996574791743498 -0.0074807304839515408 0.011024033502309622 0.00027711002618512997 8.0604032735474165e-06 -0.01219662930696991 -0.021258628843255009 0.00015347767531122787
leaf_weight=24.669234948586563 35.111767484572511 16.558567818967049 2.9273333248659155 28.805573061819132 84.698325552905317 60.618481682422043 7.5212840568913171 13.448032898136946 64.68328515006715 43.653005626199047 23.505451650179342 3.5667726464882881 123.97755966197633 75.630850900616679 21.471967401879965 4.0777909012522278 18.184030514220467 23.866949560724606 16.760139551288603 20.909765143390359 31.526290086662812 7.0519441731130419 33.300407110955575 14.857131767089866 19.152607740662916 41.746951159381979 49.44544880501121 66.830510837237398 12.909938291582874 149.34394908756667
leaf_count=120 491 108 28 200 1179 335 82 93 486 369 151 18 883 557 246 93 139 236 141 156 402 58 281 137 108 399 555 743 59 887
internal_value=-0.000293753 -7.04076e-05 -0.000253309 -0.00825401 -6.61933e-06 0.00119155 -0.00176183 -2.67495e-05 -0.00342423 0.00326555 0.00032296 -0.00853837 -0.00570691 -0.000429573 0.000370242 0.00175635 -0.000654535 -0.00180738 -0.00494656 0.00332188 -0.00810128 -0.00295393 0.00662136 -0.000219114 -0.000321019 -0.00319742 0.00434024 -0.00734791 0.00418476 0.00211411
internal_weight=1140.81 1116.14 1099.58 31.7329 1067.85 633.73 434.121 302.622 149.382 153.241 109.588 27.0722 131.499 410.857 375.745 298.935 223.304 205.12 76.8103 82.5153 60.0502 38.5782 61.6056 28.3052 181.253 112.655 68.5981 70.9083 222.872 162.254
internal_count=9740 9620 9512 228 9284 5449 3835 2870 1665 1205 836 169 965 4168 3677 2830 2273 2134 847 667 706 460 511 230 1898 1235 663 836 1281 946
is_linear=0
shrinkage=0.0218826


Tree=92
num_leaves=31
num_cat=0
split_feature=85 5 43 27 200 43 45 90 22 53 93 27 104 158 45 23 157 192 133 192 216 29 121 90 110 42 101 213 43 193
split_gain=5.62446 5.83906 5.42705 4.64187 4.62754 5.00522 8.472 6.86171 6.39622 7.20489 6.50409 8.33229 10.881 5.80682 5.65207 6.89619 5.58574 7.14107 5.7973 6.4643 5.10019 5.05934 4.94939 4.8508 4.7178 6.76635 5.31838 4.67884 4.62293 4.60038
threshold=21.450000000000003 0.72029921115408213 6.4500000000000011 0.17037268004251402 142.01000000000002 8.0500000000000025 0.89490028524376741 29.500000000000004 2.3253150154216509 0.33799311391223164 3.9669939443002904 0.26594161330223937 7.3589539399594113 89.239560654714822 -0.71322329076259927 6.7407536283606957 267.13386306352555 6.1888462847883767 0.021856106856051289 9.2145827238973919 10.005607930315442 0.07896124882773492 0.71945205603452833 7.5000000000000009 0.29328236611640063 79.450000000000017 0.063762027374983071 11.180555555555557 7.4500000000000011 9.4374253039176441
decision_type=2 2 2 2 2 2 2 2 2 2 2 2 2 2 2 2 2 2 2 2 2 2 2 2 2 2 2 2 2 2
left_child=2 -2 -1 -3 5 8 7 -7 24 13 14 12 22 -10 -11 -16 17 23 19 20 -18 -21 -12 -17 26 -26 -5 -22 -27 -13
right_child=1 3 -4 4 -6 6 -8 -9 9 10 11 29 -14 -15 15 16 18 -19 -20 21 27 -23 -24 -25 25 28 -28 -29 -30 -31
leaf_value=-0.0027959586488322265 -0.0044263726747579895 -0.011972166816987796 -0.00026799640945711828 0.0078209568081089812 -0.030027019525617763 4.8017301755948819e-05 0.0085006291785132311 0.0092361511239126594 0.014083811119880819 -0.0077570306861044309 0.00032517821338717807 0.00080637044329689251 0.019648379910559913 -0.013492769270910837 0.022127493561939094 0.0089027188106055224 0.0032177109244993229 -0.010769118445349769 -0.023066720201249273 0.0087838913860407049 -0.0082260793238850653 -0.01568516313044295 -0.037900546253394701 -0.0089723643725121913 0.02990567418442466 -0.018455441342768102 -0.008246619521221684 0.0093068684589051025 0.024848024155779677 -0.0099831463230389394
leaf_weight=76.604155692406493 17.332982377186454 6.2978346018001039 186.99983749331068 49.678683498311329 17.213348189383169 332.44817124389351 35.682693019242151 30.300431109964848 23.80824595087552 55.146686148162644 5.5736749658028648 3.7692917947306368 38.387657111653425 8.0531011006696627 23.390218165337274 14.235951387983507 22.384175790398331 89.79720263653121 12.313325851730495 4.4081218648489076 5.7350566257198334 9.9361840481460586 9.1511095492542136 7.7258796171063286 11.488627998608537 10.28463957287431 2.9592001009641526 6.6344685269209549 3.2767352531482166 19.793657309748369
leaf_count=920 110 86 1212 395 200 2575 255 58 281 777 32 69 413 73 255 94 239 914 113 47 23 41 77 36 131 88 8 20 13 185
internal_value=-0.000400831 0.000438941 -0.0032 0.000700886 0.000850152 0.00108888 0.0028623 0.00183692 -0.000519761 -0.00175609 -0.00273228 0.00280129 0.00760502 0.00802958 -0.00443379 -0.00265325 -0.00417798 -0.00707843 0.00107358 0.0045085 0.00958852 -0.00744984 -0.00795074 0.00389459 0.00513286 -0.00253564 0.00882376 -0.00144133 -0.0127579 -0.00779268
internal_weight=1140.81 877.207 263.604 859.874 853.577 836.363 398.431 362.749 437.932 360.244 328.383 76.6754 53.1124 31.8613 251.707 196.561 173.17 111.759 61.4113 49.098 34.7537 14.3443 14.7248 21.9618 77.6879 25.05 52.6379 12.3695 13.5614 23.5629
internal_count=9740 7608 2132 7498 7412 7212 2888 2633 4324 3689 3335 776 522 354 2559 1782 1527 1044 483 370 282 88 109 130 635 232 403 43 101 254
is_linear=0
shrinkage=0.0218826


Tree=93
num_leaves=31
num_cat=0
split_feature=39 37 42 2 205 192 192 76 205 97 176 176 221 153 45 107 5 34 28 88 89 86 147 207 45 119 85 217 103 18
split_gain=5.54726 5.91232 5.91467 5.79718 5.38286 6.6723 5.14392 6.52738 6.76426 6.7233 9.662 9.31788 7.86328 6.25715 6.27255 6.11132 5.68973 5.41379 6.62586 5.49713 5.56009 5.40151 5.25167 6.63576 5.32449 5.23775 5.23452 4.91873 4.91847 4.8311
threshold=1.0980000000000003 0.59166666666666679 85.850000000000009 0.28683765378438025 0.34110465013383334 9.6364792451583892 8.6225494786645012 20.650000000000002 0.18659103748340961 0.27529227130055051 -0.033755177053534695 0.011219387755102036 -0.00084392468698303569 0.44559378655034232 0.17364817766693022 7.3614614206100191 1.66006724296064 0.27450917964866001 0.28174673551795798 95.094628680733535 0.35244096572853328 2.9684134436622256 5.9884500000000012 1.1745065973753051 -0.92384435400961373 22.894444444444449 25.150000000000002 0.060766902011921357 7.8581195546950644 3.5000000000000004
decision_type=2 2 2 2 2 2 2 2 2 2 2 2 2 2 2 2 2 2 2 2 2 2 2 2 2 2 2 2 2 2
left_child=6 2 3 4 5 -2 7 9 -9 11 -11 13 21 16 -15 -14 28 19 -19 20 -12 -13 26 24 -24 -26 -10 -4 -1 -8
right_child=1 -3 27 -5 -6 -7 29 8 22 10 17 12 15 14 -16 -17 -18 18 -20 -21 -22 -23 23 -25 25 -27 -28 -29 -30 -31
leaf_value=0.0083146129019344081 0.007902396037567835 -0.017569418791700372 0.010550829516035996 0.02435080128233998 -0.011848224070827565 -0.0027727455732934406 -0.00034580340248637327 0.00023567008736341305 -0.013937079550230035 -0.0075167495664706712 -0.025044459409382797 -0.022562491651508684 -0.015178951697121605 0.0055005928916613527 -0.01684500378775514 0.00098203450783956783 0.021737196557043863 -0.02713252227085038 0.0065498805068358356 0.0023766290654618897 0.00043780246442709492 0.0075835795083449642 -0.01520983999375437 -0.0052577159780162683 0.0004386662485569594 -0.00012979936412166489 0.00067282028146882977 -0.025399920639315409 -0.010629223539101952 -0.018047709745928567
leaf_weight=90.138956116131794 20.801482625064864 8.0930662794285109 42.924119857765618 13.331299817474472 19.762326482249136 30.837314484443596 329.55356329453002 21.802948125370676 33.949102216824258 34.321359228361416 19.450460023525011 24.773772491103504 16.60367345897248 23.538316772080179 12.061678351382623 35.42899829182079 26.36276418792886 16.423816197831915 12.220103265584383 59.574053204622487 21.509783404670543 4.6416371762752524 14.70101024761925 25.72983283435974 52.277213206538363 75.730323887276882 10.299251556665011 5.4637278766072077 8.8577311539459043 29.647662480259442
leaf_count=861 264 44 223 143 220 370 3102 156 368 129 233 196 76 216 116 201 204 116 150 465 143 11 148 125 329 596 144 28 57 306
internal_value=-0.00025449 0.0037889 0.00493445 0.00137442 -0.00110788 0.00257829 -0.000831395 0.000340343 -0.00255523 0.00202249 -0.00138862 0.00433301 -0.00165729 0.00737662 -0.000629903 0.0034078 0.00966456 0.00134896 -0.00688362 0.00376124 -0.00232777 -0.0105724 -0.00376302 -0.00195483 -6.41627e-05 0.00137273 -0.0104196 0.010981 0.00710325 -0.00292516
internal_weight=1140.81 141.213 133.12 84.7324 71.4011 51.6388 999.598 640.397 234.49 405.907 163.5 242.408 81.4481 160.959 35.6 52.0327 125.359 129.178 28.6439 100.534 40.9602 29.4154 212.687 168.438 142.709 128.008 44.2484 48.3878 98.9967 359.201
internal_count=9740 1292 1248 997 854 634 8448 5040 1866 3174 1236 1938 484 1454 332 277 1122 1107 266 841 376 207 1710 1198 1073 925 512 251 918 3408
is_linear=0
shrinkage=0.0218826


Tree=94
num_leaves=31
num_cat=0
split_feature=54 158 91 7 213 94 94 159 36 195 154 30 99 28 99 41 139 29 44 218 95 21 62 25 42 30 217 208 30 205
split_gain=4.59929 4.69155 4.3145 4.5539 3.99753 3.92304 4.34389 4.70818 3.88829 4.11734 4.09671 4.5191 3.83209 7.80331 5.8124 6.20265 7.78179 6.88638 7.32365 7.24411 6.72416 6.64441 6.56042 6.29735 6.28108 6.54993 5.62526 5.25218 5.33048 5.04666
threshold=9.5098959483668342 93.325618513542295 3.5013635416074442 0.043249295765737134 10.208523184132941 0.15248917748917754 0.18544973544973548 0.30925426976562648 0.31677181531727122 49.885869023623997 2.2114301378074352 0.21381345884568534 0.023968872175963236 0.28528912317218774 0.029818793660058004 3.3705884368003951 1.8135354152907193 0.07349352296318247 -0.35019404643548446 0.00033887056826702183 0.20970193156191788 2.4483840968741224 13.350000000000003 4.2479329137307031 72.65000000000002 0.28103026889051369 0.023642959053293142 3.0970138244644088 0.22595183425315354 0.20405154030655323
decision_type=2 2 2 2 2 2 2 2 2 2 2 2 2 2 2 2 2 2 2 2 2 2 2 2 2 2 2 2 2 2
left_child=5 2 -2 4 -4 -1 7 -7 9 -5 11 -10 13 -8 -14 17 20 18 19 22 -17 -20 -16 27 26 29 -18 28 -19 -26
right_child=1 -3 3 8 -6 6 12 -9 10 -11 -12 -13 14 -15 15 16 24 23 21 -21 -22 -23 -24 -25 25 -27 -28 -29 -30 -31
leaf_value=0.019159784758471222 -0.014246763920122528 0.008223376695319454 0.048921908831162403 -0.00010090821668929784 -0.040755483047744692 0.00055905922562436206 -0.0041686659556412183 -0.011455010181142946 0.00091377019648281651 0.0025505335527659738 0.0030759980155148302 -0.0056536718467912897 0.00043082772914933916 0.011660069678077241 0.0002148813287136669 0.00063833293548058202 0.00019759572873943111 -0.01118290579564904 -0.031718472481707075 0.012596703829426244 -0.0099117957298422935 0.02038310460027222 -0.013570996498278323 -0.0001202893285334346 -0.0032805951227508341 -0.017983125781192082 -0.013632099343486083 -0.011488785527397082 0.0056189154929095269 0.0083607964932548868
leaf_weight=6.1633592159523678 16.402682481611691 19.505663699826982 8.0344430515901859 9.0119114002786791 1.9223339045549881 8.2800272788649654 184.4680329369678 21.543409768885795 14.773286172661072 8.4313509615599269 11.532373842296918 92.302949081963561 219.14938461014344 40.483773514461973 2.6936321865655435 12.276691281390866 37.60397968593611 11.972107971701005 5.8073985603216434 10.526938265861643 32.590564994706938 27.515304649937434 16.768259137983932 92.01251426224735 5.4103613929735266 12.972703757296584 18.971082731300612 62.425813346668292 20.455767933505285 108.80324651669707
leaf_count=114 236 168 200 121 61 94 1637 162 150 115 104 843 1603 437 15 72 254 83 91 113 188 335 174 807 16 43 137 624 198 545
internal_value=-0.000472968 -0.00365541 -0.00488724 -0.00361492 0.0100533 0.000130099 7.18868e-06 -0.00809735 -0.00469107 0.00469287 -0.00611948 -0.00746767 0.000279265 -0.00219507 0.00108281 -0.000263358 0.00233051 -0.00264608 0.00353136 -0.00418875 -0.00574053 0.0105054 -0.012002 -0.00476177 0.0043344 0.00702412 -0.00167176 -0.00869605 -0.00139037 0.00871121
internal_weight=1140.81 181.917 162.411 146.009 9.95678 958.894 952.731 29.8234 136.052 17.4433 118.609 107.076 922.908 224.952 697.956 478.806 228.629 250.178 63.3115 29.9888 44.8673 33.3227 19.4619 186.866 183.761 127.186 56.5751 94.8537 32.4279 114.214
internal_count=9740 1998 1830 1594 261 7742 7628 256 1333 236 1097 993 7372 2074 5298 3695 1255 2440 728 302 260 426 189 1712 995 604 391 905 281 561
is_linear=0
shrinkage=0.0218826


Tree=95
num_leaves=31
num_cat=0
split_feature=64 176 147 36 52 35 68 35 208 36 155 222 139 223 143 44 176 44 137 30 203 131 155 134 143 87 145 222 32 17
split_gain=5.95333 6.2239 5.19073 4.97317 5.15521 6.25639 5.71162 4.75988 6.50168 5.55827 7.04329 5.97568 5.2446 5.16694 6.29292 4.98312 4.87344 5.62046 8.68222 5.59819 5.71063 6.21273 5.99957 5.64365 6.55789 6.08998 8.53819 6.40002 5.95249 5.54685
threshold=20.750000000000004 -0.033755177053534695 4.6234000000000011 0.56364912898355601 0.11181649831649833 0.10648820426643192 -1.5499999999999998 0.096721528172313817 3.5157931389420245 0.32632156250136868 1.9861509909926427 5.1062968624781933 1.5551320327629543 0.18388999999999989 -0.68407756148157117 -0.72534675097891055 -0.055970573213882928 0.94828754594723541 -0.97595571617710009 0.20396705504331217 6.0833720060377177 0.36114061435559114 2.1113893038860709 1.0433835019102704 -0.29210244582209682 0.47708629252666951 0.40714326739793838 1.9849121621621635 0.13379768979146039 6.8350000000000009
decision_type=2 2 2 2 2 2 2 2 2 2 2 2 2 2 2 2 2 2 2 2 2 2 2 2 2 2 2 2 2 2
left_child=7 -2 -3 4 5 -4 -6 8 13 10 12 15 -10 -1 -15 -12 -9 19 -19 -18 23 22 -22 25 28 29 27 -27 -25 -21
right_child=1 2 3 -5 6 -7 -8 16 9 -11 11 -13 -14 14 -16 -17 17 18 -20 20 21 -23 -24 24 -26 26 -28 -29 -30 -31
leaf_value=0.022170741001549265 -0.0038532686132289962 -0.0032554159513269315 -0.0030954587728672447 -0.0094213494034822692 -0.017582980467387106 0.012753680332475285 0.0090417749429310239 -0.0069564875707478335 -0.014755574589279438 -0.0068928289924018483 -0.029906520920451041 -0.01999744003906222 0.02442201457600128 0.00070539179123572601 -0.0045998625510565343 0.0002210853502137214 0.0010296494017030188 0.00076516446704377034 -0.014849647751869291 -0.0005240667030493388 0.018207488286024344 -0.011586321304340548 -0.010360194990199242 0.016787733774147402 0.015599785426247506 4.2610834410037315e-05 -0.0019711011100317422 0.011272975448362669 -0.0021783904126916106 0.004568554383920535
leaf_weight=25.336691303203224 38.217362772516026 20.883617014424772 9.1267119183289669 25.885652173501967 13.266521336596268 9.7733337030181229 147.91122450735406 26.405561162906452 3.1439065349111415 119.62274615366277 14.037212470468146 25.527898174117354 13.379536961114125 9.3801349187770011 28.05023122164107 31.428525546719129 53.229326782538465 5.7185197416515612 38.403505479651358 204.30133520036838 13.945617179257399 57.514122967184221 15.621408143280403 4.7414006416329384 21.673689660769469 37.718635657339064 37.140673318603376 58.923808069854886 12.638526007596282 17.863911873725783
leaf_count=401 200 288 86 154 51 82 963 93 31 1199 183 208 180 60 440 390 465 31 377 1714 92 521 83 26 182 355 188 439 57 201
internal_value=-0.000456617 0.00240792 0.003794 0.00485995 0.00615413 -0.00440789 0.00742758 -0.0013286 -0.00374177 -0.00561082 -0.00135808 -0.00439963 0.0111287 0.00237037 -0.00272637 0.000332372 -0.000244848 0.000174652 -0.00725352 0.000802657 4.74588e-05 -0.00499186 0.00302904 0.00117415 0.00898568 0.000290073 0.00397287 0.00739634 -0.000899297 -0.00191999
internal_weight=1140.81 265.064 226.847 205.963 180.078 18.9 161.178 875.747 269.907 207.14 87.5171 70.9936 16.5234 62.7671 37.4304 45.4657 605.84 579.434 44.122 535.312 482.083 87.0811 29.567 395.002 39.0536 355.948 133.783 96.6424 17.3799 222.165
internal_count=9740 1824 1624 1336 1182 168 1014 7916 3092 2191 992 781 211 901 500 573 4824 4731 408 4323 3858 696 175 3162 265 2897 982 794 83 1915
is_linear=0
shrinkage=0.0218826


Tree=96
num_leaves=31
num_cat=0
split_feature=147 21 49 207 107 135 53 42 109 89 97 221 161 38 32 22 45 114 120 90 19 93 76 46 40 73 208 95 57 146
split_gain=6.85222 5.38623 5.33732 7.67071 8.32525 6.62268 7.15569 7.16232 6.77897 6.53378 6.34963 6.75255 5.85322 5.79841 5.50077 5.40345 5.39974 5.93419 5.2256 5.11913 4.9302 7.14767 5.12755 4.58737 4.44964 4.34139 5.1941 4.20681 4.58833 4.55921
threshold=12.120100000000001 2.2498875562218896 11.250000000000002 -0.35490099630995869 6.258048087879077 0.039178988190384227 0.42579870549846793 78.550000000000011 58.681159420289866 1.5225395310570422 0.17027121814355858 -0.010101010101010098 -1.4299192685536466 1.05 0.13660123652807518 5.5399441676184233 0.27563735581699933 0.33550509337860784 0.69103399783356467 5.5000000000000009 7.5000000000000009 3.2595698183940778 21.150000000000002 4.5000000000000009 8.6533657831561701 46.45000000000001 3.8806751793899825 0.31194620873519963 59.138659793814448 0.18114650420688508
decision_type=2 2 2 2 2 2 2 2 2 2 2 2 2 2 2 2 2 2 2 2 2 2 2 2 2 2 2 2 2 2
left_child=2 -2 9 -4 -5 6 7 8 -6 10 14 12 -12 27 -1 -10 17 18 -8 -18 21 -3 23 -23 -14 -20 -27 28 29 -13
right_child=1 20 3 4 5 -7 16 -9 15 -11 11 13 24 -15 -16 -17 19 -19 25 -21 -22 22 -24 -25 -26 26 -28 -29 -30 -31
leaf_value=-0.0017970761917959928 -0.014157128050209543 -0.029239522618184532 -0.014220101857040545 -0.0046842555988994006 -0.01269582468975297 -0.012790109665145499 0.013619961993415907 0.0028280058151360183 0.014335928739668651 0.020891282442976104 -0.0051668005427737487 0.00044156382771551805 0.022962855326115871 0.007979982147225213 0.016442940206929938 -0.013643375826806432 0.010638384608552497 0.019049011974695457 -0.014320410951704908 -0.014914788624845327 0.00077451161492325205 0.0087293262834279763 -0.0035207153686660718 -0.0025812329184158262 -8.8049412375129144e-05 0.020201700450243863 -0.01443268354365934 0.001822525995236493 -0.023686400795861845 -0.00022446776722392253
leaf_weight=4.3188464821482766 19.810811058118134 11.164331045329162 54.569128251903976 40.326666623373967 13.331937123999067 17.906300079528137 8.6338276590608967 45.501982816173495 14.488369521521919 13.746354012928576 137.870906907586 89.376080384399756 7.2286966109315918 28.147407755165887 16.071129491548163 4.1869933920711437 22.581881599224062 4.3188333278678774 36.01369919769445 13.192983127357364 33.603306185589418 44.539902614849098 20.398295533530245 10.905102401971815 8.616330674500885 6.9109197936486435 7.9719671190023291 32.061620465585065 12.430782968558558 360.58595437154622
leaf_count=87 195 79 213 125 45 66 32 163 77 136 1531 1108 150 385 177 19 121 24 144 43 90 358 189 30 107 38 40 498 100 3370
internal_value=-0.000765479 0.00374177 -0.00140375 -0.00390254 -0.00215392 -0.000249836 0.00103721 0.00600413 -0.00182958 -0.000376367 -0.000682946 -0.00105554 -0.00507484 0.000126705 0.0111005 0.00648157 -0.00281324 -0.00661491 -0.00849898 0.00388295 0.00549433 0.00264805 0.00511103 0.00854738 0.00716765 -0.0111742 -0.000923861 -0.000423905 -0.000965933 -0.000584131
internal_weight=1140.81 140.422 1000.39 289.935 235.366 195.04 177.133 77.5093 32.0073 710.454 696.708 676.318 153.716 522.602 20.39 18.6754 99.6241 63.8492 59.5304 35.7749 120.611 87.0076 75.8433 55.445 15.845 50.8966 14.8829 494.454 462.393 449.962
internal_count=9740 941 8799 1150 937 812 746 304 141 7649 7513 7249 1788 5461 264 96 442 278 254 164 746 656 577 388 257 222 78 5076 4578 4478
is_linear=0
shrinkage=0.0218826


Tree=97
num_leaves=31
num_cat=0
split_feature=63 172 101 121 121 114 9 147 29 46 53 62 29 115 151 103 150 7 104 86 1 56 221 108 138 7 218 24 218 223
split_gain=5.41515 6.3712 6.48887 7.38773 7.95002 6.66267 7.80526 6.28254 6.09462 5.90402 6.06561 5.842 5.58753 6.57257 6.48189 6.96102 8.01728 6.52069 6.35403 6.18277 5.91121 7.01607 5.54882 5.70715 5.35876 5.28504 5.23837 5.56367 5.132 5.0221
threshold=22.950000000000003 -0.0012323446327683338 0.050662077816018204 0.71804010518898809 0.7197249640865081 0.24207173985920219 0.20355002624493934 4.8823500000000006 0.05551457452608876 6.5000000000000009 0.45870859995860003 13.750000000000002 0.070316593753097067 0.24531231688737845 2.094185933347954 4.5014071294559104 0.04209992080517002 0.12668712848239352 5.151931438653981 4.087417169492344 6.5990000000000011 86.747458669446232 0.025291381474689314 68.622236128493967 -0.13490179280004841 0.08496820378928259 -0.039916571785633674 9.8546743442379601 -0.010518780119078029 0.33615499999999993
decision_type=2 2 2 2 2 2 2 2 2 2 2 2 2 2 2 2 2 2 2 2 2 2 2 2 2 2 2 2 2 2
left_child=1 2 3 25 -5 8 9 -8 -6 -7 -11 -9 13 -2 15 16 20 19 -15 -17 21 -14 23 -20 -23 26 -1 -28 -25 -26
right_child=12 -3 -4 4 5 6 7 11 -10 10 -12 -13 14 18 -16 17 -18 -19 22 -21 -22 24 -24 28 29 -27 27 -29 -30 -31
leaf_value=0.016444284496702585 -0.012465889306076365 9.1400588885847366e-05 -0.0060654595048684843 0.0051617387148791705 -0.029359589657038866 0.0038691122476286412 0.027297304321790023 0.0022143268763580868 0.0058510093104689933 0.00014123332661482998 -0.015501750946167854 -0.010781052819041003 -0.0097796940933001335 -0.023800616911279486 0.023347981722902259 -0.0089307372297798993 -0.014280853671406262 0.016425285653438839 0.01247950798347508 0.0055395210099108876 -0.016336937903973364 0.0072038251440999434 -0.0069136851058891934 0.0085383055085905823 -0.00040393439757381501 -0.0087574443872395127 -0.0015145131099748872 0.0026263905572808852 -0.019441716500629369 0.0014617091449800534
leaf_weight=7.0941257397817017 12.5538403460514 222.8453024071764 65.961777917440031 22.300394763197119 5.3369815242758696 74.14504232209697 9.7132244526549112 7.2143414153808854 61.510547525839684 15.5715768635273 12.596035510301588 79.223281693627769 19.38662841339783 6.2576170690699646 10.459404551699661 61.499497733961107 11.443291504746183 8.5620312589358019 54.655933886870343 7.7625196725130072 11.744662076949224 81.950732050647048 4.4013861517298656 3.7379913839040455 67.192492833173219 54.899773237310001 50.0316057428563 8.0835533254769398 7.6156222617321401 75.060132960389865
leaf_count=55 173 2122 426 144 27 717 149 57 586 35 21 531 142 38 50 428 108 39 499 19 103 832 66 28 636 495 522 76 107 509
internal_value=-0.000358576 -0.00156419 -0.00300022 -0.00195067 -3.16951e-05 -0.00111133 -0.00313221 -0.00758568 0.00480841 0.00104933 -0.00730973 -0.00948089 0.00152395 0.00639481 0.00027955 -0.000244888 0.00142831 -0.00597615 0.00881402 -0.00824401 0.00226184 0.00301763 0.0107289 0.0123558 0.00412736 -0.00648935 -0.00217177 -0.0044311 -0.00143517 0.00151548
internal_weight=1140.81 696.528 473.682 407.72 287.611 265.311 198.464 96.1508 66.8475 102.313 28.1676 86.4376 444.284 89.2224 355.061 344.602 266.778 77.824 76.6686 69.262 255.335 243.59 70.4109 66.0095 224.203 120.109 65.2093 58.1152 11.3536 142.253
internal_count=9740 5963 3841 3415 2267 2123 1510 737 613 773 56 588 3777 911 2866 2816 2330 486 738 447 2222 2119 700 634 1977 1148 653 598 135 1145
is_linear=0
shrinkage=0.0218826


Tree=98
num_leaves=31
num_cat=0
split_feature=137 100 79 105 90 55 135 36 50 110 106 155 206 80 151 1 62 107 207 91 122 60 217 139 29 28 53 21 110 52
split_gain=5.64716 4.70642 4.75484 4.50465 5.23413 4.95327 5.10884 4.50352 4.3279 4.17454 4.04948 7.23006 6.85553 4.38244 4.08781 4.01516 3.95239 3.93417 5.59359 4.57114 3.96161 5.85589 5.66707 5.57594 5.26837 6.13944 5.02412 7.20165 7.35712 6.79878
threshold=1.5491463646892749 0.021201678154030571 48.650000000000013 0.61414392059553358 11.500000000000002 41.389765920786566 0.017513589746863501 0.34915116195415813 3.2500000000000004 0.27348633365505454 1.4339856372973345 2.1892473052569033 9.5034190908778893 41.95000000000001 -2.1579217830804831 5.2650000000000015 26.750000000000004 13.014994829369185 0.27246816851451033 3.9225675425112416 4.0000000000000009 0.46207825441252076 0.044152018962594221 1.1663823709603001 0.093787913204605403 0.18877601688297788 0.48920576172164199 0.75595238095238104 0.27854481388547137 0.18859217171717177
decision_type=2 2 2 2 2 2 2 2 2 2 2 2 2 2 2 2 2 2 2 2 2 2 2 2 2 2 2 2 2 2
left_child=3 -2 -3 10 5 6 7 -5 -4 -6 11 -1 13 15 -12 -13 -9 20 19 -19 22 24 23 -16 25 -22 29 -28 -29 -27
right_child=1 2 8 4 9 -7 -8 16 -10 -11 14 12 -14 -15 17 -17 -18 18 -20 -21 21 -23 -24 -25 -26 26 27 28 -30 -31
leaf_value=0.0019663003151687381 -0.015124505780470213 0.010020925606041274 0.028179656020131252 0.0096909736531168352 0.0033410106089957398 0.019009292612709859 0.025876104492427502 -0.020377037347456741 -0.029223905529195401 -0.019367719506285866 -0.014118858296070206 -0.0060203318564191659 0.02630016894769972 -0.0093195079921792514 0.019162522063592063 0.019075052782215059 0.0032228073112549258 -0.012425663185101661 0.017781791973327066 0.00057497309753343153 -0.0083047330608033883 -0.0088665886818902282 0.010355246597354142 -6.4385484097568538e-05 -0.0032255201606819607 0.00012052378866084945 0.016503514318949551 -0.011941173057208654 -0.00012637921190218317 0.00028926250818130377
leaf_weight=56.531796331677469 9.7040260683756951 27.872432304780887 4.5802888095481631 7.3239166632206461 3.819998582708652 10.095266819959759 4.3378834742379686 18.399950881626413 7.914978348184377 19.000010825664503 12.852273625793712 5.5311071851194828 9.2112884308542089 17.376813768619741 12.254768300917929 5.871147321493936 3.5971403125795396 9.0346770473524902 10.109438618837883 17.252139595908375 28.687127061098636 38.299696461114536 23.33874827780528 116.47169751499314 209.51521414643366 289.59582420625406 7.2232304460792411 34.973080505036478 84.23469111743384 35.800695543003485
leaf_count=351 47 242 51 68 16 104 60 113 20 107 111 27 58 111 55 52 25 32 51 155 425 875 89 398 1717 2976 43 275 816 270
internal_value=-0.000133763 0.00698895 0.0102734 -0.000468492 -0.00595008 -0.00136315 -0.00546804 -0.00886544 -0.000711981 -0.0142678 -0.000104751 0.0041871 -0.00309871 -0.00840284 -0.00054771 0.00186891 -0.0137299 -0.000366868 0.0065968 0.000973831 -0.000664033 -0.0013378 0.00253276 0.000678162 -0.000864952 0.000392823 0.00102868 -0.00265019 -0.00399789 0.00247064
internal_weight=1140.81 50.0717 40.3677 1090.74 66.5742 43.7542 33.6589 29.321 12.4953 22.82 1024.17 94.5222 37.9904 28.7791 929.643 11.4023 21.9971 916.791 36.3963 26.2868 880.395 728.33 152.065 128.726 690.03 480.515 451.828 126.431 119.208 325.397
internal_count=9740 360 313 9380 493 370 266 206 71 123 8887 599 248 190 8288 79 138 8177 238 187 7939 7397 542 453 6522 4805 4380 1134 1091 3246
is_linear=0
shrinkage=0.0218826


Tree=99
num_leaves=31
num_cat=0
split_feature=74 39 28 40 136 222 145 192 76 98 147 97 136 113 114 3 206 147 3 51 206 217 21 5 117 105 104 218 110 93
split_gain=5.18291 5.14159 6.24622 6.32205 4.88564 4.70997 4.47986 4.84602 6.56259 7.92194 6.75568 5.98109 5.96121 5.5052 8.85048 8.08549 6.98804 5.43348 5.72427 6.29397 5.36498 5.15134 7.37949 7.06174 5.90822 5.94542 5.50669 6.59121 7.82313 5.41706
threshold=0.42650000000000005 1.0980000000000003 0.26332651979710814 8.8698004201680689 1.0011965293764122 8.9083161263907691 2.8012934600967694 8.7230262005826074 20.650000000000002 0.050797894915541979 6.0665000000000013 0.27529227130055051 2.4671445604311133 20.500000000000004 0.27532160885849216 11.004052235027848 10.09572222003897 6.740800000000001 5.1281110635158624 0.26502777777777786 9.5580887882383951 0.0013603720840562885 4.131472613307869 1.1967711661422022 0.13976744186046516 0.53717523493642905 7.6819852941176476 -0.0099496370875085931 0.28282519119745869 3.2872459027232179
decision_type=2 2 2 2 2 2 2 2 2 2 2 2 2 2 2 2 2 2 2 2 2 2 2 2 2 2 2 2 2 2
left_child=1 6 5 -4 -2 -3 7 8 11 10 -10 21 13 14 -13 -16 20 -12 -19 -20 -15 23 24 -1 -23 -26 -24 29 -29 -28
right_child=4 2 3 -5 -6 -7 -8 -9 9 -11 17 12 -14 16 15 -17 -18 18 19 -21 -22 22 26 -25 25 -27 27 28 -30 -31
leaf_value=-1.5041749353278858e-05 -0.0088651043712067393 -0.00066729135500206386 0.0075830795110719378 -0.006909309806884539 0.0022217482961536697 0.00037223644650496995 0.0028962124951803707 -0.0016039953372550826 -0.010822721457183267 0.00032557382789205559 0.012755512484455918 -0.0098663555443885935 -0.025106798616444242 0.00037333855694508941 0.0026142693625271626 -0.01690698878446242 0.001896985350823887 0.0054680629697316961 -0.0036086973059300002 0.00071488522456030661 -0.02897439827842747 -0.017252296868859422 -0.0099533652080276026 0.0073196370917398314 0.0064740633433472321 -0.002046619929836463 -0.032870676295552015 0.013065268284782394 -0.013029951241287257 0.023493810248574405
leaf_weight=26.053794551583906 39.259632451309244 56.857224969451181 50.53517531729949 14.987355529518252 13.839974770576189 10.393480100387022 15.856557067236279 306.02549099516887 40.952778035082474 23.590562009672112 14.825535854575717 38.179620836851882 7.3599714434649277 26.92573734063626 17.934549416593885 12.440612555306414 49.939165951172299 12.668169652578852 119.59962253142021 22.224203003401954 10.936629144090828 4.9933230949818599 24.316250433684672 52.138867859707489 59.459020068808286 11.991598623593516 3.9106577782172307 9.9436837824455306 22.770019645588263 19.902083782309091
leaf_count=203 351 634 367 163 93 56 58 3007 526 149 124 282 45 217 134 106 362 71 869 153 77 90 145 399 473 71 23 135 239 118
internal_value=-8.51223e-05 0.000240168 0.00426306 0.0090301 -0.00671057 -0.000387483 -0.000319023 -0.000521296 0.000567875 -0.00233159 -0.00369953 0.00227552 -0.00091922 1.25809e-05 -0.00458498 0.00410169 0.00364647 -0.00172486 -0.00297068 -0.0042605 -0.00334718 0.00450541 0.00217658 0.00908076 0.00702675 0.00869833 -0.00239556 0.0013261 -0.0049464 0.00994992
internal_weight=1140.81 1087.71 132.773 65.5225 53.0996 67.2507 954.939 939.082 633.056 233.861 210.27 399.196 163.716 156.356 68.5548 30.3752 87.8015 169.318 154.492 141.824 37.8624 235.479 157.287 78.1927 76.4439 71.4506 80.8427 56.5264 32.7137 23.8127
internal_count=9740 9296 1220 530 444 690 8076 8018 5011 1892 1743 3119 1223 1178 522 240 656 1217 1093 1022 294 1896 1294 602 634 544 660 515 374 141
is_linear=0
shrinkage=0.0218826


Tree=100
num_leaves=31
num_cat=0
split_feature=35 151 120 221 36 176 36 87 106 43 206 26 137 42 155 34 119 85 105 67 33 78 11 42 133 196 37 88 5 142
split_gain=5.41078 7.59409 6.75658 8.23188 6.19083 6.16703 6.08704 6.8031 6.6426 8.01261 7.15306 8.08276 7.34253 6.34492 6.19644 5.96926 5.9214 5.53279 7.54446 5.76561 5.50039 5.86087 5.54683 6.73019 5.45368 5.41582 6.1605 5.608 6.3981 5.21631
threshold=0.090407261314365286 -0.010342363877408276 0.73158966804090408 -0.011126356721483242 0.35951721844288115 -0.063165501702286839 0.37425195358974161 0.47545375972342269 0.95574098610210589 6.0500000000000007 8.6293649683328724 3.6212128944346174 -0.95981675874759598 86.450000000000017 1.7779656508917459 0.28398261628589044 24.472222222222225 25.450000000000003 0.5270467836257311 32.750000000000007 0.35702319212607087 8.6500000000000004 4.0439990745836978 73.250000000000014 -0.0054274228824963402 11.102101346394056 0.40588235294117653 94.005329479275588 1.5829397107920553 1.2398039512190786
decision_type=2 2 2 2 2 2 2 2 2 2 2 2 2 2 2 2 2 2 2 2 2 2 2 2 2 2 2 2 2 2
left_child=1 2 3 -1 -4 -2 13 8 -8 14 11 -11 -12 -7 -10 -14 20 19 24 -3 -9 -22 -23 29 -19 26 27 -13 -29 -24
right_child=5 17 4 -5 -6 6 7 16 9 10 12 25 15 -15 -16 -17 -18 18 -20 -21 21 22 23 -25 -26 -27 -28 28 -30 -31
leaf_value=-0.013433227003635835 -0.011707089364654869 -0.012114785116517366 -0.016874770928298512 0.0066840814583464993 0.0044073924247288176 0.00016435746527640368 0.00032540203455240095 -0.0014498824365728204 0.013582186428786839 0.011000538417600273 0.00094248642426692202 -0.012092355543665716 -0.0005925661720079246 0.0088098976785778889 -0.010729876508156662 -0.022105880376875896 -0.0049889726831229943 -0.0043318614368236634 -0.0099268479489934107 0.00070487947335135578 -0.0011564719197109804 0.00049091242889500049 0.032591008099202456 0.016345110158131518 0.0065292771735055433 0.0081354003471527415 0.00015298607446171945 -0.01368939108938047 0.024832538540706786 -0.0042120059365809712
leaf_weight=9.9666750921569456 16.697685903291131 72.072716106255029 30.068199375017684 54.970108337484362 12.959065874836595 99.645128260800675 45.264514038925654 54.094270981231375 14.317932176266593 39.073209358027498 16.665612754820813 26.562401553903783 123.89062871623946 30.514727811919556 87.169342490906956 16.596644536204394 45.42616454881545 17.297003945856432 20.271414639857539 9.7216557816605 30.048867942291963 51.768055620624182 9.7700488657997102 67.083958281089963 29.758394015211934 26.77528963503255 49.384194146810614 15.653436201483375 7.3840203634927084 9.9399812403987635
leaf_count=165 74 1024 259 621 103 960 268 464 214 300 88 286 752 166 1066 131 416 220 119 55 139 424 131 389 281 190 251 91 45 48
internal_value=-1.10267e-05 -0.00280276 0.00158899 0.00603735 -0.00504107 0.000799406 0.00106136 0.000283959 -0.00130126 -0.00216165 -0.000455212 0.00271221 -0.00379402 0.0054099 -0.00749913 -0.00544633 0.00306237 -0.00599465 -0.00126886 -0.00979672 0.00453631 0.00648023 0.00837616 0.011746 0.00350029 0 -0.00238189 -0.00778819 3.18613e-05 0.000313858
internal_weight=1140.81 257.085 107.964 64.9368 43.0273 883.726 867.028 736.869 468.737 423.473 321.985 164.833 157.153 130.16 101.487 140.487 268.131 149.121 67.3268 81.7944 222.705 168.611 138.562 86.794 47.0554 125.759 98.9841 49.5999 23.0375 19.71
internal_count=9740 2847 1148 786 362 6893 6819 5693 3682 3414 2134 1163 971 1126 1280 883 2011 1699 620 1079 1595 1131 992 568 501 863 673 422 136 179
is_linear=0
shrinkage=0.0218826


Tree=101
num_leaves=31
num_cat=0
split_feature=50 5 49 64 40 163 72 123 213 153 5 176 30 115 134 61 97 165 153 72 103 46 109 117 159 29 117 84 40 89
split_gain=5.88023 5.14306 5.66411 6.00962 6.26006 6.56724 6.14851 5.2532 6.84573 6.0003 5.33158 5.66456 5.8407 5.92789 5.05349 6.49716 5.5297 5.38955 5.75379 5.47827 6.98233 6.32378 5.91347 7.6108 7.48768 4.94957 4.94133 4.73174 5.10209 4.89232
threshold=10.750000000000002 0.67998011262930935 18.000000000000004 20.350000000000005 9.1857388091423378 -10.894181965116372 41.300000000000004 5.0000000000000009 11.468788373910309 0.38107484680081488 1.9998024169262834 -0.019942604885212569 0.19408838252287677 0.29415118384868205 1.0433835019102704 0.34779814622763811 0.21652767745748247 0.27854481388547137 0.43457807768051282 36.95000000000001 6.2511519511733526 24.500000000000004 68.9898008742108 0.10084745762711866 0.21502979749301732 0.071418397363967698 0.18624359479700436 58.95000000000001 8.3962977663606662 -0.52185954013449265
decision_type=2 2 2 2 2 2 2 2 2 2 2 2 2 2 2 2 2 2 2 2 2 2 2 2 2 2 2 2 2 2
left_child=1 -1 3 7 5 -5 25 8 14 -10 11 -9 -13 -14 15 17 -17 18 -3 22 21 -21 23 24 -19 -6 -15 28 29 -11
right_child=-2 2 -4 4 6 -7 -8 10 9 27 -12 12 13 26 -16 16 -18 19 -20 20 -22 -23 -24 -25 -26 -27 -28 -29 -30 -31
leaf_value=-0.0072395927058721624 -0.011581876070249625 -0.00035690892045058936 0.022190871983585891 0.02553580683370792 -0.011450907248313037 0.00039325336544872454 -0.0027735925435780446 0.00023946203301998087 0.00041942024426331107 -0.016505291832099752 0.0026999074329906313 0.021747531335450543 -0.010549516495374273 0.017286251543187591 0.00068945484391320835 0.00016438193131384054 -0.0083107884707211595 0.017006517170689493 0.0036127553436489292 -0.012637035755475147 0.013785780682595216 0.018359532596432866 -0.0048117491792700837 0.00028151551935486389 -0.012145866069199667 0.0023416330087345479 -0.00053251978037545508 -0.021187538354517685 -0.0082663185137428867 0.015501714040344722
leaf_weight=12.444358752637525 19.684252865766439 38.037332528383104 8.897581225508473 33.008292198230265 7.2258369923065429 182.36071965003316 20.021909550508099 73.339874233468436 5.5059481649295767 4.2221605722982103 10.476840582443399 11.369602774619123 140.09658075182233 8.4682748658815381 39.33394350485105 20.80024391192228 27.60684922414157 3.9438460456083275 52.18564305749328 55.02543639610235 10.371215392514385 4.191204920411109 40.180085446453631 180.50575684018077 15.987914999332586 15.854558855361345 41.417548851575702 26.746203119795609 18.750024399775612 12.751307922358363
leaf_count=77 44 595 22 255 43 1460 174 216 172 40 32 40 482 35 540 347 353 26 491 987 125 9 448 1563 102 97 157 296 313 199
internal_value=-0.000115803 9.36768e-05 0.000258199 0.000108429 0.00302396 0.00455368 -0.00449216 -0.000785622 0.000448214 -0.0060083 -0.00319728 -0.00380154 -0.00569505 -0.00662394 0.00136201 0.000687957 -0.00680599 0.00161345 0.0062967 0.000228585 -0.00513219 -0.00807017 0.00180376 0.00335125 -0.00918519 0.00308138 -7.70007e-05 -0.00800984 -0.00258386 0.00585427
internal_weight=1140.81 1121.13 1108.68 1099.79 258.471 215.369 43.1023 841.314 556.145 67.9756 285.169 274.692 201.352 189.982 488.169 448.836 48.4071 400.428 90.223 310.205 69.5879 59.2166 240.618 200.438 19.9318 23.0804 49.8858 62.4697 35.7235 16.9735
internal_count=9740 9696 9619 9597 2029 1715 314 7568 6606 1020 962 930 714 674 5586 5046 700 4346 1086 3260 1121 996 2139 1691 128 140 192 848 552 239
is_linear=0
shrinkage=0.0218826


Tree=102
num_leaves=31
num_cat=0
split_feature=218 118 205 88 162 97 91 97 181 208 59 89 217 53 110 8 135 48 111 222 44 155 153 41 111 32 40 29 196 68
split_gain=5.35048 4.88897 7.2682 5.15526 6.56039 6.59566 6.10026 5.84537 6.5775 6.22672 5.40914 8.59326 6.19864 6.1732 7.7038 6.17277 7.37293 11.3362 5.78175 5.3263 5.28363 5.22957 5.19142 5.1092 5.05072 5.04974 7.95227 6.96527 5.9565 5.90852
threshold=-0.07182966428724645 17.900000000000002 0.43597859792832383 94.336597026344563 -10.587142067371657 0.22149774870444314 3.88768083173782 0.1471728226174191 0.75252529375033173 2.4405453512321151 0.24172027318892442 -0.75433009282085794 0.043050482895047988 0.38423835938067441 0.28828402822157678 0.34658065319260561 0.030843406279732078 1.0000000180025095e-35 19.500000000000004 1.846843549697571 0.91702515554752073 2.1005008618977681 0.47708023194239696 2.9876876152296847 15.500000000000002 0.18017975225798105 8.5837650414226925 0.095126970136055131 12.943722003016303 -1.0499999999999998
decision_type=2 2 2 2 2 2 2 2 2 2 2 2 2 2 2 2 2 2 2 2 2 2 2 2 2 2 2 2 2 2
left_child=-1 2 -2 6 23 20 7 -3 9 -9 12 18 15 14 -13 -7 -17 -18 -12 -14 -6 24 -23 -5 -15 28 29 -28 -8 -27
right_child=1 3 -4 4 5 10 25 8 -10 -11 11 13 19 21 -16 16 17 -19 -20 -21 -22 22 -24 -25 -26 26 27 -29 -30 -31
leaf_value=-0.0049361506108101753 0.0072142311498158305 0.01663436954076326 -0.0017902676098244059 -0.018609348538540221 0.007328166768701772 -0.00027694567434704686 -0.00025979917176300319 0.00027752346608170156 0.00033177169728041881 -0.012976235507225823 0.0098770690336493303 0.014410474647067352 0.010146310209201348 -0.0076149159810677755 -0.015106397657009068 0.0017046832120851791 0.00025445180066926927 -0.021528714870550948 -0.025918452340838734 -0.007505180659019838 -0.011328433952361355 -0.016248037038211403 0.0001708315660047459 0.0079162918345972305 0.00090111028119822681 -0.0096868228078663444 0.0002316181393154803 -0.012759190182890838 0.00047042790593416448 0.0058887611606548923
leaf_weight=24.669234948586563 20.556042442653965 4.3582660362308152 3.8072492168200815 6.7896619608782229 64.787233885602063 28.079482808503599 275.63411028334463 21.628888433170687 12.305404114772498 102.47370785708154 26.210417553435718 20.493443530434437 15.311420788922304 26.013341032752805 11.129596369309409 152.19914780985414 29.367355330488635 16.769242314823714 6.002390739989095 39.902027076368086 9.1141674091227269 47.921813792729381 10.943302672322487 18.25589517339904 16.587645902481199 10.909225354648241 29.798740423902245 17.416027214865608 13.285185687058172 58.091680432162093
leaf_count=120 119 12 28 26 641 202 3185 284 107 843 153 131 171 242 118 1098 140 57 25 208 80 338 39 70 138 48 328 140 157 492
internal_value=0.000388282 0.000616784 0.0101577 0.000393719 0.00189818 0.00135524 -0.00110556 -0.005017 -0.00586883 -0.00740263 0.000341304 -0.00278463 0.0021898 -0.00525216 0.00306081 0.00379928 0.00516792 -0.00241233 0.00719562 -0.00431453 0.00737594 -0.00787712 -0.012071 0.0126756 -0.00189434 0.000253052 0.00409551 -0.00274958 -0.00128887 0.0088017
internal_weight=1140.81 1116.14 24.3633 1091.78 545.878 520.832 545.901 140.766 136.408 124.103 446.931 165.302 281.629 133.089 31.623 226.415 198.336 46.1366 32.2128 55.2134 73.9014 101.466 58.8651 25.0456 42.601 405.135 116.216 47.2148 288.919 69.0009
internal_count=9740 9620 147 9473 3877 3781 5596 1246 1234 1127 3060 1184 1876 1006 249 1497 1295 197 178 379 721 757 377 96 380 4350 1008 468 3342 540
is_linear=0
shrinkage=0.0218826


Tree=103
num_leaves=31
num_cat=0
split_feature=218 96 41 94 87 91 44 28 88 215 117 41 156 50 72 53 22 147 25 212 203 153 120 50 52 52 105 51 87 103
split_gain=5.19207 4.76994 4.48326 4.47942 4.29579 5.93527 6.27849 5.75724 5.43185 7.05741 6.27906 6.15453 6.54649 5.99979 5.99688 5.42153 5.41143 6.73095 5.39692 8.05988 7.62835 6.48421 6.8686 6.10444 6.70622 5.70093 5.8237 5.66302 5.6543 5.43721
threshold=-0.07182966428724645 0.1482928240740741 2.8617188289064015 0.18544973544973548 0.47708629252666951 3.7766817091203042 -0.67556448321067808 0.27986351655388159 93.469503815290423 -143.13625321527175 0.13079116179615113 4.1041811109017656 194.58633616858887 5.2500000000000009 33.800000000000004 0.41921102961531659 3.7352510453500432 13.14005 4.3254822235817967 1.0000000180025095e-35 3.715169700805363 0.39189985099860086 0.71986064191741261 3.2500000000000004 0.14073015873015879 0.13981812169312172 0.5131670131670133 0.24641358024691359 0.46169530431188466 4.2510692153858853
decision_type=2 2 2 2 2 2 2 2 2 2 2 2 2 2 2 2 2 2 2 2 2 2 2 2 2 2 2 2 2 2
left_child=2 -2 -1 -3 8 6 15 -7 9 -5 13 18 -13 14 -11 -6 -12 -18 19 20 -10 -20 25 -22 29 -23 -27 -26 -24 -25
right_child=1 3 -4 4 5 7 -8 -9 11 10 16 12 -14 -15 -16 -17 17 -19 21 -21 23 22 28 24 27 26 -28 -29 -30 -31
leaf_value=0.0010053292869109769 0.0046649731727642554 -0.0017546718008412182 -0.0077945753804666579 0.00058714867336539394 -0.0048768522565984032 0.00014225627137287063 -0.014580197996324816 0.0018534048022555835 0.011495156313039731 0.0079594642264422966 -5.3105811570211385e-05 -0.0090112924707928723 0.011200392687730314 0.0022789067289323943 -0.021317925327297284 0.00977095003041842 -0.011073043567728029 4.9078491371686883e-05 0.0022351853938973095 -0.02188524517253055 -0.0047125283137761263 0.011663755647964204 -9.4917444983991481e-05 0.01245986214047658 -0.006856103804363591 -0.020475233535054087 0.0029733147737422993 0.00030472859006433386 0.0022711658774267071 -0.00024055240885508165
leaf_weight=6.5396887244278359 14.740218289511857 39.431098939332742 18.12954622415873 40.429012149572372 14.817543604837281 227.29167697948674 56.922388944878094 75.829350658045769 16.440573395355159 10.365352189721312 33.932984150965694 6.6942752804250203 24.636900384557293 8.2951706568787795 10.381501524077974 19.342889724124234 79.659570086387248 11.294393080369217 51.68207251313288 20.363990338010808 125.91646794889084 12.662700373962705 23.980579326705538 29.896655175011801 35.071646831690487 29.28480789488458 5.2022582983945531 41.317814179616562 41.172406267385895 9.085814461914195
leaf_count=34 179 420 86 80 97 1822 494 639 153 142 651 42 125 26 190 132 1109 86 334 141 1544 131 216 105 120 214 27 137 236 28
internal_value=0.000241851 0.000467119 -0.00952151 0.00029413 0.000567956 0.0023783 -0.00248328 0.00385207 -0.000497663 -0.00357276 -0.00571389 0.000762167 0.0100095 0.00330446 -0.00295863 0.0048098 -0.00784355 -0.0106059 8.27963e-05 -0.00176529 -0.000684352 0.00322909 0.000231474 -0.00169533 0.00191543 -0.00604339 -0.0106228 -0.00182734 0.00483794 0.0092168
internal_weight=1140.81 1116.14 24.6692 1101.4 1061.97 394.204 91.0828 303.121 667.767 194.358 153.929 473.409 31.3312 29.042 20.7469 34.1604 124.887 90.954 442.078 278.093 257.729 163.985 112.303 241.288 115.372 47.1498 34.4871 76.3895 65.153 38.9825
internal_count=9740 9620 120 9441 9021 3184 723 2461 5837 2284 2204 3553 167 358 332 229 1846 1195 3386 2228 2087 1158 824 1934 390 372 241 257 452 133
is_linear=0
shrinkage=0.0218826


Tree=104
num_leaves=31
num_cat=0
split_feature=49 50 136 163 122 22 115 115 61 8 222 222 143 9 135 142 110 155 31 73 98 157 109 22 139 19 32 56 220 111
split_gain=6.08369 13.9022 7.23888 7.11028 6.68337 7.0442 6.46757 6.00056 5.84659 5.76992 5.26939 8.72014 7.73833 6.87765 6.0244 5.55684 8.7947 6.57327 4.81786 4.62621 4.47306 5.57455 4.39478 4.97144 4.38213 4.3509 4.31567 4.51371 5.99965 4.65464
threshold=10.250000000000002 5.7500000000000009 -1.0280858604962226 32.953425831234192 5.0000000000000009 3.840928425224138 0.24025467512206986 0.20995925233102772 0.35443773334406187 1.8934192271233901 3.7701080334804167 6.0524038383591279 0.28450192110796468 0.14636399820054749 0.038574549738918266 1.5420861705465618 0.28734774781365341 1.9035236361439469 1.0500000000000003 45.45000000000001 0.023682660758854709 237.10418202157493 46.894290123456798 2.0391413025521126 4.3755556417412729 13.500000000000002 0.24493664315965435 90.297980501392757 -0.022105940432838009 11.500000000000002
decision_type=2 2 2 2 2 2 2 2 2 2 2 2 2 2 2 2 2 2 2 2 2 2 2 2 2 2 2 2 2 2
left_child=1 8 4 -3 5 -2 7 -4 26 -7 12 14 22 -13 20 16 -15 19 -14 -18 21 -12 -8 -24 -19 -25 27 29 -29 -1
right_child=2 3 6 -5 -6 9 10 -9 -10 -11 11 13 18 15 -16 -17 17 24 -20 -21 -22 -23 23 25 -26 -27 -28 28 -30 -31
leaf_value=-0.0002115919813750155 -0.01023478908931671 0.0081721242155480406 -5.6426048210937607e-05 -0.025032234628715868 -0.021060722523833609 0.0050684817458375962 0.0010962002954432546 0.024933044508638705 -0.016094912396141581 -0.002297348766255156 0.014065823783085818 0.01605011868660295 -0.014189154847809884 0.00050450222787175054 -0.015997637576113943 -0.017964335286311327 0.020417248807583003 -0.0053684153150614124 0.018570166687675343 -0.0050485134513474283 0.0013045736075394134 -0.00034031483563236493 0.00015221359381625211 -0.012732233878360007 0.0063009029931309374 0.010495994829447124 -0.016771278936157898 -0.026624667293531197 0.0096578196642281601 0.00015278124240783607
leaf_weight=207.4854798368392 12.601597919360755 38.081507699835356 4.4998477116594158 8.0311349170062822 34.077056225389242 26.562395464794463 5.1114113842543238 18.724871258676558 15.587680622761125 7.2127919480276423 4.4679915612473478 9.6114975400628264 10.671853258749254 26.193330022827922 5.6497340861942567 40.650463853085967 6.4986536095452703 30.392674161037576 14.442703460031906 5.6210894378414196 67.107519332615993 14.858463145073527 20.795757940854855 95.482864491836608 5.9818278338875635 4.5799067535835993 11.025807513751259 10.483244148987067 72.056197778351361 306.26399367854424
leaf_count=2774 78 104 39 20 56 154 26 99 308 32 13 41 51 83 28 92 23 117 61 30 219 80 80 497 29 29 104 93 845 3535
internal_value=0.000234345 0.00157792 -0.00166372 0.0130693 -0.00760955 -0.00205022 -0.000420338 0.0105687 0.000706507 0.00313224 -0.00114357 0.00102927 -0.0042743 -0.00271368 0.00612119 -0.00424609 -0.000628735 -0.00615855 0.0066054 0.00730521 0.007609 -0.00148269 -0.00649603 -0.00737364 -0.0107892 -0.00938994 0.00105794 0.00132059 0.00604837 0.000546721
internal_weight=1140.81 669.015 471.796 46.1126 80.4538 46.3768 391.342 23.2247 622.902 33.7752 368.118 217.033 151.084 124.95 92.0837 115.338 74.6876 48.4942 25.1146 12.1197 86.434 19.3265 125.97 120.859 36.3745 100.063 607.315 596.289 82.5394 513.749
internal_count=9740 7783 1957 124 320 264 1637 138 7659 186 1499 755 744 415 340 374 282 199 112 53 312 93 632 606 146 526 7351 7247 938 6309
is_linear=0
shrinkage=0.0218826


Tree=105
num_leaves=31
num_cat=0
split_feature=64 114 137 214 156 43 196 162 29 161 45 35 222 45 81 109 101 108 9 67 136 153 89 146 84 95 109 35 13 203
split_gain=5.61094 6.17323 5.54659 6.71222 5.22536 4.62156 6.88298 5.98652 4.85537 4.82218 4.46797 8.43118 5.50229 5.44903 5.41377 4.94815 4.90881 4.53748 4.4393 6.28625 5.82399 5.01012 8.08501 6.3248 5.51372 7.26251 6.91397 5.33662 6.05706 5.93519
threshold=20.250000000000004 0.20059171597633138 1.5491463646892749 1.4500000000000002 235.20790753502959 4.9500000000000011 8.2770574596419255 -6.5893664978929314 0.070938093340329453 -0.39010585762087396 -0.73724926354828224 0.088362416586187736 0.81602565178471542 0.90992662233962562 0.58850000000000013 67.227247032221598 0.023310149967398396 61.042736333434014 0.2959072430889631 34.550000000000004 -0.59255831808836423 0.40815283340216629 0.68809459363453851 0.13183418448769488 56.150000000000013 0.27919504823058128 54.108003857280629 0.083662774699040071 3.2893331307870954 6.0426023387211094
decision_type=2 2 2 2 2 2 2 2 2 2 2 2 2 2 2 2 2 2 2 2 2 2 2 2 2 2 2 2 2 2
left_child=2 -2 18 -4 -5 9 7 -7 -9 -3 11 -8 13 15 -13 17 -16 -12 19 21 -21 22 23 -1 25 -25 -27 -23 -29 -30
right_child=1 5 3 4 -6 6 10 8 -10 -11 12 14 -14 -15 16 -17 -18 -19 -20 20 -22 27 -24 24 -26 26 -28 28 29 -31
leaf_value=0.0022254265689772091 -0.0019943954186484414 -0.0076013831576693287 0.0095285882445989376 -0.025844295208066959 0.038231447990108178 0.021163321067174681 -0.027638910249245894 0.010263436705528383 -0.011918867316428116 0.00058209234843795686 0.010959928629301584 -0.00022627889898139421 0.009768995881631725 0.0081194396589274916 -0.020082833820409273 0.0089512572792495113 0.014064351242836599 -0.016263824688917676 -0.010334347372348271 -0.00019702092922614406 0.0009612228049710711 -0.011761085494090263 0.012067584431385904 0.0050041005165733848 -0.0043700725117069746 0.0012187909972958325 -0.012563652198476558 0.0017686428224572628 -0.00012273380252961877 -0.014614329322247543
leaf_weight=6.6682160971986368 11.229273139224913 33.490251349872779 25.776581345398881 12.874216273467029 3.5496984221686025 7.7845228335481798 10.760894128660992 10.384077265818631 33.474919234626213 8.9629308264877618 7.7738796591638701 19.716339757245578 88.100798951606976 6.891715654983499 4.9592455758763689 13.162958810017242 19.107977390023734 16.024502224196794 30.781473242379434 32.765316086436087 63.119046983711542 76.693932001120629 37.87822379790714 56.586827672348136 80.09020210169092 9.1437013182523952 29.495007754254175 35.738544252448946 320.70037733572053 27.125697110857573
leaf_count=43 82 456 174 93 31 22 104 83 217 83 115 164 429 54 42 108 98 106 317 129 380 994 246 532 762 39 235 324 3023 255
internal_value=0.000189314 0.00280473 -0.000707827 0.00694105 -0.00374723 0.00346275 0.0046522 -0.00234493 -0.00557961 -0.00310004 0.00660815 0.00124845 0.00877924 0.00230003 0.00560085 -0.00108531 0.012422 -0.00704167 -0.00111827 -0.000785718 0.00442857 -0.00152976 0.00117478 -0.000737241 -0.00158694 0.00194296 -0.0052605 -0.00282825 -0.00175546 -0.002647
internal_weight=1140.81 291.824 848.987 42.2005 16.4239 280.595 238.142 51.6435 43.859 42.4532 186.498 54.5445 131.954 43.8531 43.7836 36.9613 24.0672 23.7984 806.787 776.005 95.8844 680.121 219.862 181.984 175.316 95.2255 38.6387 460.259 383.565 347.826
internal_count=9740 2163 7577 298 124 2081 1542 322 300 539 1220 408 812 383 304 329 140 221 7279 6962 509 6453 1857 1611 1568 806 274 4596 3602 3278
is_linear=0
shrinkage=0.0218826


Tree=106
num_leaves=31
num_cat=0
split_feature=73 2 137 95 53 111 99 63 136 117 213 162 111 111 155 35 155 30 64 122 223 196 46 29 53 89 30 93 208 59
split_gain=4.59858 4.74965 4.67493 6.16985 5.23426 4.84424 4.6624 4.54562 4.79758 5.75617 6.42504 5.00661 5.1075 4.82769 4.46612 5.80356 5.72673 8.50743 8.45057 9.13959 6.94959 6.51297 6.28917 6.16902 5.83246 5.81009 6.86331 5.74002 5.62362 5.43639
threshold=29.400000000000002 0.10618198270466865 1.4709662464666249 0.27137521347569143 0.40716760091760096 19.500000000000004 0.029563271359711853 33.150000000000013 1.1422489275643957 0.17108013937282232 12.64920634920635 -2.7108219853895856 11.500000000000002 17.500000000000004 1.5794435764249035 0.10997418326041292 2.1728540240313081 0.22312136951029779 13.450000000000001 5.0000000000000009 0.45207999999999976 12.533444615276084 14.500000000000002 0.08324001525176529 0.42988790395981935 0.9269094304364246 0.21840808036141177 4.3342580428382798 3.7706746192309395 0.27102104632587865
decision_type=2 2 2 2 2 2 2 2 2 2 2 2 2 2 2 2 2 2 2 2 2 2 2 2 2 2 2 2 2 2
left_child=6 -2 7 5 -5 -4 -1 14 9 -9 11 -11 -13 -12 15 -3 22 18 -18 -20 23 -22 25 -19 -25 29 -27 -24 -21 -16
right_child=1 2 3 4 -6 -7 -8 8 -10 10 13 12 -14 -15 16 -17 17 20 19 28 21 -23 27 24 -26 26 -28 -29 -30 -31
leaf_value=-3.0326464886842882e-05 0.015908843010158494 -0.013561499774592556 0.011746750145616023 0.012339200606989354 -0.034665000124254185 -0.00015531562643872305 -0.0205674693881976 0.016430591024345936 0.0081194099345081525 -0.016966415513987143 0.022143923678344959 -0.012701941009281782 0.011392898203929053 -0.0012416700492959695 0.00020797309070869058 0.00013819377053201097 -0.012267754797562402 0.00027245808626423729 0.0049602556842141873 -0.01236681240377039 -0.0087301085596107296 0.00052347163160636515 -0.014503989824301037 -0.0089769939674872248 -1.1548643823344648e-05 -0.00068669894026560964 0.0068140072050146844 0.0009401887046252606 0.00046679200872591788 -0.0021219014152492068
leaf_weight=18.330945044755936 16.991178267330724 20.853711639990479 28.159139268054332 7.505604851754927 12.790713220764244 6.3807197461246679 16.815556645393372 10.816775911149305 14.037866213907817 19.054505261361555 24.308860551399224 16.760456634649927 21.894205112877444 5.2867104655265384 362.07888872755075 11.773362059330791 23.877576134072569 51.173383893688424 50.470915534927144 28.693002024723683 118.83615760979797 12.688782491603886 41.411566346883774 28.183261173576966 47.474946427001669 3.3779721958587734 34.259129487463269 15.662346139550207 34.334828638646286 36.528280876997542
leaf_count=36 155 303 241 37 79 43 22 38 85 82 106 110 150 25 3541 139 235 606 1036 99 758 107 96 285 483 52 262 35 110 384
internal_value=-8.4294e-05 0.000163261 -1.71662e-05 0.0061589 -0.00322477 0.011709 -0.00778838 -0.000352288 0.00378627 0.00197853 1.69224e-05 -0.00418806 0.000314953 0.00821277 -0.000862142 -0.00872108 -0.000562621 -0.00252317 0.0018535 0.0043698 -0.00486093 -0.00837358 0.00100535 -0.00116414 -0.00513102 0.00190686 0.0100432 -0.00576243 -0.00115263 0.00111218
internal_weight=1140.81 1105.66 1088.67 54.8362 20.2963 34.5399 35.1465 1033.84 112.159 98.1215 87.3047 57.7092 38.6547 29.5956 921.678 32.6271 889.051 395.733 137.376 113.499 258.357 131.525 493.318 126.832 75.6582 436.244 37.6371 57.0739 63.0278 398.607
internal_count=9740 9682 9527 400 116 284 58 9127 596 511 473 342 260 131 8531 442 8089 3719 1480 1245 2239 865 4370 1374 768 4239 314 131 209 3925
is_linear=0
shrinkage=0.0218826


Tree=107
num_leaves=31
num_cat=0
split_feature=39 51 42 221 145 145 29 6 152 76 132 42 155 67 30 138 216 196 30 97 43 4 98 145 89 139 85 133 85 222
split_gain=5.4892 5.65317 5.21217 4.99301 4.46444 4.9918 6.64075 4.82497 6.12089 6.99405 5.47532 5.87646 8.53579 6.52811 6.31073 6.60206 5.9047 5.73211 5.49162 5.47202 6.15533 5.42298 5.45862 5.68703 5.41794 5.00797 5.83754 6.24872 6.91451 7.24424
threshold=1.0980000000000003 0.27077693602693614 84.65000000000002 -0.0017586977519877358 2.8012934600967694 2.0077487411172368 0.074876234445741582 6.4764935351040522 -0.083708726078950774 14.500000000000002 0.039562049940721634 88.050000000000011 2.2364806811829721 37.95000000000001 0.23710344150674093 0.18542056387238051 -18.80187766865166 10.599588428632002 0.21643394534092125 0.27937068682221494 9.3500000000000032 5.0394358933921852 0.061140661938534284 1.5784286854483824 0.18040249071275841 5.2899333613643886 20.150000000000002 -0.025497252667246336 26.950000000000003 10.29627530353989
decision_type=2 2 2 2 2 2 2 2 2 2 2 2 2 2 2 2 2 2 2 2 2 2 2 2 2 2 2 2 2 2
left_child=4 2 -2 -4 5 7 -7 10 9 -9 21 13 25 16 15 -14 19 -15 -17 24 -21 -1 23 -23 -12 26 -13 -28 -29 -30
right_child=1 -3 3 -5 -6 6 -8 8 -10 -11 11 12 14 17 -16 18 -18 -19 -20 20 -22 22 -24 -25 -26 -27 27 28 29 -31
leaf_value=-2.5309459222322896e-05 0.00022953671361653942 -0.00052826052773688535 0.00021285800843758092 0.01677295679858401 0.00096847181849675588 0.029688016001404468 -0.013121882159838606 -0.00023294592344461415 -0.00012649646400103416 0.019168646633365 0.0080021548359436451 -0.012379480289212402 -0.035520319372628666 0.00053034248334397709 -0.019611036110119728 -0.060213027556647356 -9.6317656339728057e-05 0.017187507294937569 0.00055643751904533559 -0.015762368195580627 0.012386482654395809 -0.011557254593089622 0.002903042253483755 0.0004395706862484595 -6.7472271911700682e-05 -0.012375047985732827 -0.011991964692407016 0.005854289180437137 -0.015283491735526665 0.0082266718112556838
leaf_weight=62.931103413078972 80.613296323129134 16.882214991224146 18.813353340578033 24.904472768102096 19.472070350529975 5.4753322151382262 20.986887281951567 11.333176109680606 52.923760228291485 26.337535649437086 50.635966792702675 5.2558707529601625 14.881476284623206 38.045013731841436 24.196233535940792 3.8468057400259559 408.50606046504436 23.956340243850718 11.557731168394183 29.154493406414986 13.284158080816267 52.054595475140559 5.1749958750335727 2.5886976529345693 29.309462785720825 15.592815057781079 13.065447043615221 43.593790831993147 11.407759436379818 4.0304315643593318
leaf_count=646 882 158 118 134 67 27 79 44 402 250 97 23 69 270 123 35 4924 125 58 65 32 530 24 10 64 96 62 225 70 31
internal_value=3.11571e-05 0.00405958 0.00569161 0.0117238 -0.000537628 -0.000750232 -0.00998858 -0.000482438 0.00429304 0.0109386 -0.000990838 -0.000274395 -0.00417467 0.000694538 -0.0109839 -0.0040142 -8.87688e-05 0.0073666 0.00576492 0.00410544 -0.00216359 -0.00525675 -0.00993222 -0.012002 0.00746029 -9.01991e-05 0.00218397 0.00391348 0.00697441 -0.00527569
internal_weight=1140.81 141.213 124.331 43.7178 999.598 980.126 26.4622 953.664 90.5945 37.6707 863.069 740.32 147.428 592.891 54.4822 30.286 530.89 62.0014 15.4045 122.384 42.4387 122.749 59.8183 54.6433 79.9454 92.9461 77.3533 72.0974 59.032 15.4382
internal_count=9740 1292 1134 252 8448 8381 106 8275 696 294 7579 6369 792 5577 285 162 5182 395 93 258 97 1210 564 540 161 507 411 388 326 101
is_linear=0
shrinkage=0.0218826


Tree=108
num_leaves=31
num_cat=0
split_feature=195 7 82 203 58 57 50 156 83 115 16 7 101 90 93 143 109 117 43 21 89 89 53 84 132 162 91 176 214 195
split_gain=5.04522 5.50129 7.00194 7.85738 6.91551 5.63472 5.45887 5.58085 5.34415 5.83348 7.21264 5.22753 5.13851 5.51055 5.59902 5.99247 5.10296 5.02563 5.41092 5.23185 4.98304 6.22814 5.05776 5.12049 4.94854 5.29897 4.79228 5.01861 4.72429 5.17589
threshold=36.871662797534121 0.042819193048180729 32.850000000000001 5.7241434366467496 35.633458485545489 44.188306809770545 4.2500000000000009 229.36935433986898 86.050000000000011 0.24835519196641132 9.5000000000000018 0.042819193048180729 0.041753835425383544 1.0000000180025095e-35 3.6185057752301577 0.70039948649231953 73.152530032763039 0.23706512042818914 18.350000000000005 4.0080118526459998 1.146992057543571 0.65647161359941475 0.34297554133080455 64.450000000000017 0.054757083207610364 -8.0737180968223878 1.5009533792103567 -0.021216126752373023 2.4166666666666674 26.946105522633072
decision_type=2 2 2 2 2 2 2 2 2 2 2 2 2 2 2 2 2 2 2 2 2 2 2 2 2 2 2 2 2 2
left_child=1 8 3 4 -3 -5 7 -6 9 -1 -11 26 13 -4 15 16 -15 18 20 -19 21 22 23 -13 -24 -26 -2 -28 -16 -30
right_child=11 2 12 5 6 -7 -8 -9 -10 10 -12 17 -14 14 28 -17 -18 19 -20 -21 -22 -23 24 -25 25 -27 27 -29 29 -31
leaf_value=-0.01945085387083283 -0.030434361181625229 -9.0337054401764546e-05 0.0051473045704864256 -0.00022755992094517768 -1.8548721394076263e-05 -0.011452417721167681 0.0010919909699503188 0.01706128520264721 -0.01076169731643797 0.0093464841280732625 -0.0032537419063029508 0.015874461332047632 0.0083494939210727419 0.0019106235294869577 -0.0051505505160900225 0.028381886721273796 -0.014946982362033217 -0.013264184409907627 -0.015709381052206636 -0.00018866489093479703 -0.0059975257227166106 0.00078285644795170911 -9.4209970964343072e-05 -0.0027438482839279871 0.0031377148548617259 -0.012090860368100153 -0.0020749147553783894 0.017040581823901085 -0.012438094142545106 0.014607684813062448
leaf_weight=20.659089808705176 3.2531060612166121 93.975681268023436 25.392751677596834 135.27657187126056 54.526996814242921 33.018188219011108 36.059004613270872 16.018357006580345 9.7658239333547936 38.561588132765564 10.021212810691848 24.849833044384017 39.227314307192046 37.211240616315536 24.621063271210005 12.993058123712215 12.861290983470552 34.89533419341501 8.9669931369999158 27.699185238956488 18.951301470292719 43.79161810262508 272.02393812488663 6.5739899201410017 3.2848628116062164 32.854126563023328 9.4811951081851458 26.252172617312453 12.986679385484651 14.757779360781113
leaf_count=153 24 1005 69 1806 407 151 95 158 59 424 50 256 88 137 105 29 32 338 41 342 170 364 2346 61 21 348 89 464 53 55
internal_value=-0.000187913 0.00112362 0.00190567 0.00016733 0.00309517 -0.0033019 0.0068933 0.00322672 -0.0042354 -0.0019489 0.00216187 -0.00179897 0.00543329 0.00341286 0.00131668 0.00569562 0.00207162 -0.00243973 -0.00154304 -0.00818845 -0.00114167 -0.000579626 -0.00159336 0.0066373 -0.00245779 -0.00998942 0.00580346 0.00826552 -0.00390484 0.00218903
internal_weight=1140.81 627.934 548.926 368.875 200.58 168.295 106.604 70.5454 79.0077 69.2419 48.5828 512.878 180.051 140.824 115.431 63.0656 50.0725 473.891 411.297 62.5945 402.33 383.378 339.587 31.4238 308.163 36.139 38.9865 35.7334 52.3655 27.7445
internal_count=9740 4876 4190 3622 1665 1957 660 565 686 627 474 4864 568 480 411 198 169 4287 3607 680 3566 3396 3032 317 2715 369 577 553 213 108
is_linear=0
shrinkage=0.0218826


Tree=109
num_leaves=31
num_cat=0
split_feature=7 64 49 101 209 50 25 144 221 134 120 147 99 35 115 104 110 84 71 162 109 134 205 45 40 80 36 221 35 41
split_gain=5.47323 5.20632 6.36131 6.67034 6.07852 5.91643 10.6065 6.35058 5.81038 7.06345 5.94196 8.3439 5.59342 5.55711 5.32393 5.28911 5.2159 7.27659 4.81233 4.80176 5.54923 5.40743 6.29407 4.90515 4.77297 4.68687 6.57572 5.65974 5.8773 5.46506
threshold=0.16610664754196156 20.750000000000004 9.7500000000000018 0.056978421984652729 -0.80226366923997217 5.2500000000000009 3.8200343763097657 3.7188379759066073 0.015068367449400334 0.43402715232729389 0.71481142934525033 8.8144000000000009 0.039817827609790475 0.10431607796947073 0.28659486361218756 8.4100476801441211 0.2957240729500667 45.100000000000009 12.150000000000002 -0.4270809756307869 61.075036075036088 1.1680416087492207 0.44899567548402503 -0.74892720285008296 8.7048377144984901 45.750000000000007 0.47978879462499435 -0.002810388489505856 0.092972520448470611 3.2092212793962038
decision_type=2 2 2 2 2 2 2 2 2 2 2 2 2 2 2 2 2 2 2 2 2 2 2 2 2 2 2 2 2 2
left_child=1 2 3 19 -5 16 7 13 9 12 14 -12 -4 -7 15 -10 25 -18 -11 20 -1 -21 -23 -22 -14 26 -3 29 -29 -27
right_child=-2 5 8 4 -6 6 -8 -9 10 18 11 -13 24 -15 -16 -17 17 -19 -20 21 23 22 -24 -25 -26 27 -28 28 -30 -31
leaf_value=0.00014743762674898877 0.0090408736590561981 0.0082503725638806581 -0.0038610254059039148 0.00038214786652006452 -0.01630905882698655 -0.015901423971119932 0.0094275456448325787 0.0022549251862422513 -0.011727571935559778 0.00077510559772582261 -0.0051312561008577907 0.00027344193876931876 0.00079691532600694424 0.00023239446735728647 0.019454968053979119 0.01849292061218356 -0.010171478664481612 0.011046343744273365 -0.010797119990058709 -0.00020946533654376756 -0.013955355757438849 0.029498161603503485 -0.00056103349715824302 0.011651787038424337 -0.00041201518825497645 -0.013064947619622127 -0.010910080996910118 -0.00018231437256220005 0.0055944254439851378 -0.0012260370467182297
leaf_weight=139.28779025111817 17.235532146660034 36.038803871821983 141.33278649579483 11.099188977119409 23.071452560946227 9.9652446819618508 25.263984031144901 12.907261074600681 8.306814572321402 7.8131189378950685 40.713981394568009 28.7197323195835 48.955409705955162 9.8765970188587726 15.746651045287988 15.020289750613527 4.4762127667286213 45.714347119995637 62.472106933869327 232.53515054091577 6.3654056906761971 15.665543082960541 8.4109674478522702 37.746458211699974 19.57600711327791 23.041504887382189 19.372352352171447 14.423461453014395 26.565865510483491 33.091326649434905
leaf_count=1467 111 270 641 101 271 31 59 31 30 33 146 99 218 34 49 81 17 402 303 3422 164 235 56 413 100 202 118 163 302 171
internal_value=-0.000326467 -0.000520737 -0.00134177 0.000353738 -0.00883593 0.00218013 0.00829328 0 -0.00341484 -0.0050777 0.000855697 -0.00294925 -0.00302406 -0.00766444 0.00761836 0.000718253 0.000389629 0.00646316 -0.0110624 0.00108925 0.00378829 -0.000833455 0.0088462 0.010492 0.00205732 -0.00161192 0.0034036 -0.00450966 0.00159758 -0.00898361
internal_weight=1140.81 1123.58 862.839 474.182 34.1706 260.737 58.0131 32.7491 388.657 280.149 108.507 69.4337 209.864 19.8418 39.0738 23.3271 202.724 50.1906 70.2852 440.011 183.4 256.612 24.0765 44.1119 68.5314 152.533 55.4112 97.1222 40.9893 56.1328
internal_count=9740 9629 7829 6129 372 1800 155 96 1700 1295 405 245 959 65 160 111 1645 419 336 5757 2044 3713 291 577 318 1226 388 838 465 373
is_linear=0
shrinkage=0.0218826


Tree=110
num_leaves=31
num_cat=0
split_feature=59 89 53 122 52 88 76 145 98 204 25 6 34 121 178 214 22 210 203 155 57 52 80 155 220 92 147 25 118 12
split_gain=4.27512 4.94952 5.30394 4.77253 6.83779 5.44837 5.40483 5.10804 4.78186 5.65871 6.07049 6.06691 5.33613 5.30351 7.3719 5.61894 5.12362 4.69717 5.03083 4.62618 7.1494 6.26308 4.58475 4.57718 4.598 5.36826 5.21417 7.27195 6.96391 6.39818
threshold=0.27177118644067805 0.84070873308366612 0.37170996419150132 4.0000000000000009 0.17354938271604942 93.98601645744732 19.350000000000005 2.6543477745212907 0.061981203265418131 0.46790551052157542 7.7678429177680686 4.1052921857799918 0.21442333933653535 0.71528257716433463 -0.032944299115336438 1.2250000000000003 1.7356018419361749 5.1999798526139349 5.2520663712332549 1.6524509376508052 43.899834983498359 0.24443939393939398 34.550000000000004 1.6697253217053294 0.028826010733905467 8.1320219120472483 9.9994000000000014 2.2386796959880875 23.450000000000003 1.3377972419280408
decision_type=2 2 2 2 2 2 2 2 2 2 2 2 2 2 2 2 2 2 2 2 2 2 2 2 2 2 2 2 2 2
left_child=3 2 -2 4 -1 8 -6 19 9 10 16 13 -13 -11 -15 -16 -5 22 -19 20 -7 23 -14 -21 26 -26 28 -28 -25 -29
right_child=1 -3 -4 5 6 7 -8 -9 -10 11 -12 12 17 14 15 -17 -18 18 -20 21 -22 -23 -24 24 25 -27 27 29 -30 -31
leaf_value=5.7863988000605638e-06 0.007363458169037369 0.017626200782212598 -0.0042503005634108165 0.0097057677817348875 0.00011460275401393257 -0.011470941606327527 0.01445696231050329 0.0027691627371882665 0.001048009903254784 0.010029475795828195 0.00018288062071487957 0.00038604662749836791 0.001199566584423744 0.013457921211352969 0.034569273325107834 -0.0026870319433047771 -0.0085383417395449492 0.018033428783565574 -0.035242806793808965 0.019671375359460959 0.043855119724745928 0.021331227867591215 -0.0098150799647783796 0.00026350999782868864 0.0038567514709658326 -0.011032472317923436 -0.014466401009258048 0.0030639777533704219 -0.001134165589653199 0.00022335661229914815
leaf_weight=95.305414641508833 10.283289428666874 4.277352822768079 51.668338872875438 7.5145954821291516 25.485588265350088 26.480422056514957 28.192881592724007 10.63241314292827 5.3931085280637481 18.790862642821821 4.3882710203586148 9.0565864832581138 6.4226217284581244 19.069110652664904 6.0437132702929821 47.923190162893206 148.58278976756355 16.868563338926609 4.8039252706207654 7.4295452476928849 4.4519461083727938 12.719040179894817 53.214621875918965 209.9393070949634 7.2241522313788655 25.777123897370757 13.166842604329075 52.418668186051718 167.34130472345191 39.94575727590086
leaf_count=325 128 97 617 173 61 334 73 41 166 214 62 88 61 167 55 390 2178 150 30 41 26 93 419 1586 33 216 97 265 1283 271
internal_value=-5.94099e-05 -0.00542331 -0.0070832 0.000272087 0.00389751 -0.000310972 0.0100834 0.000988319 -0.00247301 -0.00281914 -0.00580491 -0.00015817 -0.00418112 0.00376911 0.000999598 -0.00310859 -0.00656444 -0.00600062 0.00254482 0.000689483 -0.00741715 0.00117354 -0.00915014 0.000786055 0.00052064 -0.00727116 0.00107085 0.00535151 -0.000127105 0.00754477
internal_weight=1140.81 66.229 61.9516 1074.58 148.984 925.598 53.6785 577.527 348.072 342.679 160.486 182.193 90.3663 91.8269 73.036 53.9669 156.097 81.3097 21.6725 566.894 30.9324 535.962 59.6372 523.243 515.813 33.0013 482.812 105.531 377.281 92.3644
internal_count=9740 842 745 8898 459 8439 134 4286 4153 3987 2413 1574 748 826 612 445 2351 660 180 4245 360 3885 480 3792 3751 249 3502 633 2869 536
is_linear=0
shrinkage=0.0218826


Tree=111
num_leaves=31
num_cat=0
split_feature=84 132 154 22 49 50 137 94 99 28 79 208 63 92 92 137 222 117 34 28 34 58 97 44 43 19 93 178 135 219
split_gain=5.24614 5.02018 5.27219 5.60172 4.40519 11.0213 9.91187 8.9999 7.79174 7.40541 6.91234 5.23632 5.11422 8.99327 5.04935 4.96563 6.84582 4.71042 4.58213 6.27019 4.65446 6.55159 5.24787 5.08279 5.13214 5.3635 6.19899 6.4116 5.66418 4.31434
threshold=63.550000000000004 0.052548502014241168 1.1184899943769284 5.2361563510186286 13.750000000000002 5.7500000000000009 -0.47068642996907267 0.22643909933266124 0.023968872175963236 0.21994459232218896 40.800000000000004 4.1079665003247223 21.750000000000004 9.0528518200221644 9.8945247046274432 1.8387039269987839 2.2729673836436635 0.16530054644808745 0.30902024714872328 0.35600557109451803 0.28053504189790063 69.025795772854607 0.23018727874842984 0.89490028524376763 15.750000000000002 10.500000000000002 3.8410614216743837 0.034947274108698724 -0.0019140126669357352 0.049880483982832964
decision_type=2 2 2 2 2 2 2 2 2 2 2 2 2 2 2 2 2 2 2 2 2 2 2 2 2 2 2 2 2 2
left_child=4 2 3 -2 5 15 9 -8 -7 -6 11 -9 13 -10 17 18 -17 -12 20 -20 21 22 23 24 25 26 27 -1 -28 -24
right_child=1 -3 -4 -5 6 8 7 10 12 -11 14 -13 -14 -15 -16 16 -18 -19 19 -21 -22 -23 29 -25 -26 -27 28 -29 -30 -31
leaf_value=0.00025563326776664822 0.02085686659276071 0.0026217019162302095 -0.0034014748093667683 -0.00044889101103619939 0.0011630941759429557 -0.0016269490157697034 0.00065556938252111184 0.015971690456970614 0.00074087737548649934 -0.016456044302721771 0.00021679803474674601 -0.00044962305611956946 0.0069070295261109936 -0.0024951257157665506 0.01768010169523505 -0.015689101318023257 0.0090578153431680446 -0.022308252885231694 0.005853215743328399 -0.019324067870811566 -0.0037240427167146203 -0.021700329891941469 -0.00011493928488957152 -0.0050129460803810914 -0.020244735673133563 -0.0012263951117874199 0.023422855681008346 -0.014463768817389836 0.00062394101264587299 0.0094933798812415274
leaf_weight=24.065461960335369 15.98247016878963 28.715102088423919 105.31425726253519 18.267232543872296 7.3602396029441506 21.750728220473775 16.959943493694254 13.402444994329018 27.36487920449872 24.172907299589497 9.6927274476270195 10.329993716492025 39.502307252375658 11.008108617950709 8.8611397790521078 6.4095161220911931 16.767571068518919 29.857665192669856 25.643423463346156 3.564906631338089 98.97012437263902 11.24534016554321 408.00467897220142 15.625187906997779 6.5986214974493569 8.171924877663967 33.16734982369303 9.2495093362172138 53.97826449579361 30.807321017568029
leaf_count=227 108 381 899 130 28 44 68 32 63 65 31 23 94 22 39 56 106 108 371 62 1105 155 3857 216 48 89 403 59 661 190
internal_value=-3.64448e-05 -0.00359685 -0.00531888 0.00203209 0.000578879 0.00113649 -0.00331463 0.000413934 0.0079463 -0.0136955 -0.00295572 0.00650607 0.0111649 0.00519306 -0.00768782 0.000222999 0.0100222 -0.0110287 -9.49256e-05 0.00827284 -0.000457661 0.000263816 0.000594498 0.00410649 0.00549033 0.0064922 0.00768263 -0.00025917 0.0107287 -0.000611082
internal_weight=1140.81 168.279 139.564 34.2497 972.532 851.895 120.637 89.1039 99.626 31.5331 72.144 23.7324 77.8753 38.373 48.4115 752.269 23.1771 39.5504 729.092 29.2083 699.884 600.914 589.668 150.856 135.231 128.633 120.461 33.315 87.1456 438.812
internal_count=9740 1518 1137 238 8222 7828 394 301 223 93 233 55 179 85 178 7605 162 139 7443 433 7010 5905 5750 1703 1487 1439 1350 286 1064 4047
is_linear=0
shrinkage=0.0218826


Tree=112
num_leaves=31
num_cat=0
split_feature=63 176 213 195 146 45 201 195 176 108 37 108 139 178 36 215 45 97 118 57 67 100 9 17 162 142 103 55 36 86
split_gain=4.94053 8.4302 5.77973 6.10918 6.3295 5.45497 7.25021 7.27904 5.7782 5.36757 6.36983 5.95692 6.44452 7.01106 5.56515 5.33295 5.17671 5.08602 5.26117 6.37801 5.18073 6.06922 5.82184 5.66124 5.64256 5.74164 5.60108 6.75614 5.57215 5.54104
threshold=22.850000000000005 -0.033755177053534695 4.955661664392907 46.288992588783479 0.15892467408803793 -0.77159520228797429 9.9468617303606539 24.057838828625346 -0.025760318466065132 60.503242392847561 0.37412587412587422 62.381698761009112 8.7575541589003745 -0.048137771408489176 0.49487248782037935 -111.81267206749736 0.8869770585236475 0.17403517342452371 19.100000000000005 36.496561210453926 26.650000000000002 0.069073953589243134 0.29476353411537098 4.1650000000000009 -4.8368956130470897 1.8471762796584195 1.3496626686656674 40.919022945965956 0.67179555669778279 -3.7820371834932511
decision_type=2 2 2 2 2 2 2 2 2 2 2 2 2 2 2 2 2 2 2 2 2 2 2 2 2 2 2 2 2 2
left_child=17 -2 -3 5 -5 6 7 -4 -7 10 16 -11 13 15 -12 -13 -10 -1 19 -19 21 24 23 -22 -20 26 27 29 -28 -26
right_child=1 2 3 4 -6 8 -8 -9 9 11 14 12 -14 -15 -16 -17 -18 18 20 -21 22 -23 -24 -25 25 -27 28 -29 -30 -31
leaf_value=0.00031425720277673141 -0.0011068318672969506 0.0041429000843847125 -0.026256887965907652 0.00058463049400095727 -0.018806130468495389 0.039100251034587495 -0.01459308750666969 0.0090082557223498741 -0.0060978001093653063 0.011817699607108583 0.01688124297728923 0.020306925713675466 -0.014439955893022998 0.0054423543720478829 -0.00035583373397301475 -0.012134592462313704 0.00015704699054463551 -0.0027844627726288278 -0.0090171187609413058 0.00065948733371568524 -0.00019004188829635702 0.00023369380303820122 -0.03082615491814648 0.0002243438136211557 0.032404334505349637 0.00030851344346320431 -0.0086526029682455537 0.017581439827884886 0.022026782965576357 -0.022092246613608341
leaf_weight=38.124813877696852 61.952526867519737 41.363840733854886 9.5139543057302927 9.0460303863358167 17.161117395606198 14.704576890612314 21.517315251540822 42.562129767675287 30.031411950100164 33.95916977691013 22.254294089590758 3.3936340808868435 10.305859062619218 101.63626495358062 11.479079172367845 15.09114297309179 5.8316137912004242 10.30048551981645 69.03266057244582 16.590925906410575 45.453118823382738 32.993138248210471 14.819171255297304 209.72593962687233 2.7629529833793631 76.235292199418609 148.19444455751682 11.317208741307011 4.91574529492891 8.54148954080779
leaf_count=358 337 444 87 88 216 92 176 496 300 205 205 7 74 807 86 142 56 100 562 127 177 207 112 979 6 504 2468 104 86 132
internal_value=-0.000414219 0.00135898 0.00255833 0.00161776 -0.00836097 0.0024576 -0.00272903 0.00166615 0.00400879 0.0031232 -0.00192241 0.00527718 0.00307891 0.00454633 0.00478944 -0.00753991 -0.00828722 -0.0015817 -0.0020426 0.0072709 -0.00245778 -0.00419643 -0.000161079 0.000619248 -0.00512025 -0.00356191 -0.00573338 0.00422637 -0.00723951 -0.00732554
internal_weight=1140.81 451.804 389.851 348.488 26.2071 322.28 73.5934 52.0761 248.687 233.982 69.5964 164.386 130.427 120.121 33.7334 18.4848 35.863 689.007 650.883 26.8914 623.991 353.993 269.998 255.179 321 251.967 175.732 22.6217 153.11 11.3044
internal_count=9740 3818 3481 3037 304 2733 759 583 1974 1882 647 1235 1030 956 291 149 356 5922 5564 227 5337 4069 1268 1156 3862 3300 2796 242 2554 138
is_linear=0
shrinkage=0.0218826


Tree=113
num_leaves=31
num_cat=0
split_feature=176 12 2 135 87 28 35 34 120 120 99 153 40 133 209 1 29 156 12 121 36 60 111 59 66 23 165 206 34 104
split_gain=4.33645 4.64831 4.3735 5.13983 5.52155 5.37476 5.37303 7.27965 7.47917 7.20425 6.5851 6.35371 6.11538 6.06623 6.47607 6.2088 6.01372 7.51104 7.2637 6.13467 5.9833 6.49836 5.97438 6.20541 5.58458 5.56105 5.35577 5.0934 6.30027 4.89602
threshold=0.063263064587064141 1.8165306859649388 0.11360070686779043 0.00056883346028357995 0.47206616729088641 0.20376349591519871 0.089541226076169739 0.21820613057878624 0.73500843563180818 0.71260989221007587 0.045367261375392494 0.47708023194239696 8.0108098738965605 -0.00058710869646537423 -0.26520011039920938 5.2670000000000003 0.091164277119514039 243.22069635135844 1.1012394272586539 0.72108950875234579 0.32632156250136868 0.36773223678673633 14.500000000000002 0.24864406944885728 37.800000000000004 13.066061377646745 0.27552223873335702 7.8000781349786257 0.24738928816460085 8.1883916833033066
decision_type=2 2 2 2 2 2 2 2 2 2 2 2 2 2 2 2 2 2 2 2 2 2 2 2 2 2 2 2 2 2
left_child=2 -2 -1 4 -4 -6 9 26 10 20 16 -11 -10 14 -14 -16 17 19 -18 29 -5 -22 -20 -24 -12 -19 -8 28 -21 -9
right_child=1 -3 3 6 5 -7 7 8 12 11 24 -13 13 -15 15 -17 18 25 22 27 21 -23 23 -25 -26 -27 -28 -29 -30 -31
leaf_value=0.0036902794634030714 0.00091549389163869265 -0.0053596324688101561 -0.00058349649657578708 0.024539668216799097 0.0078493472541364181 -5.8659587540459687e-05 0.0070189334040342086 0.00012368070042810536 0.013227830733364592 -0.0040312838033882779 -0.021608809756168183 0.0066587135556751206 -0.028016886948957535 0.0012737452421998125 0.00031618052289907419 -2.4450113365101348e-05 -0.029768036519256524 0.022627789624496724 0.015576467594455133 -0.00020595559172882017 0.0073061485466593221 -0.010052778456782905 -0.020082878197291727 0.00030738042300890286 0.013753682007102976 -0.014123971420253375 -0.010079598981298116 -0.0056072244082600552 0.014333751821644551 0.014731553435032491
leaf_weight=23.226471209808324 13.982040826137565 15.571640810570896 351.54771986128685 15.244231932555296 40.79354472624459 231.78254907713608 8.5922630317259046 27.137493113448727 24.066141600041874 56.534765097183026 11.596167230674839 5.4266679260792889 8.7617572060153162 37.035678455498555 14.710152124590648 19.096366845308239 16.572667877291224 24.895846861862541 22.98424017890261 7.0229504634630784 4.0380740621349132 12.317225038176955 14.713385568253672 10.19527258392827 4.4410620617752548 3.3028643119869221 33.65819100167937 36.066001333579834 13.090456191196834 32.407459988176697
leaf_count=235 64 52 3518 226 325 1818 65 144 147 566 149 81 60 241 71 117 92 160 205 60 25 116 79 64 17 20 358 226 121 318
internal_value=-0.0001589 0.00799661 -0.00038421 -0.00059041 -0.00188795 0.000439252 0.0011488 0.00233752 0.00344683 -0.00350342 0.00117464 -0.00782504 0.00828904 0.00521058 -0.000378616 0.00396071 0.00224293 0.00473172 -0.00325559 0.00218791 0.00485841 -0.00413072 0.0010636 -0.00619566 -0.011967 0.0147143 -0.00610815 -0.00294128 0.00565105 0.00705352
internal_weight=1140.81 29.5537 1111.26 1088.03 624.124 272.576 463.907 370.346 328.096 93.561 224.426 61.9614 103.67 79.604 42.5683 33.8065 208.389 143.923 64.4656 115.724 31.5995 16.3553 47.8929 24.9087 16.0372 28.1987 42.2505 56.1794 20.1134 59.545
internal_count=9740 116 9624 9389 5661 2143 3728 2714 2291 1014 1655 647 636 489 248 188 1489 1049 440 869 367 141 348 143 166 180 423 407 181 462
is_linear=0
shrinkage=0.0218826


Tree=114
num_leaves=31
num_cat=0
split_feature=189 85 65 142 113 32 1 172 205 202 21 158 121 17 209 52 118 192 136 210 103 15 138 155 143 46 53 155 62 204
split_gain=4.57115 5.94625 5.03308 4.478 5.16522 5.14305 5.02305 8.58405 5.29893 4.82321 4.80968 4.37406 4.35201 4.13628 5.93898 4.91102 4.66867 5.43422 5.09129 5.24086 5.34758 6.011 6.77053 6.51913 6.26463 5.10213 4.92401 4.91521 5.08714 4.52342
threshold=4.0000000000000009 21.550000000000004 26.550000000000004 3.312258304261833 18.500000000000004 0.17266182857544368 5.6655000000000006 -0.025979309525929885 0.17195871365159429 0.21278215091613431 2.1780832182779304 59.10383900676829 0.7197249640865081 3.5000000000000004 -2.8144330201350378 0.10586904761904763 23.708333333333339 11.453385742471843 0.86958792796204876 2.7516657984372013 2.4547686356197 9.5000000000000018 1.2275819761631186 2.0938492350871374 -0.33503841367103288 3.5000000000000004 0.44103199031392232 1.6524509376508052 25.250000000000004 0.47708629252666951
decision_type=2 2 2 2 2 2 2 2 2 2 2 2 2 2 2 2 2 2 2 2 2 2 2 2 2 2 2 2 2 2
left_child=3 2 -2 4 5 12 7 10 -9 -10 -6 -5 -1 14 -3 -16 18 -18 27 25 26 23 24 -22 -23 -20 -21 28 -15 -29
right_child=1 13 -4 11 6 -7 -8 8 9 -11 -12 -13 -14 16 15 -17 17 -19 19 20 21 22 -24 -25 -26 -27 -28 29 -30 -31
leaf_value=0.00037148090572543447 -0.0049769446894709244 0.0024951574600828013 0.0089678759469278922 -0.010088493610798454 0.0070415434338183883 -0.0018018467182186577 0.020267439587911433 -0.0077390428011531679 0.012559252846434483 -0.00015642300764285834 -0.0018517439021852797 0.00017927805477408615 -0.001963334229650279 -0.01529692558265899 0.011109595192012425 -0.0031670089897076945 -0.00028481736204163379 0.00030382454611702948 -0.020427243729460261 0.0086809021311249884 0.012541347049189631 -0.0039077648582908084 0.016053372671456269 -0.01866537966760386 0.013395471599152721 0.02851593914905182 -0.01696402399020466 -0.00010788044349849433 0.0099368352712140007 0.00078515291020642608
leaf_weight=17.57635062164627 135.50384837941624 8.1301044193658054 10.835227115735504 15.087673386209646 5.6922147994046091 6.7611695200903332 19.826039176026825 7.024480133492033 47.218455104157329 12.128671491169369 29.486983645998407 7.5551373794442034 17.918619176896755 16.284625214845168 2.4971262685132833 35.480386177810715 308.55161148498223 6.2895960944110803 7.233792470954084 14.438559685639122 7.4618476287548665 8.8472636330989207 35.392475021651535 8.3013912538867753 14.361238828224939 4.4032869637012482 11.390443445959589 206.46038165315463 5.8742051795707075 106.79814324250196
leaf_count=56 1693 66 81 38 26 17 74 29 162 28 101 23 86 200 38 333 2873 51 66 76 74 44 294 91 119 6 57 1875 55 1008
internal_value=-0.000627348 -0.00124167 -0.0052901 0.0024958 0.00377422 -0.00272649 0.0060659 0.0039882 0.00860052 0.0107511 -0.00462494 -0.00642304 0.000665393 -0.000500253 -0.006808 -0.0104606 -0.00010778 -0.00214989 0.0013241 0.00534962 0.00698655 0.00994482 0.0131409 -0.00181002 0.00360723 -0.00803509 -0.00145675 -1.83495e-05 -0.00980065 0.000686992
internal_weight=1140.81 954.536 146.339 186.276 163.633 42.2561 121.377 101.551 66.3716 59.3471 35.1792 22.6428 35.495 808.196 46.1076 37.9775 762.089 314.841 447.248 111.83 100.193 74.3642 58.601 15.7632 23.2085 11.6371 25.829 335.417 22.1588 313.259
internal_count=9740 9100 1774 640 579 159 420 346 219 190 127 61 142 7326 437 371 6889 2924 3965 827 755 622 457 165 163 72 133 3138 255 2883
is_linear=0
shrinkage=0.0218826


Tree=115
num_leaves=31
num_cat=0
split_feature=159 134 203 162 41 155 49 83 40 103 87 146 218 41 51 83 121 146 114 36 195 132 208 220 50 19 84 23 118 110
split_gain=4.03629 4.38355 7.90399 10.0663 6.26595 6.16335 6.095 5.22127 8.84122 5.59398 5.14986 5.73506 6.44187 5.55259 4.92476 4.93752 7.59442 6.51573 6.89644 6.31411 5.84275 5.60391 5.54552 5.2488 5.06483 4.75765 6.1103 4.63385 7.0267 6.15589
threshold=0.91790371600215337 0.94383020277561258 5.2520663712332549 3.4255452531091035 2.7171906246334041 1.729428048487994 9.2500000000000018 83.050000000000011 9.1468009088064566 1.4339856372973345 0.47180411278354889 0.11987155730577849 0.038575942080789342 4.2760831777203947 0.18340277777777778 81.250000000000014 0.72012847274792458 0.22556433781845542 0.26747889201599767 0.30308034200599837 31.763398602877924 0.062347766497497799 8.9526773913866116 -0.022105940432838009 3.7500000000000004 7.5000000000000009 50.95000000000001 8.9720053044594064 23.775000000000002 0.29120147531309343
decision_type=2 2 2 2 2 2 2 2 2 2 2 2 2 2 2 2 2 2 2 2 2 2 2 2 2 2 2 2 2 2
left_child=1 10 5 4 -4 -3 7 8 -6 -9 11 -1 13 14 -13 16 21 18 22 -20 -18 24 23 -17 -16 -19 -27 -12 -29 -30
right_child=-2 2 3 -5 6 -7 -8 9 -10 -11 27 12 -14 -15 15 17 20 25 19 -21 -22 -23 -24 -25 -26 26 -28 28 29 -31
leaf_value=0.0057446115696212583 -0.0016472140561573148 -0.025696709071441854 0.00034424937511229949 0.011876676710058558 0.028514012561992246 0.015534600165179737 -0.011974332976476681 0.00036335191980544669 -0.0019582210561186328 -0.0048745371562309656 -0.00013419796631560356 0.00049610250714128372 0.00039323656851477978 0.015832644233774625 -0.028792193005388059 0.00032251477706374466 -0.012137721448834942 -0.011125882251893943 -0.014815863689197368 1.3614597985806428e-05 0.00030382025333627432 0.01345507573402718 0.025176068970033948 -0.0062446167232962802 0.012467773472718205 -0.011956282550463845 0.0008345498228048739 0.0063267341568191355 -0.0060941167379664866 0.0014227587991391625
leaf_weight=16.73359693715588 10.00722591837757 3.6922567893702753 6.7615667288932846 35.996735981546408 15.888341345569417 42.937319395255145 43.251143826743373 3.0420382861198076 4.1648526756293895 15.446597954734214 234.30641160530968 14.798733846862204 33.315160034431756 18.970325841522026 6.082531230568522 7.5521953785184897 32.288850975146033 78.422413675641337 13.266368852928506 163.1707261202389 12.583151427098526 16.233419662658434 3.3845444234884772 98.832550378562019 3.2115349651917313 3.6443005185774364 6.5746354726138634 130.45300144940938 37.896526363006387 27.902290535545717
leaf_count=221 74 55 124 225 193 340 175 18 41 158 1785 160 336 142 163 94 326 686 197 1361 233 227 28 876 17 21 49 868 322 225
internal_value=-0.000415178 -0.000284943 0.00292855 8.48878e-06 -0.00393359 0.0105305 -0.00567538 0.000591484 0.00824147 -0.00754217 -0.000863387 -0.00230968 -0.00273182 -0.00338573 -0.00387266 -0.00429428 0.000976561 -0.00529245 -0.00365157 -0.000941636 -0.00438288 0.0103619 -0.00794074 -0.00887676 -0.00279741 -0.0104754 0.00312041 0.000907573 0.00338537 -0.00239157
internal_weight=1140.81 1130.8 171.181 124.551 88.5545 46.6296 81.793 38.5418 20.0532 18.4886 959.623 529.065 512.331 479.016 460.046 445.247 70.3995 374.848 286.206 176.437 44.872 25.5275 109.769 106.385 9.29407 88.6413 10.2189 430.558 196.252 65.7988
internal_count=9740 9666 1329 934 709 395 585 410 234 176 8337 5137 4916 4580 4438 4278 966 3312 2556 1558 559 407 998 970 180 756 70 3200 1415 547
is_linear=0
shrinkage=0.0218826


Tree=116
num_leaves=31
num_cat=0
split_feature=64 9 98 36 154 163 155 35 147 43 75 219 117 27 95 162 137 165 58 49 136 50 136 9 223 98 117 5 5 93
split_gain=5.3425 5.91102 5.46198 6.15475 6.03139 4.97437 4.83493 5.66387 4.61539 6.4976 4.7321 6.9061 5.5524 5.54184 5.36503 8.31774 8.24095 6.17146 5.5172 6.41671 5.4845 6.17849 6.02794 5.47863 5.399 5.69725 6.55943 5.22656 6.40547 5.64577
threshold=23.950000000000006 0.33034666033281562 0.027260341837998515 0.44543537087469959 2.8579710272374723 -2.71380287243985 1.5794435764249035 0.1121834708276596 16.964750000000006 18.350000000000005 -1.6499999999999997 -0.0079025045810942589 0.23956521739130437 0.19206297489703519 0.2767740581872436 -4.7306140451015848 1.6329137477551996 0.27718156802217625 35.375173120312219 13.000000000000002 0.3644269408974064 5.7500000000000009 -1.1237673813811406 0.17949949202762114 0.018575000000000046 0.016161682120935095 0.34118625277161868 1.0671212879546215 1.4899172571703867 3.7484104012478952
decision_type=2 2 2 2 2 2 2 2 2 2 2 2 2 2 2 2 2 2 2 2 2 2 2 2 2 2 2 2 2 2
left_child=1 6 3 -2 5 -4 7 -1 9 10 11 12 -8 -12 16 -16 18 -18 19 -15 21 -17 -23 -22 -20 -26 27 -27 29 -29
right_child=2 -3 4 -5 -6 -7 8 -9 -10 -11 13 -13 -14 14 15 20 17 -19 24 -21 23 22 -24 -25 25 26 -28 28 -30 -31
leaf_value=-0.0116137116164459 0.0069329694380053167 -0.030890492752142337 -0.00045933348820287524 -0.016201406542807838 -0.016753304541156332 0.0075390968099953454 0.00028647255185914054 0.0037866961867846329 0.0093399510923696631 -0.0085795188042278279 0.011444313422171858 -0.0084874341688087954 -0.012793131224456725 4.395584482029662e-05 0.00037350825137013916 -0.001125355429300234 -0.025684871885779993 0.010789090736001955 -0.0013444208240047915 -0.0098647940488183761 0.026500004305552445 -0.011694647427338684 0.0040084337741664224 -0.012786127157994088 -0.00017055329553120749 0.024484830387255758 -0.005412784364640621 -0.0032154986616331964 0.013580661684550122 0.00032205747551998997
leaf_weight=21.236642625066452 22.755226903989296 10.281759324832136 12.65901332456019 16.107195820637344 9.2360425646786535 41.400797242040426 41.044631724344072 12.572000672409557 16.579143528249688 14.101518244361158 8.9470876680848033 48.594448656564964 10.602264549368554 328.2683566929536 58.023578647199884 96.513735584021788 3.8821916470269597 19.961796638173837 38.097133713293033 68.948322980528246 2.8275834693886273 6.7316684245042806 19.198778797638397 61.240868387636283 14.366499217955377 25.307480513631162 9.9917326180407127 10.953991221402246 47.49788744864054 42.881969745491915
leaf_count=332 158 172 76 113 44 130 163 138 136 29 121 401 53 3975 259 1146 29 156 371 263 22 16 59 490 126 115 39 68 273 267
internal_value=-0.000503515 -0.000976586 0.00424612 -0.00212433 0.00818363 0.0109852 -0.000801443 -0.00884744 -0.000517888 -0.000718953 -0.000493489 -0.00497436 0.000554953 2.71345e-05 -0.000156247 -0.00289258 0.000937673 0.0133375 0.000410549 -0.00104827 -0.00514688 -0.00237037 0.00692142 -0.0103102 0.00348282 0.00534404 0.00673835 0.00810778 0.00575388 0.000495014
internal_weight=1140.81 1038.65 102.158 38.8624 63.2959 54.0598 1028.37 33.8086 994.563 977.984 963.882 100.241 51.6469 863.641 854.694 244.536 610.157 23.844 586.313 397.217 186.513 122.444 25.9304 64.0685 189.097 151 136.633 126.641 101.334 53.836
internal_count=9740 9219 521 271 250 206 9047 470 8577 8441 8412 617 216 7795 7674 1992 5682 185 5497 4238 1733 1221 75 512 1259 888 762 723 608 335
is_linear=0
shrinkage=0.0218826


Tree=117
num_leaves=31
num_cat=0
split_feature=64 145 31 57 111 108 193 50 32 87 5 146 41 41 22 45 220 87 22 123 26 68 52 155 137 41 89 156 208 74
split_gain=4.67446 4.85732 4.41142 4.3837 4.3103 4.97728 4.16084 7.07536 6.05163 4.01092 5.84486 7.08452 8.75297 5.67481 5.36457 5.819 5.26203 4.78268 4.74988 4.57343 4.62614 4.51043 4.29212 4.11369 4.0564 5.75646 5.54279 6.72155 7.70054 5.94272
threshold=23.950000000000006 2.8012934600967694 0.75000000000000011 73.230718954248388 17.500000000000004 74.769945124525137 22.240849947970869 4.7500000000000009 0.15514774230804604 0.46790551052157542 1.1301411973258733 0.21326910747798519 4.1041811109017656 3.6233679698585157 4.5001507638702769 0.9482875459472353 0.022644092635766864 0.46240288916500377 7.5912329496475843 4.0000000000000009 7.7177741223613134 1.8500000000000003 0.10950308641975311 1.8641588028012179 0.14643403836159943 3.0627133185630098 0.4500301286242348 258.77240701692625 3.9181202014101779 0.36650000000000005
decision_type=2 2 2 2 2 2 2 2 2 2 2 2 2 2 2 2 2 2 2 2 2 2 2 2 2 2 2 2 2 2
left_child=1 3 -2 6 5 -4 9 8 -8 10 13 14 16 22 17 18 21 -12 -16 -20 -21 -13 -1 -15 26 -26 -11 29 -29 -28
right_child=2 -3 4 -5 -6 -7 7 -9 -10 24 11 12 -14 23 15 -17 -18 -19 19 20 -22 -23 -24 -25 25 -27 27 28 -30 -31
leaf_value=-0.025547493682758951 -0.00018985801354455149 0.00059262512678763741 0.0072550380460339589 -0.0064851331268203673 -0.0094161367114790635 -0.011690630816906607 0.00037566005876231564 0.0099066384298921346 -0.012506332837380115 -2.1155269246949758e-05 -0.00019757454591207358 -0.010628279722307652 0.01107745584450655 0.0043092076671882055 0.0025249528960365896 -0.008316268199450633 0.00015115455918807182 -0.013427227017612672 0.015585795587227771 -0.014453476934932409 0.027191354742181026 0.00059267759187820216 0.0069066026318828338 -0.0083925839903029303 -0.0018092481054969274 -3.3463517196560977e-05 0.014048016185477316 0.020023719603313232 -0.012499009712552392 4.2939840331697344e-05
leaf_weight=5.9328436151643009 13.544957334309172 21.593541510097566 65.960319839887234 13.793108472498714 18.147919134300537 4.5050795474089673 8.4853208808697236 15.6107960358986 10.27277798728778 253.77005355079541 38.863575492175869 115.53262776326551 12.237053502172783 4.0569375340496689 47.830923604176405 10.34579585959318 21.75890249772624 16.917810920469265 10.769810183672236 13.430422162368588 2.9118801517240618 6.4370305846728106 52.31590029580434 20.213818486473883 59.474094764201254 180.03797785250617 50.368696158899411 7.9105405952193477 9.5138260503688326 28.267006228656328
leaf_count=90 90 74 327 136 85 19 127 34 111 2625 394 945 65 38 421 64 153 96 38 142 59 40 625 125 824 1152 532 49 43 217
internal_value=-0.000302487 -0.000745363 0.00414073 -0.000969385 0.00594093 0.00838381 -0.000792209 0.0065907 -0.00235124 -0.00106255 -0.00281456 -0.00424719 -0.00745083 0.00229619 -0.000661211 0.00275814 -0.00898144 -0.00590931 0.00493666 -0.0022516 -0.00945512 -0.0107413 0.00600783 -0.00639459 6.28237e-05 -0.0021217 0.00156878 0.00602271 -0.00596372 0.00875132
internal_weight=1140.81 1038.65 102.158 1017.06 88.6133 70.4654 1003.27 34.3689 18.7581 968.898 379.555 297.036 155.966 82.5195 141.07 85.2888 143.729 55.7814 74.943 27.1121 16.3423 121.97 58.2487 24.2708 589.342 239.512 349.83 96.0601 17.4244 78.6357
internal_count=9740 9219 521 9145 431 346 9009 272 238 8737 3295 2417 1203 878 1214 724 1138 490 660 239 201 985 715 163 5442 1976 3466 841 92 749
is_linear=0
shrinkage=0.0218826


Tree=118
num_leaves=31
num_cat=0
split_feature=145 85 147 31 122 105 207 27 122 49 136 120 162 151 133 136 70 137 209 162 15 223 5 114 193 61 92 45 45 11
split_gain=4.37075 4.63182 6.58426 5.23991 5.17881 6.43295 7.23945 4.53727 4.76974 6.33507 10.0224 8.62492 8.12504 6.74083 7.33402 6.06589 5.76587 5.40233 6.07629 5.74394 6.36325 4.7829 5.55929 6.13401 4.75362 4.57658 4.97352 4.48592 5.65911 4.44553
threshold=2.8012934600967694 21.550000000000004 14.373900000000001 0.65000000000000002 4.0000000000000009 0.38047619047619052 -0.19047741903475887 0.17037268004251402 5.0000000000000009 12.250000000000002 -1.0070516682505779 0.72430721807570153 -6.2303257698887355 2.1790190823088245 -0.010690562437386085 -0.26094945009030773 37.550000000000004 0.57920254290468842 -0.17738920048388881 -3.4507173200461874 9.5000000000000018 1.2491675000000007 1.482466036950669 0.20802684563758392 16.26938155742879 0.29916717256694181 7.2273890513538284 0.10452846326765323 0.64942331933852337 4.4417071014819838
decision_type=2 2 2 2 2 2 2 2 2 2 2 2 2 2 2 2 2 2 2 2 2 2 2 2 2 2 2 2 2 2
left_child=1 2 3 -1 5 6 -5 -3 25 12 -11 15 -10 14 17 -12 -13 18 -14 -20 -21 22 23 -16 -24 26 -9 -7 -29 -19
right_child=-2 7 -4 4 -6 27 -8 8 9 10 11 16 13 -15 21 -17 -18 29 19 20 -22 -23 24 -25 -26 -27 -28 28 -30 -31
leaf_value=-0.0083521850741932347 0.00057965691970824544 -0.009573238360796375 0.0040254922883866135 0.011269237033360201 -0.0070932531412113151 0.016560247131439908 -0.0020910035708245909 -3.527988249762701e-05 0.00053643115400977713 -0.029426161454466138 0.0011096123343771547 -0.013729040351703865 -0.012418584310238033 0.025623822011419266 -0.025369812814643351 -3.2731246826989703e-05 0.00096454957391161537 6.8326707536396059e-05 -0.026447987000224951 -0.010028328056609226 0.0039211815619369234 -0.027311671363444534 -0.013146656022491567 1.2159848392639968e-05 -8.068403605302221e-05 0.0001325010819234159 0.0066579877527609098 -0.00044097400880154468 0.0037081567010826631 0.02243538608136552
leaf_weight=19.993403933894569 21.81547564988432 6.2977669107169723 16.569575726333369 9.7619576730648969 122.86188819301537 31.639069677039515 38.737354718730785 5.0416870628755523 65.559442226483952 20.610815861145966 10.065928839729166 26.424906228901818 16.28885862219613 11.209652742370961 9.9006574773229641 30.784434709930792 8.8740865155705233 11.60858320456464 9.9640491674072091 26.417024628201034 39.441155883832835 12.216226067510432 23.785783532948699 141.30675461504143 18.163996854040306 304.96270549534074 44.67567748874626 12.33580485841958 9.567637170548549 13.928986860904841
leaf_count=195 76 82 88 30 1534 125 116 38 151 31 21 62 75 21 25 65 20 39 25 162 84 21 94 544 43 4602 1258 41 41 31
internal_value=-7.48665e-05 -0.000269882 -0.00281663 -0.00373877 -0.00273892 0.000877268 -0.00481859 0.000504919 0.000653146 -0.000726225 -0.00572828 -0.0019417 0.000485691 -0.000892629 -0.00149642 0.0048159 -0.00978145 0.00283241 0.000295996 0.00295742 0.00535733 -0.00399267 -0.0030933 -0.00109407 -0.0100708 0.0025903 0.00870693 0.00608888 -0.00138908 0.0115749
internal_weight=1140.81 1119 261.467 244.897 224.904 102.042 48.4993 857.529 851.231 496.551 96.7602 76.1494 399.791 334.232 323.022 40.8504 35.299 117.649 92.1111 75.8222 65.8582 205.373 193.157 151.207 41.9498 354.68 49.7174 53.5425 21.9034 25.5376
internal_count=9740 9664 2170 2082 1887 353 146 7494 7412 1514 199 168 1315 1164 1143 86 82 416 346 271 246 727 706 569 137 5898 1296 207 82 70
is_linear=0
shrinkage=0.0218826


Tree=119
num_leaves=31
num_cat=0
split_feature=61 93 35 36 206 178 206 99 163 97 120 209 11 139 61 132 84 182 137 21 103 171 134 80 213 107 142 62 215 21
split_gain=5.42269 4.72522 5.88023 7.68423 10.7403 6.74076 9.35565 7.63112 6.02607 5.68585 5.58309 6.30916 5.85037 5.54529 8.52811 5.97807 5.51904 5.49217 4.91552 4.91264 5.32408 4.88456 4.88672 4.83934 4.76861 4.75336 4.631 7.57489 6.31802 7.11731
threshold=0.34779814622763811 2.6696627385869935 0.085462792252205336 0.34634371835018418 7.3912008923958679 0.019044859405930179 8.4410051424850447 0.041479685267542719 -4.6247096963097158 0.28685347566399805 0.7346736714487776 1.8124038847708213 5.2344150289031299 1.7441565469596962 0.32951999231064982 0.03203100198588963 56.850000000000001 0.036361752932087994 -0.38536333480083401 4.5705463387590317 3.2780336809522059 0.3061712723366859 -1.2399613409652444 52.550000000000004 13.807334503141819 14.169220369535829 1.6060904612628752 16.750000000000004 -134.86984549889064 5.1894193682299923
decision_type=2 2 2 2 2 2 2 2 2 2 2 2 2 2 2 2 2 2 2 2 2 2 2 2 2 2 2 2 2 2
left_child=1 19 5 4 16 7 -7 9 -8 17 13 26 -13 14 -5 -15 -4 -3 -11 20 24 22 -6 -19 -1 -17 -12 -28 -29 -30
right_child=-2 2 3 10 21 6 8 -9 -10 18 11 12 -14 15 -16 25 -18 23 -20 -21 -22 -23 -24 -25 -26 -27 27 28 29 -31
leaf_value=0.011852005323231971 -0.00076878939219757777 0.0026940623228776123 0.055176243564069985 -0.00012864809852798414 -0.029848716176167807 -0.018530528277559938 -0.00076703586826705028 -0.014456099399947797 0.00057944214704089107 0.0085865880964707784 0.00052107724263722997 -0.0052018708027235195 0.016491533013807461 -0.0061957125835719797 0.0089922271431539403 -5.3267159987674452e-05 -0.0092457136149593291 -0.010799683295880078 -0.016179931622014535 -0.020228009046703011 -0.0056938327838144936 -0.0031582810320239245 0.0023740363636548852 0.0047820493793151019 -0.029570141702835173 -0.0049829956600078162 0.0011116856249695111 0.0096310211357075511 -0.020671194424215108 0.001863175363648383
leaf_weight=18.892410791275328 64.096306902435117 46.277596245132145 3.8040942799061659 46.698710586832476 2.8554186970441142 36.799241675198118 8.5002289478577513 17.36062904218943 22.350794452552464 5.5835122398646062 153.64634355540124 10.854688775065595 4.6714597008794945 14.815103368353673 28.510668113138081 406.47031277089081 11.493747994657722 10.803938766004192 17.965010592345607 16.214956677976716 39.179764655931649 11.381880768223708 45.802706412744556 3.0895597773628642 3.618627610627299 16.067155530939999 25.879584499007478 5.3247118592262259 31.311780526907114 10.490402780742441
leaf_count=122 885 569 44 333 32 322 95 202 234 64 1239 84 24 94 272 3172 153 115 223 137 421 117 337 23 17 96 72 9 178 55
internal_value=0.000119281 0.00049187 0.000900606 0.00166015 0.00829192 -0.00280779 -0.00811439 0.000749173 0.000702847 0.00353738 0.000985936 0.00371903 -0.00939285 -0.000303149 0.00514548 -0.00125494 -0.00765235 0.00710255 -0.00537832 -0.0046646 -0.00171236 0.012453 0.0154286 -0.00460902 0.00655768 -0.000754283 0.00466089 7.52807e-05 -0.00508566 -0.00804845
internal_weight=1140.81 1076.72 998.809 830.079 75.3378 168.731 67.6503 101.08 30.851 83.7196 754.741 242.179 15.5261 512.562 75.2094 437.353 15.2978 60.1711 23.5485 77.9058 61.6908 60.04 48.6581 13.8935 22.511 422.537 226.653 73.0065 47.1269 41.8022
internal_count=9740 8855 8158 6311 683 1847 651 1196 329 994 5628 1661 108 3967 605 3362 197 707 287 697 560 486 369 138 139 3268 1553 314 242 233
is_linear=0
shrinkage=0.0218826


Tree=120
num_leaves=31
num_cat=0
split_feature=85 118 219 106 155 106 218 24 38 41 145 181 8 6 44 15 53 97 221 75 64 46 131 9 7 28 18 28 144 135
split_gain=6.40966 6.36583 5.42495 6.91673 7.31697 5.31973 5.87479 4.74848 4.6136 5.25579 4.99685 7.80175 6.18887 4.88365 4.53552 4.37915 5.4432 5.80461 6.11432 5.81746 4.70472 5.83053 4.98175 5.5885 5.00138 4.85908 4.85245 4.84504 5.51364 5.15855
threshold=21.550000000000004 17.900000000000002 -0.0070845683193599537 1.705796499327715 1.9526976584987625 5.2604319180087851 0.015883582913623687 7.5683731075186049 0.95950000000000013 3.473633640854993 0.73874725849708656 0.73761353408068087 1.7270653987329545 6.3225336031420687 -0.71322329076259927 5.5000000000000009 0.33799311391223164 0.32390364916773373 -0.024750890274689446 1.4500000000000002 22.950000000000003 1.5000000000000002 0.29067601325286191 0.2959072430889631 0.036030565644268271 0.17575831391557559 1.5000000000000002 0.2335112932732902 1.486698499317872 -0.032555227276404662
decision_type=2 2 2 2 2 2 2 2 2 2 2 2 2 2 2 2 2 2 2 2 2 2 2 2 2 2 2 2 2 2
left_child=2 -2 3 4 -1 7 -7 -5 9 -4 13 12 -12 -10 -9 -3 17 18 -17 -20 22 26 -18 25 -25 -24 -22 28 -27 -29
right_child=1 15 8 5 -6 6 -8 14 10 -11 11 -13 -14 -15 -16 16 20 -19 19 -21 21 -23 23 24 -26 27 -28 29 -30 -31
leaf_value=0.00022655389061505571 0.0023741366595780885 -0.001306127140064908 0.0063690126806673361 0.0062056856536354199 -0.0096833660081867539 -0.011764780150276603 0.0087626543796853838 0.025359823147318144 -0.0080639273592659003 -0.0002578423757796467 0.0062750837696320463 -0.031797355832293796 -0.0054770565019527243 0.0052597995445710904 -0.021301804075367133 -0.024059441137337902 0.0088581735343350784 -0.013339241297952468 0.0082248265531345566 -0.0074717343557549444 0.018480137364698203 -7.8596986341425017e-07 -0.0075281404555682168 0.024165547591164151 -0.011693129781669 -5.508914120502406e-05 0.00020533158364328396 -0.013209062581226741 0.0013154486645784601 3.312416764781315e-05
leaf_weight=5.7769805510188261 21.137439309784668 119.82170450150829 13.722549132654878 48.377225310558515 15.348246291355734 26.937633925699629 5.9411511421671994 4.1225798546383876 88.619177455765339 11.437239645054886 16.596257548968431 6.3261413966547471 6.6920552415031116 10.179465448537938 10.447067784747103 4.013191658372306 8.2465688755955835 6.4754206334496294 50.729957300719434 3.9578667512851089 36.897132382990321 45.915127873420715 15.993428350992188 3.7000720719363498 27.91714272012814 77.107387595599903 27.503715841959547 41.972967903203426 94.472053659056201 284.42640043738766
leaf_count=30 130 1445 193 369 71 126 48 34 926 75 75 26 26 116 79 43 58 60 436 31 245 85 205 29 338 836 248 354 572 2431
internal_value=0.000611144 0.0015277 -0.00232179 0.00120434 -0.00986217 0.0037379 -0.00327886 0.0074469 -0.00501952 0.00338294 -0.00670068 0.00107027 0.00708839 -0.00905109 -0.00320844 0.00122175 0.00186141 0.00786645 0.010075 0.0120516 0.00125864 0.00537052 0.000427414 0.00015433 -0.00865069 0.00071467 0.00957969 0.00110909 0.00407872 -0.000448625
internal_weight=1140.81 870.288 270.524 116.951 21.1252 95.8257 32.8788 62.9469 153.573 25.1598 128.413 29.6145 23.2883 98.7986 14.5696 849.15 729.328 65.1764 58.701 54.6878 664.152 110.316 553.836 545.589 31.6172 513.972 64.4008 497.979 171.579 326.399
internal_count=9740 7546 2194 757 101 656 174 482 1437 268 1169 127 101 1042 113 7416 5971 570 510 467 5401 578 4823 4765 367 4398 493 4193 1408 2785
is_linear=0
shrinkage=0.0218826


Tree=121
num_leaves=31
num_cat=0
split_feature=137 142 29 172 138 121 215 69 143 181 2 145 215 40 114 103 28 37 6 38 51 210 24 11 53 9 84 210 79 87
split_gain=5.06035 6.17986 5.26095 6.63705 7.12479 7.02741 6.35034 6.02554 6.02042 5.9151 7.3083 6.54775 6.38795 5.53012 5.49371 7.44066 5.48188 8.44231 6.18548 5.98601 5.4136 5.7417 5.24231 4.85452 4.82492 6.73551 5.27698 5.37603 4.78002 5.34559
threshold=1.5491463646892749 2.7013265927860863 0.083795099344083954 -0.0025747544963036491 0.41731541263109012 0.72273751118996921 99.450407739024172 25.200000000000006 0.13052160678896282 0.75414944903581282 0.31477740376243929 0.27261265578019572 43.57060480616186 9.208256871886654 0.31045191689869356 3.4390825069798789 0.2956781256378031 0.17156862745098042 4.6796810506566606 1.0090000000000001 0.24065740740740743 4.2827558821032659 6.7073994597148721 2.6307784194716732 0.43676776468621642 0.16953708514360558 59.750000000000007 3.8960256606346939 45.550000000000004 0.46266051176305184
decision_type=2 2 2 2 2 2 2 2 2 2 2 2 2 2 2 2 2 2 2 2 2 2 2 2 2 2 2 2 2 2
left_child=2 -2 6 9 14 -6 7 16 28 10 11 12 -4 -8 -5 -16 17 -1 -19 22 -11 -22 -18 -9 26 -26 27 -20 -7 -30
right_child=1 -3 3 4 5 8 13 23 -10 20 -12 -13 -14 -15 15 -17 19 18 24 -21 21 -23 -24 -25 25 -27 -28 -29 29 -31
leaf_value=0.015825492214179251 0.0079617095629226069 -0.038093336298675395 7.2323018221127466e-05 0.017198737955005879 0.00019157780903520812 -0.013963301580135468 0.0007873416360251954 0.0039262031611751675 0.00060259616009530697 0.032504546410116485 -0.004137878597498465 -0.0074429851973192808 -0.003804914185335473 -0.0019603251803482595 0.0089719134856914746 -0.019039056312091383 0.013703237175448536 0.00010442151679373559 -0.0054470770268110619 0.015044339046829313 0.0046774226748569339 -0.00083031584360775817 -0.0036830130480358853 -0.0078874672749036367 9.6408333301160098e-05 -0.014311819979473906 -0.0058836739012793704 0.015046708568858749 -0.01002271845343332 0.00098505412712996906
leaf_weight=9.6999825667273836 44.194255712664017 5.8774698182251077 155.08741014721841 32.603642997215729 63.15028207249793 32.785347658457113 85.658357799053192 5.2728687442902347 11.82274545290147 13.657086170309865 27.804049016249564 101.35008389110703 67.16366970486456 14.298934951424597 11.286653965484449 14.56466170106023 13.1611450318303 191.23998743755442 7.1302067836770702 26.845086857650813 13.905205582625287 8.7164890084436575 20.643704612207557 36.146425511651387 17.369474845693276 39.958081986013667 22.04426089911999 19.464524026283016 8.6606926081749425 19.248561036037927
leaf_count=181 321 39 1716 280 457 353 161 57 73 116 173 569 220 30 57 177 107 2193 54 306 70 56 317 367 199 418 256 253 40 124
internal_value=0.000218743 0.00696548 -9.30183e-05 -0.00151612 0.00177168 -0.000967388 0.00152757 0.000306626 -0.00560481 -0.00317067 -0.00404555 -0.00308745 -0.000960012 0.00644994 0.00810825 0.000396953 0.00121082 6.11312e-06 -0.000663376 0.00717659 0.00512386 -0.00138815 0.0008801 -0.00751391 -0.00489174 -0.0091478 0.000128741 0.00666339 -0.0084071 -0.00154069
internal_weight=1140.81 50.0717 1090.74 581.807 194.123 135.668 508.933 408.976 72.5173 387.684 351.405 323.601 222.251 99.9573 58.455 25.8513 367.556 306.907 297.207 60.6499 36.2788 22.6217 33.8048 41.4193 105.967 57.3276 48.639 26.5947 60.6946 27.9093
internal_count=9740 360 9380 4481 1561 1047 4899 4708 590 2920 2678 2505 1936 191 514 234 4284 3554 3373 730 242 126 424 424 1180 617 563 307 517 164
is_linear=0
shrinkage=0.0218826


Tree=122
num_leaves=31
num_cat=0
split_feature=60 123 49 50 163 119 104 114 97 147 115 178 9 105 44 25 50 98 51 178 138 147 107 121 36 98 207 101 89 178
split_gain=4.68431 8.71169 8.10612 10.5392 9.23747 8.86551 6.77312 6.44379 5.86356 6.36636 5.75145 6.65293 6.59467 5.86523 6.69567 7.33455 7.19346 5.70508 7.27771 6.6689 5.59296 5.5883 5.536 5.51848 5.45255 5.16254 5.07546 5.04552 5.03935 4.87229
threshold=0.43193920643745048 4.0000000000000009 10.250000000000002 5.7500000000000009 22.898171833618935 19.612500000000004 5.0064267352185103 0.22063894523326574 0.18048396334478811 6.8674500000000007 0.2944938395108358 0.0099539234414824946 0.19911986891707681 0.36899313501144165 -0.65605902899050716 4.829265215678439 6.2500000000000009 0.038700076804915523 0.2518981481481482 0.017018642166391682 -1.7807989418485404 14.251750000000001 11.816193714821766 0.7197249640865081 0.31361920837069274 0.046543485186365093 0.55227908128601755 0.014201203320896779 1.5225395310570422 0.019044859405930179
decision_type=2 2 2 2 2 2 2 2 2 2 2 2 2 2 2 2 2 2 2 2 2 2 2 2 2 2 2 2 2 2
left_child=1 24 3 28 -5 -4 -7 20 9 -2 11 23 -12 -13 15 -15 -16 22 19 -19 -8 -20 -10 25 -1 -9 27 -25 -3 -14
right_child=8 2 5 4 -6 6 7 10 17 -11 12 13 29 14 16 -17 -18 18 21 -21 -22 -23 -24 26 -26 -27 -28 -29 -30 -31
leaf_value=-0.00013755612454778021 -0.012604898752286219 3.8689244095715559e-05 0.00038657975084606779 0.0084680040152452177 -0.00080681732837335524 -0.033118265500783728 -0.01489445316980445 -0.009260779143978104 -0.0054152590423486909 0.011684067492475667 -0.0076856060914711278 0.0056148180813511946 0.0056600963723841217 0.0047572854441071417 -0.0097387284127359152 -0.0098960465046421218 0.0086828524065233181 0.0040633347058552007 -0.012888734517872742 -0.0012947747394627899 0.011141770656174785 0.024287160459990909 0.004178264113820762 0.0012806069390357223 0.00066085359563901802 0.023565329973452221 -0.0018844619092251871 -0.021046512778697117 0.021679389381902271 -0.00063515346814156887
leaf_weight=10.794911623001097 5.9311771301584058 440.67006208474936 15.939528343615164 26.412010771174209 9.0207334827416599 14.178579656385862 3.8895420726630645 32.3429094554117 101.27707118042031 19.89798187831002 8.026407909653015 10.804291780551464 34.363521688414721 19.666710835337202 34.628840325218107 9.2530984832674203 10.039950435303352 49.456753033640553 41.555138491992693 27.811292480904513 15.507200757273038 3.440001644136145 6.7515176787180726 7.5892265075544847 77.14147947425954 10.232446700724266 15.830527504437667 49.332744369063676 10.410791591853465 18.614899225779936
leaf_count=29 119 4942 62 67 23 60 17 159 1500 235 60 43 135 70 154 23 29 538 356 296 70 22 68 31 239 36 58 150 79 70
internal_value=0.000386376 0.00114322 0.000414301 0.00217885 0.0135433 -0.0023413 -0.00322303 -0.0024359 -0.0022112 0.00748938 -0.0033582 -0.00515479 0.00246377 -0.000435878 -0.00272429 0.00532615 -0.00800684 -0.00333492 -6.48561e-05 0.00397267 0.00944801 -0.00701437 -0.00697948 -0.00855423 0.00764908 -0.00214973 -0.0121955 -0.0152104 0.00125679 0.00535464
internal_weight=1140.81 884.69 796.754 486.514 35.4327 310.24 294.301 280.122 256.121 25.8292 260.726 199.721 61.0048 84.3929 73.5886 28.9198 44.6688 230.292 122.263 77.268 19.3967 44.9951 108.029 115.328 87.9364 42.5754 72.7525 56.922 451.081 52.9784
internal_count=9740 6606 6338 5111 90 1227 1165 1105 3134 354 1018 753 265 319 276 93 183 2780 1212 834 87 378 1568 434 268 195 239 181 5021 205
is_linear=0
shrinkage=0.0218826


Tree=123
num_leaves=31
num_cat=0
split_feature=60 123 176 121 154 61 120 1 36 144 36 214 118 192 32 176 5 30 30 30 94 5 39 105 91 53 57 178 52 118
split_gain=5.49342 7.13955 7.07876 7.06528 7.69052 6.89802 6.33907 6.08127 5.67135 5.63547 5.20063 5.16125 5.59556 4.99995 4.79585 6.4085 4.5996 8.64243 6.91617 7.45387 6.66495 6.23994 6.11867 5.83539 5.75658 6.08492 5.60159 6.83816 5.41868 6.56001
threshold=0.43193920643745048 4.0000000000000009 0.0041316588247488637 0.72596703925365269 1.1060947951339102 0.34343423884705399 0.70593573182449032 6.4450000000000012 0.45517157983231826 1.4493354943273908 0.31361920837069274 10.500000000000002 17.900000000000002 8.6079534106530531 0.18453912452043084 -0.03250525415565287 1.1231569664903001 0.28292935228457855 0.23108195449029847 0.22243713307542831 0.3449284129864893 0.99517884538725443 1.1200000000000003 0.56030303030303041 3.5150972354385801 0.44193188431692104 27.882160759081511 -0.028187862952986951 0.13556944444444449 22.550000000000004
decision_type=2 2 2 2 2 2 2 2 2 2 2 2 2 2 2 2 2 2 2 2 2 2 2 2 2 2 2 2 2 2
left_child=1 10 3 4 -2 8 -4 11 -5 -8 -1 12 -3 -11 15 -9 17 21 19 24 -20 26 -21 -23 -18 28 27 -14 29 -26
right_child=2 7 6 5 -6 -7 9 14 -10 13 -12 -13 16 -15 -16 -17 18 -19 20 22 -22 23 -24 -25 25 -27 -28 -29 -30 -31
leaf_value=-0.00013454603228617776 0.0025962281434138128 0.010475015596325314 0.011103740917967083 0.0076794015896049792 -0.012641006869109017 -0.0017081956472161494 -0.0015921959417996955 -0.010258555117324066 -0.012475254373046073 0.009708091844663919 0.00064639236898826385 0.029618072705081922 0.010897959210170815 3.6605681394829998e-05 -0.019326622707846988 0.0044155686895570208 -0.0071039514175611487 -0.024582281344939852 0.00010997824703718231 -0.013035729554774183 -0.026670994392315048 0.008282701663632 0.018073313780430061 -0.0033853582952527313 0.0098373084258105477 -0.017940577009995462 0.0042711880003960187 -0.0061900587120585744 0.0079063343987772657 -0.0087178659821440414
leaf_weight=10.794911623001097 15.773109995983075 15.58948861728163 17.464383986896337 23.303033283518062 81.839513617440161 23.020276417930518 21.630252764353827 13.995783415810363 17.211055488608508 9.6704205919963879 77.14147947425954 9.6526266921059669 12.160979342714425 46.208887371553828 15.437662730994587 27.806830193283304 25.324448601254971 8.139120605924516 331.8156354873629 55.6366388787294 10.563145736129853 69.609658815650164 4.7343899552552093 12.485128195153036 19.961327608866441 16.034030952517242 47.786113563640811 27.974767554164146 38.374328593769405 33.671918440564468
leaf_count=29 162 105 223 374 1126 322 384 74 208 71 239 45 149 264 98 283 222 76 2473 404 138 612 41 98 209 201 254 312 271 273
internal_value=0.000602182 0.00142131 -0.00221074 -0.00500082 -0.00867562 0.000634488 0.00249305 0.000760391 0.00607861 -0.000198381 0.00731352 0.0012979 0.00107343 0.00343754 -0.00605219 -0.00200474 0.000777805 0.00381648 -0.000230373 -0.0035313 0.0016323 0.00491294 -0.00985946 0.00922428 -0.000601664 0.00159158 0.000805212 -0.00512536 0.00380098 -0.000654302
internal_weight=1140.81 884.69 256.121 161.147 97.6126 63.5344 94.9739 796.754 40.5141 77.5096 87.9364 739.514 729.861 55.8793 57.2403 41.8026 714.272 178.156 536.116 193.737 342.379 170.017 60.371 82.0948 133.366 108.042 87.9219 40.1357 92.0076 53.6332
internal_count=9740 6606 3134 2192 1288 904 942 6338 582 719 268 5883 5838 335 455 357 5733 1501 4232 1621 2611 1425 445 710 1176 954 715 461 753 482
is_linear=0
shrinkage=0.0218826


Tree=124
num_leaves=31
num_cat=0
split_feature=32 1 42 30 32 196 35 134 78 70 196 30 71 115 24 105 193 155 80 221 30 118 78 103 221 88 103 146 118 162
split_gain=5.11909 8.94368 7.32965 5.99735 6.44615 5.90829 5.35616 5.14526 5.92418 5.62971 7.53806 5.17334 5.11121 5.28814 5.53153 5.20698 4.92391 5.96897 5.90933 4.8995 5.24988 4.89445 6.87198 4.86138 6.26112 6.09977 5.08147 5.2202 5.99401 5.72687
threshold=0.19229246074378697 6.4840000000000009 100.25000000000001 0.22787489312533485 0.206818322591763 12.151594476998275 0.089541226076169739 -0.010342363877408276 6.6000000000000005 30.650000000000002 8.191851779902569 0.26038725775587751 12.750000000000002 0.26590677837674009 6.6865079365079376 0.56980519480519487 9.6735519210028951 2.6177828771700073 55.350000000000009 0.020103075652236974 0.20453276869208573 23.550000000000004 15.950000000000001 1.3496626686656674 0.014311773202853081 94.188391803905475 2.0914823261733204 0.15998924628844616 26.100000000000005 -6.7333816460523321
decision_type=2 2 2 2 2 2 2 2 2 2 2 2 2 2 2 2 2 2 2 2 2 2 2 2 2 2 2 2 2 2
left_child=6 2 3 -2 5 -5 7 9 -9 10 -1 -11 -6 21 -15 -16 17 19 -19 20 -8 -14 -23 24 25 -18 -25 -28 29 -29
right_child=1 -3 -4 4 12 -7 16 8 -10 11 -12 -13 13 14 15 -17 23 18 -20 -21 -22 22 -24 26 -26 -27 27 28 -30 -31
leaf_value=0.010245794516636441 -0.010857048881061091 -0.021166382870357252 -0.02443084336731495 0.013751874229713152 -0.015220930609931333 -0.0069948649914616176 0.0030060982773941107 0.00049918478904560995 -0.0055210606689206111 0.010860761663340025 -0.0082957191391369433 -0.011980916937863377 -0.022064168171241478 -0.00022867858043631369 0.014663890673616137 -0.014981321436663806 -0.016004206472278779 -0.011875280611960999 0.00023600101914119992 0.00026725070492886969 -0.0038320406125569319 0.017666770475733083 -0.011153747784492869 -0.0025415405965294418 0.018495600325086198 0.008665643823849321 0.0013156898287119446 0.00057724229441721321 0.0043189443539507124 -5.0416599841891903e-05
leaf_weight=7.9043357431987706 5.9474628688724342 10.52006753104183 5.7039592936389445 85.358718451914456 14.6964906831231 7.2136748892062306 15.506378148065094 16.913260883121211 98.735886288590109 19.490120817459687 45.979162999037271 7.1639411322844344 15.869922355273276 11.894947556189889 37.601276021273634 3.7150986899796399 13.850808280707041 16.793227283696982 2.6538518110551186 35.455246136182268 134.25048306073882 9.7355559941356642 3.559229904820767 45.29904128244857 15.09397749753998 26.217545360552322 47.274427452434338 53.178775336287799 13.908802301904414 313.32567254194009
leaf_count=97 109 76 52 534 77 34 153 97 1205 192 536 49 134 110 294 30 123 199 34 278 1422 87 20 260 70 129 515 206 62 2556
internal_value=0.000264798 0.00332955 0.00439046 0.00514419 0.00585614 0.00997059 -0.000432907 -0.00363802 -0.00658148 0.000573676 -0.00345071 0.00868569 0.00185102 0.00401346 0.00809248 0.0118489 0.000423961 -0.00244566 -0.0137426 -0.00118856 -0.00293685 -0.0033423 0.00611079 0.00154386 0.00764991 0.00288472 0.000813408 0.00156061 0.000691511 0.000132893
internal_weight=1140.81 211.816 201.296 195.592 189.645 92.5724 928.995 196.187 115.649 80.5376 53.8835 26.6541 97.0725 82.376 53.2113 41.3164 732.808 204.659 19.4471 185.212 149.757 29.1647 13.2948 528.149 55.1623 40.0684 472.987 427.688 380.413 366.504
internal_count=9740 1557 1481 1429 1320 568 8183 2176 1302 874 633 241 752 675 434 324 6007 2086 233 1853 1575 241 107 3921 322 252 3599 3339 2824 2762
is_linear=0
shrinkage=0.0218826


Tree=125
num_leaves=31
num_cat=0
split_feature=123 45 64 36 67 9 139 45 217 39 28 152 28 40 45 158 52 41 21 214 220 87 29 213 176 40 152 146 1 138
split_gain=6.31181 6.66258 6.0341 7.1061 6.37742 7.81051 6.29188 6.75279 7.90821 6.42791 8.04606 6.10032 5.82097 5.46417 5.62696 5.4812 6.71458 5.18625 5.06995 6.25743 5.04271 5.27812 5.3776 5.44493 5.4532 5.75697 5.65095 4.93457 4.97192 6.00554
threshold=4.0000000000000009 0.95878322595067733 20.350000000000005 0.56364912898355601 29.250000000000004 0.29476353411537098 8.4432952425198984 -0.72534675097891077 -0.038781562608815025 1.0395000000000001 0.30202401054824163 -0.38433239029285171 0.23126234406864848 8.0590251937350832 0.71322329076259938 68.606542447712016 0.21905092592592598 3.7821869114276834 3.3726518385170317 2.4166666666666674 0.031822344322344334 0.47809555306075152 0.058122882257494311 2.1196931428460535 0.032557573520111856 7.077885216238065 0.44231429384316107 0.11987155730577849 5.6655000000000006 3.5704130317536182
decision_type=2 2 2 2 2 2 2 2 2 2 2 2 2 2 2 2 2 2 2 2 2 2 2 2 2 2 2 2 2 2
left_child=1 27 4 6 11 13 7 8 -4 10 18 -2 -10 -6 15 16 -15 -5 19 -9 21 22 -13 -24 25 -25 -27 -1 29 -29
right_child=2 -3 3 17 5 -7 -8 9 12 -11 -12 20 -14 14 -16 -17 -18 -19 -20 -21 -22 -23 23 24 -26 26 -28 28 -30 -31
leaf_value=0.0054553392271635432 0.0055681310519797508 -0.0095403825522146005 0.0069272137839488769 -0.010619467901456179 0.0022224935863895926 -0.028773008732229714 -0.0013706509561065578 -0.0035507035035708418 0.0013513907961038467 0.011604850652414737 -0.020562862879681849 0.0043192615474326136 -0.015813191306652426 -0.01417077259318743 0.0098467978755556844 0.00015130585711288505 0.0020117579544586747 0.02203903918906179 0.0044398972853516173 0.0080905307331090876 0.0022627180453391898 -0.00014311460582836733 0.010721072956608948 0.008459137366074003 8.1819924412086101e-05 -0.0073520661848452112 0.00023083669189817373 3.0461919009961821e-05 0.00054240226317743155 0.008192326110462245
leaf_weight=21.464281962311361 25.210526746546293 12.528965473466085 10.601673289611197 28.661356714975909 39.648392950443849 15.014130489974603 21.190596709791407 18.674899283135346 9.8999142259287947 47.535060665065203 8.9206429988673772 15.400637826377077 32.258126585206583 32.046997443386317 15.652837568237599 79.892448087412731 4.564322635285861 6.3960930615533007 49.228697934226147 24.400843463381079 19.252267614206403 167.27624694366887 6.1659501321987582 6.0658108666655144 34.464079480181226 200.7184732387268 10.29040629695646 132.5221015412244 30.323525708459783 14.541040659241842
leaf_count=77 274 44 104 217 250 169 153 170 120 357 100 283 289 202 114 414 14 35 335 159 316 1829 131 82 286 2582 80 395 111 48
internal_value=0.000284394 0.00369165 -0.000489686 0.00234696 -0.00158445 0.00183487 0.00380033 0.00500651 -0.00165371 0.00738565 0.00416651 -0.00290925 -0.00598202 0.00319066 0.00100401 -0.000658032 -0.007598 -0.00667742 0.00613927 0.000549087 -0.00349218 -0.00397948 -0.00585223 -0.00661165 -0.00712952 -0.00841048 -0.00903372 0.00469058 0.00343066 0.00171385
internal_weight=1140.81 211.38 929.431 257.768 671.664 186.819 222.71 201.52 52.7597 148.76 101.225 484.844 42.158 171.805 132.157 116.504 36.6113 35.0574 92.3044 43.0757 459.634 440.382 273.105 257.705 251.539 217.075 211.009 198.851 177.387 147.063
internal_count=9740 675 9065 2039 7026 1163 1787 1634 513 1121 764 5863 409 994 744 630 216 252 664 329 5589 5273 3444 3161 3030 2744 2662 631 554 443
is_linear=0
shrinkage=0.0218826


Tree=126
num_leaves=31
num_cat=0
split_feature=123 206 107 40 50 11 29 105 108 26 156 97 45 204 40 157 75 114 21 33 77 105 45 7 114 55 35 32 145 41
split_gain=3.89448 6.80916 5.23479 5.60329 5.4689 5.4839 5.1129 5.18908 6.81895 5.62121 5.16872 5.07637 5.21464 5.0427 4.94782 6.0188 5.92323 5.79448 4.91863 7.15155 5.74521 5.15457 4.88511 5.25032 8.81149 6.31673 7.35583 5.84062 5.99592 5.24721
threshold=4.0000000000000009 5.5603828004948292 7.2154258168184269 8.1071259802268418 4.7500000000000009 7.6458258713058838 0.077132274660718467 0.53158244680851074 61.746800161367226 6.1172061057008724 170.06678789077185 0.2285098522167488 0.1478037830001481 0.44981172535963171 9.208256871886654 264.40913648527516 1.1500000000000001 0.33818239526026245 3.3771267756633616 0.42802973227546287 8.3000000000000025 0.43785112359550565 0.93663652364155514 0.071814272018685968 0.31045191689869356 43.529151542649736 0.087915152669302762 0.19229246074378697 0.010075540371448002 3.7917476343797873
decision_type=2 2 2 2 2 2 2 2 2 2 2 2 2 2 2 2 2 2 2 2 2 2 2 2 2 2 2 2 2 2
left_child=2 -2 4 -4 5 13 22 10 9 -9 -8 12 -5 -1 16 -16 18 -17 19 20 -12 -20 23 24 -3 27 -27 28 -25 -29
right_child=1 6 3 11 -6 -7 7 8 -10 -11 14 -13 -14 -15 15 17 -18 -19 21 -21 -22 -23 -24 25 -26 26 -28 29 -30 -31
leaf_value=0.020390569003112646 -0.020689920945186933 0.0034627141559431742 0.007679586274986135 0.013191197210964289 -0.0094876268723305575 -0.0023140150329377137 -0.011965464562069025 0.00023171953622069545 -0.0046173906322891289 -0.0054981997628385784 -0.0097856341496879457 -0.00028325224195163142 -2.773787186440778e-05 0.00017530551250151822 0.004265736435410351 -0.0093701501246742421 0.0072532680534492591 0.002190602801190118 2.2895358185965741e-05 -0.013063340668589373 0.00055907245578058675 0.00079377598836584493 0.0078572700197777432 -0.00790645209320333 -0.0071010611888901462 -0.020513985967800581 0.00082178915091973208 0.021341034101601229 0.0028720879421528459 -0.0091939157228417175
leaf_weight=10.108008393901398 15.824005762768364 111.17379759359073 41.117543463711627 29.071730302937794 26.66983716096729 9.7354435989400354 35.547237781036301 41.395103865112333 68.767133295739086 7.3425140871313479 16.271335504779017 37.092939666181337 20.79219989606645 36.792212861997541 11.083723903153667 58.344356830823699 63.215253860419125 7.7740360954903727 162.46288999580838 27.584055091364689 58.136255274351015 49.995532739417058 25.112602161664199 78.141916910702321 21.445730342957859 3.9741097319858936 23.31696588150453 13.067507398659474 25.677203183027359 3.778165960523892
leaf_count=54 386 1133 120 113 49 33 538 293 443 53 59 112 68 126 119 516 413 63 1546 302 782 258 263 942 293 64 176 148 256 19
internal_value=0.000323444 -0.00028394 0.00299973 0.00576814 -0.00123386 0.00257712 -2.79339e-05 -0.00119184 -0.00530636 0.000897952 -0.000192586 0.00252845 0.00706167 0.00574462 0.000434721 -0.00457475 0.00147451 -0.00711116 0.000228495 -0.00369304 -8.48864e-05 0.00213246 0.00227362 0.00141696 0.00457121 -0.00139882 0.00792783 -0.00357234 -0.00553444 0.00804526
internal_weight=1140.81 929.431 211.38 128.074 83.3055 56.6357 913.607 607.919 117.505 48.7376 490.415 86.9569 49.8639 46.9002 454.867 77.2021 377.665 66.1184 314.45 101.992 74.4076 212.458 305.688 280.575 132.62 147.956 27.2911 120.665 103.819 16.8457
internal_count=9740 9065 675 413 262 213 8679 5385 789 346 4596 293 181 180 4058 698 3360 579 2947 1143 841 1804 3294 3031 1426 1605 240 1365 1198 167
is_linear=0
shrinkage=0.0218826


Tree=127
num_leaves=31
num_cat=0
split_feature=32 98 162 95 37 138 137 41 146 44 30 135 30 133 53 19 117 206 61 18 118 41 108 138 222 121 87 145 181 74
split_gain=4.86112 6.80275 4.22008 8.72361 4.89579 6.09662 5.18381 4.79591 4.39634 6.59548 5.65495 5.47173 6.27119 6.68024 5.74097 5.31713 5.11485 9.20854 5.18424 5.16006 5.62185 5.07891 6.69744 6.37307 6.11708 6.39475 7.33806 6.07595 5.60733 5.37723
threshold=0.097474918784700118 0.023128817034934693 -10.245850522825377 0.26025746822908075 0.30384615384615393 1.491222046897174 -1.0000000180025095e-35 2.902517214494726 0.15998924628844616 0.87032255546191739 0.27355877700752146 0.0022432278409545291 0.19408838252287677 -0.034766991902440862 0.65634293852999026 12.500000000000002 0.3861642743221691 10.759339470940905 0.28243520490156698 3.5000000000000004 20.100000000000005 2.6356467155997261 58.324334053275741 -1.1123456790123454 7.4589442642469512 0.73109005521793302 0.46850574137959772 -0.51061611937153795 0.69631062397019849 0.40350000000000008
decision_type=2 2 2 2 2 2 2 2 2 2 2 2 2 2 2 2 2 2 2 2 2 2 2 2 2 2 2 2 2 2
left_child=1 -1 3 4 -2 -6 -7 -5 9 10 -4 14 -13 -14 21 -11 17 19 -18 -15 -21 23 -23 -10 25 26 28 -28 -24 -26
right_child=2 -3 8 7 5 6 -8 -9 11 15 -12 12 13 16 -16 -17 18 -19 -20 20 -22 22 24 -25 29 -27 27 -29 -30 -31
leaf_value=0.00054900710015873223 -0.012073585156343785 -0.0079312606520076153 0.00074914298103683028 4.028365935594874e-05 0.0012989326852472002 0.014704430129758051 -0.020237170686810527 0.0083231124614276102 0.029073455318149664 -0.013266500831209064 -0.013705813964065144 0.011837746221569601 -0.0053778845924797808 0.00016685020778841618 0.020874035763177545 0.013972989914701464 0.0075207519856856104 0.0062003149100134606 -0.0076046083198239222 0.025920689862161866 -0.0056407484682826662 0.000222967790073613 0.0040099997437948974 -0.011320372743412237 -0.022476546404655361 -0.0077334379846660415 0.011164399219055512 0.00030860186566951115 -0.0053853424319358486 0.01632413432690831
leaf_weight=6.5023357847685466 14.095346657351 34.939288274824321 96.011390530891731 9.8864344986450288 12.835919314481545 5.1902426164724629 10.843938817584784 24.238549555978352 8.7822302756753725 15.14095059819647 9.634789275946785 13.492272447924277 41.936250530667394 243.7039399045384 7.9626375454836298 2.9163890731501843 9.7774538579660675 41.978752906961518 16.051542063700708 3.1839805259960512 21.9926161147107 110.68734386605115 14.283292182864896 29.568163746378787 40.323681130500518 55.611470058304803 30.30553979102524 115.84080387573181 88.592875695215753 4.5009270787259075
leaf_count=118 73 350 955 28 72 18 47 80 127 180 105 113 325 2107 58 17 63 277 81 13 163 910 117 490 278 507 188 1137 718 25
internal_value=0.000608162 -0.00666859 0.000889961 0.00580391 -0.000717086 0.00436029 -0.00444337 0.0139311 0.000512092 0.00436585 0.00647191 -1.84037e-05 0.00191659 0.0013674 -0.00152334 -0.00754175 0.00240374 0.00319213 -0.00677804 0.00167301 -0.00757733 -0.00183483 -0.0011811 -0.00941409 -0.0026712 -0.00153556 -1.59285e-05 0.00311676 -0.00448594 -0.0101581
internal_weight=1140.81 41.4416 1099.37 77.0904 42.9654 28.8701 16.0342 34.125 1022.28 123.704 105.646 898.576 392.117 378.625 506.459 18.0573 336.688 310.859 25.829 268.881 25.1766 498.496 460.146 38.3504 349.459 304.634 249.023 146.146 102.876 44.8246
internal_count=9740 468 9272 318 210 137 65 108 8954 1257 1060 7697 3142 3029 4555 197 2704 2560 144 2283 176 4497 3880 617 2970 2667 2160 1325 835 303
is_linear=0
shrinkage=0.0218826


Tree=128
num_leaves=31
num_cat=0
split_feature=146 206 60 118 136 111 133 41 156 176 65 105 27 49 50 99 11 89 81 95 156 42 114 153 223 43 216 96 64 33
split_gain=5.58443 5.26817 4.98472 7.44781 5.11798 7.80828 5.03061 5.7162 5.35344 5.32871 5.44581 5.06698 4.44713 4.4211 7.31743 11.5463 8.95689 8.04141 7.52257 6.23187 5.44197 7.90823 8.41674 8.52037 7.10418 5.5552 5.34447 6.02401 8.29773 5.14431
threshold=0.15998924628844616 9.6035926287566333 0.43193920643745048 17.900000000000002 1.5261463327887508 15.500000000000002 -0.038693541609982972 4.0772312887447919 177.95252169070383 0.0041316588247488637 10.750000000000002 0.37431318681318687 0.21494212310032995 13.750000000000002 5.2500000000000009 0.023831367409349064 4.7768932895878384 1.5225395310570422 0.5545000000000001 0.27532056551043899 230.79537059492301 82.550000000000011 0.31142632767252387 0.4249237851270557 0.64135500000000045 8.7500000000000018 23.294575821075103 0.30530333467255932 19.050000000000004 0.46428720835301801
decision_type=2 2 2 2 2 2 2 2 2 2 2 2 2 2 2 2 2 2 2 2 2 2 2 2 2 2 2 2 2 2
left_child=1 12 3 -2 6 -6 8 9 -4 -8 -11 -12 -1 14 17 -16 -17 19 -18 -5 24 -22 23 -23 -21 -26 27 28 -15 -29
right_child=2 -3 4 13 5 -7 7 -9 -10 10 11 -13 -14 26 15 16 18 -19 -20 20 21 22 -24 -25 25 -27 -28 29 -30 -31
leaf_value=-0.011729604259638036 0.0053589224541223893 -0.016747448740418263 -0.0091574497549064219 0.00012568158668844781 0.010920092600173986 -0.015256859164853896 -0.012783028686401037 0.012874114798141269 0.02355938652117812 -0.018368719500551359 -0.0002387317615506842 0.00046447459750408238 0.00035499401588834611 -0.007564209882974818 -0.010587447853797498 0.0095214819615244105 0.00016106722047662048 0.019461179083989033 -0.0003018060879025083 -0.0080217738155249751 0.00088766031170287626 -0.015737146970310832 0.012914144731815897 0.0067714758672565573 -0.0091188212145451811 0.0060577497266472314 -0.018730102595369256 -0.020545645860388272 0.0069711280053436709 0.00050801403580415607
leaf_weight=16.421053437854425 20.452361149906892 4.8554315130968453 7.357731014381673 347.19711007405476 17.684177929623278 7.4389526441696026 84.496473867254281 11.13918603885122 8.7366998547770418 17.369150585278931 9.3448838629401489 24.684394238026471 121.43783014199903 32.10878650295399 24.290684984305699 45.299891694788585 9.8444248458254133 11.919609553569442 23.167924287070264 78.425391492725794 84.89379436348554 32.793019918523669 5.5504043787573201 6.8817946412991651 13.486410390012226 14.905294115493687 19.841620892286301 14.09968956286548 18.358469465710641 6.3287011548263754
leaf_count=203 110 45 68 3132 178 77 1258 92 141 74 108 333 1128 127 67 110 19 77 52 723 948 236 37 24 141 69 36 53 58 16
internal_value=0.000758703 0.00479567 0.000174964 0.000923982 -0.00302103 0.00598854 -0.0044501 -0.00573695 0.00683592 -0.00699311 -0.0013349 0.00368609 0.00563322 0.000575088 0.00116981 0.0065446 0.0106239 0.000231835 0.00177108 -0.000137544 -0.00287312 0.000113669 -0.00717869 -0.0107958 -0.0065141 0.0027241 -0.00394023 -0.00102729 0.00299625 -0.0108513
internal_weight=1140.81 142.714 998.097 809.845 188.252 25.1231 163.129 147.034 16.0944 135.895 51.3984 34.0293 137.859 789.393 698.656 102.603 78.3122 596.053 33.0123 584.133 236.936 130.119 45.2252 39.6748 106.817 28.3917 90.7373 70.8956 50.4673 20.4284
internal_count=9740 1376 8364 6035 2329 255 2074 1865 209 1773 515 441 1331 5925 5635 248 181 5387 71 5310 2178 1245 297 260 933 210 290 254 185 69
is_linear=0
shrinkage=0.0218826


Tree=129
num_leaves=31
num_cat=0
split_feature=203 64 50 25 208 67 9 40 75 131 219 178 121 210 219 176 95 74 9 222 53 138 43 22 172 217 222 138 88 25
split_gain=5.84056 5.10113 6.0693 8.5906 7.82986 5.48198 6.60256 5.55322 6.14076 7.00079 5.07487 6.06036 4.96115 6.45185 5.48673 5.12265 7.2764 6.10952 5.92011 5.23795 8.81917 6.27745 5.19764 6.97935 5.25974 5.11742 5.05165 4.81716 6.96723 4.78754
threshold=2.5124272075719327 20.750000000000004 5.2500000000000009 3.8200343763097657 2.8812251154421658 29.450000000000003 0.29476353411537098 8.0590251937350832 1.0000000180025095e-35 0.38435365816365186 -0.0076156013225353028 0.058463444964076898 0.73247591767440268 5.4983229184307092 -0.056928055133718895 0.033258569255430671 0.28304075646806465 0.36150000000000004 0.12947750692833096 3.6850929278053925 0.55992948427541467 -0.1650237700036796 11.050000000000002 3.1036659533947009 -0.028514492753623163 -0.0068653836942090115 0.66188156947156307 1.4313915931667271 94.289863317879693 4.5169450401407687
decision_type=2 2 2 2 2 2 2 2 2 2 2 2 2 2 2 2 2 2 2 2 2 2 2 2 2 2 2 2 2 2
left_child=27 5 -3 4 -4 10 7 -7 9 -9 11 12 14 26 -2 17 -17 19 -19 21 -21 -16 23 -20 -24 -23 -14 -1 -29 -11
right_child=1 2 3 -5 -6 6 -8 8 -10 29 -12 -13 13 -15 15 16 -18 18 22 20 -22 25 24 -25 -26 -27 -28 28 -30 -31
leaf_value=0.0096010439763362966 0.00096744889939298574 9.0592088257759014e-05 0.00074844947295509175 0.0081374561433938033 -0.01100460110347241 0.0008996318612544159 -0.019570775598245882 0.00043401100594047824 0.00058901245766370715 -1.4908507581935664e-05 -0.00064721119836562999 -0.0069520725363645761 0.02787943192849832 0.00061111197722914712 0.010492775877188037 0.0031718936141924541 -0.020853796474554268 0.014100938537169032 0.014250969279587557 0.0022063014013307528 -0.036308282186923571 0.0022296412504186789 -0.0073100828970878431 -0.011428781120043153 0.0013916278309670067 -0.011587963926808238 -0.01351621035148122 -0.0023287818139967596 0.00021533841846654026 -0.010854717781436806
leaf_weight=17.522892343917878 19.157758983064923 204.64203922847696 17.778182500952425 25.442683166925235 15.911166916104774 47.302046015564201 13.338850380461052 38.57680115506605 30.865807088579686 54.886510504749822 359.88866800127289 28.50111918618677 3.5405643799563284 7.3185429655245562 17.916538073480297 27.142920665319252 6.373789326234145 4.5086529557393069 10.256216732153005 38.323696162742181 7.6689563579493543 8.3125877427255563 10.32738365986552 33.787675950243283 7.6974776398801614 23.571951953868393 18.404459724294611 6.9885823112947474 5.7484578490355034 29.10836867508533
leaf_count=134 62 1658 37 60 60 267 173 171 317 199 4465 225 47 33 213 142 45 18 67 314 40 112 31 278 31 179 131 55 45 131
internal_value=0.000804294 0.000539163 0.00319243 0.00932734 0.00186486 -0.000285907 0.00272998 0.00374666 0.00167884 -0.000513109 -0.00131344 0.000927484 0.00205954 -0.00624582 0.00322319 0.00208157 0.00976753 0.000435693 -0.00460259 0.00397872 0.00924224 -0.000890285 -0.00646437 -0.0104772 0.00320423 -0.00671888 -0.0121543 0.010169 0 -0.00407401
internal_weight=1140.81 1110.55 263.774 59.132 33.6893 846.777 214.078 200.74 153.437 122.572 632.699 272.81 244.309 29.2636 215.046 195.888 33.5167 162.371 66.5774 95.7937 45.9927 49.8011 62.0688 44.0439 18.0249 31.8845 21.945 30.2599 12.737 83.9949
internal_count=9740 9506 1815 157 97 7691 1258 1085 818 501 6433 1968 1743 211 1532 1470 187 1283 425 858 354 504 407 345 62 291 178 234 100 330
is_linear=0
shrinkage=0.0218826


Tree=130
num_leaves=31
num_cat=0
split_feature=207 60 133 165 99 117 196 118 159 93 147 74 78 13 85 97 85 214 43 123 58 40 44 80 37 78 210 52 58 223
split_gain=5.00937 8.42024 7.11635 5.37566 6.6005 5.96003 5.53413 4.94902 4.60727 4.41748 4.32649 5.23704 4.74588 4.29558 4.26482 4.08705 9.00897 6.44126 6.26127 5.93672 5.95985 5.67798 5.64568 8.12194 5.27447 6.32279 5.66824 5.14079 4.97529 5.93967
threshold=0.53405683771910006 0.37896315504379857 0.025044643656929367 0.2821266160552896 0.039624840568236799 0.18808962264150947 10.339034266894387 25.900000000000002 0.91790371600215337 3.5735953750966005 16.602400000000006 0.42950000000000005 12.050000000000002 5.2615772044618625 18.450000000000003 0.27400553213909384 21.950000000000003 5.2500000000000009 18.800000000000001 6.0000000000000009 34.176361386138623 7.7700644809634367 0.95368063612909471 35.750000000000007 0.24038461538461542 6.9500000000000011 3.3964919798966915 0.1130277777777778 34.991474414861521 0.018575000000000046
decision_type=2 2 2 2 2 2 2 2 2 2 2 2 2 2 2 2 2 2 2 2 2 2 2 2 2 2 2 2 2 2
left_child=8 -2 3 4 -3 -6 14 9 10 -4 11 15 -12 -8 -5 18 -17 24 19 22 -21 -19 28 -24 26 -26 -18 -23 -1 -30
right_child=1 2 7 6 5 -7 13 -9 -10 -11 12 -13 -14 -15 -16 16 17 21 -20 20 -22 27 23 -25 25 -27 -28 -29 29 -31
leaf_value=8.5551605707725941e-05 0.0043500587324329281 -0.011700205861404805 -0.00011442545372613955 -0.011279564628753808 0.0025976885531840284 -0.03093963589338234 0.00015078709456542848 -0.031422839090252001 -0.0080790996716016746 0.0039322319010182873 0.014424846728389925 -0.0033355810514927651 -0.0057751055079561667 -0.017073232683189173 0.00047965049524174218 -0.025501794674344484 -0.012388611514275876 -0.015818884179484492 -0.018867331822737216 8.5692499501042042e-05 -0.034157030699479514 -0.0055346343673018782 0.013673618379850613 -0.011178689125069597 -0.021439754987590893 -0.0010668692467644511 0.0074191973705040604 0.026029203310971062 -0.00010184990449133089 0.0010254048204741859
leaf_weight=292.55361349929922 83.52248251260994 45.131148849137389 10.317638385000235 5.1655010777831185 14.498168660434432 4.4614741846928601 17.573740104741777 2.6696433612230512 9.5370442015741883 24.144798731447281 11.166038629760807 30.642201134109655 8.6718688059768265 12.887450752669791 44.050264840347836 13.433033271624479 10.51261394282483 5.1110719992470868 6.3558470132447829 24.230794635426719 14.365967559744602 5.5268579420660435 7.2627036462399692 32.41944560096249 32.673173846567579 142.98302727066357 16.335387872288948 28.298205449938223 32.052123523318187 152.25801729174827
leaf_count=3204 417 401 121 55 77 59 209 11 69 182 47 282 112 88 395 176 139 43 13 71 28 38 60 358 103 1464 160 220 320 818
internal_value=0.000796535 0.00343149 0.000747212 -0.00145109 -0.00614392 0.00444497 0.00230869 0.00919122 0 0.0115407 0.000172156 -6.53509e-05 0.0100718 -0.0048842 0.00682978 0.000268229 -0.00202117 -0.00100668 0.00131436 0.00157956 -0.00659404 0.00703433 0.0022056 -0.00562346 -0.00258974 -0.00398432 0.00627264 0.0103535 0.00287197 0.00568408
internal_weight=1140.81 264.422 180.9 143.768 64.0908 18.9596 79.677 37.1321 876.389 34.4624 866.852 847.014 19.8379 30.4612 49.2158 816.372 254.873 241.44 561.499 555.143 38.5968 38.9361 516.546 39.6821 202.504 175.656 26.848 33.8251 476.864 184.31
internal_count=9740 2015 1598 1284 537 136 747 314 7725 303 7656 7497 159 297 450 7215 2343 2167 4872 4859 99 301 4760 418 1866 1567 299 258 4342 1138
is_linear=0
shrinkage=0.0218826


Tree=131
num_leaves=31
num_cat=0
split_feature=145 7 67 159 64 36 65 29 219 192 35 146 62 120 81 135 8 210 49 60 223 42 28 138 133 223 207 51 133 115
split_gain=6.49973 5.41658 5.57812 5.45048 5.85239 7.46253 7.25114 6.45036 5.63059 5.62846 5.28868 6.60886 5.86334 5.61543 7.67595 6.38668 6.54262 7.34217 7.51615 6.1337 6.64912 6.75626 7.21029 6.79994 5.28622 5.85476 5.23895 5.19524 5.17561 5.29396
threshold=2.9930879720247723 0.16610664754196156 30.500000000000004 0.82586168003303662 20.350000000000005 0.56364912898355601 9.8500000000000032 0.071180466590391261 -0.056928055133718895 7.9458276419372389 0.087652176188515632 0.18592854591770169 15.450000000000001 0.73442313632834366 0.72250000000000003 -0.04945459332607368 1.3971666547678543 6.4293345750154698 9.2500000000000018 0.43167522044190071 0.71593250000000008 73.750000000000014 0.2168868110703811 1.2522433893375717 0.051347432223070817 0.40366499999999972 -0.94653557428614599 0.27937885802469137 0.0072186487628546495 0.25523744038388396
decision_type=2 2 2 2 2 2 2 2 2 2 2 2 2 2 2 2 2 2 2 2 2 2 2 2 2 2 2 2 2 2
left_child=1 2 3 4 8 6 -6 -7 -1 -8 11 12 -10 15 19 -12 -17 18 28 20 21 23 -23 -15 25 -13 -16 -28 -18 -30
right_child=-2 -3 -4 -5 5 7 9 -9 10 -11 13 24 -14 14 26 16 17 -19 -20 -21 -22 22 -24 -25 -26 -27 27 -29 29 -31
leaf_value=0.00034170777252850288 0.0019752503407763156 0.0074682992058764264 0.00028227411873863617 -0.0024430375065191854 -0.00023792470365845633 0.0071991974439827126 0.00048832202243950578 -0.011222158093937477 -0.011697063710100878 0.0079369484817237209 0.018218968988655156 -0.0044118772789686614 0.0020176669178538164 0.028452901328459373 -0.010135648712433975 -1.0645765117014839e-05 0.001879023161439409 0.0043475587138183678 -0.0088817686400874205 -0.010604204470052423 0.002776500011852171 0.011159696808882621 -0.0098303649749194554 -0.022916058493844749 0.0068669744036342082 -0.023361310863836682 0.0029540514502255102 -0.0067765113837751269 0.0051695748529893594 -0.02147759044606912
leaf_weight=25.811676494389758 17.51909597775375 17.235532146660034 235.34579037702929 20.911574809971398 40.533064412651584 5.5658511632004801 71.861204432030036 22.232334178176643 14.341197128845804 67.304506869178113 13.819110480417292 42.863275718017576 20.208032054732257 18.287537974619003 7.7096401522539955 184.00769909469409 25.223139934592609 20.709289054800365 81.858309515781912 26.551982259505849 15.381133368887047 7.8585243391285102 21.317490129092448 6.1213098386181164 4.2307585644207384 36.28793699959374 48.049248080595817 4.1455306439793267 2.6632462802513173 14.856326122845301
leaf_count=83 57 111 1418 155 124 59 596 139 155 693 114 615 349 187 42 1827 463 159 452 429 91 56 173 69 52 475 269 25 71 232
internal_value=0.000816149 0.000601934 0.00040474 -0.000400724 -0.000120278 0.00306358 0.00470961 -0.00730165 -0.00115621 0.00708017 -0.00158401 -0.00573774 0.00220309 -0.000587594 0.00284528 -0.00215456 -0.00278442 -0.00624163 -0.00825263 -0.000984515 0.00243178 -0.00120981 -0.00826286 0.00709192 -0.00905462 -0.0103776 0.00893545 0.0114331 -0.000711021 -0.00967034
internal_weight=1140.81 1123.29 1106.06 870.711 849.799 207.497 179.699 27.7982 642.302 139.166 616.491 117.931 34.5492 498.56 155.422 343.137 329.318 145.31 124.601 95.518 68.966 53.5849 29.176 24.4088 83.382 79.1512 59.9044 52.1948 42.7427 17.5196
internal_count=9740 9683 9572 8154 7999 1611 1413 198 6388 1289 6305 1646 504 4659 1341 3318 3204 1377 1218 1005 576 485 229 256 1142 1090 336 294 766 303
is_linear=0
shrinkage=0.0218826


Tree=132
num_leaves=31
num_cat=0
split_feature=145 32 24 40 42 134 98 53 138 156 178 87 162 134 40 12 35 68 67 67 89 34 155 23 44 9 34 219 75 178
split_gain=6.30269 4.29496 5.2038 6.83812 6.65896 6.19492 5.95805 6.36441 5.73519 6.71316 5.68283 6.38936 6.18914 6.07531 5.70577 5.17366 5.72635 5.14916 5.08764 4.91204 4.8709 5.19638 5.74105 4.81709 4.67864 5.62566 7.49187 6.22535 6.636 6.5336
threshold=2.9930879720247723 0.097474918784700118 7.4227844373571861 7.653275861603662 83.750000000000014 0.94383020277561258 0.024780595143668607 0.36438515583252429 1.1795045449491108 226.91509550028402 -0.022488550703125384 0.46692904900742066 2.8978734682521083 -0.3210517262528087 8.6419180820760531 1.7686169925779478 0.1314200979611688 1.1500000000000001 25.100000000000005 23.750000000000004 -0.33589969640735967 0.26712273863602148 1.676093066160373 6.6797658271087696 -0.98897820466835384 0.24074337208924856 0.26354642524680316 0.01753307598465487 0.45000000000000007 -0.013184660013411119
decision_type=2 2 2 2 2 2 2 2 2 2 2 2 2 2 2 2 2 2 2 2 2 2 2 2 2 2 2 2 2 2
left_child=1 17 3 18 15 8 7 -4 20 -10 11 -9 -12 -14 -15 -5 -17 19 -3 -1 -6 22 -22 -16 -8 -26 -27 28 -28 -29
right_child=-2 2 6 4 5 -7 24 10 9 -11 12 -13 13 14 23 16 -18 -19 -20 -21 21 -23 -24 -25 25 26 27 29 -30 -31
leaf_value=0.00052380369695110239 0.0019320266327440909 -0.0020105692724896001 0.00014772043117483035 8.3540577181160264e-05 -0.010838381268466287 0.030764698670919213 -0.0019569005578403153 -0.011504790753639322 0.0099466314418372205 -0.001789096089245502 -0.01044025002979213 0.00097627503700214795 -0.012652509535564646 0.028625380481321714 0.00029991989045029493 -0.012463389520160082 0.011752335312592304 0.00011165416875962671 0.015732974113452893 -0.012445188147839965 -0.015257610687305264 -0.0060128945901052793 0.0095404990009869441 -0.035076142521756448 -6.9098291563411118e-05 0.00057901835569360743 -6.1029789821635613e-05 0.0046811226889280442 0.011148543639019856 -0.014530128908775405
leaf_weight=8.3737141826909447 17.51909597775375 8.207871599605598 25.385055395944846 209.15598371576584 17.332206423300704 16.485670226785714 28.892021228550902 16.782352412809587 21.873985367476966 3.465066491739889 73.965827907669791 31.573319344289303 10.05343049001476 13.584193048122417 3.7079443507150227 20.916161078801455 5.3531300081504005 6.1841784573725809 21.477862054820207 26.12651874807807 2.7633788106245474 19.892097530522278 25.055845301340469 5.7206173065287658 221.49221189517812 180.24381038557203 44.809352871789315 9.9130590048907816 21.512311241761154 22.993075738047992
leaf_count=96 57 92 269 2062 132 109 192 170 167 23 745 344 73 92 12 283 43 46 291 322 24 108 188 57 1929 1165 256 87 186 120
internal_value=0.00101043 0.000799242 0.00106575 0.00315973 0.00225836 0.00676709 -2.83049e-05 -0.00345405 0.00438143 0.0130474 -0.00512648 0.00103389 -0.0079255 0 0.00614419 0.000182459 -0.00880624 -0.00610079 0.0131178 -0.00944989 0.000840197 0.00448996 0.0105056 -0.00640358 0.00113806 0.001641 0.00370336 -0.00109437 0.00273277 -0.0087816
internal_weight=1140.81 1123.29 1082.61 371.979 342.294 106.868 710.629 180.773 90.3826 25.3391 155.388 48.3557 107.032 33.0662 23.0128 235.425 26.2693 40.6844 29.6857 34.5002 65.0435 47.7113 27.8192 9.42856 529.856 500.964 279.472 99.2278 66.3217 32.9061
internal_count=9740 9683 9219 3522 3139 751 5697 1762 642 190 1493 514 979 234 161 2388 326 464 383 418 452 320 212 69 3935 3743 1814 649 442 207
is_linear=0
shrinkage=0.0218826


Tree=133
num_leaves=31
num_cat=0
split_feature=7 7 94 145 88 9 153 37 220 157 39 67 163 64 50 6 154 222 29 142 178 97 37 29 131 155 159 34 95 214
split_gain=4.77133 4.94274 7.50712 5.00569 4.98849 5.69601 4.87195 5.34783 4.90163 4.76589 4.43319 4.29057 5.09068 5.01464 7.1417 6.44943 4.62534 6.20086 6.58168 4.64796 5.49903 4.59064 5.39726 5.50571 5.11397 5.35639 6.10417 7.83089 5.21902 6.69558
threshold=0.16610664754196156 0.13453533190082009 0.28874801615928442 2.8012934600967694 96.897360551923285 0.33034666033281562 0.43457807768051282 0.20714285714285716 0.028826010733905467 279.67439983968308 0.95950000000000013 34.300000000000004 11.714922218833069 20.250000000000004 5.2500000000000009 2.5063636363636368 2.1541820664336577 4.0252930555621917 0.066271104688585117 3.2313713273233522 0.017561010049057389 0.27021578029642551 0.22649572649572652 0.094462434594205183 0.38435365816365186 2.1397130489388219 0.55172301825533354 0.30133639757115371 0.24337001330866362 4.7500000000000009
decision_type=2 2 2 2 2 2 2 2 2 2 2 2 2 2 2 2 2 2 2 2 2 2 2 2 2 2 2 2 2 2
left_child=1 3 10 4 5 11 7 -6 -9 -10 -3 13 -13 21 16 -16 17 18 -15 20 -19 24 23 -23 25 -1 -27 -28 29 -26
right_child=-2 2 -4 -5 6 -7 -8 8 9 -11 -12 12 -14 14 15 -17 -18 19 -20 -21 -22 22 -24 -25 28 26 27 -29 -30 -31
leaf_value=0.0049533429912615333 0.0070477008252712295 0.016145975905889672 -0.016426660217181175 0.00068983311485336092 -0.01986191497894901 -0.027333411664982123 -0.0019019479363524695 0.002985709055544183 0.023748544592572047 -0.033428431778093577 -0.0011832287746935421 0.00027950473419299446 0.0018621751490611503 0.013964011084620538 -0.0017736144371190349 0.0011831520312670565 0.0013290582322759352 0.0094578159757909511 -0.01198169671111351 -0.022886001061837913 -0.0060698994652145215 0.0071795327624531299 -0.0066279643423748456 -0.020166017791226478 -0.00030173263830250447 -0.010114184228500866 0.0017711059632453396 -0.02514524061548009 0.00020397757751015928 -0.021652068518610845
leaf_weight=54.887935061620283 17.235532146660034 7.4188967539585056 17.395512422922366 21.479712977758027 6.1965787419651397 8.7162552923382446 14.462207552332982 97.555206454757581 8.7947104784398089 5.5655612788764293 27.015346082764381 66.384688533618828 34.534037091229038 7.0604284912585618 5.7077414839986877 34.191626014945086 64.735252253586623 23.664378006312063 46.113296363621885 4.2832390752155325 10.848508507257518 13.432910776804876 120.21347474259801 4.4303996682772313 219.72691250046773 35.239286010912792 16.727197796240493 3.7362423554093303 122.5855756822275 20.472697998338617
leaf_count=410 111 71 112 72 62 144 86 506 40 21 196 498 204 90 14 96 540 168 426 12 85 175 1302 49 2469 273 89 41 1141 237
internal_value=0.00131772 0.00113457 -0.00540228 0.00145741 0.00123534 0.000656116 0.00519338 0.00667604 0.00780847 -0.00380084 0.000506624 0.000835001 0.00507249 0.00029742 0.0033327 0.0115097 0.00118289 -0.00194279 -0.00677684 0.0046072 0.007402 -0.00067654 -0.00417661 0.00675206 0.000343158 0.00444959 -0.000290274 0.00895389 -0.000907139 -0.00278567
internal_weight=1140.81 1123.58 51.8298 1071.75 1050.27 917.692 132.574 118.112 111.915 14.3603 34.4342 908.976 100.919 808.057 196.604 39.8994 156.705 91.9699 53.1737 38.7961 34.5129 611.453 138.077 17.8633 473.376 110.591 55.7027 20.4634 362.785 240.2
internal_count=9740 9629 379 9250 9178 8463 715 629 567 61 267 8319 702 7617 1431 110 1321 781 516 265 253 6186 1526 224 4660 813 403 130 3847 2706
is_linear=0
shrinkage=0.0218826


Tree=134
num_leaves=31
num_cat=0
split_feature=105 147 80 136 105 90 110 22 105 23 57 119 159 120 137 146 68 29 6 92 16 117 223 40 122 206 41 45 204 53
split_gain=4.42726 8.35153 5.24009 5.47996 4.89465 9.55671 4.97928 4.92226 5.95425 5.2136 4.72079 4.64244 5.17254 5.03723 5.4234 4.59874 4.5542 5.46235 6.75031 6.06756 5.03039 5.22675 4.63117 4.45115 4.29636 7.323 5.99201 6.13297 5.80496 5.7592
threshold=0.27823315118397091 10.066550000000001 52.150000000000013 -1.5474662667974168 0.6044089147286823 11.500000000000002 0.27348633365505454 1.8062500000000001 0.64852941176470602 8.7583632670579732 62.799051088325243 19.763888888888893 0.75606603948052375 0.74695116913162041 0.46507907231820705 0.25327311368839761 1.5500000000000003 0.084577839886137915 2.2896428571428573 10.200042079093642 10.500000000000002 0.39559108527131787 0.14055999999999993 8.4443593001493316 4.0000000000000009 6.0245585770162053 3.4915453211770195 -0.7933231318270072 0.47028901783666416 0.33206738437001598
decision_type=2 2 2 2 2 2 2 2 2 2 2 2 2 2 2 2 2 2 2 2 2 2 2 2 2 2 2 2 2 2
left_child=1 2 3 -1 10 7 -7 -6 -9 -10 11 12 13 14 -2 -3 20 18 -18 22 21 24 -19 -4 -13 -26 27 28 -27 -29
right_child=4 15 23 -5 5 6 -8 8 9 -11 -12 16 -14 -15 -16 -17 17 19 -20 -21 -22 -23 -24 -25 25 26 -28 29 -30 -31
leaf_value=0.009576909404336793 0.0022948772989996352 0.01165655140920443 -0.02857439502607912 -0.01144830003395971 -0.010510144065442095 0.02028831532343776 -0.01421075009574912 -0.014277506432101707 -9.6181625803421457e-07 0.0098152377385968253 -0.00019391523800390829 0.00041130144114979257 -0.050063888389529569 -0.017567951032181589 -0.0050422241674680244 -0.0090873172437070399 -0.0019506060740290825 0.0010375545134531684 0.0074398869873182581 0.039725945720643863 0.011148000055141901 -0.011516220157408996 -0.0098928590946421226 0.034862930529081307 -0.016375557349140736 -0.018052275444619532 0.00026854705587433614 0.0013828534390108664 -5.0935750056652875e-05 -3.0317862600748777e-08
leaf_weight=6.7095079209227597 31.020926435802494 17.499950678339705 5.1373450541332195 57.291917131287164 6.1518722197436082 4.1565425544977215 22.055155066220323 15.943617941815999 9.1408031284217959 18.282771446324205 34.357342006275758 119.81879587256117 2.8457259367585257 2.3992976368269856 5.1622348942064482 4.4610166345755706 7.0827607946421258 11.554189057771966 46.98537993936884 11.917005856697868 14.168053815507617 10.334276605205103 19.299017577569657 9.218305412785865 23.056001163319934 39.411055243471992 238.23145335492018 26.672051970768507 40.034269600947937 280.41270564502315
leaf_count=56 275 85 65 427 48 19 119 151 77 126 240 436 32 46 49 22 36 58 195 40 127 81 86 89 513 754 1584 276 512 3116
internal_value=0.00117639 -0.00318671 -0.00654628 -0.00922528 0.00160217 -0.00371393 -0.0142006 0.0019131 0.00463307 0.01074 0.00202543 0.00232355 0.00943713 0.0116482 0.0137892 0.00847162 0.00198033 0.00645018 0.0110229 0.000501553 0.00142399 0.00117657 -0.00456381 0.00504811 0.00139479 0.000682299 0.0011398 -0.000536267 -0.00592824 0.000860392
internal_weight=1140.81 100.318 78.3571 64.0014 1040.49 75.7308 26.2117 49.5191 43.3672 27.4236 964.763 930.405 41.4282 38.5825 36.1832 21.961 888.977 96.8384 54.0681 42.7702 792.139 777.971 30.8532 14.3557 767.636 647.818 624.762 386.53 79.4453 307.085
internal_count=9740 744 637 483 8996 540 138 402 354 203 8456 8216 402 370 324 107 7814 415 231 184 7399 7272 144 154 7191 6755 6242 4658 1266 3392
is_linear=0
shrinkage=0.0218826


Tree=135
num_leaves=31
num_cat=0
split_feature=57 53 73 43 35 1 5 40 145 72 87 144 104 210 137 38 137 155 62 23 135 210 138 146 82 23 92 97 99 213
split_gain=4.57215 4.60412 5.94647 4.8236 4.94463 4.40813 6.03188 6.52718 5.12541 4.94619 4.88161 6.15495 6.13894 5.66161 5.59703 6.03751 5.89393 7.2071 5.96619 7.02957 5.56716 10.1488 6.28172 5.57277 6.33869 9.16457 5.6508 5.52061 5.51555 6.16972
threshold=62.799051088325243 0.40818292656955452 43.150000000000013 8.4500000000000011 0.1314200979611688 6.4450000000000012 1.2157307459611266 8.4294569512032158 2.8012934600967694 26.650000000000002 0.46850574137959772 5.8609116808740778 4.1872379661956112 2.7103803043735879 -0.012511187365899954 1.0440000000000003 -0.53219381514446107 2.4359084293626205 19.850000000000005 9.6754522916108296 -0.024165517739649599 5.2253801791492478 0.91783081320996007 0.22039896495594732 32.650000000000013 7.693413577947477 9.4460731647436855 0.28297284859641053 0.030646004759922733 7.9057539682539693
decision_type=2 2 2 2 2 2 2 2 2 2 2 2 2 2 2 2 2 2 2 2 2 2 2 2 2 2 2 2 2 2
left_child=5 2 -2 -3 -5 8 7 9 10 -7 11 12 -1 -12 15 16 17 -15 19 -18 21 22 -14 28 25 -25 -27 -28 -22 -30
right_child=1 3 -4 4 -6 6 -8 -9 -10 -11 13 -13 20 14 -16 -17 18 -19 -20 -21 23 -23 -24 24 -26 26 27 -29 29 -31
leaf_value=-0.0094507483076312574 0.032565302359294619 -0.016062958013985943 -0.018994483121074199 0.00065308150833110455 -0.02086015119232186 -0.0070219483339857341 0.0035306376185224343 -0.023346674388792694 0.0016840228600690981 0.0010796575719030901 -0.0051197156108923553 -0.0074363655181391083 -0.012290273629679126 0.00017084925494887995 0.00011570229689069613 0.0065681953612949096 0.0029267554802906684 -0.0093654485483734354 0.0068691625226429374 -0.018476923100135007 0.0022446593067309926 0.0032798826324668996 0.00073578696383327165 0.0091950815473335352 0.00057447564892338266 -0.019724731257749168 -0.013064034629141122 0.00041083857476860436 0.00066889336136327713 -0.0069104308978657344
leaf_weight=19.505283325139999 7.0626627214312503 13.607247716621034 3.2840506064699184 7.6907488424697004 4.3796503534679232 11.246427893303919 10.1904816301992 29.046422932733549 19.249710955584305 16.599518298007069 58.113883069712301 51.021867540168387 30.935438774561362 79.225253460572958 336.05081840372077 31.023191041329937 34.64769502213403 16.527147165484621 54.417858998818701 7.5369159792885503 75.271656624023535 9.6711776926895237 13.354711541031064 12.424876696766431 45.14195261309942 36.654175664092463 4.8303738645092817 6.4494316905945652 55.08681527617 40.56390220251842
leaf_count=175 22 94 73 53 11 56 46 274 68 165 530 195 274 672 3059 246 287 152 487 69 710 71 117 120 137 556 99 107 494 321
internal_value=0.00104736 -0.00652594 0.00530913 -0.0114288 -0.000890706 0.00130168 -0.00409022 -0.00691243 0.00165613 0.000584671 0.00143577 -0.000437508 0.000595394 0.00265593 0.00333474 0.00601839 0.00451141 0.000615479 0.00830419 0.00197913 0.00131859 -0.00504267 -0.00952787 0.00258263 -0.00134333 -0.00597095 -0.0103238 0.00284305 0.00501898 0.00146932
internal_weight=1140.81 36.0244 10.3467 25.6776 12.0704 1104.79 67.0829 56.8924 1037.7 27.8459 1018.45 400.912 349.89 617.543 559.429 223.378 192.355 95.7524 96.6025 42.1846 330.385 53.9613 44.2902 276.423 105.501 60.3589 47.934 11.2798 170.922 95.6507
internal_count=9740 253 95 158 64 9487 541 495 8946 221 8878 3376 3181 5502 4972 1913 1667 824 843 356 3006 462 391 2544 1019 882 762 206 1525 815
is_linear=0
shrinkage=0.0218826


Tree=136
num_leaves=31
num_cat=0
split_feature=1 32 97 45 7 61 153 123 73 61 22 79 42 121 42 185 42 43 32 219 210 133 7 40 159 78 108 153 21 100
split_gain=5.02121 4.43274 6.67968 5.09164 4.68196 5.13675 5.1727 4.78408 6.11457 5.93761 5.7048 6.52134 7.17028 5.64316 5.90451 5.79059 5.21397 5.05749 4.99066 4.90843 4.79089 4.76117 4.73111 4.71708 5.78004 4.65901 4.64362 4.55339 4.40444 6.6934
threshold=3.6325000000000007 0.097474918784700118 0.17403517342452371 -0.92384435400961373 0.16610664754196156 0.34784311040800053 0.47208149484999079 5.0000000000000009 42.45000000000001 0.30425602008766173 2.4859126984126987 37.250000000000007 69.450000000000017 0.7140539852328921 69.450000000000017 7.7500000000000009 88.050000000000011 18.550000000000004 0.14645799192110867 -0.00659051093833704 2.5041961321417139 -0.021034940273248381 0.1132937962833938 9.0381638012966317 0.76436548822352568 1.0000000180025095e-35 62.487911025145074 0.4930752554738696 5.1000372956351425 0.054741010273972608
decision_type=2 2 2 2 2 2 2 2 2 2 2 2 2 2 2 2 2 2 2 2 2 2 2 2 2 2 2 2 2 2
left_child=-1 -2 3 -3 5 7 -7 9 10 18 16 19 -13 14 -10 23 22 25 21 -12 -20 -4 -9 28 -25 -11 -21 -8 -15 -30
right_child=1 2 4 -5 -6 6 27 8 13 17 11 12 -14 15 -16 -17 -18 -19 20 26 -22 -23 -24 24 -26 -27 -28 -29 29 -31
leaf_value=0.00030838798874689439 -0.0040226892415190837 -0.0029111166766786481 0.040152790519542854 0.0023120901813677348 0.019578920627271477 -0.020234670706165522 0.00031775355753572309 0.0052417511177651728 -0.01760073267231298 -0.010476208439937887 0.014505066367191609 0.00035923517989480805 -0.018935483410898072 0.00014569699486040931 0.0044814508602830571 -0.0091605077338908457 -0.010168121346960244 -0.010425063548780445 -0.0034167700084820605 0.00029959504122684826 0.0046823333661164326 -0.0013045159904032505 -0.011861462936984632 -0.015626838088584241 0.0002008604782124088 0.00019367557756822315 -0.018377322327749673 -0.0012289078237658763 0.0097991816108609821 -0.02755547615456011
leaf_weight=12.789937895575575 41.437930457141192 6.3899156702480004 6.2795817640433169 35.732163223310863 13.826885393987366 11.474063939350115 9.8108243713395478 36.698327593447175 10.315101595071608 14.254283993388524 15.30480897426605 21.510323523019906 63.541240842372645 144.00996789633064 31.811180609976873 15.109518598648718 11.652795273228547 6.5100956852643312 3.2219154576957854 13.600005805492403 48.433204723405197 20.989585492515516 7.1826486438512793 38.068624094128609 8.9725567338755337 419.56840194946835 7.4865037596900939 24.729264622549636 33.990995511063375 6.1086945029674089
leaf_count=79 466 65 127 347 92 198 148 107 85 56 23 105 147 452 132 26 23 45 166 28 780 474 15 135 22 4949 27 305 98 18
internal_value=0.0014195 0.00125624 0.00152786 0.00999915 0.00117582 0.000997264 -0.00607481 0.0013356 -0.00026969 0.00277846 -0.00346866 -0.00611978 -0.00941665 0.00168687 0.00901178 0.000396022 0.00227822 0.00177086 0.00828656 0.00153871 0.0122373 0.000555846 0.00578365 0.00128296 -0.0048233 0.0020778 -0.00514749 -0.00159998 0.00287415 0.00922236
internal_weight=1140.81 1128.02 1086.58 42.1221 1044.46 1030.63 46.0142 984.62 465.363 519.257 176.977 121.443 85.0516 288.387 42.1263 246.26 55.5338 440.333 78.9243 36.3913 51.6551 27.2692 43.881 231.151 47.0412 433.823 21.0865 34.5401 184.11 40.0997
internal_count=9740 9661 9195 412 8783 8691 651 8040 1443 6597 475 330 252 968 217 751 145 5050 1547 78 946 601 122 725 157 5005 55 453 568 116
is_linear=0
shrinkage=0.0218826


Tree=137
num_leaves=31
num_cat=0
split_feature=1 2 64 50 49 28 36 121 88 115 23 133 220 120 118 86 121 17 115 118 23 192 80 101 32 1 217 132 153 121
split_gain=4.90125 4.18421 3.95863 6.95768 9.68285 10.9014 5.50568 4.97949 5.47833 7.17244 4.88622 4.79633 5.59704 5.25409 5.54487 4.79348 4.75121 4.37027 4.94823 5.30008 6.57823 4.88692 4.43589 6.25944 6.71448 7.57225 6.79785 5.29391 7.56144 5.08473
threshold=3.6325000000000007 0.10618198270466865 20.750000000000004 5.2500000000000009 12.250000000000002 0.25003068679159296 0.56364912898355601 0.72914593857932208 95.616776685610105 0.26746450885264689 11.208377723498833 0.039847025107540464 -0.0059319579759312411 0.68550571293579032 25.366666666666671 -1.7083956541780057 0.73269768879731056 6.8350000000000009 0.26509031045675507 23.100000000000005 6.6065605877992999 5.4325458503361137 41.750000000000007 0.037775487553511976 0.16291202099941257 5.8773333333333344 0.042372124716638614 0.057156653607499559 0.49785759536128765 0.71804010518898809
decision_type=2 2 2 2 2 2 2 2 2 2 2 2 2 2 2 2 2 2 2 2 2 2 2 2 2 2 2 2 2 2
left_child=-1 -2 10 6 -5 -6 7 11 9 -9 17 12 -4 -14 -15 -8 -11 22 19 -19 -21 -20 -3 -24 25 27 29 28 -25 -26
right_child=1 2 3 4 5 -7 15 8 -10 16 -12 -13 13 14 -16 -17 -18 18 21 20 -22 -23 23 24 26 -27 -28 -29 -30 -31
leaf_value=0.0003016396429240549 0.0061402583103087188 0.00023640863313922929 -0.00030639776122311154 0.0072212639807734793 0.0010949738221884299 -0.014188471108616523 0.006603117324481279 0.013782259024705002 -0.011849447029399642 -0.011100205461662387 -0.0025943013476634222 -0.020966666620519075 -0.0010734620504715665 0.010484651028909492 -0.024654588796090528 -0.010503659759827194 0.018904223501168632 0.017713221613045494 -0.011350778556722231 0.024608152414035911 -0.022716831771507219 0.0039290669451392795 0.00012323967124054695 0.00051836764178320161 -0.0017271717588425311 -0.024245339263348594 0.0003919554079470058 -0.016148805333061188 -0.0082068890576501522 -0.012310589987445417
leaf_weight=12.789937895575575 17.394324714488221 222.85551165605398 28.838602781342161 24.597629607737872 18.997199080665268 14.022608088980631 7.619333991787701 10.756927060493583 23.059235958861791 13.291945181407302 91.452306100739406 12.164399815619843 9.3192217538894493 65.748291811195259 4.4335427977489408 23.934746302707481 4.6363060081966969 5.0683422333506796 3.4094429422239036 3.6213270031801157 18.003915180246395 62.52597563149061 281.27658348449768 49.113538500176446 23.043101265726591 13.154855324002481 11.965072857414723 21.595102192519334 4.7507473867681247 37.371273987625955
leaf_count=79 151 2152 259 51 63 41 19 90 174 108 846 87 58 516 75 179 75 75 19 56 258 507 2569 423 134 103 89 190 45 249
internal_value=0.00157444 0.00141293 0.00123832 0.00359061 0.0102608 0.00228134 0.00165677 0.00321221 -0.00239775 0.00387548 0.000507822 0.00564671 0.00712684 0.0101007 0.0121501 -0.0066069 -0.00447485 0.00108896 0.00552383 -0.00228595 -0.00716676 0.00872168 0.000460745 -0.000802479 -0.0042366 -0.000148363 -0.00914276 0.00253023 0.00620769 -0.0121195
internal_weight=1140.81 1128.02 1110.63 261.42 57.6174 33.0198 203.803 172.248 51.7444 28.6852 849.207 120.504 108.34 79.5011 70.1818 31.5541 17.9283 757.755 92.629 26.6936 21.6252 65.9354 665.126 442.27 160.994 88.6142 72.3794 75.4594 53.8643 60.4144
internal_count=9740 9661 9510 1795 155 104 1640 1442 447 273 7715 995 908 649 591 198 183 6869 915 389 314 526 5954 3802 1233 761 472 658 468 383
is_linear=0
shrinkage=0.0218826


Tree=138
num_leaves=31
num_cat=0
split_feature=118 98 13 97 27 103 103 67 96 222 160 63 213 133 105 219 35 207 80 9 25 192 5 117 56 44 209 105 101 19
split_gain=5.84874 4.44343 4.3052 4.28183 4.99425 5.51625 5.1277 4.57627 6.45105 5.94991 5.1973 5.02081 5.96863 5.48934 6.5597 7.08679 6.24578 5.83437 5.98595 6.40896 5.44207 7.4815 5.56629 5.15959 4.88561 4.84897 4.81616 4.79312 7.26938 6.084
threshold=17.900000000000002 0.034839208781828133 4.4398667062384947 0.17403517342452371 0.29525714279275495 5.9057889346288155 1.6956290248973178 34.300000000000004 0.28027890368654701 5.243370493933698 61.529857167441072 22.950000000000003 4.955661664392907 -0.0090727654480864239 0.5131670131670133 -0.060176987258039903 0.083662774699040071 2.3637846664604867 39.750000000000007 0.22902813895049887 4.5443651483469383 9.8496148457937398 0.93346289191470866 0.19836065573770495 86.747458669446232 0.93663652364155514 -1.6599684961929539 0.42546296296296299 0.023866484392800185 5.5000000000000009
decision_type=2 2 2 2 2 2 2 2 2 2 2 2 2 2 2 2 2 2 2 2 2 2 2 2 2 2 2 2 2 2
left_child=1 -1 -3 4 5 6 -2 11 -9 -10 -11 13 24 16 15 -15 23 18 -18 25 27 22 -22 -5 -13 -20 -24 28 -14 -30
right_child=3 2 -4 7 -6 -7 -8 8 9 10 -12 12 20 14 -16 -17 17 -19 19 -21 21 -23 26 -25 -26 -27 -28 -29 29 -31
leaf_value=0.00047270980371551366 -0.00048520230559972761 -0.012427125622127224 0.0086789954870848118 0.00037561301345364717 -0.015551898832194778 -0.010505847041902865 0.010668301867847518 0.0017574169347431246 0.00067461083561723575 0.00034377060543207185 -0.025451622092946883 -0.03641094599440816 0.0065046665271620459 0.00063185439024568098 -0.0082829311922326954 -0.00031221070232657894 0.0052254131055234163 -0.013247272381188273 0.0010670232075300097 -0.0075856243980972305 -0.048484141520855457 -0.018681038123425985 -0.00012308511025388343 -0.022676674544313141 0.0018384586501062961 -0.0083996220608913742 0.0064586236319887453 0.00018287876061744932 0.00064578925679334193 -0.011714483555388738
leaf_weight=17.575106321841989 7.8452199753858158 5.3094379871854454 5.3998962461037081 17.857315544093126 3.4458239466896421 9.4029578362449211 26.117190957570074 57.509086014051945 58.08812627946827 5.4376951247595597 17.358966154760765 2.5907195318472978 23.466440141080284 10.837533754711329 54.214093332132506 259.76198068253302 40.715927532400428 13.455820934996607 82.983104694625126 35.827772574426945 5.0227052020295551 10.170220717828668 5.7896605211212764 16.871548895847354 41.704453563034349 5.6678668143567839 63.508444789063788 190.12187779016676 13.932414482758302 32.821940253598541
leaf_count=100 43 19 34 216 43 65 287 420 382 42 50 36 171 23 388 2698 375 63 649 278 40 169 56 195 387 75 452 1731 86 167
internal_value=0.00176437 0.0114704 0 0.00150672 0.00794074 0.0100536 0.0141099 0.00121542 0.00491892 0.000867939 -0.00837863 0.000655581 0.00254834 -0.00070892 -0.00250197 -0.00108505 0.00200514 0.00366923 0.00482149 0.00237314 0.00155462 0.00635186 0.00879164 -0.00635704 0.0100499 0.00553451 0.01045 -5.09134e-06 -0.00487011 -0.00982403
internal_weight=1140.81 28.2844 10.7093 1112.53 46.8112 43.3654 33.9624 1065.72 138.394 80.8848 22.7967 927.322 389.129 538.193 324.814 270.6 213.379 178.65 165.195 124.479 344.834 84.491 74.3208 34.7289 44.2952 88.651 69.2981 260.343 70.2208 46.7544
internal_count=9740 153 53 9587 438 395 330 9149 894 474 92 8255 3295 4960 3109 2721 1851 1440 1377 1002 2872 717 548 411 423 724 508 2155 424 253
is_linear=0
shrinkage=0.0218826


Tree=139
num_leaves=31
num_cat=0
split_feature=118 221 155 137 97 88 89 178 214 59 139 83 95 105 37 16 110 106 122 7 213 192 39 34 157 98 52 95 175 205
split_gain=8.03284 5.43934 4.31604 5.05109 4.56371 7.28144 5.95253 5.87526 5.82365 5.36341 4.7348 4.77288 5.16751 6.33378 5.20597 4.64567 7.02813 6.45678 5.29175 4.79295 4.68424 5.82598 4.54089 6.64823 5.78566 4.45727 5.13723 4.58001 4.45662 4.41559
threshold=17.900000000000002 0.012748867758256064 1.5794435764249035 0.63881201221995754 0.27400553213909384 93.534318681318709 1.1202246215471734 0.078412403281161461 2.4166666666666674 0.2568999777258047 5.2301893379216677 85.050000000000011 0.21570830579422784 0.3628526645768026 0.30384615384615393 3.5000000000000004 0.28734774781365341 5.7452926376633 5.0000000000000009 0.082242253874169585 3.5601043024771841 7.0781565651839387 1.0980000000000003 0.28335815048885477 313.36785667370322 0.023841101427308328 0.11419612794612796 0.3165900145614971 0.30759877835331967 0.30405997635222121
decision_type=2 2 2 2 2 2 2 2 2 2 2 2 2 2 2 2 2 2 2 2 2 2 2 2 2 2 2 2 2 2
left_child=1 -1 3 -2 5 7 -7 8 15 22 11 -10 14 -14 -13 20 18 28 29 -19 21 -4 23 25 -25 -6 -27 -28 -18 -17
right_child=2 -3 4 -5 9 6 -8 -9 10 -11 -12 12 13 -15 -16 16 17 19 -20 -21 -22 -23 -24 24 -26 26 27 -29 -30 -31
leaf_value=0.00067006617547868863 -0.0074196308490989777 -0.012155187205774645 0.0064821791859238538 0.020533910190119242 -0.0048539349252189543 0.00036861611420931702 -0.0048495951451738867 -0.033097335617653219 0.010434851172704622 -0.021447320329620875 -0.0084844622318212444 -0.0080115298401972259 -0.02723452061668075 0.0014065446258318634 0.0053118143595306307 7.6529626191068018e-05 -0.012422745985235887 -0.01439421773177115 -0.015672073074681867 0.010705779452075287 0.00031834345690017081 -0.012228936182273675 0.0063060287563372949 -0.010112909721964479 0.0028542404099868978 -0.0039128715531442934 0.00018224322684227788 0.031093568035295577 0.00057098643597548293 0.0032911462292685243
leaf_weight=22.030944696609144 30.183169859671125 6.2534958585220002 4.9200305015051553 8.0343976109534179 61.371447132690491 437.6054621860535 17.995398338967107 9.6680453812537035 25.680915365188639 24.820229036104593 10.206063468640421 7.3020742665225979 6.3741630051408746 16.282387880258511 9.8018983144247596 22.201751494669228 43.844812110113025 6.2045964460169198 14.084394228528252 5.9767150830916762 68.555103915811742 24.529278042753504 39.572702756174976 30.962551176909983 7.7771329270067318 25.094746647498368 124.0308331503752 15.202010918130552 4.8477527991440175 9.3968439979839768
leaf_count=114 414 39 40 88 519 3121 141 155 324 375 211 55 35 158 95 290 331 42 44 29 651 290 347 338 84 194 827 194 77 118
internal_value=0.00154042 0.0129058 0.00123958 -0.00589645 0.00150055 0.00244787 0.0041709 -0.00025356 0.000335998 -0.000638372 0.00549992 0.00768665 0.00273451 0.0094988 -0.00607604 -0.00157252 -0.00472724 -0.00955527 0.00169321 0.00428212 0.00183654 -0.00531815 0.000161484 -0.000869199 -0.00915102 0.000565976 0.0024565 0.00411565 -0.0130931 0.00668403
internal_weight=1140.81 28.2844 1112.53 38.2176 1074.31 745.478 455.601 289.877 280.209 328.832 75.6475 65.4414 39.7605 22.6566 17.104 204.561 106.557 60.8739 45.683 12.1813 98.0044 29.4493 304.011 264.439 38.7397 225.699 164.328 139.233 48.6926 31.5986
internal_count=9740 153 9587 502 9085 6207 3262 2945 2790 2878 878 667 343 193 150 1912 931 479 452 71 981 330 2503 2156 422 1734 1215 1021 408 408
is_linear=0
shrinkage=0.0218826


Tree=140
num_leaves=31
num_cat=0
split_feature=203 191 85 135 119 95 101 35 155 57 95 176 3 1 155 85 44 121 106 178 131 189 42 45 41 154 192 26 77 189
split_gain=6.99832 4.21225 4.14279 5.66366 5.60396 5.53446 5.26527 6.09769 5.10169 7.94968 5.86665 7.25343 5.99729 4.88086 4.61301 4.43452 6.45759 5.72384 5.20964 5.05019 6.89332 5.03486 6.50031 5.9335 5.45945 6.95903 5.80463 5.28178 5.1901 5.96323
threshold=2.5124272075719327 1.0000000180025095e-35 20.750000000000004 -0.025876877355774219 22.950000000000003 0.25554437737536334 0.014742103738046944 0.14113872141321182 1.5794435764249035 43.829599571447709 0.2807455612491781 0.055199438202485247 11.69910190693664 3.7633333333333341 2.4699181133232688 24.650000000000002 0.94828754594723541 0.72893299808651102 7.5156903765690384 0.0666787845904422 0.37369772470326534 4.0000000000000009 69.450000000000017 -0.81408451933196946 3.0528614361867321 1.429283262289033 7.9032883095548732 7.3307698516299116 17.650000000000002 5.0000000000000009
decision_type=2 2 2 2 2 2 2 2 2 2 2 2 2 2 2 2 2 2 2 2 2 2 2 2 2 2 2 2 2 2
left_child=1 -1 3 -2 5 -5 -6 14 9 -4 12 -12 13 -10 -8 16 21 19 -19 -17 -21 27 -23 24 25 -24 -26 -15 29 -25
right_child=2 -3 8 4 6 -7 7 -9 10 -11 11 -13 -14 15 -16 17 -18 18 -20 20 -22 22 23 28 26 -27 -28 -29 -30 -31
leaf_value=-0.00067854151849494051 -0.0086010959038699715 0.00058105125344261961 -0.0080616856722543588 -0.00018312499821451181 -0.010131776728415769 -0.020977996167076102 0.0051955777953554324 -0.015550266795742984 0.025745367866911461 0.020551494360062917 -0.0001471005887094065 0.00056645031924567137 -0.010025534245869671 0.0043044501935835472 -0.015272607891570535 0.00055261524684454535 -0.0082238823842142351 0.00031586930614481467 -0.015818255277599259 0.024217524952349658 -0.0046599858665390178 -0.0077884870004281013 -0.021081731968490437 0.0015240365706303569 -0.017738592471368528 0.0089439080769156271 0.00018591654474425657 -0.006329651283074768 -0.0095836739760685012 -0.00022584107836181187
leaf_weight=3.1109504899156972 18.407752770842762 27.148982014332432 26.336974087145567 55.058392544354774 7.0966990629253806 9.2368895613558362 55.417375314102173 7.7555990924136031 8.9817501760301166 5.1188969246272782 270.95852848269305 14.764177786180879 27.352225082540144 45.781912651786115 8.8282120508040389 187.50335037590958 21.930408792103663 78.045843605599885 13.648327703068388 4.7662491688847686 11.22954690361871 46.608481825146555 3.1057141712149123 89.663428197950907 15.124546632624972 8.1025432330670792 14.771574062334137 6.2998807208496137 8.2308334460360566 40.425301666255109
leaf_count=141 158 93 374 451 95 90 478 57 39 44 2247 64 190 160 84 1302 290 607 48 41 99 693 60 1180 121 187 189 16 47 95
internal_value=0.00200418 0.0122685 0.00171304 -0.00150607 0 -0.00477712 0.00387193 0.00570872 0.00226611 -0.00626833 0.00256739 -2.40794e-05 0.00374324 0.00420186 0.00796962 0.00393734 0.00203969 0.00584489 0.00125016 0.00788693 -0.00362699 0.00295726 0.00151265 0.00341528 -0.00378583 0.00869128 -0.00866996 0.00904975 0.0055871 0.0066823
internal_weight=1140.81 30.2599 1110.55 161.801 143.393 64.2953 79.0979 72.0012 948.75 31.4559 917.295 285.723 631.572 604.22 64.2456 595.238 300.045 295.193 91.6942 203.499 15.9958 278.114 226.032 179.424 41.1044 11.2083 29.8961 52.0818 138.32 130.089
internal_count=9740 234 9506 1413 1255 541 714 619 8093 418 7675 2311 5364 5174 562 5135 3038 2097 655 1442 140 2748 2572 1879 557 247 310 176 1322 1275
is_linear=0
shrinkage=0.0218826


Tree=141
num_leaves=31
num_cat=0
split_feature=203 45 34 135 104 36 36 29 119 208 61 75 220 17 132 162 133 131 134 219 21 111 9 156 87 223 71 82 105 145
split_gain=7.06408 4.83284 7.19951 7.08355 8.48716 6.99679 6.57943 6.28713 5.44093 5.38747 6.18594 6.96002 5.20851 5.49227 5.17881 5.17603 5.13615 5.13074 4.82549 4.56842 4.55426 5.07869 4.54932 6.98839 6.26472 5.48923 6.76577 6.03614 6.99704 5.15407
threshold=2.5124272075719327 -0.80382625221112003 0.22302149177639166 0.00056883346028357995 8.3210515378527408 0.49330397597371989 0.51787802351584766 0.06253499473791789 23.527777777777782 3.1271985516689829 0.3178198931909213 -1.7499999999999998 0.019216344841644303 6.8350000000000009 0.10340385360259895 7.2105597833649719 -0.031233625187365732 0.42395709186079961 1.0000000180025095e-35 -0.056928055133718895 4.131472613307869 12.500000000000002 0.17465202652057921 215.59141587331609 0.47934346068146266 0.68760500000000002 15.300000000000002 30.750000000000004 0.4156504065040651 0.31896305473344266
decision_type=2 2 2 2 2 2 2 2 2 2 2 2 2 2 2 2 2 2 2 2 2 2 2 2 2 2 2 2 2 2
left_child=-1 2 20 19 6 7 9 -4 -7 -5 12 -12 13 -11 15 18 -13 -8 -6 -3 21 -2 -20 25 -25 27 -27 28 -24 -29
right_child=1 3 5 4 14 8 17 -9 -10 10 11 16 -14 -15 -16 -17 -18 -19 22 -21 -22 -23 23 24 -26 26 -28 29 -30 -31
leaf_value=0.00031598291362451428 -0.011277381199670686 0.0020072172976787609 0.0032972315340739416 0.0069892419431112334 0.0075783656636641411 0.011470631592387162 -0.011725778771791958 -0.00066306037494847357 -0.0059194081275238154 -0.017922415760455401 -0.024018145479592856 -0.036212094592609934 0.00097710915573732938 0.00057457549158262662 -0.0066326350130246018 0.013197246205267835 0.00079794103191792613 0.0054592598517456689 0.012970167291363365 4.1504999413649604e-05 -0.011651094579794135 0.00032147637574521685 0.00019881483497575012 0.00082563094832976069 -0.00021417046187397628 -0.018275371836687298 0.0086768521105987338 0.0093250658604931078 -0.0075868976756718037 -0.0045580130358696593
leaf_weight=30.259932504248127 11.172691518638887 15.358413677533461 17.402205088309756 21.604370998154536 19.443851227093319 29.52180181233939 17.71551858307021 129.06862496133772 17.112035494212478 24.435452014420662 9.2371811526736547 3.4607384887654034 7.3978727943649565 8.3460439566219957 7.1759502604891159 30.55859378621426 26.111027774649756 8.8851706317113877 21.031553929150732 484.12644439007636 21.950864614504098 12.033114749856393 2.9047390065384233 64.144361509464261 29.922643492825728 6.5796454108108291 19.110808523994365 14.082533478660027 23.42488313280387 7.232279633180041
leaf_count=234 118 66 168 124 198 257 68 1295 166 122 37 43 29 32 36 157 245 68 253 4211 251 191 30 445 205 32 135 83 414 27
internal_value=0.00195691 0.00166448 -0.00108578 0.00241957 0.00470021 0.000749 8.42169e-05 -0.00159084 0.0080663 0.00267879 0 0.00615885 -0.00596787 -0.00973881 0.00706997 0.00763755 0.0113282 -0.00940481 0.00632993 0.000706316 -0.00887561 -0.00183356 0.00518783 0.00391476 0.00784109 -0.00110995 0.00686 -0.00551416 -0.0123923 0.00298288
internal_weight=1140.81 1110.55 238.261 872.29 372.805 193.105 127.193 146.471 46.6338 100.593 78.9883 38.8089 40.1794 32.7815 245.612 238.436 29.5718 26.6007 207.877 499.485 45.1567 23.2058 188.433 167.402 94.067 73.3349 25.6905 47.6444 26.3296 21.3148
internal_count=9740 9506 2446 7060 2783 1886 768 1463 423 632 508 325 183 154 2015 1979 288 136 1822 4277 560 309 1624 1371 650 721 167 554 444 110
is_linear=0
shrinkage=0.0218826


end of trees

feature_importances:
market_total=69
opp_lineup_k_pct_std=62
wind_cos=60
sc_sp_fb_put_away=57
ump_bb9_avg_10=56
wind_x_park_hr=56
opp_bb_pct_avg_10=55
wind_speed_mph=55
sc_sp_disc_whiff_pct=54
line_move_total=52
ump_k9_avg_10=48
sp_fb_velo_trend_5=47
sp_hr_rate_vs_rhb_25=47
ump_k9_x_opp_k_pct=46
sp_k_pct_vs_rhb_25=45
opp_avg_avg_10=44
sc_sp_oz_contact_pct=44
opp_top4_slg_avg_10=42
opp_k_pct_vs_same_hand_10=41
opp_lineup_k_pct_cv=40
sp_k_pct_vs_rhb_10=40
fip_trend_5v10=40
wind_sin=39
sp_vs_team_k9_delta=39
bf_est_avg_5=38
opp_team_der_career=38
ump_k9_x_sp_whiff_pct=38
sp_lob_trend=38
era_away_10=37
svt_k_pct=37
opp_team_k_trend_5v10=37
sp_babip_trend=37
expected_k_from_ip=36
opp_team_der_20=35
era_trend_5v10=35
sp_k_pct_last2_vs_5=35
sp_k_split_trend_lhb=35
ip_avg_5=33
era_home_10=33
opp_iso_avg_10=33
warm_x_barrel=33
k_pct_10=32
park_hr_factor=32
sp_fb_velo_avg_5=31
sp_k_pct_vs_lhb_10=31
svt_era_last3=31
sp_k_split_trend_rhb=31
temperature_f=30
k9_trend_5v10=30
k_pct_x_park_hr=30
warm_x_park_hr=30
bb_pct_5=29
sc_sp_fb_k_pct=29
svt_era=29
catcher_framing_rate=28
k_pct_trend_5v10=28
venue_k9_delta=28
last_start_k9=28
whip_5=27
opp_lineup_iso_avg_10=27
sp_hr_rate_vs_rhb_10=27
sc_barrel_x_park_hr=27
venue_era_adj=27
sp_hr_rate_vs_lhb_25=26
opp_runs_last3=26
lineup_lhb_pct_x_sp_lhb_adv=26
opp_sp_hr_rate_split=26
sc_sp_si_k_pct=25
sp_k_pct_vs_lhb_25=25
park_babip_avg=25
sp_k_bb_ratio_5=25
sp_hr_rate_vs_lhb_10=24
bf_est_avg_10=24
opp_k_pct_avg_5=23
sc_sp_fb_hard_hit_pct=23
svt_k9=23
sp_k_pct_last2=23
sc_xslg_x_park=23
sp_era_fip_gap=23
ump_k9_x_sp_opp_k_triple=23
sc_hard_hit_vs_opp_k=23
hr9_5=22
sc_sp_fb_whiff_pct=22
sp_babip_against_career=22
open_k_line=22
opp_lineup_avg_avg_10=21
sc_sp_sl_k_pct=21
venue_k9=21
ump_k9_x_sp_k_pct=21
k9_home_10=20
k9_away_10=20
opp_slg_avg_10=20
precip_prob_pct=20
sc_sp_fastball_family_pct=20
sp_vs_team_k9_adj=20
contact_vs_ump_zone=20
venue_k9_adj=20
venue_fip_adj=20
sp_k_split_advantage=20
fip_home_10=19
sc_gb_pct=19
venue_era=19
sp_lob_pct_10=19
sp_babip_against_10=19
market_k_line=19
sp_vs_team_era_adj=19
k_pct_5=18
sp_days_since_last_start=18
park_run_factor=18
venue_fip=18
sp_lob_pct_career=18
k_trend_x_ump_k9=18
venue_era_delta=18
opp_k_pct_avg_10=17
sc_sp_fb_xwoba=17
sp_vs_team_era_delta=17
k9_shrunk=17
last_start_k_bb=17
fip_5=16
whip_10=16
last_start_ip=16
opp_lineup_pct_lhb=16
sc_xwoba=16
sc_sp_si_hard_hit_pct=16
sc_sp_pitch_diversity=16
sp_lob_era_quality=16
k9_10=15
era_10=15
sc_sp_fb_run_value_per_100=15
sc_barrel_vs_k_rate=15
era_5=14
sc_sp_iz_contact_pct=14
opp_runs_last5=14
opp_der_20_filled=14
framing_hand_benefit=14
sc_xslg=13
sc_sp_sl_run_value_per_100=13
sc_sp_oz_swing_pct=13
ump_k9_x_sp_k9_5=13
sp_k_pct_x_opp_cv=13
venue_n_starts=12
svt_k9_last3=12
starts_in_window_10=11
fip_away_10=11
sp_k_pct_vs_opp_k_rate=11
ump_k9_x_sp_sl_whiff_pct=11
opp_der_vs_avg=11
sc_hard_hit_x_fb=11
last_start_k=10
sc_barrel_rate=10
sc_fb_pct=10
sc_sp_fb_pct=10
sc_sp_si_pct=10
sp_babip_vs_avg=10
fip_10=9
opp_hr_avg_10=9
sc_xba=9
sc_sp_ch_pct=9
sc_sp_ch_k_pct=9
sp_k9_trend_5v10=9
sc_sp_sl_pct=8
park_babip_factor=8
last_start_bb=7
sc_avg_exit_velo=7
sc_sp_sl_whiff_pct=7
sc_sp_ch_whiff_pct=7
svt_games=7
sp_babip_against_career_filled=7
framing_x_sp_edge_work=7
k9_5=6
sc_hard_hit_pct=6
catcher_framing_rv=6
sp_babip_starts_10=6
line_move_total_filled=6
is_day_game=5
sc_sp_si_whiff_pct=5
sp_k_pct_last2_filled=5
market_k_line_filled=5
k_pct_shrunk=5
framing_x_ump_k9=5
opp_runs_avg3=4
sp_lob_vs_avg=4
sp_k_pct_trend_5v10=3
sp_lob_pct_filled=3
sp_babip_against_10_filled=3
sp_vs_team_reliability=2
sc_exit_velo_above_avg=2
k_line_move=1
pitcher_hand_L=1
market_k_line_known=1
sp_is_extended_rest=1
cold_x_sp_offspeed_pct=1
last_start_dominated=1
last_start_blowup=1

parameters:
[boosting: gbdt]
[objective: regression_l1]
[metric: l1]
[tree_learner: serial]
[device_type: cpu]
[data_sample_strategy: bagging]
[data: ]
[valid: ]
[num_iterations: 142]
[learning_rate: 0.0218826]
[num_leaves: 31]
[num_threads: 4]
[seed: 42]
[deterministic: 0]
[force_col_wise: 0]
[force_row_wise: 0]
[histogram_pool_size: -1]
[max_depth: -1]
[min_data_in_leaf: 20]
[min_sum_hessian_in_leaf: 0.001]
[bagging_fraction: 0.873791]
[pos_bagging_fraction: 1]
[neg_bagging_fraction: 1]
[bagging_freq: 0]
[bagging_seed: 400]
[bagging_by_query: 0]
[feature_fraction: 0.821227]
[feature_fraction_bynode: 1]
[feature_fraction_seed: 30056]
[extra_trees: 0]
[extra_seed: 12879]
[early_stopping_round: 0]
[early_stopping_min_delta: 0]
[first_metric_only: 0]
[max_delta_step: 0]
[lambda_l1: 0.142255]
[lambda_l2: 0.802926]
[linear_lambda: 0]
[min_gain_to_split: 0]
[drop_rate: 0.1]
[max_drop: 50]
[skip_drop: 0.5]
[xgboost_dart_mode: 0]
[uniform_drop: 0]
[drop_seed: 17869]
[top_rate: 0.2]
[other_rate: 0.1]
[min_data_per_group: 100]
[max_cat_threshold: 32]
[cat_l2: 10]
[cat_smooth: 10]
[max_cat_to_onehot: 4]
[top_k: 20]
[monotone_constraints: ]
[monotone_constraints_method: basic]
[monotone_penalty: 0]
[feature_contri: ]
[forcedsplits_filename: ]
[refit_decay_rate: 0.9]
[cegb_tradeoff: 1]
[cegb_penalty_split: 0]
[cegb_penalty_feature_lazy: ]
[cegb_penalty_feature_coupled: ]
[path_smooth: 0]
[interaction_constraints: ]
[verbosity: -1]
[saved_feature_importance_type: 0]
[use_quantized_grad: 0]
[num_grad_quant_bins: 4]
[quant_train_renew_leaf: 0]
[stochastic_rounding: 1]
[linear_tree: 0]
[max_bin: 255]
[max_bin_by_feature: ]
[min_data_in_bin: 3]
[bin_construct_sample_cnt: 200000]
[data_random_seed: 175]
[is_enable_sparse: 1]
[enable_bundle: 1]
[use_missing: 1]
[zero_as_missing: 0]
[feature_pre_filter: 1]
[pre_partition: 0]
[two_round: 0]
[header: 0]
[label_column: ]
[weight_column: ]
[group_column: ]
[ignore_column: ]
[categorical_feature: ]
[forcedbins_filename: ]
[precise_float_parser: 0]
[parser_config_file: ]
[objective_seed: 16083]
[num_class: 1]
[is_unbalance: 0]
[scale_pos_weight: 1]
[sigmoid: 1]
[boost_from_average: 1]
[reg_sqrt: 0]
[alpha: 0.9]
[fair_c: 1]
[poisson_max_delta_step: 0.7]
[tweedie_variance_power: 1.5]
[lambdarank_truncation_level: 30]
[lambdarank_norm: 1]
[label_gain: ]
[lambdarank_position_bias_regularization: 0]
[eval_at: ]
[multi_error_top_k: 1]
[auc_mu_weights: ]
[num_machines: 1]
[local_listen_port: 12400]
[time_out: 120]
[machine_list_filename: ]
[machines: ]
[gpu_platform_id: -1]
[gpu_device_id: -1]
[gpu_use_dp: 0]
[num_gpu: 1]

end of parameters

pandas_categorical:[]
