{
  "strikeouts": {
    "max_depth": 4,
    "learning_rate": 0.01145444312085943,
    "subsample": 0.6667781509956932,
    "colsample_bytree": 0.5145659899505628,
    "min_child_weight": 14,
    "gamma": 0.37639048890581606,
    "reg_alpha": 0.047297464932937745,
    "reg_lambda": 0.5211000659467254
  },
  "hits": {
    "max_depth": 3,
    "learning_rate": 0.03339118665503227,
    "subsample": 0.8689799827855574,
    "colsample_bytree": 0.6433132966529611,
    "min_child_weight": 16,
    "gamma": 0.21611592731545437,
    "reg_alpha": 0.041134014589983586,
    "reg_lambda": 0.5026352657085393
  },
  "total_bases": {
    "max_depth": 3,
    "learning_rate": 0.0388093025996124,
    "subsample": 0.8302299240812239,
    "colsample_bytree": 0.7606683329153483,
    "min_child_weight": 13,
    "gamma": 0.08717707115162432,
    "reg_alpha": 0.3974705215925799,
    "reg_lambda": 1.6230735687983333
  },
  "home_runs": {
    "max_depth": 4,
    "learning_rate": 0.052432165439304144,
    "subsample": 0.8953821399794948,
    "colsample_bytree": 0.9816854794925415,
    "min_child_weight": 15,
    "gamma": 0.5815967070888044,
    "reg_alpha": 0.23250145425646437,
    "reg_lambda": 9.925739700443009
  },
  "walks_batter": {
    "max_depth": 3,
    "learning_rate": 0.017546276000367417,
    "subsample": 0.9964795547327642,
    "colsample_bytree": 0.9839139492768709,
    "min_child_weight": 18,
    "gamma": 0.5402297065056273,
    "reg_alpha": 0.718242249491378,
    "reg_lambda": 0.5365445889154901
  }
}