{
  "strikeouts": {
    "max_depth": 3,
    "learning_rate": 0.010821633136658177,
    "subsample": 0.9092509593738116,
    "colsample_bytree": 0.8555500051480711,
    "min_child_weight": 20,
    "gamma": 0.7862148829857157,
    "reg_alpha": 0.03367893273525962,
    "reg_lambda": 1.2497381597743158
  },
  "hits": {
    "max_depth": 3,
    "learning_rate": 0.018758997889739643,
    "subsample": 0.6291566437704341,
    "colsample_bytree": 0.7668026139229969,
    "min_child_weight": 14,
    "gamma": 0.8548835138557791,
    "reg_alpha": 1.5527374199864954,
    "reg_lambda": 1.1051323066262637
  },
  "total_bases": {
    "max_depth": 3,
    "learning_rate": 0.010060519912955259,
    "subsample": 0.8362171059467548,
    "colsample_bytree": 0.5082270018461703,
    "min_child_weight": 8,
    "gamma": 0.929452844995949,
    "reg_alpha": 1.9171607834252888,
    "reg_lambda": 8.429607001834894
  },
  "home_runs": {
    "max_depth": 3,
    "learning_rate": 0.019505907497919958,
    "subsample": 0.9076256399941464,
    "colsample_bytree": 0.8749493446461327,
    "min_child_weight": 17,
    "gamma": 0.6947275654107369,
    "reg_alpha": 0.011357085129834627,
    "reg_lambda": 0.5261750367166974
  },
  "walks_batter": {
    "max_depth": 3,
    "learning_rate": 0.07452695590002906,
    "subsample": 0.9440046740320182,
    "colsample_bytree": 0.9587944467000127,
    "min_child_weight": 14,
    "gamma": 0.9915304161184936,
    "reg_alpha": 0.13565518540266724,
    "reg_lambda": 5.842552655123733
  }
}