{
  "strikeouts": {
    "max_depth": 3,
    "learning_rate": 0.025370291370774584,
    "subsample": 0.7417085602906003,
    "colsample_bytree": 0.6991868023006153,
    "min_child_weight": 14,
    "gamma": 0.6687281545255307,
    "reg_alpha": 0.011262769463898573,
    "reg_lambda": 0.5908866618125119
  },
  "hits": {
    "max_depth": 4,
    "learning_rate": 0.02565777837133646,
    "subsample": 0.9648298197546018,
    "colsample_bytree": 0.8210720075620306,
    "min_child_weight": 19,
    "gamma": 0.08928264872675573,
    "reg_alpha": 0.07514301095158597,
    "reg_lambda": 0.95900451265763
  },
  "total_bases": {
    "max_depth": 6,
    "learning_rate": 0.039459836448770644,
    "subsample": 0.6778974637873412,
    "colsample_bytree": 0.5195230193211748,
    "min_child_weight": 11,
    "gamma": 0.9169561124006805,
    "reg_alpha": 0.01442790994421284,
    "reg_lambda": 7.411617997301456
  },
  "home_runs": {
    "max_depth": 3,
    "learning_rate": 0.059690923802042696,
    "subsample": 0.7215142145742105,
    "colsample_bytree": 0.5085466017448849,
    "min_child_weight": 20,
    "gamma": 0.29576337375472395,
    "reg_alpha": 0.39329712451950744,
    "reg_lambda": 7.84546222667756
  },
  "walks_batter": {
    "max_depth": 3,
    "learning_rate": 0.01937991931274477,
    "subsample": 0.9897784756505242,
    "colsample_bytree": 0.9988047204722105,
    "min_child_weight": 3,
    "gamma": 0.07573954723391624,
    "reg_alpha": 0.0898620588727221,
    "reg_lambda": 4.531531158593944
  }
}