{
  "strikeouts": {
    "max_depth": 5,
    "learning_rate": 0.04049925608904899,
    "subsample": 0.8417509585717606,
    "colsample_bytree": 0.7319375507774477,
    "min_child_weight": 3,
    "gamma": 0.10287011894438547,
    "reg_alpha": 0.013999821975661075,
    "reg_lambda": 3.677522592833591
  },
  "hits": {
    "max_depth": 5,
    "learning_rate": 0.07027324808009888,
    "subsample": 0.6446111608407268,
    "colsample_bytree": 0.6417692491852602,
    "min_child_weight": 11,
    "gamma": 0.4604675650750305,
    "reg_alpha": 0.013538383722723585,
    "reg_lambda": 2.27282600258632
  },
  "total_bases": {
    "max_depth": 11,
    "learning_rate": 0.012484861225210914,
    "subsample": 0.8457146390632793,
    "colsample_bytree": 0.6149765877934603,
    "min_child_weight": 8,
    "gamma": 0.12349744724999198,
    "reg_alpha": 0.01956531731649195,
    "reg_lambda": 2.9125507713817607
  },
  "home_runs": {
    "max_depth": 11,
    "learning_rate": 0.03601638108386196,
    "subsample": 0.8293144690565932,
    "colsample_bytree": 0.5009983501473303,
    "min_child_weight": 6,
    "gamma": 0.4202251786718601,
    "reg_alpha": 0.25123134179101486,
    "reg_lambda": 0.9055376484721152
  }
}