{
  "strikeouts": {
    "max_depth": 11,
    "learning_rate": 0.03130210014909352,
    "subsample": 0.7234343285455102,
    "colsample_bytree": 0.8084127585273827,
    "min_child_weight": 4,
    "gamma": 0.730757922076733,
    "reg_alpha": 0.0387791613035614,
    "reg_lambda": 2.986941715620531
  },
  "hits": {
    "max_depth": 8,
    "learning_rate": 0.010829072592861325,
    "subsample": 0.7125438830138533,
    "colsample_bytree": 0.5668199212937622,
    "min_child_weight": 14,
    "gamma": 0.2332500204663035,
    "reg_alpha": 0.5581585471449471,
    "reg_lambda": 2.3322948981966936
  },
  "total_bases": {
    "max_depth": 3,
    "learning_rate": 0.013787567461564112,
    "subsample": 0.9230417422650369,
    "colsample_bytree": 0.5865173031604675,
    "min_child_weight": 15,
    "gamma": 0.8171817933851253,
    "reg_alpha": 0.01801985956643349,
    "reg_lambda": 1.1008032116595872
  },
  "home_runs": {
    "max_depth": 10,
    "learning_rate": 0.01856027406720414,
    "subsample": 0.9010592656993686,
    "colsample_bytree": 0.8303213103827127,
    "min_child_weight": 3,
    "gamma": 0.4903929783824611,
    "reg_alpha": 0.01120626551709589,
    "reg_lambda": 7.408484428168634
  },
  "walks_batter": {
    "max_depth": 11,
    "learning_rate": 0.010887401555921347,
    "subsample": 0.983929023828295,
    "colsample_bytree": 0.5011779361298413,
    "min_child_weight": 3,
    "gamma": 0.9402386513318169,
    "reg_alpha": 0.03119416566372697,
    "reg_lambda": 1.4532738134067387
  }
}