{
  "strikeouts": {
    "max_depth": 3,
    "learning_rate": 0.015932671031207768,
    "subsample": 0.6529119148300873,
    "colsample_bytree": 0.6968066799639333,
    "min_child_weight": 18,
    "gamma": 0.17683832766184993,
    "reg_alpha": 0.05378694622224955,
    "reg_lambda": 3.212329094076992
  },
  "hits": {
    "max_depth": 5,
    "learning_rate": 0.01626905683651644,
    "subsample": 0.8770841387187933,
    "colsample_bytree": 0.6347631318780049,
    "min_child_weight": 13,
    "gamma": 0.4471808796674823,
    "reg_alpha": 0.1544497855729796,
    "reg_lambda": 3.0890342581712025
  },
  "total_bases": {
    "max_depth": 3,
    "learning_rate": 0.09626534959874651,
    "subsample": 0.6046450425721628,
    "colsample_bytree": 0.5314931078006295,
    "min_child_weight": 19,
    "gamma": 0.3091750782276255,
    "reg_alpha": 0.0664485678351704,
    "reg_lambda": 9.25075721019524
  },
  "home_runs": {
    "max_depth": 3,
    "learning_rate": 0.03390026216999243,
    "subsample": 0.8834407809379425,
    "colsample_bytree": 0.6369026067628083,
    "min_child_weight": 16,
    "gamma": 0.7254214015780958,
    "reg_alpha": 1.6979927671868362,
    "reg_lambda": 8.846016006353592
  },
  "walks_batter": {
    "max_depth": 5,
    "learning_rate": 0.05309077992194816,
    "subsample": 0.7172075065902898,
    "colsample_bytree": 0.6684020870984126,
    "min_child_weight": 4,
    "gamma": 0.7473924397669405,
    "reg_alpha": 0.5742860690927357,
    "reg_lambda": 4.16513106264576
  }
}