{
  "strikeouts": {
    "max_depth": 7,
    "learning_rate": 0.047936521337613815,
    "subsample": 0.6149978573934006,
    "colsample_bytree": 0.5490418233966103,
    "min_child_weight": 16,
    "gamma": 0.4423727059530612,
    "reg_alpha": 0.14451856155542456,
    "reg_lambda": 1.530679930542654
  },
  "hits": {
    "max_depth": 9,
    "learning_rate": 0.010165669663539737,
    "subsample": 0.8482319109722049,
    "colsample_bytree": 0.8180630267914986,
    "min_child_weight": 9,
    "gamma": 0.2794172225258965,
    "reg_alpha": 0.046982281059449446,
    "reg_lambda": 8.617694147756872
  },
  "total_bases": {
    "max_depth": 4,
    "learning_rate": 0.09141296534804591,
    "subsample": 0.9713766556001292,
    "colsample_bytree": 0.6970492373072777,
    "min_child_weight": 19,
    "gamma": 0.7816138039588043,
    "reg_alpha": 0.2848401113126404,
    "reg_lambda": 1.9915714090328247
  },
  "home_runs": {
    "max_depth": 9,
    "learning_rate": 0.03976294491892879,
    "subsample": 0.6786102934824381,
    "colsample_bytree": 0.7663308522828152,
    "min_child_weight": 4,
    "gamma": 0.7645003840959619,
    "reg_alpha": 0.13679867962858128,
    "reg_lambda": 3.7242716201768347
  },
  "walks_batter": {
    "max_depth": 9,
    "learning_rate": 0.010336622855944395,
    "subsample": 0.7606018255018183,
    "colsample_bytree": 0.8877007175054981,
    "min_child_weight": 3,
    "gamma": 0.32551352754917906,
    "reg_alpha": 0.09175522878319277,
    "reg_lambda": 7.915464316401456
  }
}