{
  "strikeouts": {
    "max_depth": 3,
    "learning_rate": 0.010939049483479723,
    "subsample": 0.9750779815056126,
    "colsample_bytree": 0.6429805116130425,
    "min_child_weight": 3,
    "gamma": 0.9930736432863629,
    "reg_alpha": 0.01052804861146861,
    "reg_lambda": 8.631917266310339
  },
  "hits": {
    "max_depth": 3,
    "learning_rate": 0.042008199850596506,
    "subsample": 0.9570356248294011,
    "colsample_bytree": 0.8368736882651979,
    "min_child_weight": 7,
    "gamma": 0.1886585677620387,
    "reg_alpha": 0.045383617710281675,
    "reg_lambda": 8.248910132495796
  },
  "total_bases": {
    "max_depth": 3,
    "learning_rate": 0.019663167577595526,
    "subsample": 0.603633786865028,
    "colsample_bytree": 0.562092217274612,
    "min_child_weight": 19,
    "gamma": 0.7807238266410791,
    "reg_alpha": 0.05398042538464622,
    "reg_lambda": 8.722300824275903
  },
  "home_runs": {
    "max_depth": 3,
    "learning_rate": 0.010826018839873448,
    "subsample": 0.9291167901121652,
    "colsample_bytree": 0.9905319894285299,
    "min_child_weight": 14,
    "gamma": 0.8886826653793126,
    "reg_alpha": 1.1337507068883503,
    "reg_lambda": 1.0941017489413387
  },
  "walks_batter": {
    "max_depth": 3,
    "learning_rate": 0.03467085263412123,
    "subsample": 0.909735872287148,
    "colsample_bytree": 0.8270147046136234,
    "min_child_weight": 14,
    "gamma": 0.07307709254155359,
    "reg_alpha": 1.4751176592015776,
    "reg_lambda": 2.2888643771172372
  }
}