{
  "strikeouts": {
    "max_depth": 3,
    "learning_rate": 0.013878124875140323,
    "subsample": 0.7099710207111374,
    "colsample_bytree": 0.6660148439252843,
    "min_child_weight": 14,
    "gamma": 0.7830930327928359,
    "reg_alpha": 0.08777733981710863,
    "reg_lambda": 6.044206267007289
  },
  "hits": {
    "max_depth": 4,
    "learning_rate": 0.03577808667077569,
    "subsample": 0.9797174033999181,
    "colsample_bytree": 0.898666580668553,
    "min_child_weight": 18,
    "gamma": 0.07098465897682615,
    "reg_alpha": 0.12940368169826647,
    "reg_lambda": 4.326619664248783
  },
  "total_bases": {
    "max_depth": 3,
    "learning_rate": 0.02155381386137664,
    "subsample": 0.6035136015960033,
    "colsample_bytree": 0.663295362040906,
    "min_child_weight": 16,
    "gamma": 0.1991779028782038,
    "reg_alpha": 1.96285063471066,
    "reg_lambda": 9.595235269464862
  },
  "home_runs": {
    "max_depth": 11,
    "learning_rate": 0.015091262273206618,
    "subsample": 0.8719429681843318,
    "colsample_bytree": 0.8024584166562954,
    "min_child_weight": 5,
    "gamma": 0.9325039765809554,
    "reg_alpha": 0.10617799496312948,
    "reg_lambda": 2.0073631121283526
  },
  "walks_batter": {
    "max_depth": 12,
    "learning_rate": 0.021024422687591724,
    "subsample": 0.851243551720573,
    "colsample_bytree": 0.6194449699062983,
    "min_child_weight": 11,
    "gamma": 0.0273718125073426,
    "reg_alpha": 0.010271988627770403,
    "reg_lambda": 4.74656130918934
  }
}