{
  "strikeouts": {
    "max_depth": 4,
    "learning_rate": 0.024036797133230207,
    "subsample": 0.6071290529468893,
    "colsample_bytree": 0.8959813620061187,
    "min_child_weight": 12,
    "gamma": 0.6295784706656822,
    "reg_alpha": 0.017168670623263903,
    "reg_lambda": 1.2961050591832017
  },
  "hits": {
    "max_depth": 8,
    "learning_rate": 0.01788650470670778,
    "subsample": 0.6224820582317584,
    "colsample_bytree": 0.831911720848308,
    "min_child_weight": 3,
    "gamma": 0.15066449452603436,
    "reg_alpha": 0.9067467491731478,
    "reg_lambda": 4.00252803066867
  },
  "total_bases": {
    "max_depth": 3,
    "learning_rate": 0.012648795329083041,
    "subsample": 0.9331174477439794,
    "colsample_bytree": 0.6133179851225949,
    "min_child_weight": 10,
    "gamma": 0.06451355588139607,
    "reg_alpha": 1.8366059567004402,
    "reg_lambda": 6.135571026296861
  },
  "home_runs": {
    "max_depth": 9,
    "learning_rate": 0.012440499481080405,
    "subsample": 0.8931840379082472,
    "colsample_bytree": 0.9265976504415592,
    "min_child_weight": 8,
    "gamma": 0.5079815284237338,
    "reg_alpha": 0.13463919676427372,
    "reg_lambda": 8.207372888311177
  }
}