{
  "strikeouts": {
    "max_depth": 11,
    "learning_rate": 0.03877675554543766,
    "subsample": 0.6264408155953578,
    "colsample_bytree": 0.7500672076199552,
    "min_child_weight": 5,
    "gamma": 0.9328591543661261,
    "reg_alpha": 0.21546119292857757,
    "reg_lambda": 0.8056884207859412
  },
  "hits": {
    "max_depth": 8,
    "learning_rate": 0.021287533042771655,
    "subsample": 0.6558982746638757,
    "colsample_bytree": 0.744596570715228,
    "min_child_weight": 20,
    "gamma": 0.06684009219832576,
    "reg_alpha": 0.12794494606389165,
    "reg_lambda": 1.9400118093567942
  },
  "total_bases": {
    "max_depth": 12,
    "learning_rate": 0.03626143018554085,
    "subsample": 0.9584953145972276,
    "colsample_bytree": 0.5961684694830394,
    "min_child_weight": 16,
    "gamma": 0.21460698330012973,
    "reg_alpha": 0.049761409688876816,
    "reg_lambda": 2.0732138866732446
  },
  "home_runs": {
    "max_depth": 12,
    "learning_rate": 0.0495783976672805,
    "subsample": 0.6066618916578869,
    "colsample_bytree": 0.9836265625972643,
    "min_child_weight": 3,
    "gamma": 0.025459375551544094,
    "reg_alpha": 0.012152454108047911,
    "reg_lambda": 0.6069247605003493
  },
  "walks_batter": {
    "max_depth": 12,
    "learning_rate": 0.021477671870827563,
    "subsample": 0.8135002301752836,
    "colsample_bytree": 0.9971014586664262,
    "min_child_weight": 6,
    "gamma": 0.3511638539528556,
    "reg_alpha": 1.950603219590332,
    "reg_lambda": 2.371839369681623
  }
}