{
  "strikeouts": {
    "max_depth": 6,
    "learning_rate": 0.015012653251416987,
    "subsample": 0.6657986016727168,
    "colsample_bytree": 0.7486539940244277,
    "min_child_weight": 10,
    "gamma": 0.1100750300673202,
    "reg_alpha": 0.2273141228610127,
    "reg_lambda": 4.122363922432472
  },
  "hits": {
    "max_depth": 8,
    "learning_rate": 0.017642810461760545,
    "subsample": 0.7032198286069997,
    "colsample_bytree": 0.9143342549456348,
    "min_child_weight": 18,
    "gamma": 0.44754384684974086,
    "reg_alpha": 0.0283686848813175,
    "reg_lambda": 1.430520502719519
  },
  "total_bases": {
    "max_depth": 5,
    "learning_rate": 0.012962447691899137,
    "subsample": 0.7279649287013343,
    "colsample_bytree": 0.7788603400436813,
    "min_child_weight": 7,
    "gamma": 0.21859140404737115,
    "reg_alpha": 0.0843515514592073,
    "reg_lambda": 1.0972755591937537
  },
  "home_runs": {
    "max_depth": 10,
    "learning_rate": 0.01738243808396302,
    "subsample": 0.8983371707189212,
    "colsample_bytree": 0.8399942698256047,
    "min_child_weight": 8,
    "gamma": 0.38254965218392545,
    "reg_alpha": 0.010593692428581698,
    "reg_lambda": 1.119165884930578
  }
}