{
  "strikeouts": {
    "max_depth": 7,
    "learning_rate": 0.08509951415180865,
    "subsample": 0.6107651771958968,
    "colsample_bytree": 0.6933197755892354,
    "min_child_weight": 13,
    "gamma": 0.24858875460865112,
    "reg_alpha": 0.29557845093199897,
    "reg_lambda": 3.8207761154337874
  },
  "hits": {
    "max_depth": 6,
    "learning_rate": 0.03480648077203883,
    "subsample": 0.9039179265288753,
    "colsample_bytree": 0.6232484699434011,
    "min_child_weight": 6,
    "gamma": 0.16535945675883718,
    "reg_alpha": 0.022023085024240028,
    "reg_lambda": 1.4281275972857894
  },
  "total_bases": {
    "max_depth": 11,
    "learning_rate": 0.010165314534447235,
    "subsample": 0.7707901307119799,
    "colsample_bytree": 0.5027893626291886,
    "min_child_weight": 5,
    "gamma": 0.3480635169133691,
    "reg_alpha": 0.012267748279087437,
    "reg_lambda": 1.1143021445241907
  },
  "home_runs": {
    "max_depth": 11,
    "learning_rate": 0.018792913144945345,
    "subsample": 0.8145296820924268,
    "colsample_bytree": 0.725977405985722,
    "min_child_weight": 13,
    "gamma": 0.06160703413246621,
    "reg_alpha": 0.08181601628427826,
    "reg_lambda": 2.156425921160277
  }
}