{
  "strikeouts": {
    "max_depth": 4,
    "learning_rate": 0.061384146461947876,
    "subsample": 0.869812959924529,
    "colsample_bytree": 0.7996340894424604,
    "min_child_weight": 7,
    "gamma": 0.784872783994792,
    "reg_alpha": 0.011261555558544217,
    "reg_lambda": 1.7314956180338095
  },
  "hits": {
    "max_depth": 5,
    "learning_rate": 0.010059584902776123,
    "subsample": 0.9978414275105927,
    "colsample_bytree": 0.5323307895802364,
    "min_child_weight": 3,
    "gamma": 0.7548645534967224,
    "reg_alpha": 0.322036389029531,
    "reg_lambda": 0.5164607356138314
  },
  "total_bases": {
    "max_depth": 4,
    "learning_rate": 0.013749870878305738,
    "subsample": 0.8333092118962198,
    "colsample_bytree": 0.7351800801253547,
    "min_child_weight": 12,
    "gamma": 0.3905865771853955,
    "reg_alpha": 1.9882688736034917,
    "reg_lambda": 6.911555004785626
  },
  "home_runs": {
    "max_depth": 7,
    "learning_rate": 0.09813701248983751,
    "subsample": 0.9971124033985534,
    "colsample_bytree": 0.7632711539032719,
    "min_child_weight": 7,
    "gamma": 0.688982088434409,
    "reg_alpha": 1.867340286952908,
    "reg_lambda": 6.844801245117864
  },
  "walks_batter": {
    "max_depth": 6,
    "learning_rate": 0.051232441920292256,
    "subsample": 0.9813086448979536,
    "colsample_bytree": 0.5331083891300713,
    "min_child_weight": 13,
    "gamma": 0.8422438744849594,
    "reg_alpha": 0.24194724030759238,
    "reg_lambda": 4.670573143774411
  }
}