{
  "strikeouts": {
    "max_depth": 9,
    "learning_rate": 0.015469749334873849,
    "subsample": 0.6354536345018447,
    "colsample_bytree": 0.6598744006343118,
    "min_child_weight": 16,
    "gamma": 0.874508021986814,
    "reg_alpha": 1.5446201218001512,
    "reg_lambda": 5.578843626196349
  },
  "hits": {
    "max_depth": 6,
    "learning_rate": 0.01838848096552202,
    "subsample": 0.9192967948429667,
    "colsample_bytree": 0.8871604440166976,
    "min_child_weight": 6,
    "gamma": 0.06916344157343024,
    "reg_alpha": 1.8761931769203641,
    "reg_lambda": 2.4681112945073016
  },
  "total_bases": {
    "max_depth": 3,
    "learning_rate": 0.018746096024585754,
    "subsample": 0.9701661382144732,
    "colsample_bytree": 0.8479358385334617,
    "min_child_weight": 4,
    "gamma": 0.3084578967442878,
    "reg_alpha": 0.9634943997173373,
    "reg_lambda": 3.3498728787877807
  },
  "home_runs": {
    "max_depth": 12,
    "learning_rate": 0.024746078774559133,
    "subsample": 0.7365847075569312,
    "colsample_bytree": 0.9221015789055607,
    "min_child_weight": 9,
    "gamma": 0.5348749213245598,
    "reg_alpha": 0.1808718413482419,
    "reg_lambda": 1.3813971651330992
  },
  "walks_batter": {
    "max_depth": 3,
    "learning_rate": 0.011439810363106814,
    "subsample": 0.9419939630980874,
    "colsample_bytree": 0.5476513935692288,
    "min_child_weight": 9,
    "gamma": 0.27167036974347614,
    "reg_alpha": 0.07672662511887599,
    "reg_lambda": 1.408386541522767
  }
}