{
  "strikeouts": {
    "max_depth": 6,
    "learning_rate": 0.021216261701445013,
    "subsample": 0.6047726210027297,
    "colsample_bytree": 0.5018369338188998,
    "min_child_weight": 14,
    "gamma": 0.41273229003590634,
    "reg_alpha": 0.01014434489442458,
    "reg_lambda": 1.5760861382810147
  },
  "hits": {
    "max_depth": 7,
    "learning_rate": 0.027393366520609,
    "subsample": 0.6396594849881057,
    "colsample_bytree": 0.635970964213034,
    "min_child_weight": 5,
    "gamma": 0.2060675767834843,
    "reg_alpha": 0.10813359060963174,
    "reg_lambda": 9.42000921006768
  },
  "total_bases": {
    "max_depth": 3,
    "learning_rate": 0.042869676317923495,
    "subsample": 0.9161428401950127,
    "colsample_bytree": 0.718649508071364,
    "min_child_weight": 11,
    "gamma": 0.8351619775555781,
    "reg_alpha": 0.907712065047057,
    "reg_lambda": 0.6394493068274782
  },
  "home_runs": {
    "max_depth": 12,
    "learning_rate": 0.010550748778860515,
    "subsample": 0.9895742386779415,
    "colsample_bytree": 0.5257282606802384,
    "min_child_weight": 3,
    "gamma": 0.04704560545483091,
    "reg_alpha": 1.5152910835309787,
    "reg_lambda": 1.5992791508476099
  }
}