{
  "generated_at_utc": "2026-05-25T17:20:21Z",
  "lookback_days": 180,
  "holdout_days": 21,
  "min_train_bets": 40,
  "min_holdout_bets": 20,
  "threshold_strikeouts": 1.0,
  "threshold_hits": 0.05,
  "threshold_total_bases": 1.5,
  "threshold_home_runs_over": 999.0,
  "threshold_home_runs_under": 999.0,
  "threshold_clf": 0.03,
  "min_ev": 0.02,
  "_diagnostics": {
    "pitcher_strikeouts": {
      "reason": "accepted",
      "train": {
        "t": 1.0,
        "n": 200,
        "wr": 0.495,
        "roi": -5.499999999999997
      },
      "holdout": {
        "n": 58,
        "wr": 0.6206896551724138,
        "roi": 18.495297805642632
      }
    },
    "batter_hits": {
      "reason": "accepted",
      "train": {
        "t": 0.05,
        "n": 5975,
        "wr": 0.541255230125523,
        "roi": 3.3305439330543924
      },
      "holdout": {
        "n": 4019,
        "wr": 0.5469022144812142,
        "roi": 4.408604582777258
      }
    },
    "batter_total_bases": {
      "reason": "holdout_too_small",
      "chosen_train": {
        "t": 1.25,
        "n": 47,
        "wr": 0.3617021276595745,
        "roi": -30.947775628626683
      },
      "holdout_n": 0
    },
    "batter_home_runs": {
      "reason": "holdout_roi_non_positive",
      "chosen_train": {
        "t": 0.05,
        "n": 4291,
        "wr": 0.11792123048240503,
        "roi": -77.48776508972269
      },
      "holdout": {
        "n": 3991,
        "wr": 0.09922325231771485,
        "roi": -81.05737910298171
      }
    }
  }
}