{
  "generated_at_utc": "2026-05-29T09:28:26Z",
  "lookback_days": 180,
  "holdout_days": 21,
  "min_train_bets": 40,
  "min_holdout_bets": 20,
  "threshold_strikeouts": 2.0,
  "threshold_hits": 0.05,
  "threshold_total_bases": 0.5,
  "threshold_home_runs_over": 999.0,
  "threshold_home_runs_under": 999.0,
  "threshold_clf": 0.03,
  "min_ev": 0.02,
  "_diagnostics": {
    "pitcher_strikeouts": {
      "reason": "holdout_too_small",
      "chosen_train": {
        "t": 1.5,
        "n": 99,
        "wr": 0.5050505050505051,
        "roi": -3.581267217630853
      },
      "holdout_n": 11
    },
    "batter_hits": {
      "reason": "accepted",
      "train": {
        "t": 0.05,
        "n": 6804,
        "wr": 0.5442386831275721,
        "roi": 3.9001122334455762
      },
      "holdout": {
        "n": 4068,
        "wr": 0.5548180924287119,
        "roi": 5.919817645481367
      }
    },
    "batter_total_bases": {
      "reason": "holdout_roi_non_positive",
      "chosen_train": {
        "t": 0.2,
        "n": 3542,
        "wr": 0.3619424054206663,
        "roi": -30.901904419690972
      },
      "holdout": {
        "n": 1698,
        "wr": 0.3292108362779741,
        "roi": -37.150658528750405
      }
    },
    "batter_home_runs": {
      "reason": "holdout_roi_non_positive",
      "chosen_train": {
        "t": 0.05,
        "n": 5120,
        "wr": 0.1146484375,
        "roi": -78.11257102272727
      },
      "holdout": {
        "n": 4050,
        "wr": 0.10320987654320987,
        "roi": -80.2962962962963
      }
    }
  },
  "_manual_overrides": {
    "threshold_total_bases": 0.5
  }
}