{
  "generated_at_utc": "2026-04-30T00:04:48Z",
  "lookback_days": 180,
  "holdout_days": 21,
  "min_train_bets": 40,
  "min_holdout_bets": 20,
  "threshold_strikeouts": 2.0,
  "threshold_hits": 0.75,
  "threshold_total_bases": 1.5,
  "threshold_home_runs_over": 0.05,
  "threshold_home_runs_under": 0.05,
  "threshold_walks": 0.05,
  "threshold_clf": 0.03,
  "min_ev": 0.02,
  "_diagnostics": {
    "pitcher_strikeouts": {
      "reason": "holdout_roi_non_positive",
      "chosen_train": {
        "t": 1.122,
        "n": 43,
        "wr": 0.6511627906976745,
        "roi": 24.31289640591967
      },
      "holdout": {
        "n": 120,
        "wr": 0.43333333333333335,
        "roi": -17.272727272727266
      }
    },
    "batter_hits": {
      "reason": "holdout_roi_non_positive",
      "chosen_train": {
        "t": 0.2,
        "n": 1352,
        "wr": 0.5399408284023669,
        "roi": 3.0796126949973193
      },
      "holdout": {
        "n": 2606,
        "wr": 0.5203376822716808,
        "roi": -0.662806111770041
      }
    },
    "batter_total_bases": {
      "reason": "holdout_roi_non_positive",
      "chosen_train": {
        "t": 0.05,
        "n": 822,
        "wr": 0.3844282238442822,
        "roi": -26.609157266091582
      },
      "holdout": {
        "n": 3390,
        "wr": 0.3572271386430678,
        "roi": -31.802091713596138
      }
    },
    "batter_home_runs": {
      "reason": "no_candidates"
    },
    "batter_walks": {
      "reason": "no_candidates"
    }
  }
}