{
  "generated_at_utc": "2026-05-31T17:02:51Z",
  "lookback_days": 180,
  "holdout_days": 21,
  "min_train_bets": 40,
  "min_holdout_bets": 20,
  "threshold_strikeouts": 2.0,
  "threshold_hits": 0.05,
  "threshold_total_bases": 0.5,
  "threshold_home_runs_over": 999.0,
  "threshold_home_runs_under": 999.0,
  "threshold_clf": 0.03,
  "min_ev": 0.02,
  "_diagnostics": {
    "pitcher_strikeouts": {
      "reason": "holdout_too_small",
      "chosen_train": {
        "t": 1.612,
        "n": 85,
        "wr": 0.5058823529411764,
        "roi": -3.4224598930481354
      },
      "holdout_n": 5
    },
    "batter_hits": {
      "reason": "accepted",
      "train": {
        "t": 0.05,
        "n": 7174,
        "wr": 0.5444661276833008,
        "roi": 3.9435334668119797
      },
      "holdout": {
        "n": 3994,
        "wr": 0.5595893840761141,
        "roi": 6.830700596349063
      }
    },
    "batter_total_bases": {
      "reason": "holdout_roi_non_positive",
      "chosen_train": {
        "t": 0.2,
        "n": 3662,
        "wr": 0.3618241398143091,
        "roi": -30.924482399086433
      },
      "holdout": {
        "n": 1720,
        "wr": 0.32848837209302323,
        "roi": -37.28858350951374
      }
    },
    "batter_home_runs": {
      "reason": "holdout_roi_non_positive",
      "chosen_train": {
        "t": 0.05,
        "n": 5486,
        "wr": 0.11410864017499088,
        "roi": -78.21562323931992
      },
      "holdout": {
        "n": 3982,
        "wr": 0.1072325464590658,
        "roi": -79.52833203963289
      }
    }
  },
  "_manual_overrides": {
    "threshold_total_bases": 0.5
  }
}