{
  "generated_at_utc": "2026-05-06T18:38:07Z",
  "lookback_days": 180,
  "holdout_days": 21,
  "min_train_bets": 40,
  "min_holdout_bets": 20,
  "threshold_strikeouts": 2.0,
  "threshold_hits": 0.2,
  "threshold_total_bases": 1.5,
  "threshold_home_runs_over": 0.05,
  "threshold_home_runs_under": 0.05,
  "threshold_walks": 0.05,
  "threshold_clf": 0.03,
  "min_ev": 0.02,
  "_diagnostics": {
    "pitcher_strikeouts": {
      "reason": "holdout_roi_non_positive",
      "chosen_train": {
        "t": 1.0,
        "n": 88,
        "wr": 0.5340909090909091,
        "roi": 1.9628099173553695
      },
      "holdout": {
        "n": 123,
        "wr": 0.4715447154471545,
        "roi": -9.977827050997776
      }
    },
    "batter_hits": {
      "reason": "accepted",
      "train": {
        "t": 0.2,
        "n": 1803,
        "wr": 0.5307820299500832,
        "roi": 1.331114808652245
      },
      "holdout": {
        "n": 3251,
        "wr": 0.5466010458320517,
        "roi": 4.351108749755323
      }
    },
    "batter_total_bases": {
      "reason": "holdout_roi_non_positive",
      "chosen_train": {
        "t": 0.05,
        "n": 1210,
        "wr": 0.3677685950413223,
        "roi": -29.789631855747555
      },
      "holdout": {
        "n": 4051,
        "wr": 0.35694890150580105,
        "roi": -31.855209712528886
      }
    },
    "batter_home_runs": {
      "reason": "holdout_roi_non_positive",
      "chosen_train": {
        "t": 0.05,
        "n": 320,
        "wr": 0.1,
        "roi": -80.9090909090909
      },
      "holdout": {
        "n": 4614,
        "wr": 0.11551798872995232,
        "roi": -77.94656578791819
      }
    },
    "batter_walks": {
      "reason": "no_candidates"
    }
  }
}