{
  "generated_at_utc": "2026-05-04T18:19:36Z",
  "lookback_days": 180,
  "holdout_days": 21,
  "min_train_bets": 40,
  "min_holdout_bets": 20,
  "threshold_strikeouts": 2.0,
  "threshold_hits": 0.2,
  "threshold_total_bases": 1.5,
  "threshold_home_runs_over": 0.05,
  "threshold_home_runs_under": 0.05,
  "threshold_walks": 0.05,
  "threshold_clf": 0.03,
  "min_ev": 0.02,
  "_diagnostics": {
    "pitcher_strikeouts": {
      "reason": "holdout_roi_non_positive",
      "chosen_train": {
        "t": 0.75,
        "n": 100,
        "wr": 0.58,
        "roi": 10.72727272727272
      },
      "holdout": {
        "n": 165,
        "wr": 0.43636363636363634,
        "roi": -16.69421487603307
      }
    },
    "batter_hits": {
      "reason": "accepted",
      "train": {
        "t": 0.2,
        "n": 1654,
        "wr": 0.535671100362757,
        "roi": 2.26448279652634
      },
      "holdout": {
        "n": 3034,
        "wr": 0.542188529993408,
        "roi": 3.5087193623779003
      }
    },
    "batter_total_bases": {
      "reason": "holdout_roi_non_positive",
      "chosen_train": {
        "t": 0.05,
        "n": 980,
        "wr": 0.3693877551020408,
        "roi": -29.480519480519483
      },
      "holdout": {
        "n": 3951,
        "wr": 0.357630979498861,
        "roi": -31.72499482294472
      }
    },
    "batter_home_runs": {
      "reason": "holdout_roi_non_positive",
      "chosen_train": {
        "t": 0.45,
        "n": 57,
        "wr": 0.05263157894736842,
        "roi": -89.95215311004786
      },
      "holdout": {
        "n": 1780,
        "wr": 0.08876404494382023,
        "roi": -83.05413687436157
      }
    },
    "batter_walks": {
      "reason": "no_candidates"
    }
  }
}