{
  "generated_at_utc": "2026-05-07T18:57:04Z",
  "lookback_days": 180,
  "holdout_days": 21,
  "min_train_bets": 40,
  "min_holdout_bets": 20,
  "threshold_strikeouts": 2.0,
  "threshold_hits": 0.2,
  "threshold_total_bases": 1.5,
  "threshold_home_runs_over": 0.05,
  "threshold_home_runs_under": 0.05,
  "threshold_walks": 0.05,
  "threshold_clf": 0.03,
  "min_ev": 0.02,
  "_diagnostics": {
    "pitcher_strikeouts": {
      "reason": "holdout_roi_non_positive",
      "chosen_train": {
        "t": 1.0,
        "n": 98,
        "wr": 0.5204081632653061,
        "roi": -0.6493506493506438
      },
      "holdout": {
        "n": 117,
        "wr": 0.48717948717948717,
        "roi": -6.993006993006993
      }
    },
    "batter_hits": {
      "reason": "accepted",
      "train": {
        "t": 0.2,
        "n": 1909,
        "wr": 0.535882661079099,
        "roi": 2.304871660555263
      },
      "holdout": {
        "n": 3314,
        "wr": 0.5437537718768859,
        "roi": 3.8075382674054934
      }
    },
    "batter_total_bases": {
      "reason": "holdout_roi_non_positive",
      "chosen_train": {
        "t": 0.1,
        "n": 1264,
        "wr": 0.37420886075949367,
        "roi": -28.56012658227848
      },
      "holdout": {
        "n": 3437,
        "wr": 0.35088740180389877,
        "roi": -33.01240511016479
      }
    },
    "batter_home_runs": {
      "reason": "holdout_roi_non_positive",
      "chosen_train": {
        "t": 0.05,
        "n": 488,
        "wr": 0.11885245901639344,
        "roi": -77.30998509687034
      },
      "holdout": {
        "n": 4632,
        "wr": 0.11420552677029361,
        "roi": -78.1971267074894
      }
    },
    "batter_walks": {
      "reason": "no_candidates"
    }
  }
}