{
  "generated_at_utc": "2026-05-11T19:09:37Z",
  "lookback_days": 180,
  "holdout_days": 21,
  "min_train_bets": 40,
  "min_holdout_bets": 20,
  "threshold_strikeouts": 2.0,
  "threshold_hits": 0.05,
  "threshold_total_bases": 1.5,
  "threshold_home_runs_over": 0.05,
  "threshold_home_runs_under": 0.05,
  "threshold_walks": 0.05,
  "threshold_clf": 0.03,
  "min_ev": 0.02,
  "_diagnostics": {
    "pitcher_strikeouts": {
      "reason": "holdout_roi_non_positive",
      "chosen_train": {
        "t": 1.184,
        "n": 107,
        "wr": 0.5233644859813084,
        "roi": -0.08496176720476777
      },
      "holdout": {
        "n": 73,
        "wr": 0.4931506849315068,
        "roi": -5.853051058530513
      }
    },
    "batter_hits": {
      "reason": "accepted",
      "train": {
        "t": 0.05,
        "n": 3257,
        "wr": 0.5222597482345717,
        "roi": -0.29586624612722867
      },
      "holdout": {
        "n": 4377,
        "wr": 0.5608864519076994,
        "roi": 7.07832263692443
      }
    },
    "batter_total_bases": {
      "reason": "holdout_roi_non_positive",
      "chosen_train": {
        "t": 0.1,
        "n": 2052,
        "wr": 0.37037037037037035,
        "roi": -29.292929292929298
      },
      "holdout": {
        "n": 3142,
        "wr": 0.3472310630171865,
        "roi": -33.710433423991674
      }
    },
    "batter_home_runs": {
      "reason": "holdout_roi_non_positive",
      "chosen_train": {
        "t": 0.05,
        "n": 1385,
        "wr": 0.11191335740072202,
        "roi": -78.63472267804397
      },
      "holdout": {
        "n": 4559,
        "wr": 0.1131827155077868,
        "roi": -78.39239067578616
      }
    },
    "batter_walks": {
      "reason": "holdout_roi_non_positive",
      "chosen_train": {
        "t": 0.05,
        "n": 265,
        "wr": 0.2943396226415094,
        "roi": -43.807890222984575
      },
      "holdout": {
        "n": 1044,
        "wr": 0.3055555555555556,
        "roi": -41.666666666666664
      }
    }
  }
}