{
  "generated_at_utc": "2026-05-21T17:24:59Z",
  "lookback_days": 180,
  "holdout_days": 21,
  "min_train_bets": 40,
  "min_holdout_bets": 20,
  "threshold_strikeouts": 0.6,
  "threshold_hits": 0.05,
  "threshold_total_bases": 999.0,
  "threshold_home_runs_over": 999.0,
  "threshold_home_runs_under": 999.0,
  "threshold_clf": 0.03,
  "min_ev": 0.02,
  "_diagnostics": {
    "pitcher_strikeouts": {
      "reason": "accepted",
      "train": {
        "t": 0.6,
        "n": 279,
        "wr": 0.4874551971326165,
        "roi": -6.940371456500493
      },
      "holdout": {
        "n": 166,
        "wr": 0.5481927710843374,
        "roi": 4.654983570646226
      }
    },
    "batter_hits": {
      "reason": "accepted",
      "train": {
        "t": 0.05,
        "n": 5365,
        "wr": 0.5364398881640261,
        "roi": 2.4112513767686234
      },
      "holdout": {
        "n": 3944,
        "wr": 0.5496957403651116,
        "roi": 4.941914069703127
      }
    },
    "batter_total_bases": {
      "reason": "holdout_roi_non_positive",
      "chosen_train": {
        "t": 0.2,
        "n": 2885,
        "wr": 0.3625649913344887,
        "roi": -30.78304710887034
      },
      "holdout": {
        "n": 1586,
        "wr": 0.3505674653215637,
        "roi": -33.07348389315602
      }
    },
    "batter_home_runs": {
      "reason": "holdout_roi_non_positive",
      "chosen_train": {
        "t": 0.05,
        "n": 3668,
        "wr": 0.11859323882224646,
        "roi": -77.35947258848023
      },
      "holdout": {
        "n": 3942,
        "wr": 0.10400811770674784,
        "roi": -80.14390480143906
      }
    }
  }
}