{
  "generated_at_utc": "2026-05-16T17:44:01Z",
  "lookback_days": 180,
  "holdout_days": 21,
  "min_train_bets": 40,
  "min_holdout_bets": 20,
  "threshold_strikeouts": 0.6,
  "threshold_hits": 0.05,
  "threshold_total_bases": 999.0,
  "threshold_home_runs_over": 999.0,
  "threshold_home_runs_under": 999.0,
  "threshold_walks": 0.05,
  "threshold_clf": 0.03,
  "min_ev": 0.02,
  "_diagnostics": {
    "pitcher_strikeouts": {
      "reason": "accepted",
      "train": {
        "t": 0.6,
        "n": 259,
        "wr": 0.49034749034749037,
        "roi": -6.3882063882063855
      },
      "holdout": {
        "n": 157,
        "wr": 0.554140127388535,
        "roi": 5.790387955993046
      }
    },
    "batter_hits": {
      "reason": "accepted",
      "train": {
        "t": 0.05,
        "n": 4213,
        "wr": 0.5290766674578685,
        "roi": 1.005545605593086
      },
      "holdout": {
        "n": 4383,
        "wr": 0.5537303216974675,
        "roi": 5.7121523240619805
      }
    },
    "batter_total_bases": {
      "reason": "holdout_roi_non_positive",
      "chosen_train": {
        "t": 0.05,
        "n": 3240,
        "wr": 0.3626543209876543,
        "roi": -30.76599326599327
      },
      "holdout": {
        "n": 3624,
        "wr": 0.34271523178807944,
        "roi": -34.57254665863937
      }
    },
    "batter_home_runs": {
      "reason": "holdout_roi_non_positive",
      "chosen_train": {
        "t": 0.05,
        "n": 2507,
        "wr": 0.11208615875548464,
        "roi": -78.60173332849838
      },
      "holdout": {
        "n": 4394,
        "wr": 0.10992262175694129,
        "roi": -79.01477221003849
      }
    },
    "batter_walks": {
      "reason": "holdout_too_small",
      "chosen_train": {
        "t": 0.352,
        "n": 65,
        "wr": 0.3230769230769231,
        "roi": -38.32167832167833
      },
      "holdout_n": 4
    }
  }
}