{"learner":{"attributes":{"scikit_learn":"{\"_estimator_type\": \"regressor\"}"},"feature_names":[],"feature_types":[],"gradient_booster":{"model":{"cats":{"enc":[],"feature_segments":[],"sorted_idx":[]},"gbtree_model_param":{"num_parallel_tree":"1","num_trees":"10"},"iteration_indptr":[0,1,2,3,4,5,6,7,8,9,10],"tree_info":[0,0,0,0,0,0,0,0,0,0],"trees":[{"base_weights":[-1.1388857E-2,-1.0273741E-1,4.5870996E-1,3.5595706E-1,-1.7028207E-1,-0E0,7.0095456E-1,6.5217614E-1,-1.1144047E-2,-2.6962048E-1,2.7140212E-1,2.1825826E-2,-1.7513657E-2,8.910991E-1,1.8069718E-3,5.2035875E-3,4.255002E-2,-3.1082064E-2,-8.523336E-3,2.1379737E-2,-1.5220406E-2,1.4729232E-2,5.2851807E-2],"categories":[],"categories_nodes":[],"categories_segments":[],"categories_sizes":[],"default_left":[0,0,0,0,0,0,0,0,0,0,0,0,0,0,0,0,0,0,0,0,0,0,0],"id":0,"left_children":[1,3,5,7,9,11,13,15,-1,17,19,-1,-1,21,-1,-1,-1,-1,-1,-1,-1,-1,-1],"loss_changes":[1.9709248E1,1.223578E1,8.520451E0,9.598108E0,1.5399374E1,5.358591E0,5.5995235E0,2.9201279E0,0E0,8.957972E0,6.511856E0,0E0,0E0,1.478241E0,0E0,0E0,0E0,0E0,0E0,0E0,0E0,0E0,0E0],"parents":[2147483647,0,0,1,1,2,2,3,3,4,4,5,5,6,6,7,7,9,9,10,10,13,13],"right_children":[2,4,6,8,10,12,14,16,-1,18,20,-1,-1,22,-1,-1,-1,-1,-1,-1,-1,-1,-1],"split_conditions":[2.5000206E2,5.913351E0,-1.2382483E-2,7.525587E-4,2.71E1,3.70082E-1,3.5036497E0,3.936166E-1,-1.1144047E-2,2.1100917E-1,2.9223743E-1,2.1825826E-2,-1.7513657E-2,8.5E0,1.8069718E-3,5.2035875E-3,4.255002E-2,-3.1082064E-2,-8.523336E-3,2.1379737E-2,-1.5220406E-2,1.4729232E-2,5.2851807E-2],"split_indices":[147,196,124,208,62,59,135,52,0,95,94,0,0,48,0,0,0,0,0,0,0,0,0],"split_type":[0,0,0,0,0,0,0,0,0,0,0,0,0,0,0,0,0,0,0,0,0,0,0],"sum_hessian":[4.5262222E2,3.8314185E2,6.9480385E1,4.548716E1,3.3765466E2,2.5242874E1,4.423751E1,3.0241463E1,1.5245696E1,2.7817148E2,5.9483208E1,1.02471075E1,1.4995767E1,3.249083E1,1.1746684E1,1.0746966E1,1.9494497E1,5.4234688E1,2.2393678E2,4.8486313E1,1.0996896E1,1.0746966E1,2.1743862E1],"tree_param":{"num_deleted":"0","num_feature":"211","num_nodes":"23","size_leaf_vector":"1"}},{"base_weights":[-1.170162E-2,-1.0520272E-1,4.5115867E-1,-1.8540497E-1,2.715672E-1,-9.645021E-3,5.8217657E-1,-2.6170737E-1,2.1280032E-1,-1.1721174E-2,4.4955668E-1,7.502959E-1,8.414636E-4,-4.106687E-4,-2.1808125E-2,-1.2517509E-2,1.9751234E-2,3.3025514E-2,-5.666552E-3,4.6611443E-2,6.7018843E-3],"categories":[],"categories_nodes":[],"categories_segments":[],"categories_sizes":[],"default_left":[0,0,0,0,0,0,0,0,0,0,0,0,0,0,0,0,0,0,0,0,0],"id":1,"left_children":[1,3,5,7,9,-1,11,13,15,-1,17,19,-1,-1,-1,-1,-1,-1,-1,-1,-1],"loss_changes":[1.9672918E1,1.174865E1,7.185425E0,9.993397E0,6.755031E0,0E0,5.7504425E0,1.1741949E1,5.038983E0,0E0,6.9079638E0,4.3874607E0,0E0,0E0,0E0,0E0,0E0,0E0,0E0,0E0,0E0],"parents":[2147483647,0,0,1,1,2,2,3,3,4,4,6,6,7,7,8,8,10,10,11,11],"right_children":[2,4,6,8,10,-1,12,14,16,-1,18,20,-1,-1,-1,-1,-1,-1,-1,-1,-1],"split_conditions":[2.4951129E2,2.71E1,0E0,7E-1,7.760151E-2,-9.645021E-3,3.6E0,1.8494807E-1,7.4683174E-2,-1.1721174E-2,1.4E0,3.8958154E0,8.414636E-4,-4.106687E-4,-2.1808125E-2,-1.2517509E-2,1.9751234E-2,3.3025514E-2,-5.666552E-3,4.6611443E-2,6.7018843E-3],"split_indices":[147,62,67,74,29,0,98,9,29,0,74,200,0,0,0,0,0,0,0,0,0],"split_type":[0,0,0,0,0,0,0,0,0,0,0,0,0,0,0,0,0,0,0,0,0],"sum_hessian":[4.4808487E2,3.7689346E2,7.119138E1,3.1393365E2,6.295982E1,1.0989788E1,6.02016E1,2.6594412E2,4.798953E1,1.52402315E1,4.7719585E1,4.4460194E1,1.5741405E1,1.1171576E2,1.5422838E2,1.2247506E1,3.5742023E1,3.4726315E1,1.2993273E1,3.1720602E1,1.2739591E1],"tree_param":{"num_deleted":"0","num_feature":"211","num_nodes":"21","size_leaf_vector":"1"}},{"base_weights":[-2.4922779E-2,-1.2330762E-1,4.439118E-1,1.0701185E-1,-2.501737E-1,6.408323E-2,7.820398E-1,2.602022E-3,4.0902473E-2,-3.3175594E-1,3.0550873E-1,2.021744E-2,-1.3085774E-2,7.2849984E-3,4.8611943E-2,-2.3921045E-2,7.5064274E-3,2.5471075E-2,-1.9569337E-2,2.9491562E-2,-2.6810633E-3],"categories":[],"categories_nodes":[],"categories_segments":[],"categories_sizes":[],"default_left":[0,0,0,0,0,0,0,0,0,0,0,0,0,0,0,0,0,0,0,0,0],"id":2,"left_children":[1,3,5,7,9,11,13,15,-1,17,19,-1,-1,-1,-1,-1,-1,-1,-1,-1,-1],"loss_changes":[2.0835848E1,1.1195744E1,9.360567E0,9.652984E0,1.1646203E1,5.360508E0,3.5971107E0,8.990941E0,0E0,1.1832275E1,3.8201587E0,0E0,0E0,0E0,0E0,0E0,0E0,0E0,0E0,0E0,0E0],"parents":[2147483647,0,0,1,1,2,2,3,3,4,4,5,5,6,6,7,7,9,9,10,10],"right_children":[2,4,6,8,10,12,14,16,-1,18,20,-1,-1,-1,-1,-1,-1,-1,-1,-1,-1],"split_conditions":[2.4951129E2,2.2560975E-1,1.4251323E-1,6.396407E0,5.335243E0,2.682927E-1,1.77E1,5.376E0,4.0902473E-2,3.56E1,7.254509E-1,2.021744E-2,-1.3085774E-2,7.2849984E-3,4.8611943E-2,-2.3921045E-2,7.5064274E-3,2.5471075E-2,-1.9569337E-2,2.9491562E-2,-2.6810633E-3],"split_indices":[147,96,51,90,130,168,63,138,0,78,113,0,0,0,0,0,0,0,0,0,0],"split_type":[0,0,0,0,0,0,0,0,0,0,0,0,0,0,0,0,0,0,0,0,0],"sum_hessian":[4.442556E2,3.7112625E2,7.312934E1,1.3069566E2,2.404306E2,3.7938416E1,3.5190926E1,1.1895032E2,1.1745348E1,2.1219235E2,2.8238249E1,1.8718218E1,1.9220196E1,1.0734856E1,2.445607E1,2.449108E1,9.4459236E1,1.0994849E1,2.0119751E2,1.4744983E1,1.3493266E1],"tree_param":{"num_deleted":"0","num_feature":"211","num_nodes":"21","size_leaf_vector":"1"}},{"base_weights":[-7.5561614E-3,-1.1632271E-1,3.902534E-1,4.6360987E-1,-1.7633347E-1,-1.5352042E-2,5.3874093E-1,3.8412973E-2,-7.4929832E-3,-3.6304906E-1,-1.1109715E-2,2.8523494E-2,8.054909E-1,-8.387989E-3,-3.8666397E-2,-2.4222815E-2,6.051314E-3,-1.943223E-2,2.0439837E-2,2.8266509E-3,4.8323903E-2],"categories":[],"categories_nodes":[],"categories_segments":[],"categories_sizes":[],"default_left":[0,0,0,0,0,0,0,0,0,0,0,0,0,0,0,0,0,0,0,0,0],"id":3,"left_children":[1,3,5,7,9,-1,11,-1,-1,13,15,17,19,-1,-1,-1,-1,-1,-1,-1,-1],"loss_changes":[2.0021885E1,1.3023198E1,1.1200419E1,7.421127E0,1.0177283E1,0E0,1.0911722E1,0E0,0E0,1.1416128E1,1.2056177E1,6.3082857E0,5.7729683E0,0E0,0E0,0E0,0E0,0E0,0E0,0E0,0E0],"parents":[2147483647,0,0,1,1,2,2,3,3,4,4,6,6,9,9,10,10,11,11,12,12],"right_children":[2,4,6,8,10,-1,12,-1,-1,14,16,18,20,-1,-1,-1,-1,-1,-1,-1,-1],"split_conditions":[2.78E1,6.4839096E0,0E0,2.5749109E0,2.33E1,-1.5352042E-2,2.3295799E-1,3.8412973E-2,-7.4929832E-3,2.589928E-1,2.883458E0,8.518415E1,5E-1,-8.387989E-3,-3.8666397E-2,-2.4222815E-2,6.051314E-3,-1.943223E-2,2.0439837E-2,2.8266509E-3,4.8323903E-2],"split_indices":[84,91,67,130,84,0,30,0,0,95,40,149,49,0,0,0,0,0,0,0,0],"split_type":[0,0,0,0,0,0,0,0,0,0,0,0,0,0,0,0,0,0,0,0,0],"sum_hessian":[4.5565695E2,3.6158856E2,9.406839E1,2.997329E1,3.3161526E2,1.4986391E1,7.9082E1,1.9729195E1,1.0244096E1,1.5145108E2,1.8016418E2,2.9694283E1,4.9387714E1,1.08208084E2,4.324299E1,3.723406E1,1.4293013E2,1.348072E1,1.6213562E1,1.0482379E1,3.890534E1],"tree_param":{"num_deleted":"0","num_feature":"211","num_nodes":"21","size_leaf_vector":"1"}},{"base_weights":[1.6341185E-2,-9.088342E-2,4.447782E-1,-1.498055E-1,4.6460554E-1,-3.0965963E-2,6.2402797E-1,-2.0409589E-1,2.9063636E-2,-4.052626E-3,7.1969557E-1,1.8811716E-2,-1.9062823E-2,8.1859624E-1,1.9895896E-1,-1.4442794E-2,7.825759E-3,9.213492E-3,4.933437E-2,5.0635066E-2,3.9190906E-3,2.6052436E-2,-8.102381E-3],"categories":[],"categories_nodes":[],"categories_segments":[],"categories_sizes":[],"default_left":[0,0,0,0,0,0,0,0,0,0,0,0,0,0,0,0,0,0,0,0,0,0,0],"id":4,"left_children":[1,3,5,7,9,11,13,15,-1,-1,17,-1,-1,19,21,-1,-1,-1,-1,-1,-1,-1,-1],"loss_changes":[2.1327848E1,1.2233823E1,8.329283E0,1.3790554E1,5.5789943E0,4.9230514E0,4.349991E0,1.0020636E1,0E0,0E0,2.1439323E0,0E0,0E0,5.471884E0,3.9680285E0,0E0,0E0,0E0,0E0,0E0,0E0,0E0,0E0],"parents":[2147483647,0,0,1,1,2,2,3,3,4,4,5,5,6,6,7,7,10,10,13,13,14,14],"right_children":[2,4,6,8,10,12,14,16,-1,-1,18,-1,-1,20,22,-1,-1,-1,-1,-1,-1,-1,-1],