{"learner":{"attributes":{"scikit_learn":"{\"_estimator_type\": \"regressor\"}"},"feature_names":[],"feature_types":[],"gradient_booster":{"model":{"cats":{"enc":[],"feature_segments":[],"sorted_idx":[]},"gbtree_model_param":{"num_parallel_tree":"1","num_trees":"4"},"iteration_indptr":[0,1,2,3,4],"tree_info":[0,0,0,0],"trees":[{"base_weights":[-1.1511586E-2,2.641608E-1,-1.7767347E-1,3.849363E-2,1.5517464E-1,-5.4608867E-2,-6.0987234E-1,-2.3012744E-2,2.4714033E-1,3.4487253E-1,-1.4606957E-1,-7.9780996E-1,3.2605887E-3,1.8884225E-2,-1.2751746E-2,3.344204E-2,-1.2442052E-2,-2.48731E-2,5.2995E-4,-8.637952E-3,-5.2553337E-2],"categories":[],"categories_nodes":[],"categories_segments":[],"categories_sizes":[],"default_left":[0,0,0,0,0,0,0,0,0,0,0,0,0,0,0,0,0,0,0,0,0],"id":0,"left_children":[1,3,5,-1,7,9,11,-1,13,15,17,19,-1,-1,-1,-1,-1,-1,-1,-1,-1],"loss_changes":[2.0054657E1,7.976777E0,1.4110929E1,0E0,8.497089E0,8.197622E0,8.173574E0,0E0,8.899197E0,9.022594E0,1.0383008E1,5.99757E0,0E0,0E0,0E0,0E0,0E0,0E0,0E0,0E0,0E0],"parents":[2147483647,0,0,1,1,2,2,4,4,5,5,6,6,8,8,9,9,10,10,11,11],"right_children":[2,4,6,-1,8,10,12,-1,14,16,18,20,-1,-1,-1,-1,-1,-1,-1,-1,-1],"split_conditions":[8.28E1,8.832084E0,2.7546296E-1,3.849363E-2,3.220356E-1,5.8885555E0,1.7607683E-1,-2.3012744E-2,4.249372E-1,6.969335E-4,2.06E1,3.0414507E-1,3.2605887E-3,1.8884225E-2,-1.2751746E-2,3.344204E-2,-1.2442052E-2,-2.48731E-2,5.2995E-4,-8.637952E-3,-5.2553337E-2],"split_indices":[81,90,93,0,33,152,32,0,58,164,83,59,0,0,0,0,0,0,0,0,0],"split_type":[0,0,0,0,0,0,0,0,0,0,0,0,0,0,0,0,0,0,0,0,0],"sum_hessian":[4.2863583E2,1.5895767E2,2.696782E2,2.1994143E1,1.3696352E2,2.1519269E2,5.448549E1,1.449614E1,1.22467384E2,3.649028E1,1.7870241E2,4.2488686E1,1.1996805E1,9.897364E1,2.3493744E1,2.3743677E1,1.2746605E1,5.2735954E1,1.2596645E2,1.5245939E1,2.7242744E1],"tree_param":{"num_deleted":"0","num_feature":"167","num_nodes":"21","size_leaf_vector":"1"}},{"base_weights":[-1.8510897E-2,-1.4369112E-1,3.726046E-1,-2.259077E-1,3.688622E-1,-6.394129E-2,5.4057777E-1,-2.6876923E-1,2.1348624E-2,6.819782E-1,-7.6838084E-3,1.8715782E-2,-3.1206036E-2,8.3106613E-1,2.0986266E-1,-8.902225E-3,-2.7216915E-2,9.52919E-3,4.4101615E-2,5.1459398E-2,1.2981414E-2,-1.1517064E-2,2.7730672E-2],"categories":[],"categories_nodes":[],"categories_segments":[],"categories_sizes":[],"default_left":[0,0,0,0,0,0,0,0,0,0,0,0,0,0,0,0,0,0,0,0,0,0,0],"id":1,"left_children":[1,3,5,7,9,11,13,15,-1,17,-1,-1,-1,19,21,-1,-1,-1,-1,-1,-1,-1,-1],"loss_changes":[2.1210073E1,1.4267618E1,8.088608E0,8.57223E0,8.433595E0,9.3298435E0,6.001333E0,6.020956E0,0E0,1.6448126E0,0E0,0E0,0E0,2.3760376E0,7.400064E0,0E0,0E0,0E0,0E0,0E0,0E0,0E0,0E0],"parents":[2147483647,0,0,1,1,2,2,3,3,4,4,5,5,6,6,7,7,9,9,13,13,14,14],"right_children":[2,4,6,8,10,12,14,16,-1,18,-1,-1,-1,20,22,-1,-1,-1,-1,-1,-1,-1,-1],"split_conditions":[2.38E1,2.4736028E2,5E0,4.757143E-2,9.601477E0,3.589417E-1,1.2001264E0,2.7546296E-1,2.1348624E-2,3.3E0,-7.6838084E-3,1.8715782E-2,-3.1206036E-2,9.5857926E-2,-1.0038781E-2,-8.902225E-3,-2.7216915E-2,9.52919E-3,4.4101615E-2,5.1459398E-2,1.2981414E-2,-1.1517064E-2,2.7730672E-2],"split_indices":[60,132,14,111,148,151,12,93,0,25,0,0,0,29,111,0,0,0,0,0,0,0,0],"split_type":[0,0,0,0,0,0,0,0,0,0,0,0,0,0,0,0,0,0,0,0,0,0,0],"sum_hessian":[4.2508295E2,3.2538263E2,9.9700325E1,2.836545E2,4.17281E1,2.7736326E1,7.1964005E1,2.6965894E2,1.3995586E1,2.5737116E1,1.5990984E1,1.5991645E1,1.1744682E1,3.3479897E1,3.8484104E1,2.1042596E2,5.923297E1,1.0994316E1,1.47428E1,2.123673E1,1.2243165E1,1.6993938E1,2.1490168E1],"tree_param":{"num_deleted":"0","num_feature":"167","num_nodes":"23","size_leaf_vector":"1"}},{"base_weights":[-2.7522586E-2,-1.9687949E-1,2.0950244E-1,-2.6655388E-1,2.3491988E-2,-2.401118E-2,4.3905747E-1,-9.998345E-2,-5.040729E-1,3.5870567E-1,-2.627783E-1,-5.6929234E-2,5.933191E-1,-2.8201928E-2,6.69136E-4,-2.9986346E-2,6.8532475E-3,-2.2094818E-3,3.0480212E-2,1.13574E-2,-2.6097804E-2,8.596256E-3,-1.4998376E-2,-5.961281E-3,3.821745E-2],"categories":[],"categories_nodes":[],"categories_segments":[],"categories_sizes":[],"default_left":[0,0,0,0,0,0,0,0,0,0,0,0,0,0,0,0,0,0,0,0,0,0,0,0,0],"id":2,"left_children":[1,3,5,7,-1,9,11,13,15,17,19,21,23,-1,-1,-1,-1,-1,-1,-1,-1,-1,-1,-1,-1],"loss_changes":[1.7291239E1,1.2237418E1,9.835562E0,8.630901E0,0E0,8.849735E0,7.4315987E0,7.8851094E0,6.3594494E0,4.130949E0,8.419321E0,1.7391301E0,9.423033E0,0E0,0E0,0E0,0E0,0E0,0E0,0E0,0E0,0E0,0E0,0E0,0E0],"parents":[2147483647,0,0,1,1,2,2,3,3,5,5,6,6,7,7,8,8,9,9,10,10,11,11,12,12],"right_children":[2,4,6,8,-1,10,12,14,16,18,20,22,24,-1,-1,-1,-1,-1,-1,-1,-1,-1,-1,-1,-1],"split_conditions":[2.94E1,5.277837E0,2.64E1,6.969335E-4,2.3491988E-2,7.2E0,8E-1,1.1388305E-1,3.0708635E-1,1.3560607E-1,1.83E1,2.5445912E2,9.38E-1,-2.8201928E-2,6.69136E-4,-2.9986346E-2,6.8532475E-3,-2.2094818E-3,3.0480212E-2,1.13574E-2,-2.6097804E-2,8.596256E-3,-1.4998376E-2,-5.961281E-3,3.821745E-2],"split_indices":[80,91,83,164,0,23,31,32,28,50,74,132,38,0,0,0,0,0,0,0,0,0,0,0,0],"split_type":[0,0,0,0,0,0,0,0,0,0,0,0,0,0,0,0,0,0,0,0,0,0,0,0,0],"sum_hessian":[4.2077325E2,2.4714317E2,1.7363008E2,2.271556E2,1.9987577E1,8.721251E1,8.641757E1,1.3893282E2,8.822278E1,3.17366E1,5.5475906E1,2.0480757E1,6.593681E1,2.424039E1,1.1469242E2,7.77289E1,1.049388E1,1.2995247E1,1.8741354E1,1.874008E1,3.673583E1,1.0242105E1,1.0238652E1,1.2490387E1,5.3446426E1],"tree_param":{"num_deleted":"0","num_feature":"167","num_nodes":"25","size_leaf_vector":"1"}},{"base_weights":[-9.246488E-3,-1.8860765E-1,1.9368806E-1,1.2685402E-1,-3.2640913E-1,5.137393E-1,1.3492278E-2,2.9603932E-2,-8.999039E-2,-3.9898288E-1,7.517155E-3,8.27844E-1,-1.8011896E-2,-1.7003712E-1,3.4392977E-1,-1.9245625E-2,1.8230151E-2,-4.908195E-3,-2.9469622E-2,9.977323E-3,6.0212623E-2,2.0731049E-2,-1.8306535E-2,-2.6460651E-2,4.041436E-3,-7.622094E-4,3.271481E-2],"categories":[],"categories_nodes":[],"categories_segments":[],"categories_sizes":[],"default_left":[0,0,0,0,0,0,0,0,0,0,0,0,0,0,0,0,0,0,0,0,0,0,0,0,0,0,0],"id":3,"left_children":[1,3,5,7,9,11,13,-1,15,17,-1,19,21,23,25,-1,-1,-1,-1,-1,-1,-1,-1,-1,-1,-1,-1],"loss_changes":[1.6092886E1,1.0562097E1,1.159774E1,8.004795E0,6.1917114E0,1.2700247E1,8.754635E0,0E0,7.9825377E0,7.7839184E0,0E0,9.139648E0,5.474808E0,8.652212E0,6.159608E0,0E0,0E0,0E0,0E0,0E0,0E0,0E0,0E0,0E0,0E0,0E0,0E0],"parents":[2147483647,0,0,1,1,2,2,3,3,4,4,5,5,6,6,8,8,9,9,11,11,12,12,13,13,14,14],"right_children":[2,4,6,8,10,12,14,-1,16,18,-1,20,22,24,26,-1,-1,-1,-1,-1,-1,-1,-1,-1,-1,-1,-1],"split_conditions":[2.096E2,2.1052632E-1,2.3222345E-1,7.5E0,7E0,1.275E0,1.5592593E-1,2.9603932E-2,2.5731137E-1,3.23E1,7.517155E-3,3.8279673E-1,2.4055555E-1,7.2E0,3.7593484E0,-1.9245625E-2,1.8230151E-2,-4.908195E-3,-2.9469622E-2,9.977323E-3,6.0212623E-2,2.0731049E-2,-1.8306535E-2,-2.6460651E-2,4.041436E-3,-7.622094E-4,3.271481E-2],"split_indices":[132,95,27,90,19,8,50,0,27,70,0,33,49,42,6,0,0,0,0,0,0,0,0,0,0,0,0],"split_type":[0,0,0,0,0,0,0,0,0,0,0,0,0,0,0,0,0,0,0,0,0,0,0,0,0,0,0],"sum_hessian":[4.3218115E2,2.3091057E2,2.0127057E2,6.9219284E1,1.6169128E2,6.816711E1,1.3310347E2,1.9988657E1,4.923063E1,1.4194763E2,1.9743647E1,4.1694427E1,2.647268E1,8.616193E1,4.6941544E1,3.099112E1,1.823951E1,5.8976727E1,8.297091E1,1.8984568E1,2.2709858E1,1.073725E1,1.5735429E1,3.397038E1,5.2191547E1,2.3216953E1,2.3724588E1],"tree_param":{"num_deleted":"0","num_feature":"167","num_nodes":"27","size_leaf_vector":"1"}}]},"name":"gbtree"},"learner_model_param":{"base_score":"[5.081585E-1]","boost_from_average":"1","num_class":"0","num_feature":"167","num_target":"1"},"objective":{"name":"binary:logistic","reg_loss_param":{"scale_pos_weight":"1"}}},"version":[3,1,3]}