{"learner":{"attributes":{"scikit_learn":"{\"_estimator_type\": \"regressor\"}"},"feature_names":[],"feature_types":[],"gradient_booster":{"model":{"cats":{"enc":[],"feature_segments":[],"sorted_idx":[]},"gbtree_model_param":{"num_parallel_tree":"1","num_trees":"12"},"iteration_indptr":[0,1,2,3,4,5,6,7,8,9,10,11,12],"tree_info":[0,0,0,0,0,0,0,0,0,0,0,0],"trees":[{"base_weights":[-5.036965E-3,-8.425811E-2,3.848389E-1,-1.785031E-1,1.8351528E-1,-1.1326648E-2,5.3676474E-1,-1.037869E-3,-4.7160068E-1,-1.3515668E-1,4.0482843E-1,7.9618466E-1,1.0216184E-3,-5.462069E-3,2.6623268E-2,-1.230707E-3,-3.8990784E-2,9.140998E-3,-2.8207539E-2,-4.2053936E-3,2.9630726E-2,7.538387E-3,5.321892E-2],"categories":[],"categories_nodes":[],"categories_segments":[],"categories_sizes":[],"default_left":[0,0,0,0,0,0,0,0,0,0,0,0,0,0,0,0,0,0,0,0,0,0,0],"id":0,"left_children":[1,3,5,7,9,-1,11,13,15,17,19,21,-1,-1,-1,-1,-1,-1,-1,-1,-1,-1,-1],"loss_changes":[1.16560135E1,8.199043E0,6.661172E0,1.2218735E1,6.3326197E0,0E0,6.609536E0,9.041326E0,1.1797598E1,5.7876296E0,5.25492E0,4.5618935E0,0E0,0E0,0E0,0E0,0E0,0E0,0E0,0E0,0E0,0E0,0E0],"parents":[2147483647,0,0,1,1,2,2,3,3,4,4,6,6,7,7,8,8,9,9,10,10,11,11],"right_children":[2,4,6,8,10,-1,12,14,16,18,20,22,-1,-1,-1,-1,-1,-1,-1,-1,-1,-1,-1],"split_conditions":[2.4882864E2,2.31E1,1.1600203E-1,4.4649175E-1,5.82E-1,-1.1326648E-2,3.9879405E0,2.1164781E2,8.513379E0,9.762446E0,3.7421012E-1,6.6288196E-2,1.0216184E-3,-5.462069E-3,2.6623268E-2,-1.230707E-3,-3.8990784E-2,9.140998E-3,-2.8207539E-2,-4.2053936E-3,2.9630726E-2,7.538387E-3,5.321892E-2],"split_indices":[103,59,31,106,78,0,26,103,37,23,88,7,0,0,0,0,0,0,0,0,0,0,0],"split_type":[0,0,0,0,0,0,0,0,0,0,0,0,0,0,0,0,0,0,0,0,0,0,0],"sum_hessian":[3.7199988E2,3.134999E2,5.849998E1,2.3449992E2,7.899998E1,1.0499997E1,4.7999985E1,1.5024995E2,8.424998E1,3.224999E1,4.6749985E1,2.949999E1,1.8499994E1,1.2899995E2,2.1249994E1,3.724999E1,4.6999985E1,1.9499994E1,1.2749996E1,1.2999996E1,3.374999E1,1.1499996E1,1.7999994E1],"tree_param":{"num_deleted":"0","num_feature":"116","num_nodes":"23","size_leaf_vector":"1"}},{"base_weights":[4.3164496E-4,8.718013E-2,-4.4716197E-1,-4.7051143E-2,3.2615232E-1,2.042756E-3,-6.979067E-1,-2.0978169E-1,2.4332666E-1,1.0786062E-2,6.49783E-1,-4.6433296E-2,-0E0,7.7444003E-3,-2.227013E-2,-1.4832548E-2,1.8647524E-2,1.3303566E-2,-1.5841028E-2,-2.7808425E-4,4.252639E-2],"categories":[],"categories_nodes":[],"categories_segments":[],"categories_sizes":[],"default_left":[0,0,0,0,0,0,0,0,0,0,0,0,0,0,0,0,0,0,0,0,0],"id":1,"left_children":[1,3,5,7,9,-1,11,13,15,17,19,-1,-1,-1,-1,-1,-1,-1,-1,-1,-1],"loss_changes":[1.4631836E1,1.0495735E1,7.934988E0,1.0077865E1,1.1599394E1,0E0,6.2114773E0,1.228171E1,5.9104886E0,5.8523207E0,7.943556E0,0E0,0E0,0E0,0E0,0E0,0E0,0E0,0E0,0E0,0E0],"parents":[2147483647,0,0,1,1,2,2,3,3,4,4,6,6,7,7,8,8,9,9,10,10],"right_children":[2,4,6,8,10,-1,12,14,16,18,20,-1,-1,-1,-1,-1,-1,-1,-1,-1,-1],"split_conditions":[6.39E1,2.97E1,1.86911E-1,5.171381E0,4.4874266E-1,2.042756E-3,5.2991927E-1,3.46E-1,1.39E1,3.7833333E0,2.2E0,-4.6433296E-2,-0E0,7.7444003E-3,-2.227013E-2,-1.4832548E-2,1.8647524E-2,1.3303566E-2,-1.5841028E-2,-2.7808425E-4,4.252639E-2],"split_indices":[81,79,113,26,50,0,42,71,59,26,22,0,0,0,0,0,0,0,0,0,0],"split_type":[0,0,0,0,0,0,0,0,0,0,0,0,0,0,0,0,0,0,0,0,0],"sum_hessian":[3.7145215E2,3.1545648E2,5.599567E1,2.0322678E2,1.1222971E2,1.974935E1,3.624632E1,1.3223222E2,7.0994545E1,6.023982E1,5.1989895E1,2.549728E1,1.074904E1,5.1742172E1,8.049005E1,1.1749449E1,5.92451E1,3.5242626E1,2.4997192E1,1.274705E1,3.9242844E1],"tree_param":{"num_deleted":"0","num_feature":"116","num_nodes":"21","size_leaf_vector":"1"}},{"base_weights":[-5.698893E-2,-1.4045687E-1,3.546825E-1,-2.1506244E-1,2.2459693E-1,7.802446E-1,-0E0,7.466225E-2,-3.864394E-1,4.4469106E-1,-8.126139E-3,1.5763089E-2,4.892037E-2,-1.7812949E-2,2.3587937E-2,-1.9200943E-2,1.2174743E-2,-4.940669E-2,-1.3741433E-2,3.6576163E-2,-0E0],"categories":[],"categories_nodes":[],"categories_segments":[],"categories_sizes":[],"default_left":[0,0,0,0,0,0,0,0,0,0,0,0,0,0,0,0,0,0,0,0,0],"id":2,"left_children":[1,3,5,7,9,11,13,15,17,19,-1,-1,-1,-1,-1,-1,-1,-1,-1,-1,-1],"loss_changes":[1.2843082E1,8.731737E0,9.148687E0,1.3342623E1,5.1235948E0,3.8979912E-1,7.5649633E0,8.198207E0,9.221779E0,4.504274E0,0E0,0E0,0E0,0E0,0E0,0E0,0E0,0E0,0E0,0E0,0E0],"parents":[2147483647,0,0,1,1,2,2,3,3,4,4,5,5,6,6,7,7,8,8,9,9],"right_children":[2,4,6,8,10,12,14,16,18,20,-1,-1,-1,-1,-1,-1,-1,-1,-1,-1,-1],"split_conditions":[2.4882864E2,2.49E1,5.616192E-1,5.8869102E1,1E0,4.68E1,1.4333333E-1,5.3768E0,2.64E1,3.2598238E0,-8.126139E-3,1.5763089E-2,4.892037E-2,-1.7812949E-2,2.3587937E-2,-1.9200943E-2,1.2174743E-2,-4.940669E-2,-1.3741433E-2,3.6576163E-2,-0E0],"split_indices":[103,59,106,105,72,70,49,95,63,38,0,0,0,0,0,0,0,0,0,0,0],"split_type":[0,0,0,0,0,0,0,0,0,0,0,0,0,0,0,0,0,0,0,0,0],"sum_hessian":[3.6463336E2,3.06914E2,5.7719353E1,2.5767694E2,4.9237064E1,2.29883E1,3.4731052E1,9.5734795E1,1.6194215E2,3.1739693E1,1.749737E1,1.1494534E1,1.1493767E1,1.9992857E1,1.4738196E1,2.3246063E1,7.248873E1,1.8494019E1,1.4344814E2,1.6993973E1,1.474572E1],"tree_param":{"num_deleted":"0","num_feature":"116","num_nodes":"21","size_leaf_vector":"1"}},{"base_weights":[1.689615E-2,-5.806409E-2,4.662228E-1,4.4590947E-1,-1.255399E-1,-3.1426742E-3,7.1444684E-1,2.0326579E-3,3.9318513E-2,3.9979464E-1,-1.873672E-1,5.086149E-2,9.921941E-3,3.558093E-2,1.943391E-3,-1.4512506E-2,3.5245065E-3],"categories":[],"categories_nodes":[],"categories_segments":[],"categories_sizes":[],"default_left":[0,0,0,0,0,0,0,0,0,0,0,0,0,0,0,0,0],"id":3,"left_children":[1,3,5,7,9,-1,11,-1,-1,13,15,-1,-1,-1,-1,-1,-1],"loss_changes":[1.3106518E1,1.1285565E1,7.865714E0,4.8068566E0,9.8289795E0,0E0,4.4702415E0,0E0,0E0,3.05856E0,7.3117876E0,0E0,0E0,0E0,0E0,0E0,0E0],"parents":[2147483647,0,0,1,1,2,2,3,3,4,4,6,6,9,9,10,10],"right_children":[2,4,6,8,10,-1,12,-1,-1,14,16,-1,-1,-1,-1,-1,-1],"split_conditions":[2.94E1,1.9813354E-1,2.3304309E-1,5.2525E0,2.86E-1,-3.1426742E-3,9.0814476E1,2.0326579E-3,3.9318513E-2,6E0,4.2796284E1,5.086149E-2,9.921941E-3,3.558093E-2,1.943391E-3,-1.4512506E-2,3.5245065E-3],"split_indices":[82,115,29,1,71,0,105,0,0,16,52,0,0,0,0,0,0],"split_type":[0,0,0,0,0,0,0,0,0,0,0,0,0,0,0,0,0],"sum_hessian":[3.7405185E2,3.2334927E2,5.070259E1,3.3994415E1,2.8935486E2,1.6740576E1,3.3962013E1,1.8746164E1,1.524825E1,2.6739119E1,2.6261572E2,1.7731707E1,1.6230307E1,1.099576E1,1.5743359E1,1.8865492E2,7.396081E1],"tree_param":{"num_deleted":"0","num_feature":"116","num_nodes":"17","size_leaf_vector":"1"}},{"base_weights":[5.21199E-3,5.0311774E-1,-7.5080745E-2,6.5379375E-1,-2.2424401E-3,-1.8144E-1,2.7387667E-1,8.3069456E-1,6.5083564E-3,-2.7581176E-1,1.5041888E-1,-8.377275E-2,4.6345967E-1,1.4986067E-2,5.003204E-2,-1.7908696E-2,6.9949697E-3,2.0554544E-2,-1.1640209E-2,-2.150391E-2,1.3401128E-2,3.565028E-2,-4.4645537E-3],"categories":[],"categories_nodes":[],"categories_segments":[],"categories_sizes":[],"default_left":[0,0,0,0,0,0,0,0,0,0,0,0,0,0,0,0,0,0,0,0,0,0,0],"id":4,"left_children":[1,3,5,7,-1,9,11,13,-1,15,17,19,21,-1,-1,-1,-1,-1,-1,-1,-1,-1,-1],"loss_changes":[1.5353462E1,4.863861E0,1.2283945E1,2.95792E0,0E0,8.212021E0,5.600445E0,5.993748E-1,0E0,7.2204103E0,6.3825083E0,4.309071E0,7.7974186E0,0E0,0E0,0E0,0E0,0E0,0E0,0E0,0E0,0E0,0E0],"parents":[2147483647,0,0,1,1,2,2,3,3,5,5,6,6,7,7,9,9,10,10,11,11,12,12],"right_children":[2,4,6,8,-1,10,12,14,-1,16,18,20,22,-1,-1,-1,-1,-1,-1,-1,-1,-1,-1],"split_conditions":[3.664021E-1,4.1666665E0,4.3036258E-1,2.2252054E0,-2.2424401E-3,2.749857E-1,4.5801526E-1,-6.156615E-1,6.5083564E-3,1.17E1,9.1341436E-2,1.967916E2,8.758503E0,1.4986067E-2,5.003204E-2,-1.7908696E-2,6.9949697E-3,2.0554544E-2,-1.1640209E-2,-2.150391E-2,1.3401128E-2,3.565028E-2,-4.4645537E-3],"split_indices":[57,6,32,102,0,27,84,41,0,40,28,103,37,0,0,0,0,0,0,0,0,0,0],"split_type":[0,0,0,0,0,0,0,0,0,0,0,0,0,0,0,0,0,0,0,0,0,0,0],