{"learner":{"attributes":{"scikit_learn":"{\"_estimator_type\": \"regressor\"}"},"feature_names":[],"feature_types":[],"gradient_booster":{"model":{"cats":{"enc":[],"feature_segments":[],"sorted_idx":[]},"gbtree_model_param":{"num_parallel_tree":"1","num_trees":"6"},"iteration_indptr":[0,1,2,3,4,5,6],"tree_info":[0,0,0,0,0,0],"trees":[{"base_weights":[-2.4974232E-3,-1.9039604E-1,2.3644538E-1,3.074272E-1,-2.7539173E-1,4.1270313E-1,-4.5951378E-2,-8.252501E-3,2.9924495E-2,-3.940382E-1,6.387999E-2,6.1663747E-1,-8.493196E-2,-2.8680143E-1,2.522095E-2,-1.0507661E-2,-4.221323E-2,-3.0458355E-2,1.4023437E-2,-0E0,3.711749E-2,1.3485056E-2,-2.6718004E-2,1.6371379E-2,-2.4618877E-2],"categories":[],"categories_nodes":[],"categories_segments":[],"categories_sizes":[],"default_left":[0,0,0,0,0,0,0,0,0,0,0,0,0,0,0,0,0,0,0,0,0,0,0,0,0],"id":0,"left_children":[1,3,5,7,9,11,13,-1,-1,15,17,19,21,23,-1,-1,-1,-1,-1,-1,-1,-1,-1,-1,-1],"loss_changes":[1.9956606E1,1.0996004E1,9.971731E0,5.936367E0,9.035919E0,1.2858036E1,1.0987022E1,0E0,0E0,1.205962E1,9.363431E0,7.0956383E0,7.0687766E0,8.243786E0,0E0,0E0,0E0,0E0,0E0,0E0,0E0,0E0,0E0,0E0,0E0],"parents":[2147483647,0,0,1,1,2,2,3,3,4,4,5,5,6,6,9,9,10,10,11,11,12,12,13,13],"right_children":[2,4,6,8,10,12,14,-1,-1,16,18,20,22,24,-1,-1,-1,-1,-1,-1,-1,-1,-1,-1,-1],"split_conditions":[1.74E1,5.911418E0,6.656426E-3,-2.063235E-1,2.55E1,1.0694238E1,4.2755463E1,-8.252501E-3,2.9924495E-2,7.150424E1,-5.7005966E-1,1.15987375E-1,3.4E-1,2.857143E-1,2.522095E-2,-1.0507661E-2,-4.221323E-2,-3.0458355E-2,1.4023437E-2,-0E0,3.711749E-2,1.3485056E-2,-2.6718004E-2,1.6371379E-2,-2.4618877E-2],"split_indices":[63,197,209,88,84,187,54,0,0,149,88,32,73,36,0,0,0,0,0,0,0,0,0,0,0],"split_type":[0,0,0,0,0,0,0,0,0,0,0,0,0,0,0,0,0,0,0,0,0,0,0,0,0],"sum_hessian":[4.3499667E2,2.4524812E2,1.8974855E2,3.299975E1,2.1224838E2,1.16499115E2,7.324944E1,1.2749903E1,2.0249846E1,1.577488E2,5.4499584E1,8.2499374E1,3.399974E1,5.3249596E1,1.9999847E1,1.179991E2,3.9749695E1,1.049992E1,4.3999664E1,1.4249891E1,6.824948E1,1.9499851E1,1.4499889E1,1.1999908E1,4.1249687E1],"tree_param":{"num_deleted":"0","num_feature":"212","num_nodes":"25","size_leaf_vector":"1"}},{"base_weights":[9.517898E-3,-1.13376565E-1,4.652391E-1,-1.8526068E-1,3.3744827E-1,6.8604887E-1,9.210664E-2,2.7412164E-1,-2.6014224E-1,-9.639098E-3,5.837868E-1,4.692094E-2,2.5679663E-1,-2.0990433E-1,2.8834302E-2,2.5571436E-2,-1.4746134E-2,-2.111747E-2,-2.0899128E-3,4.4995572E-2,3.8048457E-3,3.253775E-2,-6.847162E-3,-2.7888251E-2,8.797856E-3],"categories":[],"categories_nodes":[],"categories_segments":[],"categories_sizes":[],"default_left":[0,0,0,0,0,0,0,0,0,0,0,0,0,0,0,0,0,0,0,0,0,0,0,0,0],"id":1,"left_children":[1,3,5,7,9,11,13,15,17,-1,19,-1,21,23,-1,-1,-1,-1,-1,-1,-1,-1,-1,-1,-1],"loss_changes":[2.486828E1,1.1471892E1,7.079811E0,1.0779469E1,7.0923066E0,4.452671E0,6.897845E0,6.8034096E0,9.037048E0,0E0,4.7862244E0,0E0,5.200283E0,4.540171E0,0E0,0E0,0E0,0E0,0E0,0E0,0E0,0E0,0E0,0E0,0E0],"parents":[2147483647,0,0,1,1,2,2,3,3,4,4,5,5,6,6,7,7,8,8,10,10,12,12,13,13],"right_children":[2,4,6,8,10,12,14,16,18,-1,20,-1,22,24,-1,-1,-1,-1,-1,-1,-1,-1,-1,-1,-1],"split_conditions":[2.47E1,2.4958276E2,4.63E1,5.911418E0,6.602898E-2,9.3034525E0,4.6249324E-1,2.2797927E-1,1.69E1,-9.639098E-3,3.928926E0,4.692094E-2,7.73E1,1.2E0,2.8834302E-2,2.5571436E-2,-1.4746134E-2,-2.111747E-2,-2.0899128E-3,4.4995572E-2,3.8048457E-3,3.253775E-2,-6.847162E-3,-2.7888251E-2,8.797856E-3],"split_indices":[61,147,78,197,7,24,52,96,63,0,26,0,82,135,0,0,0,0,0,0,0,0,0,0,0],"split_type":[0,0,0,0,0,0,0,0,0,0,0,0,0,0,0,0,0,0,0,0,0,0,0,0,0],"sum_hessian":[4.3118152E2,3.4169534E2,8.948617E1,2.9820145E2,4.3493893E1,5.2741848E1,3.6744316E1,3.8994934E1,2.592065E2,1.3497845E1,2.999605E1,2.8745726E1,2.3996122E1,2.3746687E1,1.2997631E1,2.8496166E1,1.0498766E1,1.4472734E2,1.1447917E2,1.5498128E1,1.4497922E1,1.0998063E1,1.2998059E1,1.1998292E1,1.1748394E1],"tree_param":{"num_deleted":"0","num_feature":"212","num_nodes":"25","size_leaf_vector":"1"}},{"base_weights":[3.192027E-2,-1.5154544E-1,3.216751E-1,2.668133E-1,-2.561581E-1,5.1767266E-1,-8.6739734E-2,-2.043328E-1,5.9324396E-1,1.2634063E-1,-3.8944167E-1,-8.255909E-3,6.1838996E-1,2.5143212E-2,-2.7446038E-1,1.0154084E-2,-2.8876994E-2,2.9825908E-3,4.779255E-2,-3.5581146E-3,2.8801635E-2,-2.49252E-2,7.7067683E-3,3.5868283E-2,-2.0792945E-3,-2.769412E-2,1.2184102E-2],"categories":[],"categories_nodes":[],"categories_segments":[],"categories_sizes":[],"default_left":[0,0,0,0,0,0,0,0,0,0,0,0,0,0,0,0,0,0,0,0,0,0,0,0,0,0,0],"id":2,"left_children":[1,3,5,7,9,11,13,15,17,19,21,-1,23,-1,25,-1,-1,-1,-1,-1,-1,-1,-1,-1,-1,-1,-1],"loss_changes":[2.3231806E1,1.198426E1,1.402331E1,9.217939E0,1.1410366E1,8.728636E0,7.048676E0,4.649757E0,5.8317633E0,5.673414E0,1.0200785E1,0E0,7.2126465E0,0E0,7.813637E0,0E0,0E0,0E0,0E0,0E0,0E0,0E0,0E0,0E0,0E0,0E0,0E0],"parents":[2147483647,0,0,1,1,2,2,3,3,4,4,5,5,6,6,7,7,8,8,9,9,10,10,12,12,14,14],"right_children":[2,4,6,8,10,12,14,16,18,20,22,-1,24,-1,26,-1,-1,-1,-1,-1,-1,-1,-1,-1,-1,-1,-1],"split_conditions":[2.55E1,7.714286E0,1.0654762E1,-3.4202015E-1,2.48E1,1.7852491E0,3.6133614E1,3.9834657E0,2.173913E-1,8.0388E0,3.04E1,-8.255909E-3,9.7E-1,2.5143212E-2,3.2207324E2,1.0154084E-2,-2.8876994E-2,2.9825908E-3,4.779255E-2,-3.5581146E-3,2.8801635E-2,-2.49252E-2,7.7067683E-3,3.5868283E-2,-2.0792945E-3,-2.769412E-2,1.2184102E-2],"split_indices":[84,91,197,44,71,130,54,194,95,138,69,0,190,0,148,0,0,0,0,0,0,0,0,0,0,0,0],"split_type":[0,0,0,0,0,0,0,0,0,0,0,0,0,0,0,0,0,0,0,0,0,0,0,0,0,0,0],"sum_hessian":[4.258308E2,2.6114163E2,1.6468918E2,4.9730675E1,2.1141095E2,1.1120754E2,5.3481636E1,2.0492205E1,2.9238472E1,5.372871E1,1.5768224E2,1.3246219E1,9.796133E1,1.0245256E1,4.323638E1,1.0246275E1,1.024593E1,1.4743788E1,1.4494684E1,3.9484272E1,1.4244436E1,1.3244345E2,2.5238785E1,8.54668E1,1.2494531E1,2.8491623E1,1.4744758E1],"tree_param":{"num_deleted":"0","num_feature":"212","num_nodes":"27","size_leaf_vector":"1"}},{"base_weights":[-1.7266294E-2,-1.006252E-1,3.6130428E-1,-1.8234617E-1,3.697889E-1,-1.3482076E-1,5.549403E-1,-3.6760423E-1,-3.039824E-3,-1.3295235E-1,7.3095715E-1,-2.6844798E-2,1.36004165E-2,8.444431E-2,8.12982E-1,-1.1173387E-3,-3.059431E-2,-7.50192E-3,1.372756E-2,1.5227082E-2,-2.700976E-2,4.9314413E-2,3.4559797E-3,2.3291927E-2,-1.4902118E-2,4.8195615E-2,1.2448856E-2],"categories":[],"categories_nodes":[],"categories_segments":[],"categories_sizes":[],"default_left":[0,0,0,0,0,0,0,0,0,0,0,0,0,0,0,0,0,0,0,0,0,0,0,0,0,0,0],"id":3,"left_children":[1,3,5,7,9,11,13,15,17,19,21,-1,-1,23,25,-1,-1,-1,-1,-1,-1,-1,-1,-1,-1,-1,-1],"loss_changes":[1.4029317E1,1.4390295E1,8.263644E0,1.0365293E1,1.0810144E1,5.0728984E0,6.3953E0,1.2677612E1,6.9949603E0,5.703517E0,4.7889214E0,0E0,0E0,4.7509165E0,1.3403187E0,0E0,0E0,0E0,0E0,0E0,0E0,0E0,0E0,0E0,0E0,0E0,0E0],"parents":[2147483647,0,0,1,1,2,2,3,3,4,4,5,5,6,6,7,7,8,8,9,9,10,10,13,13,14,14],"right_children":[2,4,6,8,10,12,14,16,18,20,22,-1,-1,24,26,-1,-1,-1,-1,-1,-1,-1,-1,-1,-1,-1,-1],"split_conditions":[2.4958276E2,1.9445834E-1,9E-1,1.7E1,2.799311E1,-3.8451534E-3,4.49E1,1.51267E0,6.629712E1,1.9519928E-1,9.639875E0,-2.6844798E-2,1.36004165E-2,2.192002E0,3.954358E0,-1.1173387E-3,-3.059431E-2,-7.50192E-3,1.372756E-2,1.5227082E-2,-2.700976E-2,4.9314413E-2,3.4559797E-3,2.3291927E-2,-1.4902118E-2,4.8195615E-2,1.2448856E-2],"split_indices":[147,51,31,63,57,124,79,145,151,137,183,0,0,146,26,0,0,0,0,0,0,0,0,0,0,0,0],"split_type":[0,0,0,0,0,0,0,0,0,0,0,0,0,0,0,0,0,0,0,0,0,0,0,0,0,0,0],"sum_hessian":[4.3793735E2,3.6299893E2,7.493839E1,3.1278607E2,5.0212864E1,2.0738846E1,5.4199543E1,1.4988582E2,1.6290025E2,2.1734188E1,2.8478676E1,1.0244515E1,1.049433E1,2.2233818E1,3.1965727E1,6.521624E1,8.466958E1,1.09181694E2,5.3718567E1,1.04939165E1,1.1240271E1,1.8236563E1,1.0242114E1,1.1241778E1,1.0992039E1,2.1721256E1,1.0244471E1],"tree_param":{"num_deleted":"0","num_feature":"212","num_nodes":"27",