{
  "direct_spread_mae": 3.383571646933922,
  "direct_spread_rmse": 4.376415325432466,
  "direct_spread_p68": 4.050450628995896,
  "direct_spread_p90": 7.100196278095246,
  "direct_rl_mae": 3.383571646933922,
  "direct_rl_rmse": 4.376415325432466,
  "direct_rl_dir": 0.6032420940738772,
  "direct_rl_p68": 4.050450628995896,
  "direct_rl_p90": 7.100196278095246,
  "direct_total_mae": 3.5520582935324128,
  "direct_total_rmse": 4.479613277604974,
  "direct_total_p68": 4.351357612609865,
  "direct_total_p90": 7.095084190368654,
  "direct_f5_mae": 2.5841108048411208,
  "resid_spread_mae": 3.501208247964473,
  "resid_spread_rmse": 4.538667994711107,
  "resid_spread_p68": 4.207239151000977,
  "resid_spread_p90": 7.312763869762421,
  "resid_rl_mae": 3.501208247964473,
  "resid_rl_rmse": 4.538667994711107,
  "resid_rl_p68": 4.207239151000977,
  "resid_rl_p90": 7.312763869762421,
  "resid_total_mae": 3.5635470458894605,
  "resid_total_rmse": 4.540545858689273,
  "resid_total_p68": 4.375386571884156,
  "resid_total_p90": 7.218698173761368,
  "direct_spread_mae_market": 3.376512402872512,
  "direct_total_mae_market": 3.541003173543666,
  "market_spread_mae": 4.051396316102198,
  "market_total_mae": 3.653446226975639,
  "blend_alpha_spread": 0.0,
  "blend_alpha_total": 0.0
}