{
  "direct_spread_mae": 3.4858853766796427,
  "direct_spread_rmse": 4.456098080008585,
  "direct_spread_p68": 4.1958392095565795,
  "direct_spread_p90": 7.26251637339592,
  "direct_rl_mae": 3.4858853766796427,
  "direct_rl_rmse": 4.456098080008585,
  "direct_rl_dir": 0.5534447821681864,
  "direct_rl_p68": 4.1958392095565795,
  "direct_rl_p90": 7.26251637339592,
  "direct_total_mae": 3.5849949981424705,
  "direct_total_rmse": 4.525476410857274,
  "direct_total_p68": 4.413825721740722,
  "direct_total_p90": 7.050063610076906,
  "direct_f5_mae": 2.5795870703696178,
  "resid_spread_mae": 3.7346814732589597,
  "resid_spread_rmse": 4.79116626979939,
  "resid_spread_p68": 4.559186620712283,
  "resid_spread_p90": 7.656038677692414,
  "resid_rl_mae": 3.7346814732589597,
  "resid_rl_rmse": 4.79116626979939,
  "resid_rl_p68": 4.559186620712283,
  "resid_rl_p90": 7.656038677692414,
  "resid_total_mae": 3.6587813179954445,
  "resid_total_rmse": 4.672745327841751,
  "resid_total_p68": 4.459036095142364,
  "resid_total_p90": 7.405163884162904,
  "direct_spread_mae_market": 3.4693023182665694,
  "direct_total_mae_market": 3.585903771879846,
  "market_spread_mae": 4.048687552921253,
  "market_total_mae": 3.664832063223257,
  "blend_alpha_spread": 0.0,
  "blend_alpha_total": 0.0
}