{
  "direct_spread_mae": 3.40187222883281,
  "direct_spread_rmse": 4.426047356962827,
  "direct_spread_p68": 4.146717748641969,
  "direct_spread_p90": 7.177824217081071,
  "direct_rl_mae": 3.40187222883281,
  "direct_rl_rmse": 4.426047356962827,
  "direct_rl_dir": 0.5901593514117977,
  "direct_rl_p68": 4.146717748641969,
  "direct_rl_p90": 7.177824217081071,
  "direct_total_mae": 3.5256365909901684,
  "direct_total_rmse": 4.461982526774568,
  "direct_total_p68": 4.294966659545898,
  "direct_total_p90": 7.040377807617189,
  "resid_spread_mae": 3.3904855804735696,
  "resid_spread_rmse": 4.436193371055326,
  "resid_spread_p68": 4.157250604629517,
  "resid_spread_p90": 7.102072286605841,
  "resid_rl_mae": 3.3904855804735696,
  "resid_rl_rmse": 4.436193371055326,
  "resid_rl_p68": 4.157250604629517,
  "resid_rl_p90": 7.102072286605841,
  "resid_total_mae": 3.5422932804427316,
  "resid_total_rmse": 4.471524706569164,
  "resid_total_p68": 4.36826639175415,
  "resid_total_p90": 7.111781346797945,
  "direct_spread_mae_market": 3.3866202250897524,
  "direct_total_mae_market": 3.528288166995642,
  "market_spread_mae": 4.06535334584115,
  "market_total_mae": 3.6885553470919326,
  "blend_alpha_spread": 0.4997,
  "blend_alpha_total": 0.499
}