{
  "direct_spread_mae": 3.44627821736583,
  "direct_spread_rmse": 4.459371401058178,
  "direct_spread_p68": 4.183924055099487,
  "direct_spread_p90": 7.19821676760912,
  "direct_rl_mae": 3.44627821736583,
  "direct_rl_rmse": 4.459371401058178,
  "direct_rl_dir": 0.5808004052684904,
  "direct_rl_p68": 4.183924055099487,
  "direct_rl_p90": 7.19821676760912,
  "direct_total_mae": 3.5633573592494203,
  "direct_total_rmse": 4.518588460273909,
  "direct_total_p68": 4.357960433959961,
  "direct_total_p90": 7.109011745452881,
  "direct_f5_mae": 2.5741398721388005,
  "resid_spread_mae": 3.7205222129690707,
  "resid_spread_rmse": 4.809680087567745,
  "resid_spread_p68": 4.519532556533816,
  "resid_spread_p90": 7.845756983757017,
  "resid_rl_mae": 3.7205222129690707,
  "resid_rl_rmse": 4.809680087567745,
  "resid_rl_p68": 4.519532556533816,
  "resid_rl_p90": 7.845756983757017,
  "resid_total_mae": 3.599218543381806,
  "resid_total_rmse": 4.589174321490389,
  "resid_total_p68": 4.40527415752411,
  "resid_total_p90": 7.241077613830567,
  "direct_spread_mae_market": 3.4350802260728637,
  "direct_total_mae_market": 3.557677262102529,
  "market_spread_mae": 4.056152758132956,
  "market_total_mae": 3.626025459688826,
  "blend_alpha_spread": 0.0,
  "blend_alpha_total": 0.0
}