{
  "direct_spread_mae": 3.4560994079988543,
  "direct_spread_rmse": 4.4187477562918565,
  "direct_spread_p68": 4.133717374801636,
  "direct_spread_p90": 7.153443467617036,
  "direct_rl_mae": 3.4560994079988543,
  "direct_rl_rmse": 4.4187477562918565,
  "direct_rl_dir": 0.5663627152988855,
  "direct_rl_p68": 4.133717374801636,
  "direct_rl_p90": 7.153443467617036,
  "direct_total_mae": 3.575518427286467,
  "direct_total_rmse": 4.517740209377392,
  "direct_total_p68": 4.380259780883789,
  "direct_total_p90": 7.0461313247680675,
  "direct_f5_mae": 2.5737079323557146,
  "resid_spread_mae": 3.7075311056917757,
  "resid_spread_rmse": 4.766177874583821,
  "resid_spread_p68": 4.490007429085672,
  "resid_spread_p90": 7.719275757670404,
  "resid_rl_mae": 3.7075311056917757,
  "resid_rl_rmse": 4.766177874583821,
  "resid_rl_p68": 4.490007429085672,
  "resid_rl_p90": 7.719275757670404,
  "resid_total_mae": 3.6304494541192565,
  "resid_total_rmse": 4.629592212424235,
  "resid_total_p68": 4.377782812714576,
  "resid_total_p90": 7.370576313138009,
  "direct_spread_mae_market": 3.445510621450896,
  "direct_total_mae_market": 3.5719270336472793,
  "market_spread_mae": 4.056876061120543,
  "market_total_mae": 3.653225806451613,
  "blend_alpha_spread": 0.0,
  "blend_alpha_total": 0.0
}