{
  "direct_spread_mae": 3.3876961918266595,
  "direct_spread_rmse": 4.376487675309065,
  "direct_spread_p68": 4.052804684638978,
  "direct_spread_p90": 7.137696087360384,
  "direct_rl_mae": 3.3876961918266595,
  "direct_rl_rmse": 4.376487675309065,
  "direct_rl_dir": 0.5947382407653468,
  "direct_rl_p68": 4.052804684638978,
  "direct_rl_p90": 7.137696087360384,
  "direct_total_mae": 3.55526848356362,
  "direct_total_rmse": 4.495434703214502,
  "direct_total_p68": 4.338585720062258,
  "direct_total_p90": 7.110479927062989,
  "direct_f5_mae": 2.5720236108985715,
  "resid_spread_mae": 3.619351892479407,
  "resid_spread_rmse": 4.6838931497613405,
  "resid_spread_p68": 4.348330011367798,
  "resid_spread_p90": 7.548072957992554,
  "resid_rl_mae": 3.619351892479407,
  "resid_rl_rmse": 4.6838931497613405,
  "resid_rl_p68": 4.348330011367798,
  "resid_rl_p90": 7.548072957992554,
  "resid_total_mae": 3.621820324678931,
  "resid_total_rmse": 4.609097349944734,
  "resid_total_p68": 4.386992443799973,
  "resid_total_p90": 7.295100754499435,
  "direct_spread_mae_market": 3.3772470213670336,
  "direct_total_mae_market": 3.5560665205674247,
  "market_spread_mae": 4.01975051975052,
  "market_total_mae": 3.675675675675676,
  "blend_alpha_spread": 0.0,
  "blend_alpha_total": 0.0
}