{
  "direct_spread_mae": 3.386294769738097,
  "direct_spread_rmse": 4.386288092919015,
  "direct_spread_p68": 4.080985131263733,
  "direct_spread_p90": 7.177470865845681,
  "direct_rl_mae": 3.386294769738097,
  "direct_rl_rmse": 4.386288092919015,
  "direct_rl_dir": 0.5958012224289131,
  "direct_rl_p68": 4.080985131263733,
  "direct_rl_p90": 7.177470865845681,
  "direct_total_mae": 3.547620477303843,
  "direct_total_rmse": 4.48409460692174,
  "direct_total_p68": 4.405325908660889,
  "direct_total_p90": 7.0743863105773945,
  "direct_f5_mae": 2.571804612056286,
  "resid_spread_mae": 3.517926632841767,
  "resid_spread_rmse": 4.5369102985616205,
  "resid_spread_p68": 4.2431638312339786,
  "resid_spread_p90": 7.329189690947532,
  "resid_rl_mae": 3.517926632841767,
  "resid_rl_rmse": 4.5369102985616205,
  "resid_rl_p68": 4.2431638312339786,
  "resid_rl_p90": 7.329189690947532,
  "resid_total_mae": 3.587947863003015,
  "resid_total_rmse": 4.55984753858903,
  "resid_total_p68": 4.378662168979645,
  "resid_total_p90": 7.207177382707595,
  "direct_spread_mae_market": 3.378989618185504,
  "direct_total_mae_market": 3.5513204710419877,
  "market_spread_mae": 4.0222551928783385,
  "market_total_mae": 3.6443620178041543,
  "blend_alpha_spread": 0.0,
  "blend_alpha_total": 0.0
}