{
  "direct_spread_mae": 3.434239485486724,
  "direct_spread_rmse": 4.391152976392209,
  "direct_spread_p68": 4.11796138048172,
  "direct_spread_p90": 7.070696027576924,
  "direct_rl_mae": 3.434239485486724,
  "direct_rl_rmse": 4.391152976392209,
  "direct_rl_dir": 0.5763988522238164,
  "direct_rl_p68": 4.11796138048172,
  "direct_rl_p90": 7.070696027576924,
  "direct_total_mae": 3.6359093235418136,
  "direct_total_rmse": 4.595602095322375,
  "direct_total_p68": 4.478367042541504,
  "direct_total_p90": 7.145944976806642,
  "direct_f5_mae": 2.6335548709155483,
  "resid_spread_mae": 3.665788462137855,
  "resid_spread_rmse": 4.702251102446621,
  "resid_spread_p68": 4.48769092552364,
  "resid_spread_p90": 7.5762373566627526,
  "resid_rl_mae": 3.665788462137855,
  "resid_rl_rmse": 4.702251102446621,
  "resid_rl_p68": 4.48769092552364,
  "resid_rl_p90": 7.5762373566627526,
  "resid_total_mae": 3.654196669821931,
  "resid_total_rmse": 4.6768147689191935,
  "resid_total_p68": 4.417911088764668,
  "resid_total_p90": 7.343908071517946,
  "direct_spread_mae_market": 3.418919662189884,
  "direct_total_mae_market": 3.636086100131883,
  "market_spread_mae": 4.076012835940634,
  "market_total_mae": 3.7101885278780586,
  "blend_alpha_spread": 0.0,
  "blend_alpha_total": 0.4988
}