{
  "direct_spread_mae": 3.4728172893758065,
  "direct_spread_rmse": 4.42839235894651,
  "direct_spread_p68": 4.176983771324158,
  "direct_spread_p90": 7.2161452889442455,
  "direct_rl_mae": 3.4728172893758065,
  "direct_rl_rmse": 4.42839235894651,
  "direct_rl_dir": 0.5632570659488559,
  "direct_rl_p68": 4.176983771324158,
  "direct_rl_p90": 7.2161452889442455,
  "direct_total_mae": 3.635165076717875,
  "direct_total_rmse": 4.582756748966208,
  "direct_total_p68": 4.491792640686035,
  "direct_total_p90": 7.13424882888794,
  "oof_total_mean_bias": -0.1099128224166213,
  "oof_rl_mean_bias": 0.061572964169505875,
  "direct_f5_mae": 2.6423115025483903,
  "resid_spread_mae": 3.6048612556013584,
  "resid_spread_rmse": 4.504050627019704,
  "resid_spread_p68": 4.342327890396119,
  "resid_spread_p90": 7.1421871185302725,
  "resid_rl_mae": 3.6048612556013584,
  "resid_rl_rmse": 4.504050627019704,
  "resid_rl_p68": 4.342327890396119,
  "resid_rl_p90": 7.1421871185302725,
  "resid_total_mae": 3.5309190339107763,
  "resid_total_rmse": 4.4045221668626695,
  "resid_total_p68": 4.640070433616638,
  "resid_total_p90": 6.9183448314666744,
  "direct_spread_mae_market": 3.45689938696971,
  "direct_total_mae_market": 3.5649369344368775,
  "market_spread_mae": 3.847826086956522,
  "market_total_mae": 3.5,
  "blend_alpha_spread": 0.0,
  "blend_alpha_total": 0.0
}