{
  "direct_spread_mae": 3.4421547196625437,
  "direct_spread_rmse": 4.467228027000854,
  "direct_spread_p68": 4.177606616020205,
  "direct_spread_p90": 7.240760335326195,
  "direct_rl_mae": 3.4421547196625437,
  "direct_rl_rmse": 4.467228027000854,
  "direct_rl_dir": 0.5714285714285714,
  "direct_rl_p68": 4.177606616020205,
  "direct_rl_p90": 7.240760335326195,
  "direct_total_mae": 3.5384686924340105,
  "direct_total_rmse": 4.470624404148002,
  "direct_total_p68": 4.345858230590821,
  "direct_total_p90": 7.030049705505374,
  "resid_spread_mae": 3.463944859945522,
  "resid_spread_rmse": 4.509159959383949,
  "resid_spread_p68": 4.192730669975281,
  "resid_spread_p90": 7.352274763584138,
  "resid_rl_mae": 3.463944859945522,
  "resid_rl_rmse": 4.509159959383949,
  "resid_rl_p68": 4.192730669975281,
  "resid_rl_p90": 7.352274763584138,
  "resid_total_mae": 3.552950430443384,
  "resid_total_rmse": 4.475367958090925,
  "resid_total_p68": 4.380316591262818,
  "resid_total_p90": 6.99173109009862,
  "direct_spread_mae_market": 3.4274105229070737,
  "direct_total_mae_market": 3.5453118631041547,
  "market_spread_mae": 4.0589246639574865,
  "market_total_mae": 3.6734917161613003,
  "blend_alpha_spread": 0.0,
  "blend_alpha_total": 0.4995
}