{
  "direct_spread_mae": 3.4574914622104527,
  "direct_spread_rmse": 4.420358509954451,
  "direct_spread_p68": 4.152229945659638,
  "direct_spread_p90": 7.165131875872614,
  "direct_rl_mae": 3.4574914622104527,
  "direct_rl_rmse": 4.420358509954451,
  "direct_rl_dir": 0.5606169296987088,
  "direct_rl_p68": 4.152229945659638,
  "direct_rl_p90": 7.165131875872614,
  "direct_total_mae": 3.642491968495603,
  "direct_total_rmse": 4.597914069229462,
  "direct_total_p68": 4.486803169250488,
  "direct_total_p90": 7.157085323333742,
  "direct_f5_mae": 2.6289748641628847,
  "resid_spread_mae": 3.700890519165379,
  "resid_spread_rmse": 4.764927188375114,
  "resid_spread_p68": 4.422725768685341,
  "resid_spread_p90": 7.674688768386847,
  "resid_rl_mae": 3.700890519165379,
  "resid_rl_rmse": 4.764927188375114,
  "resid_rl_p68": 4.422725768685341,
  "resid_rl_p90": 7.674688768386847,
  "resid_total_mae": 3.6635921095713133,
  "resid_total_rmse": 4.686255305872922,
  "resid_total_p68": 4.455317177772522,
  "resid_total_p90": 7.358000016212464,
  "direct_spread_mae_market": 3.4341054772513435,
  "direct_total_mae_market": 3.6393178764492022,
  "market_spread_mae": 4.107640270592917,
  "market_total_mae": 3.71150019896538,
  "blend_alpha_spread": 0.0,
  "blend_alpha_total": 0.0
}