{
  "direct_spread_mae": 3.4886397563172844,
  "direct_spread_rmse": 4.461601565441268,
  "direct_spread_p68": 4.175347254276276,
  "direct_spread_p90": 7.353009110689165,
  "direct_rl_mae": 3.4886397563172844,
  "direct_rl_rmse": 4.461601565441268,
  "direct_rl_dir": 0.5520908871162679,
  "direct_rl_p68": 4.175347254276276,
  "direct_rl_p90": 7.353009110689165,
  "direct_total_mae": 3.5577276968454608,
  "direct_total_rmse": 4.4966225134312285,
  "direct_total_p68": 4.384712905883789,
  "direct_total_p90": 7.021851921081544,
  "direct_f5_mae": 2.5600772319774165,
  "resid_spread_mae": 3.715174071420812,
  "resid_spread_rmse": 4.774117881241977,
  "resid_spread_p68": 4.5281121850013735,
  "resid_spread_p90": 7.774449491500855,
  "resid_rl_mae": 3.715174071420812,
  "resid_rl_rmse": 4.774117881241977,
  "resid_rl_p68": 4.5281121850013735,
  "resid_rl_p90": 7.774449491500855,
  "resid_total_mae": 3.582919073510799,
  "resid_total_rmse": 4.572728819663326,
  "resid_total_p68": 4.409645894765855,
  "resid_total_p90": 7.194993102550507,
  "direct_spread_mae_market": 3.4835126510635743,
  "direct_total_mae_market": 3.554408884189576,
  "market_spread_mae": 4.047484530535378,
  "market_total_mae": 3.611245628194781,
  "blend_alpha_spread": 0.0,
  "blend_alpha_total": 0.0
}