{
  "direct_spread_mae": 3.484617106692645,
  "direct_spread_rmse": 4.443438583846282,
  "direct_spread_p68": 4.20131323337555,
  "direct_spread_p90": 7.190217256546021,
  "direct_rl_mae": 3.484617106692645,
  "direct_rl_rmse": 4.443438583846282,
  "direct_rl_dir": 0.5511440107671601,
  "direct_rl_p68": 4.20131323337555,
  "direct_rl_p90": 7.190217256546021,
  "direct_total_mae": 3.6343601556998726,
  "direct_total_rmse": 4.593166648558371,
  "direct_total_p68": 4.46470012664795,
  "direct_total_p90": 7.133291149139405,
  "direct_f5_mae": 2.619992924714527,
  "resid_spread_mae": 3.5891586858039766,
  "resid_spread_rmse": 4.49292152495347,
  "resid_spread_p68": 4.4036350107193,
  "resid_spread_p90": 7.090353119373321,
  "resid_rl_mae": 3.5891586858039766,
  "resid_rl_rmse": 4.49292152495347,
  "resid_rl_p68": 4.4036350107193,
  "resid_rl_p90": 7.090353119373321,
  "resid_total_mae": 3.526901605984439,
  "resid_total_rmse": 4.388874915633879,
  "resid_total_p68": 4.5343273377418525,
  "resid_total_p90": 6.874857527017594,
  "direct_spread_mae_market": 3.4765210549095347,
  "direct_total_mae_market": 3.5641287946070075,
  "market_spread_mae": 3.847826086956522,
  "market_total_mae": 3.5,
  "blend_alpha_spread": 0.0,
  "blend_alpha_total": 0.0
}