{
  "direct_spread_mae": 3.389908188191774,
  "direct_spread_rmse": 4.376997322818429,
  "direct_spread_p68": 4.090603461265564,
  "direct_spread_p90": 7.15085517168045,
  "direct_rl_mae": 3.389908188191774,
  "direct_rl_rmse": 4.376997322818429,
  "direct_rl_dir": 0.5968642040924794,
  "direct_rl_p68": 4.090603461265564,
  "direct_rl_p90": 7.15085517168045,
  "direct_total_mae": 3.570991523082732,
  "direct_total_rmse": 4.498130800950077,
  "direct_total_p68": 4.357304840087892,
  "direct_total_p90": 7.171437263488771,
  "direct_f5_mae": 2.5785834363890383,
  "resid_spread_mae": 3.538940289917474,
  "resid_spread_rmse": 4.569170924959574,
  "resid_spread_p68": 4.280210537910462,
  "resid_spread_p90": 7.345909273624421,
  "resid_rl_mae": 3.538940289917474,
  "resid_rl_rmse": 4.569170924959574,
  "resid_rl_p68": 4.280210537910462,
  "resid_rl_p90": 7.345909273624421,
  "resid_total_mae": 3.611059276005314,
  "resid_total_rmse": 4.582821490923193,
  "resid_total_p68": 4.415159482955934,
  "resid_total_p90": 7.250046479701996,
  "direct_spread_mae_market": 3.3854187433582292,
  "direct_total_mae_market": 3.5655382058370493,
  "market_spread_mae": 4.062518562518562,
  "market_total_mae": 3.6559251559251558,
  "blend_alpha_spread": 0.0,
  "blend_alpha_total": 0.0
}