{
  "direct_spread_mae": 3.4299399047853893,
  "direct_spread_rmse": 4.387964253590965,
  "direct_spread_p68": 4.108220097720623,
  "direct_spread_p90": 7.120927419513464,
  "direct_rl_mae": 3.4299399047853893,
  "direct_rl_rmse": 4.387964253590965,
  "direct_rl_dir": 0.5821377331420373,
  "direct_rl_p68": 4.108220097720623,
  "direct_rl_p90": 7.120927419513464,
  "direct_total_mae": 3.63948506758237,
  "direct_total_rmse": 4.601636244110308,
  "direct_total_p68": 4.471255149841309,
  "direct_total_p90": 7.1925478935241705,
  "direct_f5_mae": 2.6204597586720113,
  "resid_spread_mae": 3.667518845726831,
  "resid_spread_rmse": 4.6884960947468155,
  "resid_spread_p68": 4.439965801239014,
  "resid_spread_p90": 7.613244342803955,
  "resid_rl_mae": 3.667518845726831,
  "resid_rl_rmse": 4.6884960947468155,
  "resid_rl_p68": 4.439965801239014,
  "resid_rl_p90": 7.613244342803955,
  "resid_total_mae": 3.685872985137125,
  "resid_total_rmse": 4.707246617482996,
  "resid_total_p68": 4.455758745521307,
  "resid_total_p90": 7.433777308464051,
  "direct_spread_mae_market": 3.4072303355494857,
  "direct_total_mae_market": 3.6400859997638775,
  "market_spread_mae": 4.027476935419173,
  "market_total_mae": 3.709787404733253,
  "blend_alpha_spread": 0.0,
  "blend_alpha_total": 0.0
}