{
  "direct_spread_mae": 3.4101242944825,
  "direct_spread_rmse": 4.44710511467679,
  "direct_spread_p68": 4.124693768024445,
  "direct_spread_p90": 7.146833655238153,
  "direct_rl_mae": 3.4101242944825,
  "direct_rl_rmse": 4.44710511467679,
  "direct_rl_dir": 0.5959387875220719,
  "direct_rl_p68": 4.124693768024445,
  "direct_rl_p90": 7.146833655238153,
  "direct_total_mae": 3.5389457105397475,
  "direct_total_rmse": 4.46995815426354,
  "direct_total_p68": 4.339226989746094,
  "direct_total_p90": 7.070743656158447,
  "resid_spread_mae": 3.4861677861259173,
  "resid_spread_rmse": 4.540507535764472,
  "resid_spread_p68": 4.253211187124252,
  "resid_spread_p90": 7.4048468552529805,
  "resid_rl_mae": 3.4861677861259173,
  "resid_rl_rmse": 4.540507535764472,
  "resid_rl_p68": 4.253211187124252,
  "resid_rl_p90": 7.4048468552529805,
  "resid_total_mae": 3.5446903176130435,
  "resid_total_rmse": 4.480540405586596,
  "resid_total_p68": 4.326893599033357,
  "resid_total_p90": 7.0484635833650815,
  "direct_spread_mae_market": 3.387589708746568,
  "direct_total_mae_market": 3.5356173523188423,
  "market_spread_mae": 4.048514851485148,
  "market_total_mae": 3.6658415841584158,
  "blend_alpha_spread": 0.0,
  "blend_alpha_total": 0.4994
}