{
  "direct_spread_mae": 3.4572499617938925,
  "direct_spread_rmse": 4.419331719735573,
  "direct_spread_p68": 4.168661212921142,
  "direct_spread_p90": 7.191880303621293,
  "direct_rl_mae": 3.4572499617938925,
  "direct_rl_rmse": 4.419331719735573,
  "direct_rl_dir": 0.5672947510094213,
  "direct_rl_p68": 4.168661212921142,
  "direct_rl_p90": 7.191880303621293,
  "direct_total_mae": 3.628079286654897,
  "direct_total_rmse": 4.584241520043376,
  "direct_total_p68": 4.471290969848633,
  "direct_total_p90": 7.099949169158936,
  "direct_f5_mae": 2.635552690929537,
  "resid_spread_mae": 3.5953023652141183,
  "resid_spread_rmse": 4.4976836274842436,
  "resid_spread_p68": 4.520709128379822,
  "resid_spread_p90": 7.256921195983886,
  "resid_rl_mae": 3.5953023652141183,
  "resid_rl_rmse": 4.4976836274842436,
  "resid_rl_p68": 4.520709128379822,
  "resid_rl_p90": 7.256921195983886,
  "resid_total_mae": 3.5057743477207275,
  "resid_total_rmse": 4.36215385103373,
  "resid_total_p68": 4.549122993946075,
  "resid_total_p90": 6.874672639369964,
  "direct_spread_mae_market": 3.445696838004673,
  "direct_total_mae_market": 3.5521829547413355,
  "market_spread_mae": 3.847826086956522,
  "market_total_mae": 3.5,
  "blend_alpha_spread": 0.0,
  "blend_alpha_total": 0.5033
}