{
  "direct_spread_mae": 3.3896570048156858,
  "direct_spread_rmse": 4.387359318998201,
  "direct_spread_p68": 4.117458460330964,
  "direct_spread_p90": 7.142365217208864,
  "direct_rl_mae": 3.3896570048156858,
  "direct_rl_rmse": 4.387359318998201,
  "direct_rl_dir": 0.5944724953494552,
  "direct_rl_p68": 4.117458460330964,
  "direct_rl_p90": 7.142365217208864,
  "direct_total_mae": 3.5371111036772556,
  "direct_total_rmse": 4.469432588874748,
  "direct_total_p68": 4.3519063949584975,
  "direct_total_p90": 7.084135246276856,
  "resid_spread_mae": 3.473768856106445,
  "resid_spread_rmse": 4.5173133881978975,
  "resid_spread_p68": 4.2204943084716815,
  "resid_spread_p90": 7.3136030673980725,
  "resid_rl_mae": 3.473768856106445,
  "resid_rl_rmse": 4.5173133881978975,
  "resid_rl_p68": 4.2204943084716815,
  "resid_rl_p90": 7.3136030673980725,
  "resid_total_mae": 3.552029157366405,
  "resid_total_rmse": 4.5197620804310485,
  "resid_total_p68": 4.352528160810471,
  "resid_total_p90": 7.092593502998353,
  "direct_spread_mae_market": 3.3690782850526633,
  "direct_total_mae_market": 3.5381336142764024,
  "market_spread_mae": 4.078259578259578,
  "market_total_mae": 3.66023166023166,
  "blend_alpha_spread": 0.0,
  "blend_alpha_total": 0.499
}