{
  "direct_spread_mae": 3.415331588629107,
  "direct_spread_rmse": 4.463076983534131,
  "direct_spread_p68": 4.12141551733017,
  "direct_spread_p90": 7.301749497652056,
  "direct_rl_mae": 3.415331588629107,
  "direct_rl_rmse": 4.463076983534131,
  "direct_rl_dir": 0.5938787522071807,
  "direct_rl_p68": 4.12141551733017,
  "direct_rl_p90": 7.301749497652056,
  "direct_total_mae": 3.539180303335611,
  "direct_total_rmse": 4.470250773579904,
  "direct_total_p68": 4.29343391418457,
  "direct_total_p90": 6.997522735595704,
  "resid_spread_mae": 3.4406459637087314,
  "resid_spread_rmse": 4.507973696422476,
  "resid_spread_p68": 4.265673015117645,
  "resid_spread_p90": 7.339820611476899,
  "resid_rl_mae": 3.4406459637087314,
  "resid_rl_rmse": 4.507973696422476,
  "resid_rl_p68": 4.265673015117645,
  "resid_rl_p90": 7.339820611476899,
  "resid_total_mae": 3.5598623558230322,
  "resid_total_rmse": 4.493740307869684,
  "resid_total_p68": 4.344616971611977,
  "resid_total_p90": 7.049741411209107,
  "direct_spread_mae_market": 3.385648143993467,
  "direct_total_mae_market": 3.5331002914182115,
  "market_spread_mae": 4.032981530343008,
  "market_total_mae": 3.6715039577836412,
  "blend_alpha_spread": 0.496,
  "blend_alpha_total": 0.4981
}