{
  "direct_spread_mae": 3.4004546780110725,
  "direct_spread_rmse": 4.388255567694903,
  "direct_spread_p68": 4.111321489810944,
  "direct_spread_p90": 7.128078098595144,
  "direct_rl_mae": 3.4004546780110725,
  "direct_rl_rmse": 4.388255567694903,
  "direct_rl_dir": 0.5927051671732523,
  "direct_rl_p68": 4.111321489810944,
  "direct_rl_p90": 7.128078098595144,
  "direct_total_mae": 3.5511298494860757,
  "direct_total_rmse": 4.492841526806697,
  "direct_total_p68": 4.4056334304809575,
  "direct_total_p90": 7.09343719482422,
  "direct_f5_mae": 2.5765361481128646,
  "resid_spread_mae": 3.6199930961609317,
  "resid_spread_rmse": 4.682279937298478,
  "resid_spread_p68": 4.371708439588548,
  "resid_spread_p90": 7.72822049856186,
  "resid_rl_mae": 3.6199930961609317,
  "resid_rl_rmse": 4.682279937298478,
  "resid_rl_p68": 4.371708439588548,
  "resid_rl_p90": 7.72822049856186,
  "resid_total_mae": 3.5927621127361093,
  "resid_total_rmse": 4.560139793539756,
  "resid_total_p68": 4.423084039688111,
  "resid_total_p90": 7.277073895931245,
  "direct_spread_mae_market": 3.3885092393301215,
  "direct_total_mae_market": 3.544421176199788,
  "market_spread_mae": 4.06929156082416,
  "market_total_mae": 3.6497318656505784,
  "blend_alpha_spread": 0.0,
  "blend_alpha_total": 0.0
}