{
  "direct_spread_mae": 3.3959272043956945,
  "direct_spread_rmse": 4.409931958114189,
  "direct_spread_p68": 4.09542423605919,
  "direct_spread_p90": 7.13194810152054,
  "direct_rl_mae": 3.3959272043956945,
  "direct_rl_rmse": 4.409931958114189,
  "direct_rl_dir": 0.5979271857560458,
  "direct_rl_p68": 4.09542423605919,
  "direct_rl_p90": 7.13194810152054,
  "direct_total_mae": 3.54773643642165,
  "direct_total_rmse": 4.481819862644091,
  "direct_total_p68": 4.338918228149415,
  "direct_total_p90": 7.053549575805664,
  "resid_spread_mae": 3.491030910025244,
  "resid_spread_rmse": 4.523449134270667,
  "resid_spread_p68": 4.184086871147158,
  "resid_spread_p90": 7.274934530258179,
  "resid_rl_mae": 3.491030910025244,
  "resid_rl_rmse": 4.523449134270667,
  "resid_rl_p68": 4.184086871147158,
  "resid_rl_p90": 7.274934530258179,
  "resid_total_mae": 3.5507290354108525,
  "resid_total_rmse": 4.519282621792007,
  "resid_total_p68": 4.373224943876268,
  "resid_total_p90": 7.108538627624512,
  "direct_spread_mae_market": 3.3867269131609263,
  "direct_total_mae_market": 3.5428031554763257,
  "market_spread_mae": 4.046048722519311,
  "market_total_mae": 3.6488413547237077,
  "blend_alpha_spread": 0.0,
  "blend_alpha_total": 0.4994
}