{
  "direct_spread_mae": 3.452965058110055,
  "direct_spread_rmse": 4.41144506498285,
  "direct_spread_p68": 4.1305926084518445,
  "direct_spread_p90": 7.113450193405152,
  "direct_rl_mae": 3.452965058110055,
  "direct_rl_rmse": 4.41144506498285,
  "direct_rl_dir": 0.5736877523553163,
  "direct_rl_p68": 4.1305926084518445,
  "direct_rl_p90": 7.113450193405152,
  "direct_total_mae": 3.6298140335532247,
  "direct_total_rmse": 4.58035612882428,
  "direct_total_p68": 4.4383482742309575,
  "direct_total_p90": 7.131598472595215,
  "oof_total_mean_bias": -0.11831848184962934,
  "oof_rl_mean_bias": 0.011072455412101233,
  "direct_f5_mae": 2.6306710466637133,
  "resid_spread_mae": 3.5443958730977347,
  "resid_spread_rmse": 4.4656029071780345,
  "resid_spread_p68": 4.379499197006226,
  "resid_spread_p90": 7.285772413015365,
  "resid_rl_mae": 3.5443958730977347,
  "resid_rl_rmse": 4.4656029071780345,
  "resid_rl_p68": 4.379499197006226,
  "resid_rl_p90": 7.285772413015365,
  "resid_total_mae": 3.523116871573749,
  "resid_total_rmse": 4.378912469380827,
  "resid_total_p68": 4.614827394485474,
  "resid_total_p90": 6.954066646099091,
  "direct_spread_mae_market": 3.4458277373176793,
  "direct_total_mae_market": 3.5389243713624086,
  "market_spread_mae": 3.847826086956522,
  "market_total_mae": 3.5,
  "blend_alpha_spread": 0.0,
  "blend_alpha_total": 0.0
}