{
  "direct_spread_mae": 3.491894766533893,
  "direct_spread_rmse": 4.457660139617292,
  "direct_spread_p68": 4.207000942230224,
  "direct_spread_p90": 7.248048233985902,
  "direct_rl_mae": 3.491894766533893,
  "direct_rl_rmse": 4.457660139617292,
  "direct_rl_dir": 0.549645390070922,
  "direct_rl_p68": 4.207000942230224,
  "direct_rl_p90": 7.248048233985902,
  "direct_total_mae": 3.5649502386075747,
  "direct_total_rmse": 4.504744695250399,
  "direct_total_p68": 4.4333907318115235,
  "direct_total_p90": 7.048478221893312,
  "direct_f5_mae": 2.5688244262860587,
  "resid_spread_mae": 3.7492807702169264,
  "resid_spread_rmse": 4.800713010896283,
  "resid_spread_p68": 4.506781888008118,
  "resid_spread_p90": 7.849542784690856,
  "resid_rl_mae": 3.7492807702169264,
  "resid_rl_rmse": 4.800713010896283,
  "resid_rl_p68": 4.506781888008118,
  "resid_rl_p90": 7.849542784690856,
  "resid_total_mae": 3.594235700944586,
  "resid_total_rmse": 4.599861560097863,
  "resid_total_p68": 4.347948579788208,
  "resid_total_p90": 7.276916670799254,
  "direct_spread_mae_market": 3.4748967343013297,
  "direct_total_mae_market": 3.565229822013338,
  "market_spread_mae": 4.06045197740113,
  "market_total_mae": 3.6439265536723164,
  "blend_alpha_spread": 0.0,
  "blend_alpha_total": 0.0
}