{
  "direct_spread_mae": 3.400018641287957,
  "direct_spread_rmse": 4.434972332074784,
  "direct_spread_p68": 4.119877523481846,
  "direct_spread_p90": 7.2193554520607,
  "direct_rl_mae": 3.400018641287957,
  "direct_rl_rmse": 4.434972332074784,
  "direct_rl_dir": 0.6082989994114185,
  "direct_rl_p68": 4.119877523481846,
  "direct_rl_p90": 7.2193554520607,
  "direct_total_mae": 3.5458961457908678,
  "direct_total_rmse": 4.473901017444486,
  "direct_total_p68": 4.325224647521972,
  "direct_total_p90": 7.082664585113529,
  "resid_spread_mae": 3.4228314419796044,
  "resid_spread_rmse": 4.488968472177091,
  "resid_spread_p68": 4.188626050949097,
  "resid_spread_p90": 7.342997705936432,
  "resid_rl_mae": 3.4228314419796044,
  "resid_rl_rmse": 4.488968472177091,
  "resid_rl_p68": 4.188626050949097,
  "resid_rl_p90": 7.342997705936432,
  "resid_total_mae": 3.5567627927522394,
  "resid_total_rmse": 4.493212172582318,
  "resid_total_p68": 4.318175253868103,
  "resid_total_p90": 7.092576277256012,
  "direct_spread_mae_market": 3.37831392220833,
  "direct_total_mae_market": 3.541240551069104,
  "market_spread_mae": 4.032981530343008,
  "market_total_mae": 3.6715039577836412,
  "blend_alpha_spread": 0.4967,
  "blend_alpha_total": 0.4989
}