{
  "direct_spread_mae": 3.407790250007975,
  "direct_spread_rmse": 4.395316259283784,
  "direct_spread_p68": 4.091933834254742,
  "direct_spread_p90": 7.150054556131364,
  "direct_rl_mae": 3.407790250007975,
  "direct_rl_rmse": 4.395316259283784,
  "direct_rl_dir": 0.5977710233029382,
  "direct_rl_p68": 4.091933834254742,
  "direct_rl_p90": 7.150054556131364,
  "direct_total_mae": 3.5493832440120228,
  "direct_total_rmse": 4.485468408068352,
  "direct_total_p68": 4.382785758972168,
  "direct_total_p90": 7.094949436187744,
  "direct_f5_mae": 2.569193052591112,
  "resid_spread_mae": 3.6421445321974515,
  "resid_spread_rmse": 4.716914476411318,
  "resid_spread_p68": 4.3849585819244385,
  "resid_spread_p90": 7.802112978696824,
  "resid_rl_mae": 3.6421445321974515,
  "resid_rl_rmse": 4.716914476411318,
  "resid_rl_p68": 4.3849585819244385,
  "resid_rl_p90": 7.802112978696824,
  "resid_total_mae": 3.602932094986571,
  "resid_total_rmse": 4.596088619925751,
  "resid_total_p68": 4.405316998958588,
  "resid_total_p90": 7.265632137656213,
  "direct_spread_mae_market": 3.398542485459566,
  "direct_total_mae_market": 3.553351247290422,
  "market_spread_mae": 4.065856416054268,
  "market_total_mae": 3.646127755794234,
  "blend_alpha_spread": 0.0,
  "blend_alpha_total": 0.0
}