{
  "direct_spread_mae": 3.4528514052520443,
  "direct_spread_rmse": 4.475101105979614,
  "direct_spread_p68": 4.200942427515984,
  "direct_spread_p90": 7.212707376480103,
  "direct_rl_mae": 3.4528514052520443,
  "direct_rl_rmse": 4.475101105979614,
  "direct_rl_dir": 0.5689124965054515,
  "direct_rl_p68": 4.200942427515984,
  "direct_rl_p90": 7.212707376480103,
  "direct_total_mae": 3.561071847116344,
  "direct_total_rmse": 4.494343405369278,
  "direct_total_p68": 4.397694358825685,
  "direct_total_p90": 7.041084098815918,
  "resid_spread_mae": 3.436104092206299,
  "resid_spread_rmse": 4.492022233911185,
  "resid_spread_p68": 4.218006277084351,
  "resid_spread_p90": 7.304917144775391,
  "resid_rl_mae": 3.436104092206299,
  "resid_rl_rmse": 4.492022233911185,
  "resid_rl_p68": 4.218006277084351,
  "resid_rl_p90": 7.304917144775391,
  "resid_total_mae": 3.5594846159462987,
  "resid_total_rmse": 4.499664153072552,
  "resid_total_p68": 4.420777537822723,
  "resid_total_p90": 7.039674490690231,
  "direct_spread_mae_market": 3.436464311084414,
  "direct_total_mae_market": 3.563925211378139,
  "market_spread_mae": 4.06584297779168,
  "market_total_mae": 3.6606193306224584,
  "blend_alpha_spread": 0.5,
  "blend_alpha_total": 0.5003
}