{
  "direct_spread_mae": 3.4304366590770736,
  "direct_spread_rmse": 4.465116197692405,
  "direct_spread_p68": 4.163299877643586,
  "direct_spread_p90": 7.22917400598526,
  "direct_rl_mae": 3.4304366590770736,
  "direct_rl_rmse": 4.465116197692405,
  "direct_rl_dir": 0.589879787531451,
  "direct_rl_p68": 4.163299877643586,
  "direct_rl_p90": 7.22917400598526,
  "direct_total_mae": 3.545248626162961,
  "direct_total_rmse": 4.478318677608514,
  "direct_total_p68": 4.346085395812988,
  "direct_total_p90": 7.068597221374512,
  "resid_spread_mae": 3.4873578647398973,
  "resid_spread_rmse": 4.5532529638577355,
  "resid_spread_p68": 4.198022232055664,
  "resid_spread_p90": 7.364262071251869,
  "resid_rl_mae": 3.4873578647398973,
  "resid_rl_rmse": 4.5532529638577355,
  "resid_rl_p68": 4.198022232055664,
  "resid_rl_p90": 7.364262071251869,
  "resid_total_mae": 3.5392450586354243,
  "resid_total_rmse": 4.4519996190490625,
  "resid_total_p68": 4.342743034362793,
  "resid_total_p90": 7.049583756923675,
  "direct_spread_mae_market": 3.4184113926182906,
  "direct_total_mae_market": 3.5508250761032105,
  "market_spread_mae": 4.0553125,
  "market_total_mae": 3.63703125,
  "blend_alpha_spread": 0.0,
  "blend_alpha_total": 0.5008
}