{
  "direct_spread_mae": 3.4045360697114826,
  "direct_spread_rmse": 4.398100892534187,
  "direct_spread_p68": 4.14905502319336,
  "direct_spread_p90": 7.120584392547608,
  "direct_rl_mae": 3.4045360697114826,
  "direct_rl_rmse": 4.398100892534187,
  "direct_rl_dir": 0.586500132872708,
  "direct_rl_p68": 4.14905502319336,
  "direct_rl_p90": 7.120584392547608,
  "direct_total_mae": 3.5285174872626213,
  "direct_total_rmse": 4.459535372747001,
  "direct_total_p68": 4.296841239929201,
  "direct_total_p90": 6.9559062957763675,
  "resid_spread_mae": 3.4882454077206653,
  "resid_spread_rmse": 4.513289341376622,
  "resid_spread_p68": 4.212475767135621,
  "resid_spread_p90": 7.294403308629992,
  "resid_rl_mae": 3.4882454077206653,
  "resid_rl_rmse": 4.513289341376622,
  "resid_rl_p68": 4.212475767135621,
  "resid_rl_p90": 7.294403308629992,
  "resid_total_mae": 3.554083189505916,
  "resid_total_rmse": 4.523034710007403,
  "resid_total_p68": 4.300537254810335,
  "resid_total_p90": 7.181165862083436,
  "direct_spread_mae_market": 3.3985644031796896,
  "direct_total_mae_market": 3.5345644752891605,
  "market_spread_mae": 4.029655990510083,
  "market_total_mae": 3.66073546856465,
  "blend_alpha_spread": 0.0,
  "blend_alpha_total": 0.0
}