{
  "direct_spread_mae": 3.4038798540037143,
  "direct_spread_rmse": 4.405885216626114,
  "direct_spread_p68": 4.087251962721348,
  "direct_spread_p90": 7.14972188770771,
  "direct_rl_mae": 3.4038798540037143,
  "direct_rl_rmse": 4.405885216626114,
  "direct_rl_dir": 0.5891575870316237,
  "direct_rl_p68": 4.087251962721348,
  "direct_rl_p90": 7.14972188770771,
  "direct_total_mae": 3.5351251528169954,
  "direct_total_rmse": 4.464150348917355,
  "direct_total_p68": 4.324069023132325,
  "direct_total_p90": 6.980825233459473,
  "direct_f5_mae": 2.5771304826431254,
  "resid_spread_mae": 3.499006553050668,
  "resid_spread_rmse": 4.531024430961756,
  "resid_spread_p68": 4.303159707784653,
  "resid_spread_p90": 7.279821395874023,
  "resid_rl_mae": 3.499006553050668,
  "resid_rl_rmse": 4.531024430961756,
  "resid_rl_p68": 4.303159707784653,
  "resid_rl_p90": 7.279821395874023,
  "resid_total_mae": 3.5488075303363096,
  "resid_total_rmse": 4.506235125267215,
  "resid_total_p68": 4.313506668806076,
  "resid_total_p90": 7.143065989017487,
  "direct_spread_mae_market": 3.3926878064193056,
  "direct_total_mae_market": 3.5326686074286124,
  "market_spread_mae": 4.065605474561142,
  "market_total_mae": 3.6459387087176434,
  "blend_alpha_spread": 0.0,
  "blend_alpha_total": 0.4989
}