{
  "direct_spread_mae": 3.419649553820932,
  "direct_spread_rmse": 4.380965849551889,
  "direct_spread_p68": 4.133546209335327,
  "direct_spread_p90": 7.109632849693303,
  "direct_rl_mae": 3.419649553820932,
  "direct_rl_rmse": 4.380965849551889,
  "direct_rl_dir": 0.5749641319942611,
  "direct_rl_p68": 4.133546209335327,
  "direct_rl_p90": 7.109632849693303,
  "direct_total_mae": 3.6384427316561663,
  "direct_total_rmse": 4.604879626163265,
  "direct_total_p68": 4.4581809234619145,
  "direct_total_p90": 7.207891178131104,
  "direct_f5_mae": 2.628734351015722,
  "resid_spread_mae": 3.7083581764464766,
  "resid_spread_rmse": 4.752419639031184,
  "resid_spread_p68": 4.42177581101656,
  "resid_spread_p90": 7.828169959783555,
  "resid_rl_mae": 3.7083581764464766,
  "resid_rl_rmse": 4.752419639031184,
  "resid_rl_p68": 4.42177581101656,
  "resid_rl_p90": 7.828169959783555,
  "resid_total_mae": 3.6956918901786233,
  "resid_total_rmse": 4.705878927386217,
  "resid_total_p68": 4.542678438723088,
  "resid_total_p90": 7.371938139200213,
  "direct_spread_mae_market": 3.3994604622882405,
  "direct_total_mae_market": 3.6445579301105457,
  "market_spread_mae": 4.073033707865169,
  "market_total_mae": 3.726524879614767,
  "blend_alpha_spread": 0.0,
  "blend_alpha_total": 0.0
}