{
  "direct_spread_mae": 3.4111569756244497,
  "direct_spread_rmse": 4.4141201933620176,
  "direct_spread_p68": 4.103597435951233,
  "direct_spread_p90": 7.242664647102358,
  "direct_rl_mae": 3.4111569756244497,
  "direct_rl_rmse": 4.4141201933620176,
  "direct_rl_dir": 0.5891590678824722,
  "direct_rl_p68": 4.103597435951233,
  "direct_rl_p90": 7.242664647102358,
  "direct_total_mae": 3.536623867811765,
  "direct_total_rmse": 4.475183855625184,
  "direct_total_p68": 4.378334465026856,
  "direct_total_p90": 7.0936713218688965,
  "direct_f5_mae": 2.5578089224252816,
  "resid_spread_mae": 3.6672436407277753,
  "resid_spread_rmse": 4.758216420191349,
  "resid_spread_p68": 4.482490234375001,
  "resid_spread_p90": 7.7047710716724405,
  "resid_rl_mae": 3.6672436407277753,
  "resid_rl_rmse": 4.758216420191349,
  "resid_rl_p68": 4.482490234375001,
  "resid_rl_p90": 7.7047710716724405,
  "resid_total_mae": 3.5754898635585586,
  "resid_total_rmse": 4.553327510743931,
  "resid_total_p68": 4.329949721097948,
  "resid_total_p90": 7.2341435045003895,
  "direct_spread_mae_market": 3.400053623627025,
  "direct_total_mae_market": 3.537065124565629,
  "market_spread_mae": 4.045788581119276,
  "market_total_mae": 3.6375070661390616,
  "blend_alpha_spread": 0.0,
  "blend_alpha_total": 0.0
}