{
  "direct_spread_mae": 3.4856888115340166,
  "direct_spread_rmse": 4.510486576051168,
  "direct_spread_p68": 4.227600932121277,
  "direct_spread_p90": 7.2602314949035645,
  "direct_rl_mae": 3.4856888115340166,
  "direct_rl_rmse": 4.510486576051168,
  "direct_rl_dir": 0.5636007827788649,
  "direct_rl_p68": 4.227600932121277,
  "direct_rl_p90": 7.2602314949035645,
  "direct_total_mae": 3.5470592133786245,
  "direct_total_rmse": 4.479003389560824,
  "direct_total_p68": 4.34117904663086,
  "direct_total_p90": 7.007835102081299,
  "resid_spread_mae": 3.482944423553078,
  "resid_spread_rmse": 4.528692800110474,
  "resid_spread_p68": 4.248848934173586,
  "resid_spread_p90": 7.269152033329012,
  "resid_rl_mae": 3.482944423553078,
  "resid_rl_rmse": 4.528692800110474,
  "resid_rl_p68": 4.248848934173586,
  "resid_rl_p90": 7.269152033329012,
  "resid_total_mae": 3.5491379748770315,
  "resid_total_rmse": 4.473709104117065,
  "resid_total_p68": 4.3616618323326115,
  "resid_total_p90": 7.014427165687085,
  "direct_spread_mae_market": 3.46825150098252,
  "direct_total_mae_market": 3.5511447510049607,
  "market_spread_mae": 4.06584297779168,
  "market_total_mae": 3.6606193306224584,
  "blend_alpha_spread": 0.4989,
  "blend_alpha_total": 0.5001
}