{
  "direct_spread_mae": 3.421208906147504,
  "direct_spread_rmse": 4.46323727282959,
  "direct_spread_p68": 4.143822140693665,
  "direct_spread_p90": 7.284232363104823,
  "direct_rl_mae": 3.421208906147504,
  "direct_rl_rmse": 4.46323727282959,
  "direct_rl_dir": 0.5979988228369629,
  "direct_rl_p68": 4.143822140693665,
  "direct_rl_p90": 7.284232363104823,
  "direct_total_mae": 3.5359930502379058,
  "direct_total_rmse": 4.463825862822203,
  "direct_total_p68": 4.320753517150879,
  "direct_total_p90": 7.025973224639895,
  "resid_spread_mae": 3.447456333908662,
  "resid_spread_rmse": 4.514889617627878,
  "resid_spread_p68": 4.203348598480225,
  "resid_spread_p90": 7.28014672994614,
  "resid_rl_mae": 3.447456333908662,
  "resid_rl_rmse": 4.514889617627878,
  "resid_rl_p68": 4.203348598480225,
  "resid_rl_p90": 7.28014672994614,
  "resid_total_mae": 3.5347071149405265,
  "resid_total_rmse": 4.46312783214938,
  "resid_total_p68": 4.368387649655342,
  "resid_total_p90": 7.0435680091381085,
  "direct_spread_mae_market": 3.3906729341330206,
  "direct_total_mae_market": 3.5348046455862026,
  "market_spread_mae": 4.041941875825628,
  "market_total_mae": 3.661327608982827,
  "blend_alpha_spread": 0.4958,
  "blend_alpha_total": 0.5
}