{"venue_id": 2392.0, "run_line_home": -1.5, "run_line_home_price": -110.0, "run_line_away_price": -113.0, "total_line": 8.5, "over_price": -110.0, "under_price": -110.0, "open_run_line_home": -1.5, "open_total_line": 8.5, "total_line_move": 0.0, "run_line_move": 0.0, "park_run_factor": 1.006, "park_hr_factor": 1.012, "home_runs_avg_5": 4.2, "home_hr_avg_5": 1.0, "home_avg_avg_5": 0.2371509894280293, "home_obp_avg_5": 0.30118181632944147, "home_slg_avg_5": 0.38814362108479755, "home_iso_avg_5": 0.14868464868464867, "home_k_pct_avg_5": 0.2513905634595289, "home_bb_pct_avg_5": 0.08145258103241296, "home_runs_avg_10": 4.4, "home_hr_avg_10": 1.1, "home_avg_avg_10": 0.2379096008360077, "home_obp_avg_10": 0.30082547394603765, "home_slg_avg_10": 0.3883617689500043, "home_iso_avg_10": 0.1499598902559429, "home_k_pct_avg_10": 0.2509715897980876, "home_bb_pct_avg_10": 0.08203648261362384, "home_runs_avg_20": 4.4, "home_runs_sd_10": 2.9078437983419185, "away_runs_avg_5": 4.4, "away_hr_avg_5": 1.0, "away_avg_avg_5": 0.23796703296703298, "away_obp_avg_5": 0.3015426350720468, "away_slg_avg_5": 0.38715891951186066, "away_iso_avg_5": 0.14811650992685474, "away_k_pct_avg_5": 0.2509031198686371, "away_bb_pct_avg_5": 0.08120465945363346, "away_runs_avg_10": 4.4, "away_hr_avg_10": 1.1, "away_avg_avg_10": 0.23899276919178333, "away_obp_avg_10": 0.3020235177026972, "away_slg_avg_10": 0.39003727560127954, "away_iso_avg_10": 0.15064491193900334, "away_k_pct_avg_10": 0.25168653054705176, "away_bb_pct_avg_10": 0.08212433077758155, "away_runs_avg_20": 4.4, "away_runs_sd_10": 2.9059326290271157, "home_runs_allowed_avg_5": 4.4, "home_era_5": 4.035, "home_whip_5": 1.2805555555555554, "home_k9_5": 8.52, "home_bb9_5": 3.125, "home_hr9_5": 1.1005632040050062, "home_sp_era_5": 4.62, "home_sp_whip_5": 1.3666536914493317, "home_team_sp_k9_5": 8.374766868485112, "home_bp_era_5": 3.6466308185084735, "home_bp_whip_5": 1.2743457743457742, "home_runs_allowed_avg_10": 4.4, "home_era_10": 4.159882358553384, "home_whip_10": 1.2869444444444444, "home_k9_10": 8.498078157958822, "home_bb9_10": 3.15, "home_hr9_10": 1.1496670366259711, "home_sp_era_10": 4.762751508845747, "home_sp_whip_10": 1.3882476760607794, "home_team_sp_k9_10": 8.331625271747223, "home_bp_era_10": 3.948577634959805, "home_bp_whip_10": 1.2985397174476403, "home_bullpen_ip_last_3": 9.33, "away_runs_allowed_avg_5": 4.2, "away_era_5": 4.031654676258992, "away_whip_5": 1.2765640288836904, "away_k9_5": 8.477780244173141, "away_bb9_5": 3.105186145060747, "away_hr9_5": 1.075, "away_sp_era_5": 4.435732622733197, "away_sp_whip_5": 1.3517294902733874, "away_team_sp_k9_5": 8.269666770926063, "away_bp_era_5": 3.790550836101378, "away_bp_whip_5": 1.2816421090078682, "away_runs_allowed_avg_10": 4.3, "away_era_10": 4.063434245637235, "away_whip_10": 1.2805555555555554, "away_k9_10": 8.5, "away_bb9_10": 3.1250950323140976, "away_hr9_10": 1.1125, "away_sp_era_10": 4.639260969976905, "away_sp_whip_10": 1.3702740887544567, "away_team_sp_k9_10": 8.372843728511684, "away_bp_era_10": 3.899057109289312, "away_bp_whip_10": 1.2898523761080303, "away_bullpen_ip_last_3": 9.0, "home_sp_career_era_5": 4.277142857142857, "home_sp_career_whip_5": 1.3341675008341676, "home_sp_k_pct_5": 0.21374364765669113, "home_sp_bb_pct_5": 0.07489732266432703, "home_sp_fip_5": 4.151210276888545, "home_sp_k9_5": 8.242888221529546, "home_sp_bb9_5": 3.0251636586111963, "home_sp_hr9_5": 1.2104632152588555, "home_sp_ip_avg_5": 5.4, "home_sp_career_era_10": 4.38697769598613, "home_sp_fip_10": 4.214665415884928, "home_sp_starts_in_window": 5.0, "home_sp_days_rest": 6.0, "home_sp_is_short_rest": 0.0, "home_sp_era_home_10": 3.8041738019303177, "home_sp_era_away_10": 4.4271688589782805, "home_sp_k9_home_10": 8.497006388450297, "home_sp_k9_away_10": 8.011320506463822, "home_sp_fip_home_10": 3.874770123119438, "home_sp_fip_away_10": 4.233105537178501, "away_sp_career_era_5": 4.24, "away_sp_career_whip_5": 1.319359470094584, "away_sp_k_pct_5": 0.21419668902570269, "away_sp_bb_pct_5": 0.07387142798043411, "away_sp_fip_5": 4.1457448782567266, "away_sp_k9_5": 8.245714285714286, "away_sp_bb9_5": 3.0, "away_sp_hr9_5": 1.2, "away_sp_ip_avg_5": 5.4, "away_sp_career_era_10": 4.334747850065037, "away_sp_fip_10": 4.175704524129004, "away_sp_starts_in_window": 5.0, "away_sp_days_rest": 6.0, "away_sp_is_short_rest": 0.0, "away_sp_era_home_10": 3.8385553470919325, "away_sp_era_away_10": 4.35, "away_sp_k9_home_10": 8.414363916962918, "away_sp_k9_away_10": 8.003211503018012, "away_sp_fip_home_10": 3.913183421516755, "away_sp_fip_away_10": 4.212311718098927, "home_wins": 38.0, "home_losses": 39.0, "home_win_pct": 0.5037880961946852, "home_run_diff": 4.0, "home_run_diff_per_game": 0.0970873786407767, "home_division_rank": NaN, "home_rest_days": 1.0, "home_is_b2b": 1.0, "home_games_played": 78.5, "home_wins_last_5": 2.0, "home_win_pct_last_5": 0.4, "home_wins_last_10": 5.0, "home_win_pct_last_10": 0.5, "home_run_diff_avg_last_5": 0.0, "away_wins": 38.0, "away_losses": 39.0, "away_win_pct": 0.5046300265797822, "away_run_diff": 6.0, "away_run_diff_per_game": 0.12313266443701226, "away_division_rank": NaN, "away_rest_days": 1.0, "away_is_b2b": 1.0, "away_games_played": 79.0, "away_wins_last_5": 2.0, "away_win_pct_last_5": 0.6, "away_wins_last_10": 5.0, "away_win_pct_last_10": 0.5, "away_run_diff_avg_last_5": 0.0, "h2h_games_ytd": 2.0, "h2h_home_win_pct_ytd": 0.5, "runs_scored_edge_10": 0.0, "obp_edge_10": -0.0020107084885087056, "slg_edge_10": -0.0029033701709224036, "era_edge_10": -0.08054592314901593, "whip_edge_10": -0.007005692805382546, "sp_fip_edge_5": -0.011420814925830709, "sp_era_edge_5": -0.012029268843727368, "bullpen_fatigue_edge": -0.33, "rest_days_advantage": 0.0, "win_pct_edge": 0.0, "run_diff_per_game_edge": -0.00804636790353594, "division_rank_edge": 0.0, "home_implied_runs": 4.35, "away_implied_runs": 4.4, "park_adj_implied_total": 8.8257, "n_ump_games_prev_5": 5.0, "ump_rpg_5": 8.8, "ump_k9_5": 8.506063282065831, "ump_bb9_5": 3.0941176470588236, "ump_rpg_10": 8.8, "ump_k9_10": 8.537496100776192, "ump_bb9_10": 3.1105351965433887, "temperature_f": 75.1, "wind_speed_mph": 7.1, "wind_sin": -0.19080899537654467, "wind_cos": -0.2756373558169989, "precip_prob_pct": 0.0, "is_dome": 0.0, "home_lineup_avg_avg_10": 0.23777777777777775, "home_lineup_slg_avg_10": 0.3950552925112205, "home_lineup_iso_avg_10": 0.1488888888888889, "home_top4_slg_avg_10": 0.4352044352044352, "home_lineup_completeness": 1.1111111111111112, "away_lineup_avg_avg_10": 0.2369047619047619, "away_lineup_slg_avg_10": 0.39525793212883714, "away_lineup_iso_avg_10": 0.14866666666666667, "away_top4_slg_avg_10": 0.43981542518127886, "away_lineup_completeness": 1.1111111111111112, "lineup_avg_edge": 0.0, "lineup_slg_edge": -4.6412108005127786e-05, "home_bullpen_ip_last_7": 21.67, "home_bp_era_7d": 3.722854188210962, "home_sp_short_last": 0.0, "away_bullpen_ip_last_7": 21.66, "away_bp_era_7d": 3.7914691943127963, "away_sp_short_last": 0.0, "bullpen_fatigue_7d_edge": -0.32, "season_days_elapsed": 84.0, "start_hour_utc": 19.0, "start_dow_utc": 4.0, "season_2024-regular": 0.0, "season_2025-regular": 0.0, "season_2026-regular": 0.0, "home_team_abbr_ARI": 0.0, "home_team_abbr_ATH": 0.0, "home_team_abbr_ATL": 0.0, "home_team_abbr_BAL": 0.0, "home_team_abbr_BOS": 0.0, "home_team_abbr_CHC": 0.0, "home_team_abbr_CIN": 0.0, "home_team_abbr_CLE": 0.0, "home_team_abbr_COL": 0.0, "home_team_abbr_CWS": 0.0, "home_team_abbr_DET": 0.0, "home_team_abbr_HOU": 0.0, "home_team_abbr_KC": 0.0, "home_team_abbr_LAA": 0.0, "home_team_abbr_LAD": 0.0, "home_team_abbr_MIA": 0.0, "home_team_abbr_MIL": 0.0, "home_team_abbr_MIN": 0.0, "home_team_abbr_NYM": 0.0, "home_team_abbr_NYY": 0.0, "home_team_abbr_OAK": 0.0, "home_team_abbr_PHI": 0.0, "home_team_abbr_PIT": 0.0, "home_team_abbr_SD": 0.0, "home_team_abbr_SEA": 0.0, "home_team_abbr_SF": 0.0, "home_team_abbr_STL": 0.0, "home_team_abbr_TB": 0.0, "home_team_abbr_TEX": 0.0, "home_team_abbr_TOR": 0.0,