{
  "away_lineup_completeness": 0.024165,
  "home_lineup_completeness": 0.022115,
  "away_is_b2b": 0.017933,
  "home_elo_x_sp_quality": 0.012517,
  "away_rest_days": 0.009826,
  "home_win_pct_last_10": 0.008121,
  "home_rest_days": 0.007877,
  "home_runs_allowed_avg_10": 0.006704,
  "home_losses": 0.006503,
  "lineup_slg_edge": 0.006396,
  "sp_era_edge_5": 0.006273,
  "home_bp_era7_x_ip7": 0.006165,
  "market_home_win_prob": 0.005958,
  "away_sp_k_pct_5": 0.005896,
  "away_team_k_bb_ratio_5": 0.005578,
  "away_era_trend_5v10": 0.005523,
  "home_games_played": 0.005516,
  "temperature_f": 0.005477,
  "home_bp_whip_10": 0.00546,
  "season_2025-regular": 0.005413,
  "pythag_record_edge": 0.005398,
  "home_elo": 0.005359,
  "home_bullpen_exposure": 0.005348,
  "away_losses": 0.005335,
  "win_pct_last_5_diff": 0.005277,
  "h2h_home_win_pct_ytd": 0.005218,
  "away_sp_k9_home_10": 0.005171,
  "away_implied_runs": 0.005161,
  "pen_exposure_era_diff": 0.005152,
  "home_top4_slg_avg_10": 0.005143,
  "home_sp_era_10": 0.00506,
  "run_diff_per_game_edge": 0.005035,
  "away_wins": 0.005025,
  "away_pen_depletion": 0.005007,
  "home_ops_5": 0.004993,
  "home_sp_k_bb_ratio_5": 0.00496,
  "sp_short_asymmetry": 0.004943,
  "away_obp_avg_5": 0.00494,
  "form_momentum_diff": 0.004874,
  "is_day_game": 0.004871,
  "win_pct_edge": 0.004762,
  "elo_diff": 0.004659,
  "home_implied_runs": 0.004633,
  "home_run_diff": 0.004592,
  "runs_trend_diff": 0.00459,
  "away_sp_era_home_10": 0.004554,
  "away_win_pct": 0.004535,
  "away_era_10": 0.004501,
  "home_win_pct": 0.004486,
  "home_run_diff_avg_last_5": 0.004478,
  "away_lineup_slg_avg_10": 0.00447,
  "sp_composite_edge": 0.004437,
  "home_sp_fip_home_10": 0.00442,
  "away_runs_avg_5": 0.004408,
  "pen_depletion_edge": 0.0044,
  "batting_avg_avg_10_diff": 0.004374,
  "home_pen_depletion": 0.004296,
  "era_edge_10": 0.004291,
  "away_sp_k_bb_ratio_5": 0.004284,
  "home_wins": 0.004254,
  "away_bullpen_ip_last_7": 0.004243,
  "team_whip_5_diff": 0.00419,
  "away_sp_whip_10": 0.004164,
  "away_runs_trend_5v20": 0.004161,
  "away_pythag": 0.004138,
  "away_sp_era_5": 0.004127,
  "sp_era_5_diff": 0.004099,
  "home_k9_10": 0.004087,
  "home_team_k_bb_ratio_5": 0.004087,
  "home_sp_k9_5": 0.004085,
  "runs_scored_edge_10": 0.004069,
  "batting_avg_avg_5_diff": 0.004064,
  "home_bullpen_ip_last_3": 0.004042,
  "series_game_number": 0.004027,
  "away_hr_avg_10": 0.004023,
  "away_lineup_iso_avg_10": 0.003989,
  "away_elo": 0.003952,
  "away_bb_pct_avg_5": 0.003937,
  "sp_home_away_split_edge": 0.003933,
  "away_k9_10": 0.003928,
  "home_lineup_iso_avg_10": 0.003905,
  "pythag_diff": 0.003901,
  "home_bb9_10": 0.00389,
  "home_runs_trend_5v20": 0.003864,
  "home_whip_5": 0.003824,
  "away_sp_fip_home_10": 0.003797,
  "ops_diff_10": 0.003743,
  "home_sp_fip_5": 0.003724,
  "era_trend_diff": 0.003713,
  "away_bb9_5": 0.003708,
  "away_sp_fip_away_10": 0.003706,
  "obp_edge_10": 0.003678,
  "away_sp_fip_10": 0.003663,
  "home_sp_career_era_5": 0.003661,
  "away_bp_era_5": 0.003658,
  "away_runs_sd_10": 0.003654,
  "home_hr9_10": 0.003642,
  "away_bb9_10": 0.003639,
  "away_run_diff_avg_last_5": 0.003583,
  "home_bp_era_10": 0.00358,
  "home_sp_home_away_era_split": 0.00358,
  "away_sp_career_whip_5": 0.00358,
  "home_sp_career_whip_5": 0.003576,
  "home_sp_era_5": 0.003565,
  "home_sp_fip_away_10": 0.003534,
  "away_hr9_5": 0.003532,
  "away_run_diff": 0.003505,
  "away_hr9_10": 0.003492,
  "away_bp_usage_per_rest": 0.003491,
  "home_k_pct_avg_10": 0.003484,
  "start_dow_utc": 0.003476,
  "team_era_5_diff": 0.003476,
  "home_sp_k9_away_10": 0.003471,
  "bp_era_diff_10": 0.003462,
  "ump_rpg_5": 0.003452,
  "home_sp_k9_home_10": 0.003447,
  "away_bp_whip_10": 0.00344,
  "away_sp_fip_5": 0.003438,
  "home_iso_avg_10": 0.003437,
  "home_sp_starts_in_window": 0.003435,
  "home_park_adj_runs_10": 0.003416,
  "ump_k9_5": 0.003392,
  "home_hr_avg_10": 0.003392,
  "sp_whip_5_diff": 0.003391,
  "run_diff_avg_last_5_edge": 0.003383,
  "away_runs_allowed_avg_10": 0.003382,
  "home_bullpen_ip_last_7": 0.00332,
  "away_whip_5": 0.003313,
  "away_sp_era_10": 0.003301,
  "away_sp_career_era_10": 0.003289,
  "away_elo_x_sp_quality": 0.003284,
  "home_bp_whip_5": 0.003269,
  "bullpen_fatigue_7d_edge": 0.003269,
  "home_hr9_5": 0.003264,
  "away_whip_10": 0.00326,
  "away_sp_era_away_10": 0.00323,
  "batting_runs_avg_5_diff": 0.003228,
  "away_team_sp_k9_5": 0.003222,
  "home_pen_exposure_x_era": 0.003221,
  "home_slg_avg_10": 0.003221,
  "home_runs_sd_10": 0.003219,
  "away_sp_bb_pct_5": 0.003199,
  "away_sp_hr9_5": 0.003179,
  "ump_k9_10": 0.003162,
  "away_sp_k9_5": 0.003161,
  "away_sp_ip_avg_5": 0.003157,
  "ump_rpg_10": 0.003155,
  "bullpen_fatigue_edge": 0.00313,
  "away_sp_days_rest": 0.003101,
  "ump_bb9_5": 0.003099,
  "wind_speed_mph": 0.003092,
  "batting_hr_avg_10_diff": 0.003091,
  "away_pen_exposure_x_era": 0.00309,
  "home_bp_era_5": 0.003079,
  "home_whip_10": 0.003078,
  "home_team_sp_k9_10": 0.003075,
  "home_bp_usage_per_rest": 0.003075,
  "pythag_sp_quality_diff": 0.003059,
  "home_sp_days_rest": 0.003056,
  "away_k_pct_avg_5": 0.003036,
  "away_bp_whip_5": 0.003016,
  "bp_era_diff_5": 0.003007,
  "run_line_move": 0.003001,
  "away_run_diff_per_game": 0.002984,
  "home_sp_era_home_10": 0.002946,
  "wind_cos": 0.00294,
  "home_ops_10": 0.002933,
  "home_sp_whip_10": 0.002931,
  "away_era_5": 0.002925,
  "ops_diff_5": 0.002916,
  "wind_sin": 0.002903,
  "home_bb_pct_avg_10": 0.002883,
  "sp_k_pct_5_diff": 0.002838,
  "ump_bb9_10": 0.002823,
  "home_form_vs_season": 0.002811,
  "away_form_vs_season": 0.002811,
  "run_line_away_price": 0.002802,
  "home_bp_era_7d": 0.002789,
  "home_sp_era_x_opp_avg": 0.002771,
  "home_bb9_5": 0.002761,
  "away_runs_allowed_avg_5": 0.00276,
  "away_bp_era_10": 0.002745,
  "home_sp_whip_5": 0.002739,
  "away_team_sp_k9_10": 0.002728,
  "home_lineup_avg_avg_10": 0.002728,
  "home_pythag_x_opp_sp_fip": 0.002717,
  "open_run_line_home": 0.002711,
  "away_pythag_vs_record": 0.00269,
  "precip_prob_pct": 0.002689,
  "away_k9_5": 0.002681,
  "home_lineup_slg_avg_10": 0.002675,
  "away_obp_avg_10": 0.002654,
  "away_pythag_x_opp_sp_fip": 0.002652,
  "home_run_diff_per_game": 0.002646,
  "season_days_elapsed": 0.002636,
  "away_avg_avg_10": 0.002635,
  "lineup_avg_edge": 0.002632,
  "open_total_line": 0.002626,
  "away_ops_10": 0.002621,
  "home_sp_ip_avg_5": 0.00262,
  "away_sp_bb9_5": 0.002607,
  "home_pythag": 0.002589,
  "away_bp_era7_x_ip7": 0.002583,
  "batting_hr_avg_5_diff": 0.002574,
  "away_top4_slg_avg_10": 0.002571,
  "home_k9_5": 0.002563,
  "away_k_pct_avg_10": 0.002563,
  "home_pythag_vs_record": 0.002556,
  "away_sp_k9_away_10": 0.002535,
  "away_runs_avg_20": 0.002532,
  "team_k_bb_ratio_diff": 0.002531,
  "away_slg_avg_10": 0.00251,
  "home_slg_avg_5": 0.002507,
  "home_sp_k_pct_5": 0.002485,
  "park_adj_implied_total": 0.002456,
  "sp_fip_edge_5": 0.002448,
  "home_sp_fip_10": 0.00244,
  "home_runs_avg_20": 0.002438,
  "home_runs_avg_10": 0.002401,
  "home_sp_career_era_10": 0.002395,
  "away_lineup_avg_avg_10": 0.002385,
  "away_park_adj_runs_10": 0.002385,
  "away_bb_pct_avg_10": 0.002371,
  "home_sp_bb_pct_5": 0.002344,
  "sp_k_bb_ratio_diff": 0.002335,
  "park_adj_runs_diff": 0.002335,
  "away_sp_whip_5": 0.002334,
  "home_sp_era_away_10": 0.002322,
  "start_hour_utc": 0.002291,
  "away_bp_era_7d": 0.002291,
  "home_team_sp_k9_5": 0.002287,
  "away_slg_avg_5": 0.002285,
  "away_sp_career_era_5": 0.002275,
  "away_win_pct_last_10": 0.00224,
  "home_iso_avg_5": 0.00223,
  "whip_edge_10": 0.002199,
  "away_sp_home_away_era_split": 0.002164,
  "sp_days_rest_diff": 0.002164,
  "park_run_factor": 0.002098,
  "under_price": 0.002088,