{"run_line_away_price": -113.5, "total_line": 8.5, "under_price": -110.0, "open_run_line_home": -1.5, "open_total_line": 8.5, "park_run_factor": 1.006, "home_hr_avg_5": 1.0, "home_avg_avg_5": 0.23672535146219356, "home_obp_avg_5": 0.30173024807171145, "home_slg_avg_5": 0.38615464994775345, "home_iso_avg_5": 0.14789379974863845, "home_k_pct_avg_5": 0.25096851499521133, "home_bb_pct_avg_5": 0.08289221995104348, "home_runs_avg_10": 4.4, "home_hr_avg_10": 1.1, "home_avg_avg_10": 0.23742372149624927, "home_obp_avg_10": 0.3014522019699572, "home_slg_avg_10": 0.38631381052424857, "home_iso_avg_10": 0.1487620235496602, "home_k_pct_avg_10": 0.25108127067511543, "home_bb_pct_avg_10": 0.08323777199357695, "home_runs_avg_20": 4.4, "home_runs_sd_10": 2.913569784454954, "home_sb_avg_5": 0.6, "home_sb_avg_10": 0.6, "home_sb_pct_10": 0.018691588785046728, "away_runs_avg_5": 4.4, "away_hr_avg_5": 1.0, "away_avg_avg_5": 0.23796337667436274, "away_obp_avg_5": 0.30225666843313903, "away_slg_avg_5": 0.386473432481497, "away_iso_avg_5": 0.14764045989852442, "away_k_pct_avg_5": 0.24974439775910362, "away_bb_pct_avg_5": 0.08216782651417626, "away_runs_avg_10": 4.4, "away_hr_avg_10": 1.1, "away_avg_avg_10": 0.23877208141321046, "away_obp_avg_10": 0.3025602168285095, "away_slg_avg_10": 0.38869003744003744, "away_iso_avg_10": 0.14970418966806995, "away_k_pct_avg_10": 0.2504601297205825, "away_bb_pct_avg_10": 0.08332972124474879, "away_runs_avg_20": 4.4, "away_runs_sd_10": 2.913569784454954, "away_sb_avg_5": 0.6, "away_sb_avg_10": 0.6, "away_sb_pct_10": 0.018518518518518517, "home_runs_allowed_avg_5": 4.4, "home_era_5": 4.035, "home_whip_5": 1.283677513558615, "home_k9_5": 8.465, "home_bb9_5": 3.175, "home_hr9_5": 1.075222469410456, "home_sp_era_5": 4.624603174603174, "home_sp_whip_5": 1.3666666666666667, "home_team_sp_k9_5": 8.372371087209467, "home_bp_era_5": 3.64342256948892, "home_bp_whip_5": 1.276928145136359, "home_bp_k9_5": 8.82, "home_runs_allowed_avg_10": 4.4, "home_era_10": 4.1625, "home_whip_10": 1.2898936528803047, "home_k9_10": 8.473723581757508, "home_bb9_10": 3.198198748342628, "home_hr9_10": 1.1393890675241158, "home_sp_era_10": 4.768753048278301, "home_sp_whip_10": 1.3912842848208702, "home_team_sp_k9_10": 8.329000429000429, "home_bp_era_10": 3.9524312847740988, "home_bp_whip_10": 1.301613914106521, "home_bp_k9_10": 8.851862328230128, "home_bullpen_ip_last_3": 9.33, "away_runs_allowed_avg_5": 4.2, "away_era_5": 4.028879527797397, "away_whip_5": 1.2787400917813934, "away_k9_5": 8.473668146503885, "away_bb9_5": 3.155, "away_hr9_5": 1.075, "away_sp_era_5": 4.417675192491843, "away_sp_whip_5": 1.3521807521807523, "away_team_sp_k9_5": 8.272194860813704, "away_bp_era_5": 3.790550836101378, "away_bp_whip_5": 1.2862308532301643, "away_bp_k9_5": 8.91175037698643, "away_runs_allowed_avg_10": 4.3, "away_era_10": 4.0625, "away_whip_10": 1.2817103620474408, "away_k9_10": 8.490883494665942, "away_bb9_10": 3.175, "away_hr9_10": 1.1091795809232785, "away_sp_era_10": 4.629653044499583, "away_sp_whip_10": 1.3718509235582403, "away_team_sp_k9_10": 8.380228433764174, "away_bp_era_10": 3.891773410555808, "away_bp_whip_10": 1.2955953351975493, "away_bp_k9_10": 8.872585277908668, "away_bullpen_ip_last_3": 9.0, "home_sp_career_era_5": 4.2607515233581585, "home_sp_career_whip_5": 1.3333333333333333, "home_sp_k_pct_5": 0.21414859767292121, "home_sp_bb_pct_5": 0.07558325336556047, "home_sp_fip_5": 4.135123456790124, "home_sp_k9_5": 8.271599639809914, "home_sp_bb9_5": 3.051809251894905, "home_sp_hr9_5": 1.1902497456306262, "home_sp_ip_avg_5": 5.334, "home_sp_career_era_10": 4.35, "home_sp_fip_10": 4.188204832305919, "home_sp_starts_in_window": 5.0, "home_sp_days_rest": 6.0, "home_sp_era_home_10": 3.7511230864627647, "home_sp_era_away_10": 4.38568129330254, "home_sp_k9_home_10": 8.52483076477664, "home_sp_k9_away_10": 8.026351351351352, "home_sp_fip_home_10": 3.8423982869379016, "home_sp_fip_away_10": 4.207934717169474, "home_sp_era_20": 4.326596386631422, "home_sp_fip_20": 4.162910113391007, "home_sp_last_k": 5.0, "home_sp_last_bb": 2.0, "home_sp_last_fip": 3.7714285714285714, "away_sp_career_era_5": 4.183492063492063, "away_sp_career_whip_5": 1.3182448036951502, "away_sp_k_pct_5": 0.21422324552009708, "away_sp_bb_pct_5": 0.0751025641025641, "away_sp_fip_5": 4.13685628317481, "away_sp_k9_5": 8.25, "away_sp_bb9_5": 3.0174603174603174, "away_sp_hr9_5": 1.1914087759815242, "away_sp_ip_avg_5": 5.4, "away_sp_career_era_10": 4.296306920802766, "away_sp_fip_10": 4.151267340326743, "away_sp_starts_in_window": 5.0, "away_sp_days_rest": 6.0, "away_sp_era_home_10": 3.822306515754053, "away_sp_era_away_10": 4.311424551058697, "away_sp_k9_home_10": 8.442776735459661, "away_sp_k9_away_10": 8.020424380109574, "away_sp_fip_home_10": 3.9, "away_sp_fip_away_10": 4.2, "away_sp_era_20": 4.283797262343209, "away_sp_fip_20": 4.152577237557914, "away_sp_last_k": 5.0, "away_sp_last_bb": 2.0, "away_sp_last_fip": 3.7, "home_wins": 33.0, "home_losses": 33.0, "home_win_pct": 0.5, "home_run_diff": 2.0, "home_run_diff_per_game": 0.055867665418227214, "home_rest_days": 1.0, "home_games_played": 68.0, "home_wins_last_5": 2.0, "home_wins_last_10": 5.0, "home_win_pct_last_10": 0.5, "home_run_diff_avg_last_5": 0.0, "away_wins": 33.0, "away_losses": 33.0, "away_win_pct": 0.5, "away_run_diff": 3.0, "away_run_diff_per_game": 0.07692307692307693, "away_rest_days": 1.0, "away_games_played": 68.0, "away_win_pct_last_5": 0.6, "away_wins_last_10": 5.0, "away_win_pct_last_10": 0.5, "away_run_diff_avg_last_5": 0.0, "h2h_games_ytd": 2.0, "runs_scored_edge_10": 0.0, "obp_edge_10": -0.0019136861511134806, "slg_edge_10": -0.0029682630080500316, "era_edge_10": -0.08924166571851178, "whip_edge_10": -0.009532788585109975, "sp_fip_edge_5": -0.02540847923273911, "sp_era_edge_5": -0.03191405344881644, "bullpen_fatigue_edge": -0.33, "win_pct_edge": 0.0, "run_diff_per_game_edge": -0.012262950971322822, "home_implied_runs": 4.35, "away_implied_runs": 4.4, "park_adj_implied_total": 8.824349999999999, "ump_rpg_5": 8.8, "ump_k9_5": 8.523529411764706, "ump_bb9_5": 3.1411764705882357, "ump_rpg_10": 8.8, "ump_k9_10": 8.55777136140488, "ump_bb9_10": 3.1355328421455475, "temperature_f": 74.2, "wind_speed_mph": 7.3, "wind_sin": -0.2164313725808124, "wind_cos": -0.25881904510252063, "precip_prob_pct": 0.0, "home_lineup_avg_avg_10": 0.23750000000000002, "home_lineup_slg_avg_10": 0.3933596315143429, "home_lineup_iso_avg_10": 0.14783333333333332, "home_top4_slg_avg_10": 0.43344939943777155, "away_lineup_avg_avg_10": 0.2368333333333333, "away_lineup_slg_avg_10": 0.3933983010414899, "away_lineup_iso_avg_10": 0.14800000000000002, "away_top4_slg_avg_10": 0.43801665676665674, "lineup_avg_edge": 0.0, "lineup_slg_edge": -6.486468420484506e-05, "home_bullpen_ip_last_7": 21.99, "home_bp_era_7d": 3.725422559503277, "away_bullpen_ip_last_7": 21.67, "away_bp_era_7d": 3.7914691943127963, "bullpen_fatigue_7d_edge": -0.31, "series_game_number": 2.0, "home_sp_k_pct_10": 0.21542201283582585, "away_sp_k_pct_10": 0.21524642154497237, "home_sp_venue_starts": 5.0, "home_sp_venue_era": 3.9930060934326335, "home_sp_venue_k9": 8.7, "home_sp_venue_fip": 3.8979251063725764, "away_sp_venue_starts": 0.0, "away_sp_venue_era": 3.6, "away_sp_venue_k9": 7.714285714285714, "away_sp_venue_fip": 3.8666666666666667, "home_bp_relievers_last_1d": 3.0, "home_bp_relievers_last_2d": 5.0, "home_bp_relievers_last_3d": 7.0, "home_bp_ip_last_1d": 3.33, "home_bp_avg_era_last_3d": 3.3667280801277424, "away_bp_relievers_last_1d": 3.0, "away_bp_relievers_last_2d": 5.0, "away_bp_relievers_last_3d": 7.0, "away_bp_ip_last_1d": 3.0, "away_bp_avg_era_last_3d": 3.347051740888866, "home_sp_last_ip": 5.33, "away_sp_last_ip": 5.33, "home_sp_sc_barrel_rate": 8.4, "home_sp_sc_hard_hit_pct": 40.3, "home_sp_sc_xwoba": 0.319, "home_sp_sc_exit_velo": 89.3, "home_sp_sl_whiff_pct": 31.1, "home_sp_ch_whiff_pct": 30.2, "home_sp_fb_put_away": 17.6, "away_sp_sc_barrel_rate": 8.3, "away_sp_sc_hard_hit_pct": 40.2,