{
  "home_lineup_completeness": 0.018989,
  "away_lineup_completeness": 0.016868,
  "diff_sp_sc_xwoba": 0.013274,
  "diff_lineup_xwoba": 0.009832,
  "combined_sp_sc_xwoba": 0.007838,
  "home_team_hr_x_park": 0.006141,
  "elo_diff": 0.005844,
  "home_bp_avg_era_last_3d": 0.005549,
  "sp_era_park_adj_diff": 0.005527,
  "home_sp_last_k": 0.005258,
  "home_sp_sc_xwoba": 0.004937,
  "away_h2h_slg_wtd": 0.004677,
  "combined_ops_10": 0.004604,
  "total_k_suppression": 0.004541,
  "away_h2h_obp": 0.004504,
  "home_h2h_obp": 0.004504,
  "combined_runs_avg_5": 0.004461,
  "bp_relievers_edge_3d": 0.004233,
  "away_sp_venue_fip": 0.004222,
  "home_catcher_framing_rv": 0.00415,
  "home_sp_era_trend_5v10": 0.004069,
  "ump_k9_x_home_sp_k": 0.004062,
  "away_sp_era_opp_adj_5": 0.004057,
  "away_sp_sc_xwoba": 0.003999,
  "away_sb_pct_10": 0.003987,
  "away_h2h_n": 0.003904,
  "away_sp_venue_k9": 0.003832,
  "ump_rpg_x_park": 0.003821,
  "home_run_diff": 0.003791,
  "batting_iso_avg_10_diff": 0.003687,
  "ump_sp_k_environment": 0.003686,
  "away_games_played": 0.003667,
  "home_h2h_ba": 0.003606,
  "diff_sp_sc_k_pct": 0.003574,
  "pen_depletion_edge": 0.00357,
  "away_sp_fip_20": 0.003549,
  "home_sp_days_rest": 0.003448,
  "home_elo_x_sp_quality": 0.003431,
  "bp_era_diff_5": 0.003431,
  "away_bp_era7_x_ip7": 0.00337,
  "series_game_number": 0.00335,
  "away_sp_era_10": 0.003345,
  "home_sp_era_5v20": 0.003293,
  "sp_form_edge": 0.00327,
  "combined_sp_k_pct": 0.003255,
  "away_iso_avg_5": 0.003254,
  "lineup_slg_edge": 0.003206,
  "pythag_record_edge": 0.003158,
  "away_lineup_slg_avg_10": 0.003129,
  "home_sp_k_bb_ratio_5": 0.003088,
  "home_implied_runs": 0.003039,
  "batting_hr_avg_5_diff": 0.00303,
  "h2h_slg_edge_wtd": 0.00303,
  "sp_composite_edge": 0.003017,
  "slg_edge_10": 0.003002,
  "combined_sp_sc_k_pct": 0.003001,
  "away_lineup_vs_opp_sp": 0.002999,
  "home_sp_sc_k_bb_ratio": 0.002995,
  "fb_velo_trend_diff": 0.002962,
  "home_sp_fip_20": 0.002953,
  "combined_sp_sc_hard_hit_pct": 0.002949,
  "away_sp_last_fip": 0.002948,
  "home_lineup_barrel_avg": 0.002946,
  "home_bb9_10": 0.002944,
  "away_pen_qual_depletion": 0.002926,
  "b2b_asymmetry": 0.002911,
  "whip_edge_10": 0.002875,
  "bp_relievers_edge_2d": 0.002872,
  "away_sp_era_away_10": 0.002858,
  "home_h2h_n": 0.002854,
  "temperature_f": 0.002845,
  "away_lineup_xslg_avg": 0.002837,
  "pythag_sp_quality_diff": 0.002835,
  "diff_sp_sc_bb_pct": 0.002831,
  "home_sp_home_away_era_split": 0.00283,
  "bp_avg_era_last_3d_diff": 0.002828,
  "away_bp_avg_era_last_3d": 0.00281,
  "away_fb_velo_trend_5": 0.002806,
  "away_bp_whip_10": 0.002801,
  "run_diff_per_game_edge": 0.002784,
  "home_sp_era_5": 0.002783,
  "sp_last_quality_diff": 0.002782,
  "away_form_vs_season": 0.002743,
  "home_sp_k9_5": 0.002735,
  "home_catcher_framing_rate": 0.002731,
  "home_sp_era_x_opp_avg": 0.002726,
  "home_sp_sc_whiff_pct": 0.002722,
  "era_trend_diff": 0.002721,
  "sp_whip_5_diff": 0.002709,
  "away_era_5": 0.002699,
  "away_sp_sc_k_bb_ratio": 0.002695,
  "away_bp_hot_1d": 0.002691,
  "home_top4_slg_avg_10": 0.002689,
  "home_losses": 0.002684,
  "home_sp_bb9_5": 0.002682,
  "home_sp_ch_whiff_pct": 0.00266,
  "ump_rpg_10": 0.002654,
  "home_pythag_vs_record": 0.002652,
  "sb_rate_diff": 0.002642,
  "away_sp_k_pct_5": 0.002625,
  "sp_era_opp_adj_diff": 0.002624,
  "away_fb_velo_avg_5": 0.002624,
  "away_sp_sc_barrel_rate": 0.002617,
  "home_lineup_xwoba_avg": 0.00261,
  "bullpen_fatigue_edge": 0.00261,
  "home_sp_era_opp_adj_5": 0.002604,
  "abs_fb_velo_trend_home": 0.002595,
  "combined_sp_era_5": 0.002582,
  "team_k_bb_ratio_diff": 0.002582,
  "home_sp_k_pct_10": 0.002582,
  "combined_sp_sc_bb_pct": 0.002581,
  "away_team_hr_x_park": 0.002569,
  "away_sp_ip_per_rest": 0.002567,
  "away_sp_sc_hard_hit_pct": 0.002556,
  "wind_scoring_boost": 0.002553,
  "away_sp_sc_k_pct": 0.00255,
  "home_bullpen_exposure": 0.002544,
  "home_sp_sl_whiff_pct": 0.002537,
  "away_bp_relievers_last_1d": 0.002533,
  "combined_bp_k9": 0.002519,
  "away_sp_days_rest": 0.002518,
  "away_park_adj_runs_10": 0.00251,
  "away_top4_x_opp_bp": 0.002502,
  "home_bp_relievers_last_2d": 0.002501,
  "away_pen_depletion": 0.002498,
  "away_win_pct_last_10": 0.002479,
  "away_bp_era_7d": 0.002472,
  "home_sp_sc_barrel_rate": 0.002471,
  "sp_era_regression_diff": 0.002471,
  "home_sp_sc_exit_velo": 0.00247,
  "away_win_pct": 0.002454,
  "home_pen_exposure_x_era": 0.002446,
  "away_sp_era_5v20": 0.002442,
  "combined_slg_avg_10": 0.002434,
  "home_era_10": 0.002431,
  "catcher_framing_rv_diff": 0.002424,
  "bp_relievers_edge_1d": 0.002421,
  "open_total_line": 0.002418,
  "away_sp_venue_starts": 0.002403,
  "park_adj_total_env": 0.002395,
  "home_sb_pct_10": 0.002392,
  "away_sp_whip_10": 0.002391,
  "era_edge_10": 0.002372,
  "form_momentum_diff": 0.002372,
  "home_sp_era_park_adj_5": 0.002363,
  "batting_runs_avg_5_diff": 0.002359,
  "home_sp_fip_trend_5v10": 0.002355,
  "home_pen_depletion": 0.002354,
  "home_sp_fb_put_away": 0.002353,
  "away_sp_era_20": 0.002336,
  "home_pen_qual_depletion": 0.002334,
  "bp_era_diff_10": 0.002322,
  "away_era_trend_5v10": 0.002321,
  "away_whip_10": 0.002315,
  "away_top4_slg_avg_10": 0.002312,
  "away_lineup_xwoba_avg": 0.002311,
  "home_bullpen_ip_last_7": 0.002308,
  "combined_sp_sc_whiff_pct": 0.002308,
  "away_pythag_vs_record": 0.002303,
  "home_sp_career_whip_5": 0.002297,
  "home_sp_venue_fip": 0.002283,
  "run_diff_avg_last_5_edge": 0.002283,
  "lineup_vs_sp_edge": 0.002271,
  "home_team_k_bb_ratio_5": 0.00227,
  "home_era_trend_5v10": 0.00227,
  "away_sp_fip_5": 0.002266,
  "away_whip_5": 0.00224,
  "home_pythag": 0.002238,
  "runs_scored_edge_10": 0.002238,
  "combined_runs_avg_10": 0.002238,
  "team_hr_park_diff": 0.00223,
  "home_bp_ip_last_1d": 0.002229,
  "home_lineup_hard_hit_avg": 0.002224,
  "home_lineup_vs_opp_sp": 0.002216,
  "runs_trend_diff": 0.002213,
  "bp_k9_edge": 0.002205,
  "away_lineup_barrel_avg": 0.002203,
  "home_bp_era_10": 0.002198,
  "run_line_move_direction": 0.002198,
  "away_sp_fip_trend_5v10": 0.00219,
  "home_sp_sc_oz_swing_pct": 0.002186,
  "pythag_diff": 0.002172,
  "h2h_slg_edge": 0.002163,
  "home_bp_k9_5": 0.00216,
  "sp_workload_edge": 0.002159,
  "diff_sp_sc_hard_hit_pct": 0.002153,
  "home_whip_10": 0.002145,
  "away_bp_k9_10": 0.002136,
  "away_sp_sc_exit_velo": 0.002136,
  "away_sp_era_trend_5v10": 0.002132,
  "away_runs_allowed_avg_5": 0.002114,
  "home_bp_era7_x_ip7": 0.002108,
  "home_pythag_x_opp_sp_fip": 0.002106,
  "away_sp_k9_away_10": 0.002105,
  "home_sp_venue_starts": 0.002104,
  "total_vig_direction": 0.002103,
  "combined_runs_trend_5v10": 0.002101,
  "home_sp_whip_10": 0.002098,
  "away_sp_last_ip": 0.002095,
  "away_sp_era_home_10": 0.00209,
  "combined_sp_era_10": 0.002087,
  "batting_avg_avg_5_diff": 0.002085,
  "pen_qual_depletion_edge": 0.002078,
  "home_iso_avg_10": 0.002075,
  "diff_sp_sc_exit_velo": 0.002072,
  "away_sp_sc_whiff_pct": 0.002067,
  "away_sp_career_whip_5": 0.002066,
  "away_sp_fip_10": 0.002065,
  "combined_sp_sc_barrel_rate": 0.002064,
  "home_k9_10": 0.002064,
  "away_sp_k_pct_10": 0.00206,
  "home_bp_hot_1d": 0.002046,
  "home_bp_k9_10": 0.002045,
  "away_bp_era_5": 0.002039,
  "diff_sp_sc_barrel_rate": 0.002033,
  "away_hr_avg_10": 0.002022,
  "away_sp_last_k": 0.00202,
  "pen_exposure_era_diff": 0.002015,
  "sp_k_pct_trend_diff": 0.002008,
  "sp_fip_trend_diff": 0.001996,
  "home_sp_fip_home_10": 0.00199,
  "away_sb_trend": 0.001981,
  "combined_fb_put_away": 0.001977,
  "sp_k_pct_5_diff": 0.001971,
  "sp_venue_familiarity_diff": 0.001964,
  "home_bp_era_7d": 0.001962,
  "away_run_diff_avg_last_5": 0.001961,
  "away_implied_runs": 0.001959,
  "abs_fb_velo_trend_away": 0.001956,