{"venue_id": 680.0, "run_line_home": -1.5, "run_line_home_price": -110.0, "run_line_away_price": -112.0, "total_line": 8.5, "over_price": -110.0, "under_price": -110.0, "open_run_line_home": -1.5, "open_total_line": 8.5, "total_line_move": 0.0, "run_line_move": 0.0, "park_run_factor": 1.006, "park_hr_factor": 1.012, "home_runs_avg_5": 4.25, "home_hr_avg_5": 1.0, "home_avg_avg_5": 0.23684916925070582, "home_obp_avg_5": 0.3016934046345811, "home_slg_avg_5": 0.38694423223834995, "home_iso_avg_5": 0.14827878004348594, "home_k_pct_avg_5": 0.25109847779377387, "home_bb_pct_avg_5": 0.08228843052372463, "home_runs_avg_10": 4.4, "home_hr_avg_10": 1.1, "home_avg_avg_10": 0.23762339795190837, "home_obp_avg_10": 0.30129562092618045, "home_slg_avg_10": 0.3873463404500556, "home_iso_avg_10": 0.14934645819899867, "home_k_pct_avg_10": 0.25108127067511543, "home_bb_pct_avg_10": 0.08283375054920482, "home_runs_avg_20": 4.4, "home_runs_sd_10": 2.913569784454954, "home_sb_avg_5": 0.6, "home_sb_avg_10": 0.6, "home_sb_pct_10": 0.018691588785046728, "away_runs_avg_5": 4.4, "away_hr_avg_5": 1.0, "away_avg_avg_5": 0.2383621351766513, "away_obp_avg_5": 0.3024139071752291, "away_slg_avg_5": 0.3872261164908224, "away_iso_avg_5": 0.14793060675413616, "away_k_pct_avg_5": 0.2502871456500489, "away_bb_pct_avg_5": 0.08186042891925245, "away_runs_avg_10": 4.4, "away_hr_avg_10": 1.1, "away_avg_avg_10": 0.23895193688680907, "away_obp_avg_10": 0.30245020034493714, "away_slg_avg_10": 0.3891544117647059, "away_iso_avg_10": 0.15000000000000002, "away_k_pct_avg_10": 0.2513045861326222, "away_bb_pct_avg_10": 0.08288295382597591, "away_runs_avg_20": 4.4, "away_runs_sd_10": 2.9078437983419185, "away_sb_avg_5": 0.6, "away_sb_avg_10": 0.6, "away_sb_pct_10": 0.018575851393188854, "home_runs_allowed_avg_5": 4.4, "home_era_5": 4.052816020025031, "home_whip_5": 1.2844444444444445, "home_k9_5": 8.5, "home_bb9_5": 3.15, "home_hr9_5": 1.1, "home_sp_era_5": 4.6341269841269845, "home_sp_whip_5": 1.3701418865587318, "home_team_sp_k9_5": 8.380685547514815, "home_bp_era_5": 3.6848234048323154, "home_bp_whip_5": 1.2787881945047377, "home_bp_k9_5": 8.857246119590823, "home_runs_allowed_avg_10": 4.4, "home_era_10": 4.163055103444166, "home_whip_10": 1.2898936528803047, "home_k9_10": 8.49111234705228, "home_bb9_10": 3.175, "home_hr9_10": 1.1425, "home_sp_era_10": 4.765202702702703, "home_sp_whip_10": 1.3910339117185768, "home_team_sp_k9_10": 8.34220364702472, "home_bp_era_10": 3.967619192225934, "home_bp_whip_10": 1.3016325459003317, "home_bp_k9_10": 8.878781576465721, "home_bullpen_ip_last_3": 9.33, "away_runs_allowed_avg_5": 4.2, "away_era_5": 4.029545454545454, "away_whip_5": 1.28, "away_k9_5": 8.475, "away_bb9_5": 3.131818181818182, "away_hr9_5": 1.075, "away_sp_era_5": 4.429054054054054, "away_sp_whip_5": 1.3525772573789134, "away_team_sp_k9_5": 8.2673474975914, "away_bp_era_5": 3.8112544834957, "away_bp_whip_5": 1.2891784169475276, "away_bp_k9_5": 8.917596566523605, "away_runs_allowed_avg_10": 4.3, "away_era_10": 4.07305617352614, "away_whip_10": 1.2831586809146271, "away_k9_10": 8.5, "away_bb9_10": 3.1536695607763026, "away_hr9_10": 1.1125, "away_sp_era_10": 4.634975255691191, "away_sp_whip_10": 1.3716528243127037, "away_team_sp_k9_10": 8.371247855957483, "away_bp_era_10": 3.914631482661153, "away_bp_whip_10": 1.2970153082006284, "away_bp_k9_10": 8.896389645776567, "away_bullpen_ip_last_3": 9.0, "home_sp_career_era_5": 4.26, "home_sp_career_whip_5": 1.3333333333333333, "home_sp_k_pct_5": 0.21420016175321066, "home_sp_bb_pct_5": 0.07520182387270309, "home_sp_fip_5": 4.1304848300856385, "home_sp_k9_5": 8.268182498647116, "home_sp_bb9_5": 3.029248767580733, "home_sp_hr9_5": 1.1975845535476375, "home_sp_ip_avg_5": 5.335, "home_sp_career_era_10": 4.362220191052015, "home_sp_fip_10": 4.1996057459763385, "home_sp_starts_in_window": 5.0, "home_sp_days_rest": 6.0, "home_sp_era_home_10": 3.7692776735459663, "home_sp_era_away_10": 4.386708324334316, "home_sp_k9_home_10": 8.516078621413264, "home_sp_k9_away_10": 8.01834029153529, "home_sp_fip_home_10": 3.862306477093207, "home_sp_fip_away_10": 4.21591513866861, "home_sp_era_20": 4.334588725905986, "home_sp_fip_20": 4.17230282959547, "home_sp_last_k": 5.0, "home_sp_last_bb": 2.0, "home_sp_last_fip": 3.7714285714285714, "away_sp_career_era_5": 4.184126984126984, "away_sp_career_whip_5": 1.3174386920980927, "away_sp_k_pct_5": 0.2147366757536249, "away_sp_bb_pct_5": 0.0744879244177982, "away_sp_fip_5": 4.133200997256529, "away_sp_k9_5": 8.25092021799339, "away_sp_bb9_5": 3.0, "away_sp_hr9_5": 1.1914087759815242, "away_sp_ip_avg_5": 5.4, "away_sp_career_era_10": 4.2996037437343135, "away_sp_fip_10": 4.156122644790586, "away_sp_starts_in_window": 5.0, "away_sp_days_rest": 6.0, "away_sp_era_home_10": 3.8145527721357104, "away_sp_era_away_10": 4.307142857142857, "away_sp_k9_home_10": 8.427728289160159, "away_sp_k9_away_10": 8.0, "away_sp_fip_home_10": 3.905810135617416, "away_sp_fip_away_10": 4.2, "away_sp_era_20": 4.289865067466267, "away_sp_fip_20": 4.158542999248476, "away_sp_last_k": 5.0, "away_sp_last_bb": 2.0, "away_sp_last_fip": 3.7, "home_wins": 35.0, "home_losses": 36.0, "home_win_pct": 0.5034248182031433, "home_run_diff": 3.0, "home_run_diff_per_game": 0.08759590792838876, "home_rest_days": 1.0, "home_games_played": 73.0, "home_wins_last_5": 2.0, "home_win_pct_last_5": 0.4, "home_wins_last_10": 5.0, "home_win_pct_last_10": 0.5, "home_run_diff_avg_last_5": 0.0, "away_wins": 36.0, "away_losses": 36.0, "away_win_pct": 0.5037037037037037, "away_run_diff": 4.0, "away_run_diff_per_game": 0.09836065573770492, "away_rest_days": 1.0, "away_games_played": 73.0, "away_wins_last_5": 3.0, "away_win_pct_last_5": 0.6, "away_wins_last_10": 5.0, "away_win_pct_last_10": 0.5, "away_run_diff_avg_last_5": 0.0, "h2h_games_ytd": 2.0, "h2h_home_win_pct_ytd": 0.5, "runs_scored_edge_10": 0.0, "obp_edge_10": -0.0018910124827344887, "slg_edge_10": -0.0029033701709224036, "era_edge_10": -0.08177956121608328, "whip_edge_10": -0.008480515267120348, "sp_fip_edge_5": -0.012394604761409172, "sp_era_edge_5": -0.02444033351032439, "bullpen_fatigue_edge": -0.33, "win_pct_edge": 0.0, "run_diff_per_game_edge": -0.00846514750363947, "home_implied_runs": 4.35, "away_implied_runs": 4.4, "park_adj_implied_total": 8.844750000000001, "n_ump_games_prev_5": 5.0, "ump_rpg_5": 8.8, "ump_k9_5": 8.517254469510718, "ump_bb9_5": 3.1115354843046874, "ump_rpg_10": 8.8, "ump_k9_10": 8.54905616690712, "ump_bb9_10": 3.118501763502443, "temperature_f": 74.6, "wind_speed_mph": 7.2, "wind_sin": -0.19080899537654467, "wind_cos": -0.25881904510252085, "precip_prob_pct": 0.0, "home_lineup_avg_avg_10": 0.23765151515151517, "home_lineup_slg_avg_10": 0.3939354395801602, "home_lineup_iso_avg_10": 0.14816666666666664, "home_top4_slg_avg_10": 0.4342554756456358, "home_lineup_completeness": 1.1111111111111112, "away_lineup_avg_avg_10": 0.2368333333333333, "away_lineup_slg_avg_10": 0.39405679850374475, "away_lineup_iso_avg_10": 0.14816666666666664, "away_top4_slg_avg_10": 0.4387844611528822, "away_lineup_completeness": 1.1111111111111112, "lineup_avg_edge": 0.0, "lineup_slg_edge": -2.099197632092575e-05, "home_bullpen_ip_last_7": 21.69, "home_bp_era_7d": 3.75, "away_bullpen_ip_last_7": 21.66, "away_bp_era_7d": 3.8038884192730347, "bullpen_fatigue_7d_edge": -0.32, "series_game_number": 2.0, "home_sp_k_pct_10": 0.21542201283582585, "away_sp_k_pct_10": 0.21520420607068796, "home_sp_venue_starts": 6.0, "home_sp_venue_era": 4.01375783569779, "home_sp_venue_k9": 8.716443369561535, "home_sp_venue_fip": 3.9059161167955407, "away_sp_venue_starts": 0.0, "away_sp_venue_era": 3.6, "away_sp_venue_k9": 7.7115325787702655, "away_sp_venue_fip": 3.8592785745328118, "home_bp_relievers_last_1d": 3.0, "home_bp_relievers_last_2d": 5.0, "home_bp_relievers_last_3d": 7.0, "home_bp_ip_last_1d": 3.33, "home_bp_avg_era_last_3d": 3.362185310861918, "away_bp_relievers_last_1d": 3.0, "away_bp_relievers_last_2d": 5.0, "away_bp_relievers_last_3d": 7.0,