{"run_line_away_price": -114.0, "total_line": 8.5, "under_price": -110.0, "open_run_line_home": -1.5, "open_total_line": 8.5, "park_run_factor": 1.006, "home_hr_avg_5": 1.0, "home_avg_avg_5": 0.23658785658785658, "home_obp_avg_5": 0.30173024807171145, "home_slg_avg_5": 0.38566250742721325, "home_iso_avg_5": 0.1478135369832026, "home_k_pct_avg_5": 0.2510826969906503, "home_bb_pct_avg_5": 0.0829319203388523, "home_runs_avg_10": 4.4, "home_hr_avg_10": 1.1, "home_avg_avg_10": 0.23731647851214183, "home_obp_avg_10": 0.3014552899644373, "home_slg_avg_10": 0.3862817123476724, "home_iso_avg_10": 0.14879518909899886, "home_k_pct_avg_10": 0.25103825975005944, "home_bb_pct_avg_10": 0.08326506398242409, "home_runs_avg_20": 4.4, "home_runs_sd_10": 2.913569784454954, "home_sb_avg_5": 0.6, "home_sb_avg_10": 0.6, "home_sb_pct_10": 0.018691588785046728, "away_runs_avg_5": 4.4, "away_hr_avg_5": 1.0, "away_avg_avg_5": 0.23777411093349837, "away_obp_avg_5": 0.30214875940682395, "away_slg_avg_5": 0.3864347290640394, "away_iso_avg_5": 0.14759637579371926, "away_k_pct_avg_5": 0.24965198259504023, "away_bb_pct_avg_5": 0.08214285714285714, "away_runs_avg_10": 4.4, "away_hr_avg_10": 1.1, "away_avg_avg_10": 0.23873215277456378, "away_obp_avg_10": 0.30246582097332614, "away_slg_avg_10": 0.3886488744928269, "away_iso_avg_10": 0.14970418966806995, "away_k_pct_avg_10": 0.25045952084949663, "away_bb_pct_avg_10": 0.08333333333333333, "away_runs_avg_20": 4.4, "away_runs_sd_10": 2.913569784454954, "away_sb_avg_5": 0.6, "away_sb_avg_10": 0.6, "away_sb_pct_10": 0.018518518518518517, "home_runs_allowed_avg_5": 4.4, "home_era_5": 4.02729788765434, "home_whip_5": 1.2835558027437894, "home_k9_5": 8.46648810542552, "home_bb9_5": 3.1796430165599725, "home_hr9_5": 1.075, "home_sp_era_5": 4.624324324324324, "home_sp_whip_5": 1.3666666666666667, "home_team_sp_k9_5": 8.374766868485112, "home_bp_era_5": 3.6455026455026456, "home_bp_whip_5": 1.2766691615603876, "home_bp_k9_5": 8.821621621621622, "home_runs_allowed_avg_10": 4.4, "home_era_10": 4.161636565519648, "home_whip_10": 1.288939393939394, "home_k9_10": 8.473248407643313, "home_bb9_10": 3.199129651860744, "home_hr9_10": 1.1375, "home_sp_era_10": 4.773621881624557, "home_sp_whip_10": 1.3912842848208702, "home_team_sp_k9_10": 8.328062962453206, "home_bp_era_10": 3.9502139035427346, "home_bp_whip_10": 1.3007137772174417, "home_bp_k9_10": 8.85153681578536, "home_bullpen_ip_last_3": 9.33, "away_runs_allowed_avg_5": 4.2, "away_era_5": 4.025, "away_whip_5": 1.277777777777778, "away_k9_5": 8.47278024417314, "away_bb9_5": 3.1508448060075094, "away_hr9_5": 1.075, "away_sp_era_5": 4.413805144078901, "away_sp_whip_5": 1.3491462306993642, "away_team_sp_k9_5": 8.265064377682403, "away_bp_era_5": 3.770877944325482, "away_bp_whip_5": 1.2844411139117864, "away_bp_k9_5": 8.909930715935335, "away_runs_allowed_avg_10": 4.3, "away_era_10": 4.06, "away_whip_10": 1.2813960419647115, "away_k9_10": 8.488389877641824, "away_bb9_10": 3.175, "away_hr9_10": 1.1075, "away_sp_era_10": 4.623764110548851, "away_sp_whip_10": 1.3704462729951492, "away_team_sp_k9_10": 8.374017850307222, "away_bp_era_10": 3.8874525787896363, "away_bp_whip_10": 1.2951962016478147, "away_bp_k9_10": 8.867756634832213, "away_bullpen_ip_last_3": 9.0, "home_sp_career_era_5": 4.263223938223938, "home_sp_career_whip_5": 1.3333333333333333, "home_sp_k_pct_5": 0.21422351656489225, "home_sp_bb_pct_5": 0.07563971818414374, "home_sp_fip_5": 4.134251583336166, "home_sp_k9_5": 8.278549914741333, "home_sp_bb9_5": 3.0524510107151883, "home_sp_hr9_5": 1.1894268725414243, "home_sp_ip_avg_5": 5.334, "home_sp_career_era_10": 4.35, "home_sp_fip_10": 4.187694976282861, "home_sp_starts_in_window": 5.0, "home_sp_days_rest": 6.0, "home_sp_era_home_10": 3.7553323595659536, "home_sp_era_away_10": 4.38568129330254, "home_sp_k9_home_10": 8.530805687203792, "home_sp_k9_away_10": 8.030135672258197, "home_sp_fip_home_10": 3.8322751322751323, "home_sp_fip_away_10": 4.2084065110302, "home_sp_era_20": 4.327536184918204, "home_sp_fip_20": 4.16244891632128, "home_sp_last_k": 5.0, "home_sp_last_bb": 2.0, "home_sp_last_fip": 3.7714285714285714, "away_sp_career_era_5": 4.184555451323744, "away_sp_career_whip_5": 1.3182448036951502, "away_sp_k_pct_5": 0.2141936338202728, "away_sp_bb_pct_5": 0.0751159420289855, "away_sp_fip_5": 4.137312419788434, "away_sp_k9_5": 8.25, "away_sp_bb9_5": 3.018544211379225, "away_sp_hr9_5": 1.1891458919603615, "away_sp_ip_avg_5": 5.4, "away_sp_career_era_10": 4.293576241887992, "away_sp_fip_10": 4.15152034261242, "away_sp_starts_in_window": 5.0, "away_sp_days_rest": 6.0, "away_sp_era_home_10": 3.820777495215978, "away_sp_era_away_10": 4.309646902329829, "away_sp_k9_home_10": 8.441510951841153, "away_sp_k9_away_10": 8.00903096804921, "away_sp_fip_home_10": 3.9008126609092457, "away_sp_fip_away_10": 4.2, "away_sp_era_20": 4.279177746106131, "away_sp_fip_20": 4.152530951988947, "away_sp_last_k": 5.0, "away_sp_last_bb": 2.0, "away_sp_last_fip": 3.7, "home_wins": 32.0, "home_losses": 33.0, "home_win_pct": 0.5, "home_run_diff": 2.0, "home_run_diff_per_game": 0.05208898534997287, "home_rest_days": 1.0, "home_games_played": 67.0, "home_wins_last_5": 2.0, "home_wins_last_10": 5.0, "home_win_pct_last_10": 0.5, "home_run_diff_avg_last_5": 0.0, "away_wins": 33.0, "away_losses": 33.0, "away_win_pct": 0.5, "away_run_diff": 3.0, "away_run_diff_per_game": 0.07604672681008559, "away_rest_days": 1.0, "away_games_played": 67.0, "away_win_pct_last_5": 0.6, "away_wins_last_10": 5.0, "away_win_pct_last_10": 0.5, "away_run_diff_avg_last_5": 0.0, "h2h_games_ytd": 2.0, "runs_scored_edge_10": 0.0, "obp_edge_10": -0.00184477670271177, "slg_edge_10": -0.0029907038004012843, "era_edge_10": -0.08866991307349581, "whip_edge_10": -0.009664552095348, "sp_fip_edge_5": -0.027516335085738173, "sp_era_edge_5": -0.03191405344881644, "bullpen_fatigue_edge": -0.33, "win_pct_edge": 0.0, "run_diff_per_game_edge": -0.011455088185282264, "home_implied_runs": 4.35, "away_implied_runs": 4.4, "park_adj_implied_total": 8.8179, "ump_rpg_5": 8.8, "ump_k9_5": 8.519039371127839, "ump_bb9_5": 3.1443621883101267, "ump_rpg_10": 8.8, "ump_k9_10": 8.557179103212164, "ump_bb9_10": 3.1374926125448686, "temperature_f": 74.2, "wind_speed_mph": 7.3, "wind_sin": -0.22495105434386498, "wind_cos": -0.25881904510252063, "precip_prob_pct": 0.0, "home_lineup_avg_avg_10": 0.23742424242424243, "home_lineup_slg_avg_10": 0.3934095231127443, "home_lineup_iso_avg_10": 0.14777777777777779, "home_top4_slg_avg_10": 0.43333333333333335, "away_lineup_avg_avg_10": 0.2368333333333333, "away_lineup_slg_avg_10": 0.3934637485113533, "away_lineup_iso_avg_10": 0.14799999999999996, "away_top4_slg_avg_10": 0.43801665676665674, "lineup_avg_edge": 0.0, "lineup_slg_edge": -0.00011176684172017908, "home_bullpen_ip_last_7": 21.99, "home_bp_era_7d": 3.7241379310344827, "away_bullpen_ip_last_7": 21.67, "away_bp_era_7d": 3.789473684210526, "bullpen_fatigue_7d_edge": -0.32, "series_game_number": 2.0, "home_sp_k_pct_10": 0.21548956880337294, "away_sp_k_pct_10": 0.21521120666697846, "home_sp_venue_starts": 5.0, "home_sp_venue_era": 3.9840047533893523, "home_sp_venue_k9": 8.704721804157748, "home_sp_venue_fip": 3.8936787731317954, "away_sp_venue_starts": 0.0, "away_sp_venue_era": 3.6, "away_sp_venue_k9": 7.7115325787702655, "away_sp_venue_fip": 3.8666666666666667, "home_bp_relievers_last_1d": 3.0, "home_bp_relievers_last_2d": 5.0, "home_bp_relievers_last_3d": 7.0, "home_bp_ip_last_1d": 3.33, "home_bp_avg_era_last_3d": 3.3666013124080867, "away_bp_relievers_last_1d": 3.0, "away_bp_relievers_last_2d": 5.0, "away_bp_relievers_last_3d": 7.0, "away_bp_ip_last_1d": 3.0, "away_bp_avg_era_last_3d": 3.34423545856471, "home_sp_last_ip": 5.33, "away_sp_last_ip": 5.33, "home_sp_sc_barrel_rate": 8.4, "home_sp_sc_hard_hit_pct": 40.3, "home_sp_sc_xwoba": 0.318, "home_sp_sc_exit_velo": 89.3, "home_sp_sl_whiff_pct": 31.1, "home_sp_ch_whiff_pct": 30.2, "home_sp_fb_put_away": 17.6, "away_sp_sc_barrel_rate": 8.4,