{
  "away_lineup_completeness": 0.019934,
  "home_lineup_completeness": 0.017536,
  "diff_sp_sc_xwoba": 0.011292,
  "combined_sp_sc_xwoba": 0.007209,
  "home_rest_days": 0.006547,
  "home_elo_x_sp_quality": 0.00626,
  "away_sp_last_ip": 0.00613,
  "elo_diff": 0.00576,
  "home_run_diff": 0.005704,
  "bp_relievers_edge_3d": 0.005478,
  "home_sp_fip_20": 0.005239,
  "away_run_diff": 0.005203,
  "away_sp_sc_xwoba": 0.005203,
  "series_game_number": 0.004754,
  "bp_era_diff_5": 0.00473,
  "away_sp_venue_starts": 0.004704,
  "bullpen_fatigue_7d_edge": 0.004678,
  "home_sp_venue_starts": 0.004619,
  "away_sp_fip_20": 0.004537,
  "away_win_pct": 0.004514,
  "home_sp_career_era_10": 0.004506,
  "home_bp_era_7d": 0.004504,
  "home_sp_sc_xwoba": 0.004416,
  "sp_form_edge": 0.004411,
  "rest_days_advantage": 0.004278,
  "away_sp_venue_fip": 0.004256,
  "home_sp_home_away_era_split": 0.004238,
  "diff_sp_sc_exit_velo": 0.004213,
  "home_sp_fip_10": 0.004137,
  "home_sp_k_pct_5": 0.004111,
  "pen_exposure_era_diff": 0.004097,
  "run_diff_per_game_edge": 0.004024,
  "away_ops_5": 0.004017,
  "pythag_diff": 0.00399,
  "away_sp_sc_barrel_rate": 0.00393,
  "away_era_5": 0.00391,
  "home_k9_10": 0.003868,
  "sp_era_trend_diff": 0.003816,
  "lineup_slg_edge": 0.003802,
  "away_rest_days": 0.003801,
  "combined_obp_avg_10": 0.003796,
  "home_runs_trend_5v20": 0.003759,
  "away_team_k_bb_ratio_5": 0.003744,
  "away_sp_venue_k9": 0.003714,
  "batting_iso_avg_10_diff": 0.003707,
  "away_sp_era_10": 0.003697,
  "park_hr_factor": 0.003692,
  "away_ops_10": 0.003683,
  "combined_slg_avg_10": 0.00367,
  "away_era_trend_5v10": 0.003666,
  "away_bp_era_5": 0.003666,
  "temperature_f": 0.003615,
  "sp_composite_edge": 0.003608,
  "away_sp_k_pct_5": 0.00358,
  "home_sp_k_bb_ratio_5": 0.003557,
  "home_iso_avg_10": 0.003548,
  "home_bp_hot_1d": 0.003541,
  "away_sp_era_20": 0.003524,
  "away_sp_home_away_era_split": 0.00351,
  "home_win_pct": 0.003501,
  "home_bp_whip_10": 0.003466,
  "away_sp_venue_era": 0.003452,
  "whip_edge_10": 0.003432,
  "total_k_suppression": 0.003431,
  "home_sp_career_whip_5": 0.003414,
  "park_adj_runs_diff": 0.003408,
  "away_bp_whip_10": 0.003398,
  "away_sp_era_5": 0.003372,
  "home_sp_sc_exit_velo": 0.003367,
  "combined_runs_avg_10": 0.003354,
  "home_bp_ip_last_1d": 0.003341,
  "runs_trend_diff": 0.00333,
  "home_sp_venue_era": 0.003292,
  "ump_k9_x_home_sp_k": 0.003275,
  "away_sp_sc_exit_velo": 0.003269,
  "away_sp_ip_avg_5": 0.003246,
  "home_elo": 0.003242,
  "away_iso_avg_10": 0.003223,
  "sp_era_5_diff": 0.003216,
  "home_pen_exposure_x_era": 0.003216,
  "home_sp_fb_put_away": 0.003198,
  "away_sp_k_pct_10": 0.003189,
  "away_sp_whip_5": 0.003178,
  "home_sp_bb9_5": 0.003164,
  "away_pen_depletion": 0.003162,
  "home_runs_allowed_avg_10": 0.003156,
  "home_era_10": 0.003147,
  "home_sp_fip_5": 0.003133,
  "away_team_sp_k9_5": 0.003129,
  "home_sp_era_x_opp_avg": 0.003124,
  "home_bp_usage_per_rest": 0.003124,
  "combined_sp_sc_barrel_rate": 0.003122,
  "away_bullpen_ip_last_3": 0.003116,
  "combined_sp_era_5": 0.003108,
  "home_sp_last_ip": 0.00309,
  "away_wins_last_10": 0.003075,
  "home_top4_slg_avg_10": 0.003074,
  "home_sp_era_20": 0.00305,
  "away_lineup_iso_avg_10": 0.00302,
  "sp_fip_edge_5": 0.003019,
  "ump_k9_x_away_sp_k": 0.003019,
  "team_k_bb_ratio_diff": 0.003008,
  "away_bp_ip_last_1d": 0.003003,
  "away_bullpen_ip_last_7": 0.003,
  "combined_bp_k9": 0.002995,
  "away_k9_5": 0.002992,
  "pythag_record_edge": 0.002974,
  "away_sp_k_trend_5v10": 0.002967,
  "start_dow_utc": 0.002963,
  "form_momentum_diff": 0.002956,
  "era_trend_diff": 0.00295,
  "home_hr9_5": 0.002924,
  "home_bp_relievers_last_2d": 0.002909,
  "win_pct_edge": 0.002905,
  "combined_sp_sc_hard_hit_pct": 0.002902,
  "home_pen_depletion": 0.002887,
  "sp_k_pct_5_diff": 0.002884,
  "away_lineup_slg_avg_10": 0.002881,
  "wind_sin": 0.002878,
  "home_lineup_iso_avg_10": 0.002857,
  "home_sp_venue_k9": 0.002844,
  "home_sp_fip_5v20": 0.002843,
  "away_sp_ch_whiff_pct": 0.002839,
  "away_sp_last_k": 0.002827,
  "home_era_5": 0.002824,
  "sp_home_away_split_edge": 0.002813,
  "home_sp_last_k": 0.00281,
  "home_pythag": 0.002802,
  "home_sp_k9_5": 0.002785,
  "home_bp_relievers_last_1d": 0.002785,
  "away_sp_career_era_5": 0.002779,
  "away_runs_trend_5v20": 0.002772,
  "away_sp_fip_trend_5v10": 0.00277,
  "ump_rpg_x_park": 0.002767,
  "away_runs_avg_5": 0.002755,
  "away_bb_pct_avg_10": 0.002754,
  "home_sp_era_away_10": 0.002753,
  "away_runs_sd_10": 0.002747,
  "away_win_pct_last_10": 0.002745,
  "away_top4_slg_avg_10": 0.002742,
  "batting_hr_avg_5_diff": 0.002741,
  "away_bp_era7_x_ip7": 0.002727,
  "win_pct_last_5_diff": 0.002723,
  "sp_era_edge_5": 0.002719,
  "away_elo": 0.002717,
  "away_runs_allowed_avg_10": 0.002717,
  "season_days_elapsed": 0.002712,
  "away_slg_avg_5": 0.002683,
  "away_iso_avg_5": 0.002677,
  "away_sp_fip_away_10": 0.002674,
  "home_sp_ch_whiff_pct": 0.002669,
  "home_ops_5": 0.002651,
  "home_sp_k9_away_10": 0.002648,
  "home_bb_pct_avg_10": 0.002644,
  "away_team_sp_k9_10": 0.002641,
  "pythag_sp_quality_diff": 0.002634,
  "bullpen_fatigue_edge": 0.00263,
  "away_park_adj_runs_10": 0.00263,
  "home_sp_ip_per_rest": 0.002624,
  "home_sp_bb_pct_5": 0.002612,
  "away_bp_k9_10": 0.002585,
  "ump_sp_k_environment": 0.00258,
  "wind_scoring_boost": 0.002579,
  "away_sp_sc_hard_hit_pct": 0.002572,
  "home_avg_avg_10": 0.002566,
  "home_sp_fip_home_10": 0.002561,
  "ump_k9_10": 0.00256,
  "diff_sp_sc_hard_hit_pct": 0.002558,
  "lineup_avg_edge": 0.002558,
  "away_sp_career_whip_5": 0.002555,
  "away_bp_hot_1d": 0.002554,
  "away_elo_x_sp_quality": 0.002551,
  "home_runs_avg_20": 0.002549,
  "away_sp_starts_in_window": 0.002543,
  "ump_rpg_10": 0.002541,
  "away_bp_whip_5": 0.002538,
  "home_bb9_5": 0.002536,
  "home_sp_venue_fip": 0.002515,
  "home_bp_k9_5": 0.002501,
  "ump_bb9_5": 0.002492,
  "away_whip_5": 0.00249,
  "away_pythag_vs_record": 0.002485,
  "away_era_10": 0.002482,
  "away_lineup_avg_avg_10": 0.002481,
  "sp_era_regression_diff": 0.002476,
  "away_sp_bb9_5": 0.002472,
  "pen_depletion_edge": 0.002461,
  "home_team_k_bb_ratio_5": 0.002451,
  "total_k_env": 0.002446,
  "away_form_vs_season": 0.002445,
  "team_whip_5_diff": 0.002431,
  "away_sp_whip_10": 0.002425,
  "ump_bb9_x_away_team_bb": 0.002415,
  "home_sp_fip_trend_5v10": 0.002408,
  "away_whip_10": 0.002408,
  "away_sp_fb_put_away": 0.002394,
  "home_sp_days_rest": 0.002393,
  "wind_speed_mph": 0.002385,
  "combined_fb_put_away": 0.002368,
  "away_sp_era_5v20": 0.002358,
  "away_sp_k9_5": 0.00235,
  "home_lineup_avg_avg_10": 0.002348,
  "n_ump_games_prev_5": 0.002337,
  "away_sp_k9_away_10": 0.002332,
  "combined_ops_10": 0.002314,
  "bp_k9_edge": 0.00231,
  "away_bp_usage_per_rest": 0.002299,
  "away_sp_last_k_rate": 0.002285,
  "open_total_line": 0.002281,
  "home_sp_last_bb": 0.002264,
  "home_implied_runs": 0.002241,
  "ump_k9_5": 0.002234,
  "home_sp_k_pct_10": 0.002222,
  "sp_days_rest_diff": 0.002221,
  "sp_workload_edge": 0.002213,
  "home_runs_sd_10": 0.002206,
  "home_bp_era7_x_ip7": 0.002205,
  "home_sp_era_5": 0.002202,
  "ump_bb9_10": 0.002197,
  "away_sp_era_away_10": 0.002187,
  "home_lineup_slg_avg_10": 0.002178,
  "park_adj_implied_total": 0.002175,
  "batting_avg_avg_10_diff": 0.002157,
  "home_run_diff_per_game": 0.002156,
  "away_sp_k9_home_10": 0.002155,
  "sp_k_bb_ratio_diff": 0.002154,
  "away_bb9_10": 0.002153,
  "home_sp_last_fip": 0.002138,
  "away_bb_pct_avg_5": 0.002136,
  "home_sp_fip_away_10": 0.002127,
  "batting_hr_avg_10_diff": 0.002125,
  "away_sp_ip_per_rest": 0.002122,
  "team_era_5_diff": 0.00212,
  "home_hr9_10": 0.002101,
  "home_team_sp_k9_10": 0.002096,
  "ops_diff_5": 0.00209,