{"run_line_away_price": -113.0, "total_line": 8.5, "under_price": -110.0, "open_run_line_home": -1.5, "open_total_line": 8.5, "park_run_factor": 1.006, "home_hr_avg_5": 1.0, "home_avg_avg_5": 0.23674506674279816, "home_obp_avg_5": 0.3017118263531463, "home_slg_avg_5": 0.3861033174735534, "home_iso_avg_5": 0.14782658771795307, "home_k_pct_avg_5": 0.25097094991978197, "home_bb_pct_avg_5": 0.08260818376586627, "home_runs_avg_10": 4.4, "home_hr_avg_10": 1.1, "home_avg_avg_10": 0.23761736485124202, "home_obp_avg_10": 0.3015784091223912, "home_slg_avg_10": 0.38669471666718996, "home_iso_avg_10": 0.14898829494193555, "home_k_pct_avg_10": 0.25100857839121415, "home_bb_pct_avg_10": 0.0831648047738792, "home_runs_avg_20": 4.4, "home_runs_sd_10": 2.913569784454954, "home_sb_avg_5": 0.6, "home_sb_avg_10": 0.6, "home_sb_pct_10": 0.018590251277989776, "away_runs_avg_5": 4.4, "away_hr_avg_5": 1.0, "away_avg_avg_5": 0.23815554800020244, "away_obp_avg_5": 0.30230142580332453, "away_slg_avg_5": 0.38680086443862716, "away_iso_avg_5": 0.14780169425833725, "away_k_pct_avg_5": 0.2500136563709651, "away_bb_pct_avg_5": 0.08214165704792828, "away_runs_avg_10": 4.4, "away_hr_avg_10": 1.1, "away_avg_avg_10": 0.23892048084739978, "away_obp_avg_10": 0.30256286640395225, "away_slg_avg_10": 0.3890099779725099, "away_iso_avg_10": 0.1498629572367362, "away_k_pct_avg_10": 0.2508009309139166, "away_bb_pct_avg_10": 0.08315489717043612, "away_runs_avg_20": 4.4, "away_runs_sd_10": 2.913569784454954, "away_sb_avg_5": 0.6, "away_sb_avg_10": 0.6, "away_sb_pct_10": 0.018518518518518517, "home_runs_allowed_avg_5": 4.4, "home_era_5": 4.032597083202939, "home_whip_5": 1.2833333333333332, "home_k9_5": 8.479345738295319, "home_bb9_5": 3.17148231486076, "home_hr9_5": 1.08, "home_sp_era_5": 4.624463749463749, "home_sp_whip_5": 1.3668430335097002, "home_team_sp_k9_5": 8.379779633910204, "home_bp_era_5": 3.6553940215372087, "home_bp_whip_5": 1.2765999871421436, "home_bp_k9_5": 8.84110540270926, "home_runs_allowed_avg_10": 4.4, "home_era_10": 4.1625, "home_whip_10": 1.2899693680189537, "home_k9_10": 8.476010718980685, "home_bb9_10": 3.1891226785116906, "home_hr9_10": 1.143125, "home_sp_era_10": 4.768282225922121, "home_sp_whip_10": 1.3915967670065, "home_team_sp_k9_10": 8.336090380803952, "home_bp_era_10": 3.9560700326364087, "home_bp_whip_10": 1.301637204970008, "home_bp_k9_10": 8.863799778146015, "home_bullpen_ip_last_3": 9.33, "away_runs_allowed_avg_5": 4.2, "away_era_5": 4.029772727272727, "away_whip_5": 1.2805555555555554, "away_k9_5": 8.475, "away_bb9_5": 3.15, "away_hr9_5": 1.075, "away_sp_era_5": 4.426875541364643, "away_sp_whip_5": 1.3533333333333335, "away_team_sp_k9_5": 8.270877944325482, "away_bp_era_5": 3.7958475980954383, "away_bp_whip_5": 1.2872372546648045, "away_bp_k9_5": 8.912432432432432, "away_runs_allowed_avg_10": 4.3, "away_era_10": 4.063590396206129, "away_whip_10": 1.282504985708749, "away_k9_10": 8.49465909090909, "away_bb9_10": 3.1700559877234413, "away_hr9_10": 1.1123595505617978, "away_sp_era_10": 4.6291959369237645, "away_sp_whip_10": 1.3735303497540312, "away_team_sp_k9_10": 8.375661281952105, "away_bp_era_10": 3.908307455581803, "away_bp_whip_10": 1.2958450876764291, "away_bp_k9_10": 8.883032455242969, "away_bullpen_ip_last_3": 9.0, "home_sp_career_era_5": 4.2595142469081075, "home_sp_career_whip_5": 1.3333333333333333, "home_sp_k_pct_5": 0.21416796906305985, "home_sp_bb_pct_5": 0.07543824643573274, "home_sp_fip_5": 4.127260584252374, "home_sp_k9_5": 8.271599639809914, "home_sp_bb9_5": 3.043053875195749, "home_sp_hr9_5": 1.1911002070601449, "home_sp_ip_avg_5": 5.335, "home_sp_career_era_10": 4.35, "home_sp_fip_10": 4.1959333845652464, "home_sp_starts_in_window": 5.0, "home_sp_days_rest": 6.0, "home_sp_era_home_10": 3.75424612339162, "home_sp_era_away_10": 4.38568129330254, "home_sp_k9_home_10": 8.519564656820465, "home_sp_k9_away_10": 8.026351351351352, "home_sp_fip_home_10": 3.8455745895788724, "home_sp_fip_away_10": 4.212134189864383, "home_sp_era_20": 4.326596386631422, "home_sp_fip_20": 4.166721302596207, "home_sp_last_k": 5.0, "home_sp_last_bb": 2.0, "home_sp_last_fip": 3.7714285714285714, "away_sp_career_era_5": 4.183166562434855, "away_sp_career_whip_5": 1.317449504779205, "away_sp_k_pct_5": 0.21439989882624094, "away_sp_bb_pct_5": 0.07498821729554445, "away_sp_fip_5": 4.13347077767581, "away_sp_k9_5": 8.25116367372465, "away_sp_bb9_5": 3.015939084162989, "away_sp_hr9_5": 1.1914087759815242, "away_sp_ip_avg_5": 5.4, "away_sp_career_era_10": 4.29172065467713, "away_sp_fip_10": 4.148731350398017, "away_sp_starts_in_window": 5.0, "away_sp_days_rest": 6.0, "away_sp_era_home_10": 3.814006272883395, "away_sp_era_away_10": 4.307767515721764, "away_sp_k9_home_10": 8.437075084715534, "away_sp_k9_away_10": 8.0, "away_sp_fip_home_10": 3.899678800856531, "away_sp_fip_away_10": 4.2, "away_sp_era_20": 4.277558725156836, "away_sp_fip_20": 4.151114248155258, "away_sp_last_k": 5.0, "away_sp_last_bb": 2.0, "away_sp_last_fip": 3.7, "home_wins": 34.0, "home_losses": 34.0, "home_win_pct": 0.5, "home_run_diff": 3.0, "home_run_diff_per_game": 0.06382978723404255, "home_rest_days": 1.0, "home_games_played": 70.0, "home_wins_last_5": 2.0, "home_wins_last_10": 5.0, "home_win_pct_last_10": 0.5, "home_run_diff_avg_last_5": 0.0, "away_wins": 34.0, "away_losses": 35.0, "away_win_pct": 0.5, "away_run_diff": 4.0, "away_run_diff_per_game": 0.08403361344537816, "away_rest_days": 1.0, "away_games_played": 70.0, "away_win_pct_last_5": 0.6, "away_wins_last_10": 5.0, "away_win_pct_last_10": 0.5, "away_run_diff_avg_last_5": 0.0, "h2h_games_ytd": 2.0, "runs_scored_edge_10": 0.0, "obp_edge_10": -0.0018291545827166245, "slg_edge_10": -0.0029103346675939112, "era_edge_10": -0.08163058524236491, "whip_edge_10": -0.009173604929513135, "sp_fip_edge_5": -0.02162161345097561, "sp_era_edge_5": -0.02740525366369525, "bullpen_fatigue_edge": -0.33, "win_pct_edge": 0.0, "run_diff_per_game_edge": -0.008474576271186418, "home_implied_runs": 4.35, "away_implied_runs": 4.4, "park_adj_implied_total": 8.829, "ump_rpg_5": 8.8, "ump_k9_5": 8.512308998302206, "ump_bb9_5": 3.1298008697642485, "ump_rpg_10": 8.8, "ump_k9_10": 8.549753055912674, "ump_bb9_10": 3.126750632401901, "temperature_f": 74.3, "wind_speed_mph": 7.2, "wind_sin": -0.20791169081775987, "wind_cos": -0.25881904510252063, "precip_prob_pct": 0.0, "home_lineup_avg_avg_10": 0.23777777777777775, "home_lineup_slg_avg_10": 0.3938976754411053, "home_lineup_iso_avg_10": 0.1481574074074074, "home_top4_slg_avg_10": 0.43414371919266015, "away_lineup_avg_avg_10": 0.23703703703703705, "away_lineup_slg_avg_10": 0.3939740660565022, "away_lineup_iso_avg_10": 0.1481574074074074, "away_top4_slg_avg_10": 0.43887160100454387, "lineup_avg_edge": 0.0, "lineup_slg_edge": -4.19839526418515e-05, "home_bullpen_ip_last_7": 21.98, "home_bp_era_7d": 3.7267080745341614, "away_bullpen_ip_last_7": 21.67, "away_bp_era_7d": 3.7974683544303796, "bullpen_fatigue_7d_edge": -0.32, "series_game_number": 2.0, "home_sp_k_pct_10": 0.21542201283582585, "away_sp_k_pct_10": 0.21509635272151, "home_sp_venue_starts": 5.0, "home_sp_venue_era": 3.9944413128258365, "home_sp_venue_k9": 8.705010331802335, "home_sp_venue_fip": 3.898102721831536, "away_sp_venue_starts": 0.0, "away_sp_venue_era": 3.6, "away_sp_venue_k9": 7.714285714285714, "away_sp_venue_fip": 3.8666666666666667, "home_bp_relievers_last_1d": 3.0, "home_bp_relievers_last_2d": 5.0, "home_bp_relievers_last_3d": 7.0, "home_bp_ip_last_1d": 3.33, "home_bp_avg_era_last_3d": 3.3636450704053367, "away_bp_relievers_last_1d": 3.0, "away_bp_relievers_last_2d": 5.0, "away_bp_relievers_last_3d": 7.0, "away_bp_ip_last_1d": 3.0, "away_bp_avg_era_last_3d": 3.3510841094148716, "home_sp_last_ip": 5.33, "away_sp_last_ip": 5.33, "home_sp_sc_barrel_rate": 8.4, "home_sp_sc_hard_hit_pct": 40.4, "home_sp_sc_xwoba": 0.319, "home_sp_sc_exit_velo": 89.3, "home_sp_sl_whiff_pct": 31.4, "home_sp_ch_whiff_pct": 30.2, "home_sp_fb_put_away": 17.5, "away_sp_sc_barrel_rate": 8.4,