{"run_line_away_price": -114.0, "total_line": 8.5, "under_price": -110.0, "open_run_line_home": -1.5, "open_total_line": 8.5, "park_run_factor": 1.006, "home_hr_avg_5": 1.0, "home_avg_avg_5": 0.23679637557034444, "home_obp_avg_5": 0.30181503950633737, "home_slg_avg_5": 0.38615768211673385, "home_iso_avg_5": 0.1478171070358468, "home_k_pct_avg_5": 0.2509572317891503, "home_bb_pct_avg_5": 0.08273496858446797, "home_runs_avg_10": 4.4, "home_hr_avg_10": 1.1, "home_avg_avg_10": 0.23756823158010304, "home_obp_avg_10": 0.30159579055433183, "home_slg_avg_10": 0.38657235550183333, "home_iso_avg_10": 0.14896328154873512, "home_k_pct_avg_10": 0.25105976521258744, "home_bb_pct_avg_10": 0.08321650932832311, "home_runs_avg_20": 4.4, "home_runs_sd_10": 2.913569784454954, "home_sb_avg_5": 0.6, "home_sb_avg_10": 0.6, "home_sb_pct_10": 0.018590251277989776, "away_runs_avg_5": 4.4, "away_hr_avg_5": 1.0, "away_avg_avg_5": 0.23798834151656734, "away_obp_avg_5": 0.30225816262967964, "away_slg_avg_5": 0.3866297866614804, "away_iso_avg_5": 0.14760269805217624, "away_k_pct_avg_5": 0.2500489112716687, "away_bb_pct_avg_5": 0.08214377999261721, "away_runs_avg_10": 4.4, "away_hr_avg_10": 1.1, "away_avg_avg_10": 0.2388024969259192, "away_obp_avg_10": 0.3024695402123059, "away_slg_avg_10": 0.3888186825519654, "away_iso_avg_10": 0.14977256579868212, "away_k_pct_avg_10": 0.25077211096704505, "away_bb_pct_avg_10": 0.0832162556427721, "away_runs_avg_20": 4.4, "away_runs_sd_10": 2.913569784454954, "away_sb_avg_5": 0.6, "away_sb_avg_10": 0.6, "away_sb_pct_10": 0.018518518518518517, "home_runs_allowed_avg_5": 4.4, "home_era_5": 4.032597083202939, "home_whip_5": 1.2833333333333332, "home_k9_5": 8.475, "home_bb9_5": 3.175, "home_hr9_5": 1.0782348768703112, "home_sp_era_5": 4.62, "home_sp_whip_5": 1.3666666666666667, "home_team_sp_k9_5": 8.376459501716461, "home_bp_era_5": 3.6553940215372087, "home_bp_whip_5": 1.2764539244402688, "home_bp_k9_5": 8.839642324900543, "home_runs_allowed_avg_10": 4.4, "home_era_10": 4.1625, "home_whip_10": 1.2900784180912783, "home_k9_10": 8.475, "home_bb9_10": 3.192133632338611, "home_hr9_10": 1.141036014687477, "home_sp_era_10": 4.766024495568175, "home_sp_whip_10": 1.391396761349835, "home_team_sp_k9_10": 8.331723144420998, "home_bp_era_10": 3.9560700326364087, "home_bp_whip_10": 1.3014538901780024, "home_bp_k9_10": 8.863215113333625, "home_bullpen_ip_last_3": 9.33, "away_runs_allowed_avg_5": 4.2, "away_era_5": 4.027534418022528, "away_whip_5": 1.2805555555555554, "away_k9_5": 8.479252999542359, "away_bb9_5": 3.15, "away_hr9_5": 1.075, "away_sp_era_5": 4.420246372227446, "away_sp_whip_5": 1.3531476102452857, "away_team_sp_k9_5": 8.270272357625773, "away_bp_era_5": 3.7917558886509637, "away_bp_whip_5": 1.2872372546648045, "away_bp_k9_5": 8.915339239752965, "away_runs_allowed_avg_10": 4.3, "away_era_10": 4.063301223728289, "away_whip_10": 1.2821330305171714, "away_k9_10": 8.49465909090909, "away_bb9_10": 3.1702784571338976, "away_hr9_10": 1.111868735042202, "away_sp_era_10": 4.634074929432897, "away_sp_whip_10": 1.3731287886796557, "away_team_sp_k9_10": 8.376134167098137, "away_bp_era_10": 3.9019706563045715, "away_bp_whip_10": 1.2958450876764291, "away_bp_k9_10": 8.88111977837555, "away_bullpen_ip_last_3": 9.0, "home_sp_career_era_5": 4.2548299876641416, "home_sp_career_whip_5": 1.3333333333333333, "home_sp_k_pct_5": 0.21419111251034853, "home_sp_bb_pct_5": 0.07547645778341794, "home_sp_fip_5": 4.1275034794512315, "home_sp_k9_5": 8.272698412698412, "home_sp_bb9_5": 3.044794512614937, "home_sp_hr9_5": 1.1907916381387655, "home_sp_ip_avg_5": 5.335, "home_sp_career_era_10": 4.35, "home_sp_fip_10": 4.19186295503212, "home_sp_starts_in_window": 5.0, "home_sp_days_rest": 6.0, "home_sp_era_home_10": 3.75, "home_sp_era_away_10": 4.369529251946885, "home_sp_k9_home_10": 8.519960409105906, "home_sp_k9_away_10": 8.028243511804774, "home_sp_fip_home_10": 3.8423982869379016, "home_sp_fip_away_10": 4.210400618482054, "home_sp_era_20": 4.325997912449141, "home_sp_fip_20": 4.1651675485008814, "home_sp_last_k": 5.0, "home_sp_last_bb": 2.0, "home_sp_last_fip": 3.7714285714285714, "away_sp_career_era_5": 4.185790347025936, "away_sp_career_whip_5": 1.3178133074638998, "away_sp_k_pct_5": 0.21421704029255967, "away_sp_bb_pct_5": 0.07498821729554445, "away_sp_fip_5": 4.1365460785411905, "away_sp_k9_5": 8.25, "away_sp_bb9_5": 3.017142857142857, "away_sp_hr9_5": 1.1914087759815242, "away_sp_ip_avg_5": 5.4, "away_sp_career_era_10": 4.297382118784558, "away_sp_fip_10": 4.151099493751487, "away_sp_starts_in_window": 5.0, "away_sp_days_rest": 6.0, "away_sp_era_home_10": 3.8154774442689137, "away_sp_era_away_10": 4.317293546561839, "away_sp_k9_home_10": 8.437075084715534, "away_sp_k9_away_10": 8.0, "away_sp_fip_home_10": 3.900676072898295, "away_sp_fip_away_10": 4.202161090257116, "away_sp_era_20": 4.28556991106541, "away_sp_fip_20": 4.152025647300683, "away_sp_last_k": 5.0, "away_sp_last_bb": 2.0, "away_sp_last_fip": 3.7, "home_wins": 33.0, "home_losses": 34.0, "home_win_pct": 0.5, "home_run_diff": 3.0, "home_run_diff_per_game": 0.0625, "home_rest_days": 1.0, "home_games_played": 69.0, "home_wins_last_5": 2.0, "home_wins_last_10": 5.0, "home_win_pct_last_10": 0.5, "home_run_diff_avg_last_5": 0.0, "away_wins": 34.0, "away_losses": 34.0, "away_win_pct": 0.5, "away_run_diff": 3.0, "away_run_diff_per_game": 0.08176100628930817, "away_rest_days": 1.0, "away_games_played": 69.0, "away_win_pct_last_5": 0.6, "away_wins_last_10": 5.0, "away_win_pct_last_10": 0.5, "away_run_diff_avg_last_5": 0.0, "h2h_games_ytd": 2.0, "runs_scored_edge_10": 0.0, "obp_edge_10": -0.001805565275485449, "slg_edge_10": -0.002656387391954257, "era_edge_10": -0.0820287928166987, "whip_edge_10": -0.009453925432619692, "sp_fip_edge_5": -0.021039931991548567, "sp_era_edge_5": -0.020089293260024982, "bullpen_fatigue_edge": -0.33, "win_pct_edge": 0.0, "run_diff_per_game_edge": -0.007637017070979357, "home_implied_runs": 4.35, "away_implied_runs": 4.4, "park_adj_implied_total": 8.829, "ump_rpg_5": 8.8, "ump_k9_5": 8.512435615245483, "ump_bb9_5": 3.1302206414595988, "ump_rpg_10": 8.8, "ump_k9_10": 8.550721766298052, "ump_bb9_10": 3.127922825896952, "temperature_f": 74.3, "wind_speed_mph": 7.3, "wind_sin": -0.22495105434386498, "wind_cos": -0.25881904510252063, "precip_prob_pct": 0.0, "home_lineup_avg_avg_10": 0.23772937710437714, "home_lineup_slg_avg_10": 0.3937997394192822, "home_lineup_iso_avg_10": 0.148070987654321, "home_top4_slg_avg_10": 0.43396155083655086, "away_lineup_avg_avg_10": 0.23692604463437797, "away_lineup_slg_avg_10": 0.39376025568310635, "away_lineup_iso_avg_10": 0.14814814814814817, "away_top4_slg_avg_10": 0.43846390892074527, "lineup_avg_edge": 0.0, "lineup_slg_edge": 0.0, "home_bullpen_ip_last_7": 21.99, "home_bp_era_7d": 3.726065317018719, "away_bullpen_ip_last_7": 21.67, "away_bp_era_7d": 3.795688847235239, "bullpen_fatigue_7d_edge": -0.32, "series_game_number": 2.0, "home_sp_k_pct_10": 0.21546061198609792, "away_sp_k_pct_10": 0.21494076325541656, "home_sp_venue_starts": 5.0, "home_sp_venue_era": 3.9902506747420663, "home_sp_venue_k9": 8.704729346439535, "home_sp_venue_fip": 3.8977458801099405, "away_sp_venue_starts": 0.0, "away_sp_venue_era": 3.6, "away_sp_venue_k9": 7.714285714285714, "away_sp_venue_fip": 3.8666666666666667, "home_bp_relievers_last_1d": 3.0, "home_bp_relievers_last_2d": 5.0, "home_bp_relievers_last_3d": 7.0, "home_bp_ip_last_1d": 3.33, "home_bp_avg_era_last_3d": 3.3667280801277424, "away_bp_relievers_last_1d": 3.0, "away_bp_relievers_last_2d": 5.0, "away_bp_relievers_last_3d": 7.0, "away_bp_ip_last_1d": 3.0, "away_bp_avg_era_last_3d": 3.350435434754369, "home_sp_last_ip": 5.33, "away_sp_last_ip": 5.33, "home_sp_sc_barrel_rate": 8.5, "home_sp_sc_hard_hit_pct": 40.3, "home_sp_sc_xwoba": 0.318, "home_sp_sc_exit_velo": 89.3, "home_sp_sl_whiff_pct": 31.1, "home_sp_ch_whiff_pct": 30.2, "home_sp_fb_put_away": 17.5, "away_sp_sc_barrel_rate": 8.4, "away_sp_sc_hard_hit_pct": 40.4,