{"venue_id": 2392.0, "run_line_home": -1.5, "run_line_home_price": -110.0, "run_line_away_price": -113.0, "total_line": 8.5, "over_price": -110.0, "under_price": -110.0, "open_run_line_home": -1.5, "open_total_line": 8.5, "total_line_move": 0.0, "run_line_move": 0.0, "park_run_factor": 1.006, "park_hr_factor": 1.012, "home_runs_avg_5": 4.2, "home_hr_avg_5": 1.0, "home_avg_avg_5": 0.23740354206198608, "home_obp_avg_5": 0.3012152189023929, "home_slg_avg_5": 0.38844592544597173, "home_iso_avg_5": 0.14873538529860098, "home_k_pct_avg_5": 0.25111281637237765, "home_bb_pct_avg_5": 0.08133699486944337, "home_runs_avg_10": 4.4, "home_hr_avg_10": 1.1, "home_avg_avg_10": 0.23822852861164867, "home_obp_avg_10": 0.3008892000453763, "home_slg_avg_10": 0.38854808580510325, "home_iso_avg_10": 0.14997272353997612, "home_k_pct_avg_10": 0.2508152185891057, "home_bb_pct_avg_10": 0.08198965276576561, "home_runs_avg_20": 4.4, "home_runs_sd_10": 2.9078437983419185, "away_runs_avg_5": 4.4, "away_hr_avg_5": 1.0, "away_avg_avg_5": 0.23821955549896726, "away_obp_avg_5": 0.3015943369726866, "away_slg_avg_5": 0.3877347031623347, "away_iso_avg_5": 0.14826712503183093, "away_k_pct_avg_5": 0.25073402883649565, "away_bb_pct_avg_5": 0.0810381050481481, "away_runs_avg_10": 4.4, "away_hr_avg_10": 1.1, "away_avg_avg_10": 0.23910668861453638, "away_obp_avg_10": 0.3019600119843224, "away_slg_avg_10": 0.3902591923690122, "away_iso_avg_10": 0.15093996933896553, "away_k_pct_avg_10": 0.2515562408344835, "away_bb_pct_avg_10": 0.081907322548892, "away_runs_avg_20": 4.4, "away_runs_sd_10": 2.9059326290271157, "home_runs_allowed_avg_5": 4.333333333333333, "home_era_5": 4.02614894382717, "home_whip_5": 1.279668695205212, "home_k9_5": 8.50690889678689, "home_bb9_5": 3.1186679755658457, "home_hr9_5": 1.100222469410456, "home_sp_era_5": 4.62, "home_sp_whip_5": 1.3666666666666667, "home_team_sp_k9_5": 8.357777777777777, "home_bp_era_5": 3.6407988703546086, "home_bp_whip_5": 1.2735997775077004, "home_runs_allowed_avg_10": 4.4, "home_era_10": 4.157336434573829, "home_whip_10": 1.2864341448189762, "home_k9_10": 8.489701476176556, "home_bb9_10": 3.1460205947892685, "home_hr9_10": 1.1498890122086571, "home_sp_era_10": 4.762648443294378, "home_sp_whip_10": 1.3892808530157634, "home_team_sp_k9_10": 8.325257062142484, "home_bp_era_10": 3.948615681938346, "home_bp_whip_10": 1.2974121465575292, "home_bullpen_ip_last_3": 9.33, "away_runs_allowed_avg_5": 4.2, "away_era_5": 4.038703796203796, "away_whip_5": 1.2770790778603671, "away_k9_5": 8.453094528227554, "away_bb9_5": 3.1, "away_hr9_5": 1.0751112347052278, "away_sp_era_5": 4.44, "away_sp_whip_5": 1.3526554717229664, "away_team_sp_k9_5": 8.251980702224603, "away_bp_era_5": 3.7986194488832448, "away_bp_whip_5": 1.2821328184868728, "away_runs_allowed_avg_10": 4.3, "away_era_10": 4.065594380637207, "away_whip_10": 1.2804166666666665, "away_k9_10": 8.491358783958942, "away_bb9_10": 3.123903093000381, "away_hr9_10": 1.1126966652677508, "away_sp_era_10": 4.647781427075859, "away_sp_whip_10": 1.3707847655566454, "away_team_sp_k9_10": 8.361846038538566, "away_bp_era_10": 3.9037842867339654, "away_bp_whip_10": 1.2906053571114087, "away_bullpen_ip_last_3": 9.0, "home_sp_career_era_5": 4.285250480933282, "home_sp_career_whip_5": 1.3352007598328521, "home_sp_k_pct_5": 0.21362004415750857, "home_sp_bb_pct_5": 0.07489291997207433, "home_sp_fip_5": 4.155107066381156, "home_sp_k9_5": 8.240741193202298, "home_sp_bb9_5": 3.025301315386969, "home_sp_hr9_5": 1.2138932070639388, "home_sp_ip_avg_5": 5.4, "home_sp_career_era_10": 4.395067024845936, "home_sp_fip_10": 4.218154755872587, "home_sp_starts_in_window": 5.0, "home_sp_days_rest": 6.0, "home_sp_is_short_rest": 0.0, "home_sp_era_home_10": 3.81345977363108, "home_sp_era_away_10": 4.427551833452647, "home_sp_k9_home_10": 8.493603010877301, "home_sp_k9_away_10": 8.016186219686364, "home_sp_fip_home_10": 3.8805465003858894, "home_sp_fip_away_10": 4.233763726097968, "away_sp_career_era_5": 4.258891454965358, "away_sp_career_whip_5": 1.321087153284541, "away_sp_k_pct_5": 0.213922526669109, "away_sp_bb_pct_5": 0.07376498501156883, "away_sp_fip_5": 4.1467230225932035, "away_sp_k9_5": 8.236403827119762, "away_sp_bb9_5": 2.9996158506535715, "away_sp_hr9_5": 1.2, "away_sp_ip_avg_5": 5.4, "away_sp_career_era_10": 4.343949258696396, "away_sp_fip_10": 4.177008469098562, "away_sp_starts_in_window": 5.0, "away_sp_days_rest": 6.0, "away_sp_is_short_rest": 0.0, "away_sp_era_home_10": 3.839701734396305, "away_sp_era_away_10": 4.354250250851287, "away_sp_k9_home_10": 8.410824476844866, "away_sp_k9_away_10": 8.0, "away_sp_fip_home_10": 3.913183421516755, "away_sp_fip_away_10": 4.213342440199948, "home_wins": 39.0, "home_losses": 39.0, "home_win_pct": 0.5042735042735043, "home_run_diff": 5.0, "home_run_diff_per_game": 0.10344827586206896, "home_division_rank": NaN, "home_rest_days": 1.0, "home_is_b2b": 1.0, "home_games_played": 79.0, "home_wins_last_5": 2.0, "home_win_pct_last_5": 0.4, "home_wins_last_10": 5.0, "home_win_pct_last_10": 0.5, "home_run_diff_avg_last_5": 0.0, "away_wins": 39.0, "away_losses": 39.0, "away_win_pct": 0.5047619047619047, "away_run_diff": 6.0, "away_run_diff_per_game": 0.12307692307692308, "away_division_rank": NaN, "away_rest_days": 1.0, "away_is_b2b": 1.0, "away_games_played": 80.0, "away_wins_last_5": 2.0, "away_win_pct_last_5": 0.6, "away_wins_last_10": 5.0, "away_win_pct_last_10": 0.5, "away_run_diff_avg_last_5": 0.0, "h2h_games_ytd": 2.0, "h2h_home_win_pct_ytd": 0.5, "runs_scored_edge_10": 0.0, "obp_edge_10": -0.0019075338270766184, "slg_edge_10": -0.0025787341736489555, "era_edge_10": -0.07641179525984565, "whip_edge_10": -0.006516764171536682, "sp_fip_edge_5": -0.011420814925830709, "sp_era_edge_5": -0.009216495635213524, "bullpen_fatigue_edge": -0.33, "rest_days_advantage": 0.0, "win_pct_edge": 0.0, "run_diff_per_game_edge": -0.0014005602240896309, "division_rank_edge": 0.0, "home_implied_runs": 4.35, "away_implied_runs": 4.4, "park_adj_implied_total": 8.829, "n_ump_games_prev_5": 5.0, "ump_rpg_5": 8.8, "ump_k9_5": 8.5, "ump_bb9_5": 3.094117647058823, "ump_rpg_10": 8.8, "ump_k9_10": 8.532913824741197, "ump_bb9_10": 3.1092436974789917, "temperature_f": 75.3, "wind_speed_mph": 7.0, "wind_sin": -0.17364817766693047, "wind_cos": -0.27563735581699905, "precip_prob_pct": 0.0, "is_dome": 0.0, "home_lineup_avg_avg_10": 0.23796296296296293, "home_lineup_slg_avg_10": 0.3953112263619295, "home_lineup_iso_avg_10": 0.14893471754582865, "home_top4_slg_avg_10": 0.4356423603838768, "home_lineup_completeness": 1.1111111111111112, "away_lineup_avg_avg_10": 0.23699794238683125, "away_lineup_slg_avg_10": 0.3954608943022205, "away_lineup_iso_avg_10": 0.14883333333333332, "away_top4_slg_avg_10": 0.44022858572446755, "away_lineup_completeness": 1.1111111111111112, "lineup_avg_edge": 0.0, "lineup_slg_edge": 0.0, "season_days_elapsed": 86.0, "start_hour_utc": 19.0, "start_dow_utc": 4.0, "season_2024-regular": 0.0, "season_2025-regular": 0.0, "season_2026-regular": 0.0, "home_team_abbr_ARI": 0.0, "home_team_abbr_ATH": 0.0, "home_team_abbr_ATL": 0.0, "home_team_abbr_BAL": 0.0, "home_team_abbr_BOS": 0.0, "home_team_abbr_CHC": 0.0, "home_team_abbr_CIN": 0.0, "home_team_abbr_CLE": 0.0, "home_team_abbr_COL": 0.0, "home_team_abbr_CWS": 0.0, "home_team_abbr_DET": 0.0, "home_team_abbr_HOU": 0.0, "home_team_abbr_KC": 0.0, "home_team_abbr_LAA": 0.0, "home_team_abbr_LAD": 0.0, "home_team_abbr_MIA": 0.0, "home_team_abbr_MIL": 0.0, "home_team_abbr_MIN": 0.0, "home_team_abbr_NYM": 0.0, "home_team_abbr_NYY": 0.0, "home_team_abbr_OAK": 0.0, "home_team_abbr_PHI": 0.0, "home_team_abbr_PIT": 0.0, "home_team_abbr_SD": 0.0, "home_team_abbr_SEA": 0.0, "home_team_abbr_SF": 0.0, "home_team_abbr_STL": 0.0, "home_team_abbr_TB": 0.0, "home_team_abbr_TEX": 0.0, "home_team_abbr_TOR": 0.0, "home_team_abbr_WAS": 0.0, "home_team_abbr_nan": 0.0, "away_team_abbr_ARI": 0.0, "away_team_abbr_ATH": 0.0, "away_team_abbr_ATL": 0.0, "away_team_abbr_BAL": 0.0,