{"venue_id": 680.0, "run_line_home": -1.5, "run_line_home_price": -108.0, "run_line_away_price": -114.0, "total_line": 8.5, "over_price": -110.0, "under_price": -110.0, "open_run_line_home": -1.5, "open_total_line": 8.5, "total_line_move": 0.0, "run_line_move": 0.0, "park_run_factor": 1.006, "park_hr_factor": 1.012, "home_runs_avg_5": 4.25, "home_hr_avg_5": 1.0, "home_avg_avg_5": 0.2368398268398268, "home_obp_avg_5": 0.30167264466762317, "home_slg_avg_5": 0.38705876330876327, "home_iso_avg_5": 0.14837885154061625, "home_k_pct_avg_5": 0.25138834027258816, "home_bb_pct_avg_5": 0.08227994227994229, "home_runs_avg_10": 4.4, "home_hr_avg_10": 1.1, "home_avg_avg_10": 0.2376113317505757, "home_obp_avg_10": 0.30119356485427917, "home_slg_avg_10": 0.38740317667082047, "home_iso_avg_10": 0.14944098240469206, "home_k_pct_avg_10": 0.25115722865722867, "home_bb_pct_avg_10": 0.08275702435574481, "home_runs_avg_20": 4.4, "home_runs_sd_10": 2.913569784454954, "away_runs_avg_5": 4.4, "away_hr_avg_5": 1.0, "away_avg_avg_5": 0.2381185481185481, "away_obp_avg_5": 0.3021587818031046, "away_slg_avg_5": 0.38674011254656415, "away_iso_avg_5": 0.14764052218362564, "away_k_pct_avg_5": 0.2504778972520908, "away_bb_pct_avg_5": 0.08169832371070762, "away_runs_avg_10": 4.4, "away_hr_avg_10": 1.1, "away_avg_avg_10": 0.23887373161556721, "away_obp_avg_10": 0.3022131809103065, "away_slg_avg_10": 0.38908918955502153, "away_iso_avg_10": 0.14996978825152202, "away_k_pct_avg_10": 0.2514852518201268, "away_bb_pct_avg_10": 0.08278036409506656, "away_runs_avg_20": 4.4, "away_runs_sd_10": 2.9078437983419185, "home_runs_allowed_avg_5": 4.4, "home_era_5": 4.051606800524669, "home_whip_5": 1.2837088026700043, "home_k9_5": 8.5, "home_bb9_5": 3.15, "home_hr9_5": 1.1, "home_sp_era_5": 4.627194860813704, "home_sp_whip_5": 1.3693232075141235, "home_team_sp_k9_5": 8.380143561575432, "home_bp_era_5": 3.6851472345064744, "home_bp_whip_5": 1.278804400908664, "home_bp_k9_5": 8.859694351003364, "home_runs_allowed_avg_10": 4.4, "home_era_10": 4.1625, "home_whip_10": 1.2894444444444444, "home_k9_10": 8.496245468431496, "home_bb9_10": 3.1742977528089886, "home_hr9_10": 1.141447029374954, "home_sp_era_10": 4.76254537774301, "home_sp_whip_10": 1.3905630550496126, "home_team_sp_k9_10": 8.343867700677123, "home_bp_era_10": 3.966904761904762, "home_bp_whip_10": 1.3009964361299742, "home_bp_k9_10": 8.878157986312493, "home_bullpen_ip_last_3": 9.33, "away_runs_allowed_avg_5": 4.2, "away_era_5": 4.025, "away_whip_5": 1.277777777777778, "away_k9_5": 8.48, "away_bb9_5": 3.128446170921199, "away_hr9_5": 1.075, "away_sp_era_5": 4.413133208255159, "away_sp_whip_5": 1.3520306763106669, "away_team_sp_k9_5": 8.2673474975914, "away_bp_era_5": 3.8095238095238093, "away_bp_whip_5": 1.2876172607879925, "away_bp_k9_5": 8.927413363827656, "away_runs_allowed_avg_10": 4.3, "away_era_10": 4.063543441120353, "away_whip_10": 1.2819444444444446, "away_k9_10": 8.501557285873192, "away_bb9_10": 3.1504355226975496, "away_hr9_10": 1.112278024417314, "away_sp_era_10": 4.628738829347945, "away_sp_whip_10": 1.370759205924915, "away_team_sp_k9_10": 8.372843728511684, "away_bp_era_10": 3.912210021689856, "away_bp_whip_10": 1.2956787464579078, "away_bp_k9_10": 8.900714719534944, "away_bullpen_ip_last_3": 9.0, "home_sp_career_era_5": 4.261659200515302, "home_sp_career_whip_5": 1.3333333333333333, "home_sp_k_pct_5": 0.21413285096365375, "home_sp_bb_pct_5": 0.07509527125095444, "home_sp_fip_5": 4.135123456790124, "home_sp_k9_5": 8.259076951841372, "home_sp_bb9_5": 3.0270223603842448, "home_sp_hr9_5": 1.2, "home_sp_ip_avg_5": 5.335, "home_sp_career_era_10": 4.367335101837856, "home_sp_fip_10": 4.2, "home_sp_starts_in_window": 5.0, "home_sp_days_rest": 6.0, "home_sp_is_short_rest": 0.0, "home_sp_era_home_10": 3.7729911551862774, "home_sp_era_away_10": 4.397619047619048, "home_sp_k9_home_10": 8.51597581864314, "home_sp_k9_away_10": 8.004440458342257, "home_sp_fip_home_10": 3.8666666666666667, "home_sp_fip_away_10": 4.216666666666667, "home_sp_era_20": 4.339850570182213, "home_sp_fip_20": 4.179701116543381, "home_sp_last_k": 5.0, "home_sp_last_bb": 2.0, "home_sp_last_fip": 3.7714285714285714, "away_sp_career_era_5": 4.183809523809524, "away_sp_career_whip_5": 1.317737739558039, "away_sp_k_pct_5": 0.21475231158229718, "away_sp_bb_pct_5": 0.07440897189625441, "away_sp_fip_5": 4.134811101828646, "away_sp_k9_5": 8.25179982925378, "away_sp_bb9_5": 3.0, "away_sp_hr9_5": 1.191904761904762, "away_sp_ip_avg_5": 5.4, "away_sp_career_era_10": 4.299801871867157, "away_sp_fip_10": 4.1569340796474705, "away_sp_starts_in_window": 5.0, "away_sp_days_rest": 6.0, "away_sp_is_short_rest": 0.0, "away_sp_era_home_10": 3.8154774442689137, "away_sp_era_away_10": 4.311747143529096, "away_sp_k9_home_10": 8.427619289473295, "away_sp_k9_away_10": 8.011607142857143, "away_sp_fip_home_10": 3.9035855167393816, "away_sp_fip_away_10": 4.2, "away_sp_era_20": 4.291016963222274, "away_sp_fip_20": 4.163884917972528, "away_sp_last_k": 5.0, "away_sp_last_bb": 2.0, "away_sp_last_fip": 3.7, "home_wins": 36.0, "home_losses": 36.0, "home_win_pct": 0.503448275862069, "home_run_diff": 3.0, "home_run_diff_per_game": 0.08874824191279887, "home_division_rank": NaN, "home_rest_days": 1.0, "home_is_b2b": 1.0, "home_games_played": 74.0, "home_wins_last_5": 2.0, "home_win_pct_last_5": 0.4, "home_wins_last_10": 5.0, "home_win_pct_last_10": 0.5, "home_run_diff_avg_last_5": 0.0, "away_wins": 36.0, "away_losses": 36.0, "away_win_pct": 0.5038759689922481, "away_run_diff": 5.0, "away_run_diff_per_game": 0.10354639175257732, "away_division_rank": NaN, "away_rest_days": 1.0, "away_is_b2b": 1.0, "away_games_played": 74.0, "away_wins_last_5": 3.0, "away_win_pct_last_5": 0.6, "away_wins_last_10": 5.0, "away_win_pct_last_10": 0.5, "away_run_diff_avg_last_5": 0.0, "h2h_games_ytd": 2.0, "h2h_home_win_pct_ytd": 0.5, "runs_scored_edge_10": 0.0, "obp_edge_10": -0.0017939979068987144, "slg_edge_10": -0.0025691424815451613, "era_edge_10": -0.08457395498392282, "whip_edge_10": -0.009561839028238817, "sp_fip_edge_5": -0.017739491357471424, "sp_era_edge_5": -0.0304047976011994, "bullpen_fatigue_edge": -0.33, "rest_days_advantage": 0.0, "win_pct_edge": 0.0, "run_diff_per_game_edge": -0.004157471771672416, "division_rank_edge": 0.0, "home_implied_runs": 4.35, "away_implied_runs": 4.4, "park_adj_implied_total": 8.8443, "n_ump_games_prev_5": 5.0, "ump_rpg_5": 8.8, "ump_k9_5": 8.518491981612836, "ump_bb9_5": 3.1096113270405334, "ump_rpg_10": 8.8, "ump_k9_10": 8.548790911284197, "ump_bb9_10": 3.1171879274095162, "temperature_f": 74.7, "wind_speed_mph": 7.2, "wind_sin": -0.19080899537654467, "wind_cos": -0.25881904510252085, "precip_prob_pct": 0.0, "is_dome": 0.0, "home_lineup_avg_avg_10": 0.23759259259259263, "home_lineup_slg_avg_10": 0.3939455152690447, "home_lineup_iso_avg_10": 0.14818181818181816, "home_top4_slg_avg_10": 0.4344305844305844, "home_lineup_completeness": 1.1111111111111112, "away_lineup_avg_avg_10": 0.23680555555555557, "away_lineup_slg_avg_10": 0.3939761404620198, "away_lineup_iso_avg_10": 0.14814814814814817, "away_top4_slg_avg_10": 0.43861607142857145, "away_lineup_completeness": 1.1111111111111112, "lineup_avg_edge": 0.0, "lineup_slg_edge": 0.0, "home_bullpen_ip_last_7": 21.68, "home_bp_era_7d": 3.75, "home_sp_short_last": 0.0, "away_bullpen_ip_last_7": 21.66, "away_bp_era_7d": 3.802281368821293, "away_sp_short_last": 0.0, "bullpen_fatigue_7d_edge": -0.32, "series_game_number": 2.0, "home_sp_k_pct_10": 0.21540936058430254, "away_sp_k_pct_10": 0.2152077063688332, "home_sp_venue_starts": 6.0, "home_sp_venue_era": 4.019754768392371, "home_sp_venue_k9": 8.718650793650793, "home_sp_venue_fip": 3.9123797054421523, "away_sp_venue_starts": 0.0, "away_sp_venue_era": 3.6, "away_sp_venue_k9": 7.7115325787702655, "away_sp_venue_fip": 3.8592785745328118, "home_sp_pitch_hand_l": 0.0, "away_sp_pitch_hand_l": 0.0, "home_team_avg_vs_lhp": NaN, "home_team_avg_vs_rhp": NaN, "home_team_obp_vs_lhp": NaN,