{"run_line_away_price": -113.0, "total_line": 8.5, "under_price": -110.0, "open_run_line_home": -1.5, "open_total_line": 8.5, "park_run_factor": 1.006, "home_hr_avg_5": 1.0, "home_avg_avg_5": 0.23692972350230415, "home_obp_avg_5": 0.30179549780888737, "home_slg_avg_5": 0.3871357808857809, "home_iso_avg_5": 0.14827878004348594, "home_k_pct_avg_5": 0.25103354065640593, "home_bb_pct_avg_5": 0.08242626938279111, "home_runs_avg_10": 4.4, "home_hr_avg_10": 1.1, "home_avg_avg_10": 0.23772449228204157, "home_obp_avg_10": 0.3014017606155327, "home_slg_avg_10": 0.3873463404500556, "home_iso_avg_10": 0.14934645819899867, "home_k_pct_avg_10": 0.25103825975005944, "home_bb_pct_avg_10": 0.08293619860636399, "home_runs_avg_20": 4.4, "home_runs_sd_10": 2.913569784454954, "home_sb_avg_5": 0.6, "home_sb_avg_10": 0.6, "home_sb_pct_10": 0.018691588785046728, "away_runs_avg_5": 4.4, "away_hr_avg_5": 1.0, "away_avg_avg_5": 0.23839682981090102, "away_obp_avg_5": 0.3024876197528578, "away_slg_avg_5": 0.38732878039329655, "away_iso_avg_5": 0.14804616360650846, "away_k_pct_avg_5": 0.2502432875811655, "away_bb_pct_avg_5": 0.0819404572036151, "away_runs_avg_10": 4.4, "away_hr_avg_10": 1.1, "away_avg_avg_10": 0.23900073032425975, "away_obp_avg_10": 0.30258615067302796, "away_slg_avg_10": 0.3893144627570252, "away_iso_avg_10": 0.15003486043540223, "away_k_pct_avg_10": 0.2510099545753196, "away_bb_pct_avg_10": 0.08296898592993758, "away_runs_avg_20": 4.4, "away_runs_sd_10": 2.9078437983419185, "away_sb_avg_5": 0.6, "away_sb_avg_10": 0.6, "away_sb_pct_10": 0.018518518518518517, "home_runs_allowed_avg_5": 4.4, "home_era_5": 4.055639097744361, "home_whip_5": 1.286111111111111, "home_k9_5": 8.49090909090909, "home_bb9_5": 3.16, "home_hr9_5": 1.1, "home_sp_era_5": 4.6341269841269845, "home_sp_whip_5": 1.3693308317698563, "home_team_sp_k9_5": 8.374766868485112, "home_bp_era_5": 3.6923056143352393, "home_bp_whip_5": 1.278804400908664, "home_bp_k9_5": 8.852702702702702, "home_runs_allowed_avg_10": 4.4, "home_era_10": 4.17, "home_whip_10": 1.2906460674157303, "home_k9_10": 8.487193907988798, "home_bb9_10": 3.179214064115822, "home_hr9_10": 1.1456778889899908, "home_sp_era_10": 4.765868422525194, "home_sp_whip_10": 1.3911609880576299, "home_team_sp_k9_10": 8.340028286150805, "home_bp_era_10": 3.967600809659298, "home_bp_whip_10": 1.3021160057864178, "home_bp_k9_10": 8.87204676586699, "home_bullpen_ip_last_3": 9.33, "away_runs_allowed_avg_5": 4.2, "away_era_5": 4.0278035742598925, "away_whip_5": 1.28, "away_k9_5": 8.475, "away_bb9_5": 3.1393457382953183, "away_hr9_5": 1.075, "away_sp_era_5": 4.422817551963049, "away_sp_whip_5": 1.3527646129541864, "away_team_sp_k9_5": 8.270877944325482, "away_bp_era_5": 3.805688622754491, "away_bp_whip_5": 1.2884139357249447, "away_bp_k9_5": 8.919087059409641, "away_runs_allowed_avg_10": 4.3, "away_era_10": 4.073862305829123, "away_whip_10": 1.2834343434343434, "away_k9_10": 8.499112097669256, "away_bb9_10": 3.1625, "away_hr9_10": 1.1125, "away_sp_era_10": 4.6407014992881175, "away_sp_whip_10": 1.3735244567212235, "away_team_sp_k9_10": 8.375722195885276, "away_bp_era_10": 3.9124192827890703, "away_bp_whip_10": 1.2970080059018987, "away_bp_k9_10": 8.89113233287858, "away_bullpen_ip_last_3": 9.0, "home_sp_career_era_5": 4.259857026726519, "home_sp_career_whip_5": 1.33295002067504, "home_sp_k_pct_5": 0.21414859767292121, "home_sp_bb_pct_5": 0.07531981849320184, "home_sp_fip_5": 4.128188217474188, "home_sp_k9_5": 8.26116578611316, "home_sp_bb9_5": 3.0301501887716826, "home_sp_hr9_5": 1.1930138628309361, "home_sp_ip_avg_5": 5.335, "home_sp_career_era_10": 4.357351429794794, "home_sp_fip_10": 4.198556268986906, "home_sp_starts_in_window": 5.0, "home_sp_days_rest": 6.0, "home_sp_era_home_10": 3.769593147751606, "home_sp_era_away_10": 4.38568129330254, "home_sp_k9_home_10": 8.515873015873016, "home_sp_k9_away_10": 8.00620358709683, "home_sp_fip_home_10": 3.8599262769878884, "home_sp_fip_away_10": 4.210072422444537, "home_sp_era_20": 4.332648984238723, "home_sp_fip_20": 4.170748761418421, "home_sp_last_k": 5.0, "home_sp_last_bb": 2.0, "home_sp_last_fip": 3.7714285714285714, "away_sp_career_era_5": 4.184341217725365, "away_sp_career_whip_5": 1.317449504779205, "away_sp_k_pct_5": 0.21473341724189182, "away_sp_bb_pct_5": 0.07463460292677093, "away_sp_fip_5": 4.130387067455036, "away_sp_k9_5": 8.253517823639775, "away_sp_bb9_5": 3.003543285196751, "away_sp_hr9_5": 1.1880769082847427, "away_sp_ip_avg_5": 5.4, "away_sp_career_era_10": 4.298818929796607, "away_sp_fip_10": 4.15285385072638, "away_sp_starts_in_window": 5.0, "away_sp_days_rest": 6.0, "away_sp_era_home_10": 3.8145527721357104, "away_sp_era_away_10": 4.311747143529096, "away_sp_k9_home_10": 8.437075084715534, "away_sp_k9_away_10": 8.0, "away_sp_fip_home_10": 3.901410934744268, "away_sp_fip_away_10": 4.2, "away_sp_era_20": 4.2881328434100645, "away_sp_fip_20": 4.15339648883835, "away_sp_last_k": 5.0, "away_sp_last_bb": 2.0, "away_sp_last_fip": 3.7, "home_wins": 35.0, "home_losses": 35.0, "home_win_pct": 0.5033557046979866, "home_run_diff": 3.0, "home_run_diff_per_game": 0.08152414709791758, "home_rest_days": 1.0, "home_games_played": 72.0, "home_wins_last_5": 2.0, "home_win_pct_last_5": 0.4, "home_wins_last_10": 5.0, "home_win_pct_last_10": 0.5, "home_run_diff_avg_last_5": 0.0, "away_wins": 36.0, "away_losses": 35.5, "away_win_pct": 0.5034723896792863, "away_run_diff": 4.0, "away_run_diff_per_game": 0.09090909090909091, "away_rest_days": 1.0, "away_games_played": 72.0, "away_win_pct_last_5": 0.6, "away_wins_last_10": 5.0, "away_win_pct_last_10": 0.5, "away_run_diff_avg_last_5": 0.0, "h2h_games_ytd": 2.0, "runs_scored_edge_10": 0.0, "obp_edge_10": -0.0018120551936591234, "slg_edge_10": -0.0029033701709224036, "era_edge_10": -0.0822780244173141, "whip_edge_10": -0.008271138372950348, "sp_fip_edge_5": -0.020458250532121525, "sp_era_edge_5": -0.0304047976011994, "bullpen_fatigue_edge": -0.33, "win_pct_edge": 0.0, "run_diff_per_game_edge": 0.0, "home_implied_runs": 4.35, "away_implied_runs": 4.4, "park_adj_implied_total": 8.8452, "ump_rpg_5": 8.8, "ump_k9_5": 8.51517448509915, "ump_bb9_5": 3.1172787729268188, "ump_rpg_10": 8.8, "ump_k9_10": 8.54905616690712, "ump_bb9_10": 3.122010841244667, "temperature_f": 74.5, "wind_speed_mph": 7.2, "wind_sin": -0.19080899537654472, "wind_cos": -0.25881904510252063, "precip_prob_pct": 0.0, "home_lineup_avg_avg_10": 0.23777777777777775, "home_lineup_slg_avg_10": 0.3939354395801602, "home_lineup_iso_avg_10": 0.14819444444444443, "home_top4_slg_avg_10": 0.4344305844305844, "home_lineup_completeness": 1.1111111111111112, "away_lineup_avg_avg_10": 0.2368518518518518, "away_lineup_slg_avg_10": 0.3941526580415469, "away_lineup_iso_avg_10": 0.14819444444444443, "away_top4_slg_avg_10": 0.4390480559530181, "away_lineup_completeness": 1.1111111111111112, "lineup_avg_edge": 0.0, "lineup_slg_edge": 0.0, "home_bullpen_ip_last_7": 21.68, "home_bp_era_7d": 3.75, "away_bullpen_ip_last_7": 21.66, "away_bp_era_7d": 3.802281368821293, "bullpen_fatigue_7d_edge": -0.32, "series_game_number": 2.0, "home_sp_k_pct_10": 0.21540936058430254, "away_sp_k_pct_10": 0.2151023756403555, "home_sp_venue_starts": 6.0, "home_sp_venue_era": 4.002571924533426, "home_sp_venue_k9": 8.714478346640586, "home_sp_venue_fip": 3.905467372134039, "away_sp_venue_starts": 0.0, "away_sp_venue_era": 3.6, "away_sp_venue_k9": 7.714285714285714, "away_sp_venue_fip": 3.8666666666666667, "home_bp_relievers_last_1d": 3.0, "home_bp_relievers_last_2d": 5.0, "home_bp_relievers_last_3d": 7.0, "home_bp_ip_last_1d": 3.33, "home_bp_avg_era_last_3d": 3.3651812362976994, "away_bp_relievers_last_1d": 3.0, "away_bp_relievers_last_2d": 5.0, "away_bp_relievers_last_3d": 7.0, "away_bp_ip_last_1d": 3.0, "away_bp_avg_era_last_3d": 3.3444737351430525, "home_sp_last_ip": 5.33, "away_sp_last_ip": 5.33, "home_sp_sc_barrel_rate": 8.5, "home_sp_sc_hard_hit_pct": 40.4, "home_sp_sc_xwoba": 0.318, "home_sp_sc_exit_velo": 89.3, "home_sp_sl_whiff_pct": 31.4,