{
  "home_lineup_completeness": 0.020758,
  "away_lineup_completeness": 0.016357,
  "away_team_abbr_NYY": 0.015948,
  "home_team_abbr_LAD": 0.012749,
  "home_team_abbr_OAK": 0.011799,
  "away_is_b2b": 0.01081,
  "home_rest_days": 0.00809,
  "home_bullpen_exposure": 0.007746,
  "run_diff_per_game_edge": 0.007449,
  "away_run_diff_per_game": 0.006085,
  "b2b_asymmetry": 0.006083,
  "home_bp_era7_x_ip7": 0.005873,
  "away_implied_runs": 0.00587,
  "home_losses": 0.00545,
  "season_2024-regular": 0.00544,
  "away_win_pct_last_10": 0.005305,
  "away_sp_k9_home_10": 0.005148,
  "away_team_abbr_ARI": 0.005121,
  "whip_edge_10": 0.00507,
  "pen_depletion_edge": 0.005037,
  "away_team_abbr_OAK": 0.005029,
  "start_dow_utc": 0.004967,
  "away_team_abbr_MIL": 0.004951,
  "away_bb9_5": 0.004918,
  "away_sp_career_whip_5": 0.00486,
  "away_rest_days": 0.004821,
  "batting_hr_avg_10_diff": 0.004818,
  "home_team_abbr_WAS": 0.00473,
  "home_team_abbr_PHI": 0.004709,
  "home_top4_slg_avg_10": 0.004707,
  "era_edge_10": 0.004656,
  "away_win_pct": 0.004646,
  "away_sp_ip_avg_5": 0.004547,
  "home_park_adj_runs_10": 0.004543,
  "bullpen_fatigue_edge": 0.004512,
  "away_team_k_bb_ratio_5": 0.00449,
  "team_whip_5_diff": 0.004483,
  "away_games_played": 0.004467,
  "home_run_diff_per_game": 0.004448,
  "home_sp_career_whip_5": 0.004447,
  "away_sp_era_5": 0.004404,
  "home_win_pct": 0.004351,
  "away_top4_slg_avg_10": 0.004342,
  "home_team_abbr_TOR": 0.004322,
  "home_bp_whip_10": 0.004296,
  "form_momentum_diff": 0.004295,
  "away_team_abbr_CLE": 0.004274,
  "away_sp_bb9_5": 0.00427,
  "sp_era_edge_5": 0.004264,
  "home_sp_home_away_era_split": 0.004254,
  "home_runs_allowed_avg_10": 0.004198,
  "home_pen_exposure_x_era": 0.004177,
  "away_pen_depletion": 0.004154,
  "pen_exposure_era_diff": 0.004138,
  "away_team_abbr_LAA": 0.0041,
  "home_run_diff": 0.004081,
  "away_sp_era_away_10": 0.004064,
  "park_adj_implied_total": 0.004029,
  "away_obp_avg_10": 0.004029,
  "sp_fip_edge_5": 0.004024,
  "away_bp_whip_5": 0.004016,
  "away_lineup_slg_avg_10": 0.004007,
  "home_win_pct_last_5": 0.003989,
  "home_lineup_iso_avg_10": 0.003989,
  "away_sp_k_bb_ratio_5": 0.003981,
  "away_sp_era_10": 0.003955,
  "away_era_trend_5v10": 0.003952,
  "bp_era_diff_5": 0.003921,
  "away_team_abbr_COL": 0.003919,
  "home_team_abbr_TEX": 0.003899,
  "away_iso_avg_5": 0.003888,
  "away_obp_avg_5": 0.003839,
  "away_hr9_10": 0.003828,
  "away_sp_fip_away_10": 0.003814,
  "temperature_f": 0.003749,
  "away_pythag_x_opp_sp_fip": 0.003734,
  "away_lineup_avg_avg_10": 0.003732,
  "away_losses": 0.003686,
  "runs_trend_diff": 0.00367,
  "away_run_diff": 0.003665,
  "sp_era_5_diff": 0.003636,
  "away_bb_pct_avg_5": 0.003633,
  "away_runs_avg_20": 0.003617,
  "sp_k_pct_5_diff": 0.003609,
  "away_team_sp_k9_10": 0.003607,
  "away_sp_fip_5": 0.003602,
  "home_sp_fip_5": 0.0036,
  "away_ops_5": 0.003557,
  "away_hr_avg_10": 0.003543,
  "home_sp_era_10": 0.003536,
  "batting_runs_avg_5_diff": 0.003532,
  "home_team_sp_k9_10": 0.003532,
  "batting_hr_avg_5_diff": 0.003528,
  "away_whip_5": 0.003523,
  "home_team_k_bb_ratio_5": 0.003517,
  "away_pen_exposure_x_era": 0.003513,
  "home_wins": 0.003505,
  "away_bp_whip_10": 0.003488,
  "home_bb9_10": 0.003487,
  "away_park_adj_runs_10": 0.003485,
  "home_sp_k_pct_5": 0.003481,
  "away_runs_sd_10": 0.003479,
  "lineup_avg_edge": 0.003465,
  "away_era_10": 0.003463,
  "home_lineup_avg_avg_10": 0.003462,
  "away_sp_fip_10": 0.003455,
  "home_sp_fip_away_10": 0.003452,
  "home_runs_trend_5v20": 0.003429,
  "run_line_move": 0.00341,
  "home_runs_avg_10": 0.003406,
  "home_sp_k9_home_10": 0.003381,
  "away_k9_5": 0.00338,
  "obp_edge_10": 0.003377,
  "home_k9_10": 0.003372,
  "away_team_abbr_TEX": 0.003345,
  "home_bp_era_7d": 0.003341,
  "away_team_abbr_SEA": 0.003331,
  "away_bb9_10": 0.003318,
  "away_sp_whip_5": 0.003311,
  "home_sp_era_home_10": 0.003304,
  "away_k9_10": 0.003303,
  "home_sp_k9_5": 0.003293,
  "home_runs_allowed_avg_5": 0.003291,
  "ump_rpg_10": 0.003282,
  "run_diff_avg_last_5_edge": 0.003265,
  "home_hr_avg_10": 0.003257,
  "away_run_diff_avg_last_5": 0.003241,
  "away_hr9_5": 0.003241,
  "home_sp_whip_5": 0.003225,
  "era_trend_diff": 0.003223,
  "sp_days_rest_diff": 0.003214,
  "home_era_trend_5v10": 0.003207,
  "home_runs_sd_10": 0.003202,
  "sp_whip_5_diff": 0.0032,
  "park_hr_factor": 0.003194,
  "home_team_abbr_ATH": 0.003176,
  "ump_bb9_10": 0.003133,
  "team_k_bb_ratio_diff": 0.003126,
  "lineup_slg_edge": 0.003125,
  "batting_iso_avg_10_diff": 0.003113,
  "away_bp_era7_x_ip7": 0.003096,
  "home_bb_pct_avg_10": 0.003093,
  "away_team_abbr_CIN": 0.003092,
  "home_pythag_x_opp_sp_fip": 0.003081,
  "away_team_sp_k9_5": 0.00308,
  "away_runs_avg_10": 0.003063,
  "home_sp_k_bb_ratio_5": 0.003057,
  "home_slg_avg_10": 0.003054,
  "home_sp_k9_away_10": 0.00304,
  "home_team_abbr_MIN": 0.00303,
  "home_ops_10": 0.003029,
  "away_iso_avg_10": 0.003024,
  "home_lineup_slg_avg_10": 0.002982,
  "away_sp_home_away_era_split": 0.002972,
  "open_total_line": 0.002939,
  "home_bullpen_ip_last_7": 0.002921,
  "away_form_vs_season": 0.002921,
  "away_pythag_vs_record": 0.002914,
  "away_hr_avg_5": 0.0029,
  "home_sp_whip_10": 0.00289,
  "home_team_sp_k9_5": 0.002889,
  "ump_k9_5": 0.002887,
  "home_sp_bb9_5": 0.002886,
  "home_sp_bb_pct_5": 0.002869,
  "away_runs_trend_5v20": 0.00286,
  "wind_sin": 0.002859,
  "away_sp_career_era_10": 0.002855,
  "away_runs_allowed_avg_10": 0.002833,
  "home_sp_fip_10": 0.002832,
  "ops_diff_5": 0.002815,
  "home_sp_fip_home_10": 0.002798,
  "away_sp_k9_5": 0.002788,
  "away_sp_k_pct_5": 0.002751,
  "away_sp_career_era_5": 0.00274,
  "batting_avg_avg_5_diff": 0.002739,
  "sp_k_bb_ratio_diff": 0.002703,
  "away_k_pct_avg_5": 0.002697,
  "home_hr9_5": 0.002695,
  "wind_speed_mph": 0.002676,
  "h2h_games_ytd": 0.002674,
  "home_sp_era_away_10": 0.002674,
  "pythag_sp_quality_diff": 0.002673,
  "home_pythag": 0.002672,
  "home_wins_last_10": 0.00267,
  "away_sp_era_home_10": 0.002662,
  "wind_cos": 0.002647,
  "away_bullpen_ip_last_3": 0.002639,
  "away_bp_era_7d": 0.002639,
  "home_team_abbr_CHC": 0.002629,
  "away_sp_bb_pct_5": 0.002617,
  "away_sp_fip_home_10": 0.002593,
  "home_k9_5": 0.002585,
  "away_bb_pct_avg_10": 0.002582,
  "away_slg_avg_5": 0.00258,
  "away_sp_whip_10": 0.002577,
  "home_pen_depletion": 0.002576,
  "home_bp_whip_5": 0.002568,
  "pythag_record_edge": 0.002563,
  "open_run_line_home": 0.002546,
  "away_bullpen_ip_last_7": 0.002537,
  "away_lineup_iso_avg_10": 0.00253,
  "under_price": 0.002528,
  "ump_bb9_5": 0.002528,
  "bp_era_diff_10": 0.002511,
  "home_ops_5": 0.0025,
  "home_k_pct_avg_10": 0.002492,
  "total_line_move": 0.002481,
  "away_bp_era_10": 0.002472,
  "home_sp_starts_in_window": 0.002445,
  "home_team_abbr_TB": 0.002421,
  "home_hr9_10": 0.00242,
  "home_whip_10": 0.002419,
  "ops_diff_10": 0.002393,
  "home_bp_era_5": 0.002392,
  "bullpen_fatigue_7d_edge": 0.002377,
  "home_games_played": 0.002373,
  "away_avg_avg_5": 0.002371,
  "ump_k9_10": 0.002318,
  "away_k_pct_avg_10": 0.002314,
  "away_sp_k9_away_10": 0.002311,
  "home_team_abbr_SF": 0.002259,
  "home_bb9_5": 0.002247,
  "park_adj_runs_diff": 0.002231,
  "home_sp_career_era_10": 0.002226,
  "slg_edge_10": 0.002207,
  "runs_scored_edge_10": 0.002203,
  "run_line_away_price": 0.002173,
  "precip_prob_pct": 0.002171,
  "win_pct_last_10_diff": 0.002167,
  "home_obp_avg_5": 0.002159,
  "home_sp_career_era_5": 0.002152,
  "away_whip_10": 0.002145,
  "home_form_vs_season": 0.002138,
  "ump_rpg_5": 0.002128,
  "win_pct_edge": 0.002109,
  "market_home_win_prob": 0.002108,
  "home_run_diff_avg_last_5": 0.002101,
  "sp_home_away_split_edge": 0.002101,
  "home_avg_avg_5": 0.002086,
  "home_runs_avg_20": 0.002084,
  "sp_composite_edge": 0.002082,
  "home_bp_era_10": 0.00208,
  "home_avg_avg_10": 0.002071,
  "home_whip_5": 0.002045,
  "away_sp_hr9_5": 0.002033,
  "park_run_factor": 0.002029,
  "start_hour_utc": 0.002015,