{
  "home_lineup_completeness": 0.024999,
  "away_lineup_completeness": 0.023984,
  "away_team_abbr_CHC": 0.00949,
  "home_bullpen_exposure": 0.009307,
  "home_team_abbr_DET": 0.008542,
  "run_diff_per_game_edge": 0.007869,
  "away_win_pct_last_5": 0.00717,
  "away_team_abbr_CLE": 0.007163,
  "away_run_diff_per_game": 0.007149,
  "home_team_abbr_TEX": 0.00688,
  "away_implied_runs": 0.006249,
  "away_rest_days": 0.006194,
  "runs_scored_edge_10": 0.005853,
  "away_team_abbr_BOS": 0.005687,
  "home_team_abbr_ATH": 0.005609,
  "away_wins_last_10": 0.005564,
  "home_rest_days": 0.005495,
  "era_edge_10": 0.005446,
  "home_bp_era7_x_ip7": 0.005339,
  "sp_k_pct_5_diff": 0.005282,
  "away_ops_5": 0.005162,
  "sp_composite_edge": 0.005137,
  "away_team_abbr_ARI": 0.005117,
  "ops_diff_5": 0.005081,
  "sp_days_rest_diff": 0.005072,
  "bullpen_fatigue_edge": 0.005061,
  "win_pct_last_5_diff": 0.005027,
  "home_sp_home_away_era_split": 0.005015,
  "runs_trend_diff": 0.005005,
  "away_runs_allowed_avg_10": 0.004999,
  "pen_depletion_edge": 0.004928,
  "away_team_abbr_CWS": 0.004906,
  "sp_era_edge_5": 0.00486,
  "away_sp_era_5": 0.004818,
  "away_sp_k9_home_10": 0.004777,
  "away_team_abbr_BAL": 0.004651,
  "away_sp_k9_5": 0.004613,
  "away_top4_slg_avg_10": 0.004508,
  "batting_hr_avg_10_diff": 0.004494,
  "away_lineup_avg_avg_10": 0.00447,
  "away_era_trend_5v10": 0.004435,
  "team_k_bb_ratio_diff": 0.00441,
  "away_sp_days_rest": 0.004382,
  "away_run_diff_avg_last_5": 0.004379,
  "home_win_pct": 0.004325,
  "home_sp_k9_5": 0.004309,
  "temperature_f": 0.004286,
  "home_sp_fip_5": 0.004272,
  "home_losses": 0.004264,
  "home_runs_allowed_avg_10": 0.004258,
  "away_sp_k_bb_ratio_5": 0.004237,
  "home_sp_k9_home_10": 0.004223,
  "away_park_adj_runs_10": 0.004217,
  "batting_hr_avg_5_diff": 0.004173,
  "away_sp_fip_10": 0.004139,
  "away_sp_career_whip_5": 0.004122,
  "away_hr9_10": 0.00412,
  "home_bp_whip_10": 0.004096,
  "obp_edge_10": 0.004089,
  "away_obp_avg_10": 0.004073,
  "park_adj_runs_diff": 0.004059,
  "home_hr_avg_10": 0.003977,
  "home_sp_whip_5": 0.003947,
  "away_team_abbr_HOU": 0.003945,
  "away_sp_era_home_10": 0.003932,
  "away_team_sp_k9_5": 0.003886,
  "home_lineup_iso_avg_10": 0.003883,
  "sp_fip_edge_5": 0.003878,
  "batting_avg_avg_10_diff": 0.003877,
  "home_park_adj_runs_10": 0.003876,
  "away_sp_k9_away_10": 0.003863,
  "away_win_pct": 0.003831,
  "home_pythag_vs_record": 0.003808,
  "away_lineup_slg_avg_10": 0.003804,
  "home_team_sp_k9_10": 0.003791,
  "home_sp_career_whip_5": 0.003784,
  "home_team_abbr_LAD": 0.003781,
  "pen_exposure_era_diff": 0.003768,
  "home_team_k_bb_ratio_5": 0.003747,
  "away_bp_era_7d": 0.00373,
  "home_sp_career_era_5": 0.003722,
  "park_adj_implied_total": 0.003698,
  "home_k9_10": 0.00368,
  "away_team_abbr_CIN": 0.00367,
  "home_sp_k_bb_ratio_5": 0.003654,
  "away_sp_starts_in_window": 0.00365,
  "home_pen_depletion": 0.003632,
  "ops_diff_10": 0.003624,
  "home_bb9_5": 0.003612,
  "home_runs_trend_5v20": 0.003601,
  "home_era_5": 0.003591,
  "home_team_abbr_MIN": 0.003585,
  "ump_k9_5": 0.003585,
  "lineup_slg_edge": 0.003581,
  "away_sp_k_pct_5": 0.003559,
  "home_lineup_slg_avg_10": 0.003558,
  "win_pct_edge": 0.003554,
  "away_whip_5": 0.003539,
  "away_iso_avg_5": 0.003497,
  "home_games_played": 0.003495,
  "away_bb9_5": 0.003481,
  "ump_rpg_10": 0.003477,
  "away_hr9_5": 0.003459,
  "away_sp_era_10": 0.003457,
  "batting_iso_avg_10_diff": 0.003443,
  "away_avg_avg_10": 0.003438,
  "away_sp_era_away_10": 0.003435,
  "home_pythag_x_opp_sp_fip": 0.003431,
  "away_games_played": 0.003422,
  "away_sp_bb_pct_5": 0.003422,
  "away_bb9_10": 0.003421,
  "start_dow_utc": 0.003395,
  "bullpen_fatigue_7d_edge": 0.003382,
  "sp_era_5_diff": 0.003368,
  "home_pen_exposure_x_era": 0.003326,
  "whip_edge_10": 0.003306,
  "home_ops_10": 0.003283,
  "season_2025-regular": 0.003278,
  "home_run_diff": 0.003275,
  "team_era_5_diff": 0.003262,
  "away_team_abbr_TOR": 0.003253,
  "home_slg_avg_5": 0.003245,
  "home_bp_era_7d": 0.003237,
  "away_sp_whip_10": 0.003222,
  "away_sp_fip_away_10": 0.003208,
  "home_run_diff_avg_last_5": 0.003204,
  "away_pen_exposure_x_era": 0.003182,
  "home_top4_slg_avg_10": 0.003179,
  "sp_k_bb_ratio_diff": 0.003179,
  "away_runs_trend_5v20": 0.003176,
  "away_bp_era_10": 0.003166,
  "away_k_pct_avg_5": 0.003148,
  "home_avg_avg_10": 0.003138,
  "pythag_record_edge": 0.003132,
  "away_hr_avg_10": 0.00312,
  "away_team_abbr_MIL": 0.003119,
  "home_sp_career_era_10": 0.003116,
  "away_sp_whip_5": 0.003104,
  "home_whip_5": 0.0031,
  "home_sp_era_10": 0.003087,
  "form_momentum_diff": 0.003071,
  "market_home_win_prob": 0.003065,
  "wind_sin": 0.003062,
  "away_team_k_bb_ratio_5": 0.003061,
  "away_team_abbr_COL": 0.003053,
  "away_run_diff": 0.00305,
  "home_era_trend_5v10": 0.003042,
  "away_sp_ip_avg_5": 0.003035,
  "home_sp_k_pct_5": 0.00302,
  "away_k9_10": 0.00301,
  "home_sp_fip_10": 0.002977,
  "home_sp_k9_away_10": 0.002963,
  "ump_bb9_5": 0.002961,
  "bp_era_diff_5": 0.002956,
  "away_pythag_x_opp_sp_fip": 0.002924,
  "away_runs_avg_5": 0.002921,
  "home_form_vs_season": 0.002917,
  "home_sp_whip_10": 0.002912,
  "away_whip_10": 0.002884,
  "home_wins_last_10": 0.002883,
  "home_era_10": 0.002873,
  "wind_speed_mph": 0.002867,
  "away_bp_whip_5": 0.002866,
  "home_hr9_10": 0.002866,
  "win_pct_last_10_diff": 0.002854,
  "home_hr9_5": 0.002849,
  "home_sp_bb_pct_5": 0.002835,
  "home_bp_whip_5": 0.002833,
  "away_sp_home_away_era_split": 0.002824,
  "home_bullpen_ip_last_3": 0.002824,
  "bp_era_diff_10": 0.002824,
  "batting_avg_avg_5_diff": 0.002823,
  "away_obp_avg_5": 0.00282,
  "slg_edge_10": 0.002818,
  "home_runs_avg_20": 0.002802,
  "away_bb_pct_avg_5": 0.0028,
  "home_pythag": 0.002795,
  "home_implied_runs": 0.002793,
  "home_sp_ip_avg_5": 0.002793,
  "away_wins": 0.002766,
  "away_runs_avg_20": 0.002756,
  "ump_bb9_10": 0.002742,
  "open_run_line_home": 0.00273,
  "away_iso_avg_10": 0.002725,
  "team_whip_5_diff": 0.002709,
  "home_run_diff_per_game": 0.002672,
  "home_bb_pct_avg_10": 0.002671,
  "away_bp_whip_10": 0.002664,
  "home_wins": 0.002657,
  "away_team_sp_k9_10": 0.00264,
  "under_price": 0.002613,
  "away_win_pct_last_10": 0.002609,
  "home_k9_5": 0.002608,
  "away_k9_5": 0.002604,
  "lineup_avg_edge": 0.002596,
  "sp_whip_5_diff": 0.002588,
  "home_lineup_avg_avg_10": 0.002586,
  "home_sp_era_home_10": 0.002572,
  "run_diff_avg_last_5_edge": 0.002565,
  "away_bullpen_ip_last_3": 0.002561,
  "home_ops_5": 0.002546,
  "home_sp_era_5": 0.002545,
  "home_k_pct_avg_10": 0.002536,
  "sp_home_away_split_edge": 0.002534,
  "away_bb_pct_avg_10": 0.002495,
  "home_bb9_10": 0.002473,
  "park_run_factor": 0.002433,
  "park_hr_factor": 0.002422,
  "home_slg_avg_10": 0.002417,
  "era_trend_diff": 0.002398,
  "home_iso_avg_5": 0.002375,
  "home_sp_fip_away_10": 0.00237,
  "away_slg_avg_10": 0.002369,
  "home_bullpen_ip_last_7": 0.002367,
  "home_team_sp_k9_5": 0.002357,
  "away_team_abbr_SEA": 0.002338,
  "home_obp_avg_10": 0.00233,
  "away_form_vs_season": 0.002319,
  "home_runs_sd_10": 0.002305,
  "home_obp_avg_5": 0.002298,
  "ump_k9_10": 0.002294,
  "away_lineup_iso_avg_10": 0.002287,
  "wind_cos": 0.002282,
  "home_runs_allowed_avg_5": 0.002253,
  "away_losses": 0.002238,
  "home_sp_era_away_10": 0.002234,
  "home_team_abbr_STL": 0.002228,
  "away_team_abbr_SD": 0.002219,
  "home_runs_avg_10": 0.002211,
  "away_pen_depletion": 0.002192,
  "home_sp_fip_home_10": 0.002182,
  "away_k_pct_avg_10": 0.002167,
  "home_team_abbr_CWS": 0.002156,
  "away_pythag_vs_record": 0.00214,
  "home_win_pct_last_10": 0.002124,
  "away_runs_sd_10": 0.002123,
  "away_sp_fip_5": 0.002104,
  "home_sp_hr9_5": 0.002072,
  "home_sp_bb9_5": 0.002056,