{
  "diff_sp_sc_xwoba": 0.016588,
  "combined_sp_sc_xwoba": 0.008964,
  "diff_lineup_xwoba": 0.008772,
  "elo_diff": 0.00585,
  "b2b_asymmetry": 0.005662,
  "away_sp_sc_xwoba": 0.005615,
  "open_total_line": 0.005369,
  "away_sp_venue_era": 0.005353,
  "home_lineup_xwoba_avg": 0.004883,
  "home_ops_5": 0.004611,
  "home_h2h_ba": 0.004474,
  "bp_relievers_edge_3d": 0.004472,
  "home_top4_x_opp_bp": 0.004329,
  "home_top4_slg_avg_10": 0.004285,
  "home_sp_fip_5v20": 0.004247,
  "sp_composite_edge": 0.004189,
  "away_sp_venue_k9": 0.004124,
  "away_sp_bb9_5": 0.004112,
  "away_k9_10": 0.004101,
  "home_wins_last_5": 0.004083,
  "win_pct_last_10_diff": 0.004023,
  "combined_sp_sc_oz_swing_pct": 0.003988,
  "home_catcher_framing_rv": 0.003958,
  "bp_relievers_edge_1d": 0.00395,
  "away_sp_era_opp_adj_5": 0.003928,
  "home_h2h_slg": 0.003899,
  "home_bp_relievers_last_1d": 0.003835,
  "home_sp_sc_xwoba": 0.003814,
  "away_runs_allowed_avg_10": 0.003744,
  "pen_depletion_edge": 0.00365,
  "away_sp_fip_20": 0.003644,
  "away_h2h_obp": 0.003633,
  "away_runs_trend_5v20": 0.003608,
  "combined_bp_k9": 0.003603,
  "total_k_suppression": 0.003572,
  "sp_fip_trend_diff": 0.003522,
  "home_sp_era_trend_5v10": 0.003486,
  "home_sp_last_bb": 0.00343,
  "away_bp_usage_per_rest": 0.00342,
  "bp_avg_era_last_3d_diff": 0.003405,
  "away_top4_slg_avg_10": 0.003367,
  "series_game_number": 0.003359,
  "home_bp_hot_1d": 0.003352,
  "bp_k9_edge": 0.003342,
  "diff_sp_sc_k_bb_ratio": 0.003313,
  "win_pct_edge": 0.003286,
  "away_elo_x_sp_quality": 0.003265,
  "away_top4_x_opp_bp": 0.003261,
  "away_era_trend_5v10": 0.003256,
  "pythag_sp_quality_diff": 0.003222,
  "away_bb9_10": 0.003215,
  "away_sp_career_era_10": 0.003215,
  "home_pen_exposure_x_era": 0.003204,
  "away_sp_ip_per_rest": 0.003186,
  "away_sb_trend": 0.003179,
  "away_bp_k9_10": 0.00317,
  "home_sp_venue_fip": 0.003143,
  "home_sp_era_5v20": 0.003109,
  "home_sp_sc_k_bb_ratio": 0.003102,
  "ump_k9_x_home_sp_k": 0.003079,
  "away_form_vs_season": 0.003068,
  "home_bp_ip_last_1d": 0.003042,
  "h2h_slg_edge_wtd": 0.003037,
  "home_sp_sc_barrel_rate": 0.003027,
  "away_iso_avg_5": 0.003,
  "wind_scoring_boost": 0.002998,
  "sp_fip_edge_5": 0.00299,
  "home_sp_k_bb_ratio_5": 0.002973,
  "away_sp_ip_avg_5": 0.002962,
  "home_sp_era_opp_adj_5": 0.002938,
  "home_elo": 0.002925,
  "away_fb_velo_avg_5": 0.002907,
  "slg_edge_10": 0.002907,
  "away_sp_days_rest": 0.00287,
  "away_sp_era_away_10": 0.00286,
  "away_pythag_x_opp_sp_fip": 0.002858,
  "home_run_diff": 0.002857,
  "home_sp_era_park_adj_5": 0.002845,
  "home_h2h_obp": 0.002825,
  "away_catcher_framing_rate": 0.002815,
  "away_team_k_bb_ratio_5": 0.0028,
  "park_adj_total_env": 0.002791,
  "home_sp_ip_per_rest": 0.002785,
  "home_lineup_vs_opp_sp": 0.002784,
  "park_adj_implied_total": 0.002784,
  "away_pen_qual_depletion": 0.002767,
  "home_sp_sc_exit_velo": 0.002762,
  "sp_whip_5_diff": 0.002754,
  "away_team_hr_x_park": 0.002741,
  "temperature_f": 0.002741,
  "away_bp_hot_1d": 0.002728,
  "home_sp_career_whip_5": 0.002723,
  "ump_k9_10": 0.002718,
  "home_lineup_avg_avg_10": 0.002712,
  "away_bp_era_5": 0.002709,
  "away_sp_hr9_5": 0.002703,
  "home_elo_x_sp_quality": 0.002703,
  "away_pen_exposure_x_era": 0.002702,
  "abs_fb_velo_trend_home": 0.002695,
  "wind_speed_mph": 0.002683,
  "away_sp_career_era_5": 0.002683,
  "home_sp_k_pct_5": 0.002679,
  "combined_ops_10": 0.002678,
  "sp_k_bb_ratio_diff": 0.002674,
  "bullpen_fatigue_7d_edge": 0.002664,
  "away_runs_allowed_avg_5": 0.002645,
  "wind_cos": 0.002643,
  "away_win_pct_last_5": 0.002634,
  "away_sp_era_park_adj_5": 0.002631,
  "combined_sp_sc_bb_pct": 0.00263,
  "sp_days_rest_diff": 0.002628,
  "away_catcher_framing_rv": 0.002618,
  "away_whip_5": 0.002615,
  "precip_prob_pct": 0.002609,
  "away_bb9_5": 0.002606,
  "home_sp_k_pct_10": 0.002606,
  "fb_velo_trend_diff": 0.0026,
  "run_diff_per_game_edge": 0.002596,
  "batting_hr_avg_5_diff": 0.002596,
  "away_sp_sc_whiff_pct": 0.002589,
  "home_sp_k9_home_10": 0.002583,
  "home_sb_pct_10": 0.002563,
  "combined_sp_sc_k_pct": 0.002562,
  "pythag_record_edge": 0.00256,
  "away_bullpen_exposure": 0.002549,
  "away_run_diff": 0.002548,
  "home_bp_usage_per_rest": 0.002546,
  "era_edge_10": 0.002539,
  "home_k9_10": 0.002538,
  "home_runs_allowed_avg_5": 0.002534,
  "runs_trend_diff": 0.002533,
  "sb_rate_diff": 0.002533,
  "home_bp_avg_era_last_3d": 0.00253,
  "sp_home_away_split_edge": 0.002526,
  "away_sp_career_whip_5": 0.002523,
  "home_sp_era_fip_gap": 0.002523,
  "total_k_env_park_adj": 0.002512,
  "home_sp_k9_5": 0.002511,
  "away_lineup_xwoba_avg": 0.002509,
  "away_pen_depletion": 0.002505,
  "home_sp_venue_starts": 0.002505,
  "away_sp_era_10": 0.002498,
  "home_sp_venue_advantage": 0.00249,
  "home_lineup_slg_avg_10": 0.00249,
  "diff_sp_sc_oz_swing_pct": 0.002489,
  "diff_lineup_barrel": 0.002462,
  "home_sp_career_era_10": 0.002457,
  "home_sp_bb9_5": 0.002454,
  "away_sp_last_k": 0.00245,
  "away_implied_runs": 0.00245,
  "ump_sp_k_environment": 0.002449,
  "home_fb_velo_trend_5": 0.002442,
  "away_sp_era_20": 0.002438,
  "away_lineup_xslg_avg": 0.002429,
  "home_sp_era_10": 0.002425,
  "home_bp_era_10": 0.002415,
  "home_sp_starts_in_window": 0.002401,
  "combined_runs_trend_5v10": 0.0024,
  "away_sp_fip_trend_5v10": 0.002399,
  "batting_iso_avg_10_diff": 0.002384,
  "ump_bb9_10": 0.002374,
  "home_sp_sc_oz_swing_pct": 0.002374,
  "away_sp_k_pct_trend": 0.002354,
  "sp_era_opp_adj_diff": 0.002354,
  "diff_sp_sc_exit_velo": 0.002348,
  "away_elo": 0.002345,
  "team_hr_park_diff": 0.002338,
  "home_sp_fip_away_10": 0.002335,
  "home_h2h_slg_wtd": 0.002334,
  "catcher_framing_rv_diff": 0.002311,
  "away_lineup_avg_avg_10": 0.002307,
  "away_fb_velo_trend_5": 0.002305,
  "away_sp_era_5v20": 0.002302,
  "form_momentum_diff": 0.002279,
  "home_sp_home_away_era_split": 0.002278,
  "sp_era_fip_gap_diff": 0.002266,
  "home_bp_k9_5": 0.002265,
  "diff_sp_sc_hard_hit_pct": 0.002252,
  "away_games_played": 0.002245,
  "h2h_slg_edge": 0.002245,
  "home_sp_last_fip": 0.002238,
  "home_bp_era7_x_ip7": 0.002238,
  "home_sp_last_k": 0.002237,
  "away_iso_avg_10": 0.002235,
  "home_sp_whip_10": 0.002235,
  "top4_bp_matchup_diff": 0.002233,
  "away_era_5": 0.002232,
  "combined_obp_avg_10": 0.00223,
  "away_bp_era_10": 0.002227,
  "combined_sl_whiff_pct": 0.002218,
  "away_lineup_slg_avg_10": 0.002216,
  "home_sp_sc_bb_pct": 0.002213,
  "home_sp_sl_whiff_pct": 0.002211,
  "away_sp_sc_barrel_rate": 0.002208,
  "home_lineup_barrel_avg": 0.002188,
  "home_sp_sc_whiff_pct": 0.002169,
  "combined_sp_sc_exit_velo": 0.002169,
  "team_k_bb_ratio_diff": 0.002167,
  "away_era_10": 0.002166,
  "diff_lineup_hard_hit": 0.002162,
  "away_sp_k9_5": 0.002157,
  "away_bp_avg_era_last_3d": 0.002155,
  "combined_catcher_framing_rv": 0.002154,
  "lineup_slg_edge": 0.002145,
  "away_sp_home_away_era_split": 0.002141,
  "obp_edge_10": 0.002139,
  "home_bp_k9_10": 0.002135,
  "sp_era_trend_diff": 0.002133,
  "whip_edge_10": 0.002132,
  "home_bp_era_5": 0.002132,
  "era_trend_diff": 0.002128,
  "wind_sin": 0.002121,
  "bp_era_diff_5": 0.002118,
  "lineup_avg_edge": 0.00211,
  "h2h_games_ytd": 0.002106,
  "combined_ch_whiff_pct": 0.002099,
  "away_hr9_5": 0.002093,
  "away_bb_pct_avg_5": 0.00209,
  "abs_total_line_move": 0.002085,
  "home_pen_qual_depletion": 0.002078,
  "away_bb_pct_avg_10": 0.002076,
  "away_h2h_slg_wtd": 0.002061,
  "away_sp_fip_away_10": 0.002061,
  "away_bp_whip_5": 0.002058,
  "home_sp_era_away_10": 0.002056,
  "ump_rpg_x_park": 0.002053,
  "away_sp_era_home_10": 0.002043,
  "ump_rpg_10": 0.002035,
  "away_sp_ch_whiff_pct": 0.002019,
  "away_sp_era_fip_gap": 0.002014,
  "batting_avg_avg_10_diff": 0.002013,