{
  "diff_sp_sc_xwoba": 0.015314,
  "total_line_move_direction": 0.012229,
  "diff_lineup_xwoba": 0.008209,
  "open_total_line": 0.00772,
  "combined_sp_sc_xwoba": 0.007686,
  "precip_prob_pct": 0.005422,
  "away_sp_starts_in_window": 0.004941,
  "away_top4_x_opp_bp": 0.004869,
  "away_sp_venue_k9": 0.00478,
  "away_bullpen_exposure": 0.004675,
  "fb_velo_trend_diff": 0.004576,
  "away_sp_fip_20": 0.004545,
  "combined_slg_avg_10": 0.004531,
  "home_implied_runs": 0.004401,
  "sp_era_regression_diff": 0.004285,
  "pen_depletion_edge": 0.004269,
  "home_sp_k_bb_ratio_5": 0.004251,
  "home_top4_slg_avg_10": 0.004206,
  "elo_diff": 0.00415,
  "away_sp_k_pct_5": 0.004148,
  "home_sp_k_pct_5": 0.004085,
  "away_sb_trend": 0.004049,
  "sp_composite_edge": 0.003827,
  "home_sp_sc_xwoba": 0.003809,
  "away_rest_days": 0.003801,
  "away_sp_sc_k_pct": 0.003798,
  "away_whip_10": 0.003784,
  "home_h2h_slg": 0.003773,
  "away_lineup_xwoba_avg": 0.003771,
  "away_sp_era_park_adj_5": 0.003755,
  "away_team_k_bb_ratio_5": 0.003662,
  "sp_last_quality_diff": 0.003559,
  "h2h_slg_edge_wtd": 0.003549,
  "away_ops_5": 0.003543,
  "combined_sp_sc_oz_swing_pct": 0.003532,
  "whip_edge_10": 0.003518,
  "away_sp_sc_k_bb_ratio": 0.003496,
  "away_sp_last_ip": 0.00348,
  "home_elo_x_sp_quality": 0.003463,
  "away_sp_era_away_10": 0.003456,
  "home_sp_fip_away_10": 0.003421,
  "home_sp_sc_barrel_rate": 0.003366,
  "era_edge_10": 0.003338,
  "bp_avg_era_last_3d_diff": 0.003329,
  "sp_era_opp_adj_diff": 0.003319,
  "home_run_diff": 0.003318,
  "away_bp_usage_per_rest": 0.003286,
  "sp_form_edge": 0.003276,
  "away_elo_x_sp_quality": 0.003261,
  "bp_relievers_edge_3d": 0.003256,
  "home_sp_sc_k_bb_ratio": 0.003254,
  "combined_ops_10": 0.003239,
  "bp_era_diff_5": 0.00323,
  "pen_exposure_era_diff": 0.003214,
  "home_team_sp_k9_10": 0.003204,
  "home_lineup_barrel_avg": 0.003152,
  "batting_hr_avg_10_diff": 0.003146,
  "park_adj_runs_diff": 0.003096,
  "home_bp_whip_5": 0.003093,
  "home_catcher_framing_rv": 0.003085,
  "away_sp_sc_bb_pct": 0.003067,
  "ump_rpg_x_park": 0.00306,
  "home_era_trend_5v10": 0.003051,
  "home_lineup_xwoba_avg": 0.003032,
  "home_sp_era_away_10": 0.003009,
  "away_sp_sc_whiff_pct": 0.003006,
  "away_sp_fip_trend_5v10": 0.002986,
  "away_pythag": 0.002979,
  "ump_sp_k_environment": 0.002978,
  "away_sp_sc_barrel_rate": 0.002966,
  "home_sp_era_park_adj_5": 0.002955,
  "home_fb_velo_trend_5": 0.002943,
  "home_top4_x_opp_bp": 0.002939,
  "team_k_bb_ratio_diff": 0.002938,
  "home_h2h_slg_wtd": 0.002937,
  "away_sp_era_5v20": 0.002926,
  "away_k9_10": 0.002913,
  "home_sp_k9_home_10": 0.002872,
  "away_wins_last_10": 0.002866,
  "temperature_f": 0.002858,
  "sp_k_bb_ratio_diff": 0.002839,
  "slg_edge_10": 0.002822,
  "top4_bp_matchup_diff": 0.002819,
  "home_sp_ip_avg_5": 0.002812,
  "diff_sp_sc_hard_hit_pct": 0.002803,
  "away_sp_ip_per_rest": 0.002802,
  "home_sp_bb9_5": 0.002757,
  "home_pen_exposure_x_era": 0.002757,
  "ops_diff_10": 0.002755,
  "home_sp_sl_whiff_pct": 0.00275,
  "total_k_env": 0.002744,
  "home_elo": 0.002743,
  "home_pythag_vs_record": 0.002732,
  "away_sp_sc_xwoba": 0.002724,
  "away_sp_k_pct_trend": 0.002719,
  "away_fb_velo_trend_5": 0.002716,
  "sp_fip_edge_5": 0.00271,
  "away_sp_venue_fip": 0.002704,
  "home_sp_era_x_opp_avg": 0.002694,
  "home_losses": 0.002673,
  "runs_trend_diff": 0.002672,
  "home_sp_ch_whiff_pct": 0.002671,
  "away_sp_era_20": 0.002654,
  "home_h2h_ba": 0.00265,
  "bp_relievers_edge_1d": 0.002648,
  "away_fb_velo_avg_5": 0.002621,
  "diff_lineup_barrel": 0.002612,
  "away_ops_10": 0.002607,
  "diff_sp_sc_exit_velo": 0.002604,
  "combined_sp_sc_hard_hit_pct": 0.002597,
  "away_sp_era_10": 0.002582,
  "combined_sp_era_10": 0.002568,
  "combined_runs_avg_5": 0.002549,
  "away_lineup_xslg_avg": 0.002546,
  "away_sp_k9_away_10": 0.002538,
  "sp_k_pct_trend_diff": 0.002535,
  "away_bp_era7_x_ip7": 0.002519,
  "home_team_k_bb_ratio_5": 0.002504,
  "away_iso_avg_5": 0.002489,
  "away_top4_slg_avg_10": 0.002485,
  "home_sp_era_opp_adj_5": 0.002471,
  "start_dow_utc": 0.00247,
  "home_sp_whip_10": 0.00247,
  "away_catcher_framing_rv": 0.002464,
  "home_bp_ip_last_1d": 0.002458,
  "bullpen_fatigue_edge": 0.002444,
  "batting_runs_avg_5_diff": 0.002442,
  "away_hr9_10": 0.00243,
  "home_sp_fb_put_away": 0.002416,
  "sp_days_rest_diff": 0.002411,
  "away_sp_era_home_10": 0.002409,
  "away_iso_avg_10": 0.002397,
  "home_pythag_x_opp_sp_fip": 0.002392,
  "h2h_games_ytd": 0.002385,
  "away_losses": 0.002383,
  "park_adj_implied_total": 0.002382,
  "combined_fb_put_away": 0.00238,
  "wind_scoring_boost": 0.002374,
  "combined_sp_sc_whiff_pct": 0.00237,
  "sb_rate_diff": 0.002364,
  "sp_era_trend_diff": 0.002359,
  "home_form_vs_season": 0.002355,
  "away_team_hr_x_park": 0.002345,
  "away_bb_pct_avg_10": 0.002339,
  "home_bp_usage_per_rest": 0.002333,
  "home_pen_qual_depletion": 0.002331,
  "ump_k9_x_home_sp_k": 0.002323,
  "away_sp_last_k_rate": 0.002321,
  "home_park_adj_runs_10": 0.002321,
  "away_pen_qual_depletion": 0.002317,
  "home_bp_k9_5": 0.002315,
  "away_h2h_n": 0.002311,
  "batting_iso_avg_10_diff": 0.002308,
  "home_ops_10": 0.002307,
  "combined_sp_era_5": 0.002307,
  "total_k_env_park_adj": 0.002301,
  "wind_sin": 0.002301,
  "sp_fip_trend_diff": 0.002298,
  "home_fb_velo_avg_5": 0.002297,
  "away_era_trend_5v10": 0.002293,
  "combined_sp_sc_bb_pct": 0.002293,
  "diff_lineup_hard_hit": 0.002292,
  "away_lineup_barrel_avg": 0.002289,
  "combined_obp_avg_10": 0.002267,
  "home_hr9_10": 0.002249,
  "home_lineup_iso_avg_10": 0.002244,
  "sp_era_fip_gap_diff": 0.00224,
  "away_run_diff": 0.002235,
  "away_elo": 0.002235,
  "home_sp_whip_5": 0.002231,
  "form_momentum_diff": 0.002207,
  "home_team_hr_x_park": 0.002195,
  "combined_runs_trend_5v10": 0.00219,
  "sp_k_pct_5_diff": 0.002183,
  "combined_sp_sc_exit_velo": 0.002164,
  "away_sp_hr9_5": 0.002156,
  "away_bb9_5": 0.002155,
  "abs_fb_velo_trend_home": 0.002146,
  "away_sp_fip_away_10": 0.002139,
  "away_sp_fip_10": 0.002136,
  "home_sp_ip_per_rest": 0.002135,
  "away_lineup_slg_avg_10": 0.002134,
  "home_lineup_avg_avg_10": 0.002134,
  "away_team_sp_k9_5": 0.002128,
  "away_bp_relievers_last_1d": 0.002126,
  "home_bb9_10": 0.002115,
  "combined_catcher_framing_rv": 0.002111,
  "away_form_vs_season": 0.002109,
  "sp_workload_edge": 0.002107,
  "away_sp_k9_home_10": 0.002105,
  "home_era_10": 0.002101,
  "ump_bb9_x_away_team_bb": 0.0021,
  "series_game_number": 0.0021,
  "away_runs_trend_5v20": 0.002094,
  "home_sp_venue_k9": 0.00209,
  "away_bb9_10": 0.002089,
  "away_bp_hot_1d": 0.002088,
  "away_sp_sc_exit_velo": 0.002088,
  "h2h_slg_edge": 0.002086,
  "sp_whip_5_diff": 0.002085,
  "away_era_5": 0.002082,
  "away_sp_days_rest": 0.002079,
  "away_whip_5": 0.002068,
  "catcher_framing_rv_diff": 0.002063,
  "away_sp_fip_5v20": 0.002063,
  "home_lineup_xslg_avg": 0.00206,
  "away_bullpen_ip_last_7": 0.002059,
  "away_hr9_5": 0.002059,
  "home_bp_relievers_last_2d": 0.002058,
  "home_sp_sc_bb_pct": 0.002057,
  "home_sp_sc_exit_velo": 0.002056,
  "home_sp_venue_advantage": 0.002056,
  "ump_bb9_10": 0.00205,
  "home_sp_career_era_5": 0.002044,
  "away_lineup_iso_avg_10": 0.002044,
  "home_sp_last_ip": 0.002041,
  "away_sp_era_trend_5v10": 0.002023,
  "combined_sp_sc_k_pct": 0.002022,
  "home_bp_avg_era_last_3d": 0.002013,
  "away_runs_allowed_avg_10": 0.002,
  "away_sp_bb_pct_5": 0.001996,
  "team_era_5_diff": 0.001982,
  "era_trend_diff": 0.001977,
  "home_obp_avg_10": 0.001975,
  "diff_sp_sc_bb_pct": 0.00197,
  "away_sp_pitches_est": 0.001967,
  "ump_k9_5": 0.001962,
  "home_runs_avg_20": 0.001957,
  "home_sp_home_away_era_split": 0.001956,
  "home_sp_sc_oz_swing_pct": 0.001954,
  "bp_k9_edge": 0.001948,