{
  "away_lineup_completeness": 0.020087,
  "home_lineup_completeness": 0.019227,
  "diff_sp_sc_xwoba": 0.010618,
  "combined_sp_sc_xwoba": 0.010423,
  "diff_lineup_xwoba": 0.006482,
  "b2b_asymmetry": 0.006371,
  "away_sp_sc_xwoba": 0.005184,
  "home_sp_k_bb_ratio_5": 0.005017,
  "away_h2h_slg_wtd": 0.004967,
  "away_sp_venue_starts": 0.004934,
  "away_bullpen_ip_last_7": 0.004835,
  "combined_runs_avg_10": 0.0048,
  "home_elo": 0.004755,
  "bp_relievers_edge_3d": 0.004515,
  "home_rest_days": 0.004494,
  "combined_slg_avg_10": 0.004427,
  "away_sb_trend": 0.004313,
  "away_sp_venue_era": 0.004293,
  "ops_diff_10": 0.004227,
  "sp_days_rest_diff": 0.004174,
  "fb_velo_trend_diff": 0.004107,
  "away_elo_x_sp_quality": 0.004036,
  "ump_rpg_x_park": 0.004007,
  "pen_depletion_edge": 0.004001,
  "home_lineup_xwoba_avg": 0.003994,
  "total_k_suppression": 0.003882,
  "away_sp_fip_20": 0.00387,
  "combined_runs_avg_5": 0.003748,
  "batting_avg_avg_5_diff": 0.0037,
  "sp_era_edge_5": 0.003632,
  "away_sp_k9_home_10": 0.003559,
  "home_sp_sc_xwoba": 0.003507,
  "sp_era_trend_diff": 0.003507,
  "away_era_trend_5v10": 0.003506,
  "away_lineup_xslg_avg": 0.003501,
  "home_runs_allowed_avg_10": 0.003472,
  "home_sp_sc_k_bb_ratio": 0.003469,
  "home_bp_era_10": 0.003439,
  "combined_sp_sc_hard_hit_pct": 0.003439,
  "away_team_k_bb_ratio_5": 0.003432,
  "home_bp_avg_era_last_3d": 0.003424,
  "diff_sp_sc_hard_hit_pct": 0.003385,
  "home_sb_pct_10": 0.003381,
  "home_top4_slg_avg_10": 0.003374,
  "home_bb9_5": 0.003372,
  "home_sp_pitches_est": 0.003324,
  "away_lineup_iso_avg_10": 0.003323,
  "temperature_f": 0.003311,
  "home_bp_whip_10": 0.003302,
  "series_game_number": 0.003282,
  "home_sp_ch_whiff_pct": 0.003266,
  "home_losses": 0.003263,
  "pythag_sp_quality_diff": 0.003243,
  "away_sp_career_era_10": 0.003203,
  "diff_lineup_hard_hit": 0.003184,
  "away_bb9_5": 0.003171,
  "diff_sp_sc_whiff_pct": 0.00316,
  "home_sp_venue_starts": 0.003156,
  "total_vig_direction": 0.00315,
  "home_sp_sc_barrel_rate": 0.003146,
  "market_home_win_prob": 0.003144,
  "away_sp_last_ip": 0.003133,
  "away_sp_k_trend_5v10": 0.003128,
  "home_elo_x_sp_quality": 0.003125,
  "sp_form_edge": 0.003118,
  "home_bp_hot_1d": 0.003112,
  "batting_avg_avg_10_diff": 0.003105,
  "sp_era_opp_adj_diff": 0.003102,
  "home_pythag": 0.003074,
  "sp_venue_familiarity_diff": 0.003073,
  "away_top4_x_opp_bp": 0.003069,
  "sp_home_away_split_edge": 0.003068,
  "home_pen_depletion": 0.003054,
  "whip_edge_10": 0.003051,
  "home_sb_trend": 0.003043,
  "bp_relievers_edge_1d": 0.003028,
  "sp_whip_5_diff": 0.003003,
  "away_bp_avg_era_last_3d": 0.00298,
  "home_h2h_ba": 0.00297,
  "home_runs_allowed_avg_5": 0.002968,
  "away_sp_last_fip": 0.002949,
  "ump_k9_x_home_sp_k": 0.002946,
  "elo_diff": 0.002935,
  "home_sp_sc_whiff_pct": 0.002935,
  "home_win_pct": 0.002905,
  "away_sp_sc_barrel_rate": 0.002899,
  "home_sp_fip_5": 0.002893,
  "home_iso_avg_10": 0.002879,
  "slg_edge_10": 0.002867,
  "away_top4_slg_avg_10": 0.002859,
  "away_sp_sc_hard_hit_pct": 0.002819,
  "diff_sp_sc_exit_velo": 0.002814,
  "home_sp_career_whip_5": 0.002799,
  "wind_cos": 0.002793,
  "catcher_framing_rv_diff": 0.002793,
  "away_hr9_10": 0.00278,
  "away_sp_venue_advantage": 0.00278,
  "away_catcher_framing_rv": 0.002772,
  "home_sp_venue_fip": 0.002771,
  "away_sp_sc_bb_pct": 0.002736,
  "away_run_diff": 0.002724,
  "away_sp_era_20": 0.00269,
  "bp_era_diff_5": 0.002684,
  "win_pct_edge": 0.002681,
  "away_bb_pct_avg_10": 0.002679,
  "away_lineup_xwoba_avg": 0.002664,
  "away_lineup_avg_avg_10": 0.002662,
  "home_lineup_avg_avg_10": 0.002658,
  "top4_bp_matchup_diff": 0.002653,
  "team_k_bb_ratio_diff": 0.00265,
  "home_h2h_obp": 0.002647,
  "ump_sp_k_environment": 0.002641,
  "form_momentum_diff": 0.00264,
  "home_pen_qual_depletion": 0.002629,
  "ops_diff_5": 0.002625,
  "runs_scored_edge_10": 0.002625,
  "ump_bb9_x_home_team_bb": 0.002624,
  "away_pythag_vs_record": 0.002621,
  "away_sp_k_pct_10": 0.00261,
  "wind_speed_mph": 0.002606,
  "start_dow_utc": 0.002585,
  "away_slg_avg_5": 0.002569,
  "home_bullpen_ip_last_7": 0.002563,
  "home_run_diff": 0.002548,
  "home_hr9_10": 0.002538,
  "h2h_slg_edge": 0.002494,
  "away_sp_fip_5v20": 0.00249,
  "home_pythag_vs_record": 0.00249,
  "home_sp_era_5v20": 0.00248,
  "away_sp_whip_10": 0.002477,
  "away_win_pct": 0.002466,
  "diff_sp_sc_bb_pct": 0.002441,
  "away_run_diff_avg_last_5": 0.002441,
  "away_sp_last_k_rate": 0.00244,
  "away_fb_velo_trend_5": 0.002436,
  "run_diff_per_game_edge": 0.002433,
  "home_era_trend_5v10": 0.002425,
  "lineup_slg_edge": 0.00242,
  "away_sp_sl_whiff_pct": 0.002408,
  "away_bp_hot_1d": 0.002402,
  "home_team_sp_k9_10": 0.002401,
  "abs_fb_velo_trend_home": 0.002373,
  "away_sp_sc_k_bb_ratio": 0.002364,
  "home_sp_venue_era": 0.002356,
  "team_era_5_diff": 0.002355,
  "away_bp_relievers_last_2d": 0.002352,
  "away_sp_sc_oz_swing_pct": 0.002351,
  "home_park_adj_runs_10": 0.002333,
  "home_catcher_framing_rv": 0.002324,
  "home_pen_exposure_x_era": 0.002324,
  "home_sp_sc_hard_hit_pct": 0.002324,
  "home_sp_sc_k_pct": 0.002321,
  "home_implied_runs": 0.002311,
  "away_sp_home_away_era_split": 0.002309,
  "sp_fip_trend_diff": 0.002302,
  "home_bp_relievers_last_2d": 0.0023,
  "away_bullpen_ip_last_3": 0.002296,
  "combined_obp_avg_10": 0.002296,
  "home_lineup_iso_avg_10": 0.002293,
  "home_sp_k9_away_10": 0.002292,
  "diff_sp_sc_barrel_rate": 0.002289,
  "obp_edge_10": 0.002283,
  "away_sp_hr9_5": 0.002279,
  "home_sp_whip_10": 0.002277,
  "home_catcher_framing_rate": 0.002273,
  "home_sp_last_k_rate": 0.002268,
  "away_pen_depletion": 0.002268,
  "away_sp_bb_pct_5": 0.002263,
  "total_k_env": 0.00226,
  "away_losses": 0.002254,
  "combined_bp_k9": 0.002252,
  "home_sp_venue_advantage": 0.002243,
  "home_sp_era_10": 0.002239,
  "away_elo": 0.002236,
  "runs_trend_diff": 0.002234,
  "run_diff_avg_last_5_edge": 0.002229,
  "home_bp_whip_5": 0.002225,
  "home_fb_velo_avg_5": 0.002223,
  "home_era_10": 0.002212,
  "lineup_avg_edge": 0.002191,
  "home_bp_usage_per_rest": 0.002188,
  "away_k9_5": 0.002183,
  "home_sp_ip_per_rest": 0.002177,
  "home_sp_k_pct_10": 0.002173,
  "away_team_sp_k9_5": 0.002169,
  "away_pen_exposure_x_era": 0.002152,
  "diff_sp_sc_k_pct": 0.002149,
  "combined_sp_era_5": 0.002145,
  "park_adj_total_env": 0.002144,
  "home_games_played": 0.002138,
  "home_hr9_5": 0.002133,
  "abs_fb_velo_trend_away": 0.002122,
  "home_sp_fip_away_10": 0.002122,
  "h2h_games_ytd": 0.00212,
  "combined_sp_k_pct": 0.00211,
  "sp_last_quality_diff": 0.002104,
  "away_sp_era_opp_adj_5": 0.002102,
  "home_sp_k_trend_5v10": 0.002098,
  "away_bb9_10": 0.002088,
  "away_era_10": 0.002086,
  "away_fb_velo_avg_5": 0.002082,
  "away_bb_pct_avg_5": 0.002074,
  "away_sp_fip_10": 0.002071,
  "home_sp_fip_home_10": 0.002062,
  "home_slg_avg_5": 0.002037,
  "away_pen_qual_depletion": 0.002033,
  "wind_sin": 0.002028,
  "combined_sp_sc_exit_velo": 0.002019,
  "home_lineup_hard_hit_avg": 0.002013,
  "away_sp_era_10": 0.002007,
  "home_bp_relievers_last_3d": 0.002007,
  "away_sp_fip_5": 0.002,
  "away_sp_k_pct_5": 0.001996,
  "ump_rpg_5": 0.001992,
  "home_whip_5": 0.001983,
  "bp_avg_era_last_3d_diff": 0.001978,
  "home_sp_bb9_5": 0.001973,
  "away_bp_k9_10": 0.001962,
  "away_sp_last_k": 0.001961,
  "home_runs_avg_20": 0.001954,
  "sp_composite_edge": 0.001948,
  "away_runs_sd_10": 0.001946,
  "home_sp_era_away_10": 0.001943,
  "away_sp_era_trend_5v10": 0.001943,
  "home_sp_fb_put_away": 0.001939,
  "away_obp_avg_5": 0.001938,
  "sp_k_pct_5_diff": 0.001937,
  "away_implied_runs": 0.001934,
  "sp_era_regression_diff": 0.001933,
  "away_h2h_n": 0.001924,
  "combined_fb_put_away": 0.001908,
  "away_sp_k9_away_10": 0.0019,