{"venue_id": 680.0, "run_line_home": -1.5, "run_line_home_price": -110.0, "run_line_away_price": -113.0, "total_line": 8.5, "over_price": -110.0, "under_price": -110.0, "open_run_line_home": -1.5, "open_total_line": 8.5, "total_line_move": 0.0, "run_line_move": 0.0, "park_run_factor": 1.006, "park_hr_factor": 1.012, "home_runs_avg_5": 4.25, "home_hr_avg_5": 1.0, "home_avg_avg_5": 0.23690401552470516, "home_obp_avg_5": 0.30168168168168175, "home_slg_avg_5": 0.38705876330876327, "home_iso_avg_5": 0.14834701696770664, "home_k_pct_avg_5": 0.2511229946524064, "home_bb_pct_avg_5": 0.08228843052372463, "home_runs_avg_10": 4.4, "home_hr_avg_10": 1.1, "home_avg_avg_10": 0.2376423940568677, "home_obp_avg_10": 0.30125805802635075, "home_slg_avg_10": 0.387409651543902, "home_iso_avg_10": 0.14944098240469206, "home_k_pct_avg_10": 0.25110094950612194, "home_bb_pct_avg_10": 0.08276195125516009, "home_runs_avg_20": 4.4, "home_runs_sd_10": 2.913569784454954, "home_sb_avg_5": 0.6, "home_sb_avg_10": 0.6, "home_sb_pct_10": 0.018691588785046728, "away_runs_avg_5": 4.4, "away_hr_avg_5": 1.0, "away_avg_avg_5": 0.2382123758594347, "away_obp_avg_5": 0.30225666843313903, "away_slg_avg_5": 0.3868686286831448, "away_iso_avg_5": 0.1476691423180987, "away_k_pct_avg_5": 0.25040288696123614, "away_bb_pct_avg_5": 0.08171363942902102, "away_runs_avg_10": 4.4, "away_hr_avg_10": 1.1, "away_avg_avg_10": 0.23891608207310294, "away_obp_avg_10": 0.30232569542830884, "away_slg_avg_10": 0.38908918955502153, "away_iso_avg_10": 0.1498718665324569, "away_k_pct_avg_10": 0.2514213502448796, "away_bb_pct_avg_10": 0.08281492737502363, "away_runs_avg_20": 4.4, "away_runs_sd_10": 2.9078437983419185, "away_sb_avg_5": 0.6, "away_sb_avg_10": 0.6, "away_sb_pct_10": 0.018575851393188854, "home_runs_allowed_avg_5": 4.4, "home_era_5": 4.056668367765719, "home_whip_5": 1.2845404828598104, "home_k9_5": 8.5, "home_bb9_5": 3.15, "home_hr9_5": 1.1, "home_sp_era_5": 4.628020801468339, "home_sp_whip_5": 1.3697858672376875, "home_team_sp_k9_5": 8.380685547514815, "home_bp_era_5": 3.693243243243243, "home_bp_whip_5": 1.279100529100529, "home_bp_k9_5": 8.857246119590823, "home_runs_allowed_avg_10": 4.4, "home_era_10": 4.163636363636364, "home_whip_10": 1.2899036227017926, "home_k9_10": 8.495008813736371, "home_bb9_10": 3.174667036625971, "home_hr9_10": 1.1416822867853795, "home_sp_era_10": 4.762751508845747, "home_sp_whip_10": 1.3908057822103337, "home_team_sp_k9_10": 8.343867700677123, "home_bp_era_10": 3.967619192225934, "home_bp_whip_10": 1.3016325459003317, "home_bp_k9_10": 8.878781576465721, "home_bullpen_ip_last_3": 9.33, "away_runs_allowed_avg_5": 4.2, "away_era_5": 4.027534418022528, "away_whip_5": 1.2787400917813934, "away_k9_5": 8.477780244173141, "away_bb9_5": 3.128446170921199, "away_hr9_5": 1.075, "away_sp_era_5": 4.417675192491843, "away_sp_whip_5": 1.3521807521807523, "away_team_sp_k9_5": 8.2673474975914, "away_bp_era_5": 3.81, "away_bp_whip_5": 1.2883233532934133, "away_bp_k9_5": 8.921852861035422, "away_runs_allowed_avg_10": 4.3, "away_era_10": 4.067922403003755, "away_whip_10": 1.2822222222222224, "away_k9_10": 8.500889877641825, "away_bb9_10": 3.150444938820912, "away_hr9_10": 1.1123595505617978, "away_sp_era_10": 4.629653044499583, "away_sp_whip_10": 1.3713510509628266, "away_team_sp_k9_10": 8.371540171327643, "away_bp_era_10": 3.912819802625713, "away_bp_whip_10": 1.2959435626102294, "away_bp_k9_10": 8.900620415007335, "away_bullpen_ip_last_3": 9.0, "home_sp_career_era_5": 4.26, "home_sp_career_whip_5": 1.3333333333333333, "home_sp_k_pct_5": 0.21420921099607282, "home_sp_bb_pct_5": 0.07514050863439525, "home_sp_fip_5": 4.132096704674132, "home_sp_k9_5": 8.268770386319918, "home_sp_bb9_5": 3.026984126984127, "home_sp_hr9_5": 1.2, "home_sp_ip_avg_5": 5.335, "home_sp_career_era_10": 4.3625471872732655, "home_sp_fip_10": 4.2, "home_sp_starts_in_window": 5.0, "home_sp_days_rest": 6.0, "home_sp_era_home_10": 3.769593147751606, "home_sp_era_away_10": 4.392119370360663, "home_sp_k9_home_10": 8.519564656820465, "home_sp_k9_away_10": 8.006454793241279, "home_sp_fip_home_10": 3.863130396552341, "home_sp_fip_away_10": 4.215368458087944, "home_sp_era_20": 4.334906495315601, "home_sp_fip_20": 4.172969267233864, "home_sp_last_k": 5.0, "home_sp_last_bb": 2.0, "home_sp_last_fip": 3.7714285714285714, "away_sp_career_era_5": 4.184555451323744, "away_sp_career_whip_5": 1.3176687887319722, "away_sp_k_pct_5": 0.21476794741096947, "away_sp_bb_pct_5": 0.07445307434596973, "away_sp_fip_5": 4.133333333333334, "away_sp_k9_5": 8.252192529051651, "away_sp_bb9_5": 3.0, "away_sp_hr9_5": 1.1917460317460318, "away_sp_ip_avg_5": 5.4, "away_sp_career_era_10": 4.3, "away_sp_fip_10": 4.156122644790586, "away_sp_starts_in_window": 5.0, "away_sp_days_rest": 6.0, "away_sp_era_home_10": 3.8192484746779027, "away_sp_era_away_10": 4.307767515721764, "away_sp_k9_home_10": 8.427510289786431, "away_sp_k9_away_10": 8.00903096804921, "away_sp_fip_home_10": 3.905810135617416, "away_sp_fip_away_10": 4.2, "away_sp_era_20": 4.292782333057082, "away_sp_fip_20": 4.158542999248476, "away_sp_last_k": 5.0, "away_sp_last_bb": 2.0, "away_sp_last_fip": 3.7, "home_wins": 36.0, "home_losses": 36.0, "home_win_pct": 0.5034248182031433, "home_run_diff": 3.0, "home_run_diff_per_game": 0.08759590792838876, "home_rest_days": 1.0, "home_games_played": 74.0, "home_wins_last_5": 2.0, "home_win_pct_last_5": 0.4, "home_wins_last_10": 5.0, "home_win_pct_last_10": 0.5, "home_run_diff_avg_last_5": 0.0, "away_wins": 36.0, "away_losses": 36.0, "away_win_pct": 0.5037880961946852, "away_run_diff": 5.0, "away_run_diff_per_game": 0.10204081632653061, "away_rest_days": 1.0, "away_games_played": 74.0, "away_wins_last_5": 3.0, "away_win_pct_last_5": 0.6, "away_wins_last_10": 5.0, "away_win_pct_last_10": 0.5, "away_run_diff_avg_last_5": 0.0, "h2h_games_ytd": 2.0, "h2h_home_win_pct_ytd": 0.5, "runs_scored_edge_10": 0.0, "obp_edge_10": -0.0017990753573117746, "slg_edge_10": -0.0025883258657527497, "era_edge_10": -0.08457395498392282, "whip_edge_10": -0.009401462663587656, "sp_fip_edge_5": -0.011458556436067689, "sp_era_edge_5": -0.02557312077551962, "bullpen_fatigue_edge": -0.33, "rest_days_advantage": 0.0, "win_pct_edge": 0.0, "run_diff_per_game_edge": -0.008623253047873924, "home_implied_runs": 4.35, "away_implied_runs": 4.4, "park_adj_implied_total": 8.844750000000001, "n_ump_games_prev_5": 5.0, "ump_rpg_5": 8.8, "ump_k9_5": 8.52191559671704, "ump_bb9_5": 3.1096044251301738, "ump_rpg_10": 8.8, "ump_k9_10": 8.549753055912674, "ump_bb9_10": 3.1175108617904446, "temperature_f": 74.7, "wind_speed_mph": 7.2, "wind_sin": -0.19080899537654467, "wind_cos": -0.25881904510252085, "precip_prob_pct": 0.0, "is_dome": 0.0, "home_lineup_avg_avg_10": 0.23761363636363636, "home_lineup_slg_avg_10": 0.3939162520980703, "home_lineup_iso_avg_10": 0.14816666666666664, "home_top4_slg_avg_10": 0.4343264578558696, "home_lineup_completeness": 1.1111111111111112, "away_lineup_avg_avg_10": 0.2368333333333333, "away_lineup_slg_avg_10": 0.39400772113753857, "away_lineup_iso_avg_10": 0.14814814814814814, "away_top4_slg_avg_10": 0.4387817887817888, "away_lineup_completeness": 1.1111111111111112, "lineup_avg_edge": 0.0, "lineup_slg_edge": 0.0, "home_bullpen_ip_last_7": 21.68, "home_bp_era_7d": 3.75, "home_sp_short_last": 0.0, "away_bullpen_ip_last_7": 21.66, "away_bp_era_7d": 3.802281368821293, "away_sp_short_last": 0.0, "bullpen_fatigue_7d_edge": -0.32, "series_game_number": 2.0, "home_sp_k_pct_10": 0.21542260288866907, "away_sp_k_pct_10": 0.21521120666697846, "home_sp_venue_starts": 6.0, "home_sp_venue_era": 4.015704387990762, "home_sp_venue_k9": 8.718650793650793, "home_sp_venue_fip": 3.9067403896787782, "away_sp_venue_starts": 0.0, "away_sp_venue_era": 3.6, "away_sp_venue_k9": 7.7115325787702655, "away_sp_venue_fip": 3.8592785745328118, "home_sp_pitch_hand_l": 0.0, "away_sp_pitch_hand_l": 0.0, "home_team_avg_vs_lhp": NaN, "home_team_avg_vs_rhp": NaN, "home_team_obp_vs_lhp": NaN,