{"venue_id": 680.0, "run_line_home": -1.5, "run_line_home_price": -110.0, "run_line_away_price": -114.0, "total_line": 8.5, "over_price": -110.0, "under_price": -110.0, "open_run_line_home": -1.5, "open_total_line": 8.5, "total_line_move": 0.0, "run_line_move": 0.0, "park_run_factor": 1.006, "park_hr_factor": 1.012, "home_runs_avg_5": 4.2, "home_hr_avg_5": 1.0, "home_avg_avg_5": 0.23676478202340273, "home_obp_avg_5": 0.30108225108225106, "home_slg_avg_5": 0.3868796120598777, "home_iso_avg_5": 0.14837121212121213, "home_k_pct_avg_5": 0.2514743155326647, "home_bb_pct_avg_5": 0.08175048113128609, "home_runs_avg_10": 4.4, "home_hr_avg_10": 1.1, "home_avg_avg_10": 0.237538783651485, "home_obp_avg_10": 0.30085725727315543, "home_slg_avg_10": 0.38750442210119634, "home_iso_avg_10": 0.14949908807667428, "home_k_pct_avg_10": 0.25125000000000003, "home_bb_pct_avg_10": 0.08233483304690735, "home_runs_avg_20": 4.4, "home_runs_sd_10": 2.913569784454954, "away_runs_avg_5": 4.4, "away_hr_avg_5": 1.0, "away_avg_avg_5": 0.2378897955468414, "away_obp_avg_5": 0.3017608265563009, "away_slg_avg_5": 0.38671627764664745, "away_iso_avg_5": 0.1476515999286398, "away_k_pct_avg_5": 0.2508325426944972, "away_bb_pct_avg_5": 0.08147605083088953, "away_runs_avg_10": 4.4, "away_hr_avg_10": 1.1, "away_avg_avg_10": 0.23878476092899065, "away_obp_avg_10": 0.30193683989678977, "away_slg_avg_10": 0.3891994486961031, "away_iso_avg_10": 0.1500389709753825, "away_k_pct_avg_10": 0.25176888780590606, "away_bb_pct_avg_10": 0.08243091077583237, "away_runs_avg_20": 4.4, "away_runs_sd_10": 2.9078437983419185, "home_runs_allowed_avg_5": 4.4, "home_era_5": 4.02729788765434, "home_whip_5": 1.2805555555555554, "home_k9_5": 8.50909090909091, "home_bb9_5": 3.135, "home_hr9_5": 1.1, "home_sp_era_5": 4.624603174603174, "home_sp_whip_5": 1.3676001806727247, "home_team_sp_k9_5": 8.376825396825398, "home_bp_era_5": 3.6525096525096523, "home_bp_whip_5": 1.2752347959969206, "home_runs_allowed_avg_10": 4.4, "home_era_10": 4.156271367041263, "home_whip_10": 1.2870745745745744, "home_k9_10": 8.5, "home_bb9_10": 3.1604545454545456, "home_hr9_10": 1.14, "home_sp_era_10": 4.76085432028766, "home_sp_whip_10": 1.3879691958553746, "home_team_sp_k9_10": 8.341939619777401, "home_bp_era_10": 3.9487777102945643, "home_bp_whip_10": 1.2990735652649288, "home_bullpen_ip_last_3": 9.33, "away_runs_allowed_avg_5": 4.2, "away_era_5": 4.025, "away_whip_5": 1.2765640288836904, "away_k9_5": 8.48, "away_bb9_5": 3.125, "away_hr9_5": 1.075, "away_sp_era_5": 4.415847949566194, "away_sp_whip_5": 1.3511904761904763, "away_team_sp_k9_5": 8.271428571428572, "away_bp_era_5": 3.790550836101378, "away_bp_whip_5": 1.283427141963727, "away_runs_allowed_avg_10": 4.3, "away_era_10": 4.0625, "away_whip_10": 1.2805555555555557, "away_k9_10": 8.502482678983833, "away_bb9_10": 3.137448638628474, "away_hr9_10": 1.112389012208657, "away_sp_era_10": 4.63692295074132, "away_sp_whip_10": 1.3705463953153472, "away_team_sp_k9_10": 8.376270993916293, "away_bp_era_10": 3.9039971448965023, "away_bp_whip_10": 1.2920480044386828, "away_bullpen_ip_last_3": 9.0, "home_sp_career_era_5": 4.265402843601896, "home_sp_career_whip_5": 1.3333802376485304, "home_sp_k_pct_5": 0.21413007724314442, "home_sp_bb_pct_5": 0.07490534483048127, "home_sp_fip_5": 4.1380863039399625, "home_sp_k9_5": 8.25, "home_sp_bb9_5": 3.0227570803180557, "home_sp_hr9_5": 1.2, "home_sp_ip_avg_5": 5.335, "home_sp_career_era_10": 4.376101889909746, "home_sp_fip_10": 4.20357536051033, "home_sp_starts_in_window": 5.0, "home_sp_days_rest": 6.0, "home_sp_is_short_rest": 0.0, "home_sp_era_home_10": 3.7942776735459662, "home_sp_era_away_10": 4.406561298339308, "home_sp_k9_home_10": 8.507142857142856, "home_sp_k9_away_10": 8.020494363384216, "home_sp_fip_home_10": 3.873015873015873, "home_sp_fip_away_10": 4.217494328156376, "away_sp_career_era_5": 4.202222222222222, "away_sp_career_whip_5": 1.3182448036951502, "away_sp_k_pct_5": 0.2143948652624858, "away_sp_bb_pct_5": 0.07410619700000058, "away_sp_fip_5": 4.141000603331227, "away_sp_k9_5": 8.25, "away_sp_bb9_5": 3.0, "away_sp_hr9_5": 1.2, "away_sp_ip_avg_5": 5.4, "away_sp_career_era_10": 4.316055543656743, "away_sp_fip_10": 4.163559812450141, "away_sp_starts_in_window": 5.0, "away_sp_days_rest": 6.0, "away_sp_is_short_rest": 0.0, "away_sp_era_home_10": 3.8300559776464684, "away_sp_era_away_10": 4.336316916488222, "away_sp_k9_home_10": 8.418825466331661, "away_sp_k9_away_10": 8.006454793241279, "away_sp_fip_home_10": 3.908095238095238, "away_sp_fip_away_10": 4.205378096479792, "home_wins": 37.0, "home_losses": 38.0, "home_win_pct": 0.5035213013936418, "home_run_diff": 4.0, "home_run_diff_per_game": 0.09422863485016648, "home_division_rank": NaN, "home_rest_days": 1.0, "home_is_b2b": 1.0, "home_games_played": 77.0, "home_wins_last_5": 2.0, "home_win_pct_last_5": 0.4, "home_wins_last_10": 5.0, "home_win_pct_last_10": 0.5, "home_run_diff_avg_last_5": 0.0, "away_wins": 38.0, "away_losses": 38.0, "away_win_pct": 0.5039370078740157, "away_run_diff": 5.0, "away_run_diff_per_game": 0.11382866208355367, "away_division_rank": NaN, "away_rest_days": 1.0, "away_is_b2b": 1.0, "away_games_played": 77.0, "away_wins_last_5": 3.0, "away_win_pct_last_5": 0.6, "away_wins_last_10": 5.0, "away_win_pct_last_10": 0.5, "away_run_diff_avg_last_5": 0.0, "h2h_games_ytd": 2.0, "h2h_home_win_pct_ytd": 0.5, "runs_scored_edge_10": 0.0, "obp_edge_10": -0.0019905264730443184, "slg_edge_10": -0.0025659372518714307, "era_edge_10": -0.08164907281547344, "whip_edge_10": -0.007270469156318349, "sp_fip_edge_5": -0.017739491357471424, "sp_era_edge_5": -0.02858105520455552, "bullpen_fatigue_edge": -0.33, "rest_days_advantage": 0.0, "win_pct_edge": 0.0, "run_diff_per_game_edge": -0.003833752824677128, "division_rank_edge": 0.0, "home_implied_runs": 4.35, "away_implied_runs": 4.4, "park_adj_implied_total": 8.816, "n_ump_games_prev_5": 5.0, "ump_rpg_5": 8.8, "ump_k9_5": 8.51223409567562, "ump_bb9_5": 3.1, "ump_rpg_10": 8.8, "ump_k9_10": 8.541972529120546, "ump_bb9_10": 3.112022937579701, "temperature_f": 74.8, "wind_speed_mph": 7.1, "wind_sin": -0.17364817766693047, "wind_cos": -0.25881904510252085, "precip_prob_pct": 0.0, "is_dome": 0.0, "home_lineup_avg_avg_10": 0.23750000000000004, "home_lineup_slg_avg_10": 0.39419852101303715, "home_lineup_iso_avg_10": 0.1484567901234568, "home_top4_slg_avg_10": 0.4349014463981849, "home_lineup_completeness": 1.1111111111111112, "away_lineup_avg_avg_10": 0.23683333333333337, "away_lineup_slg_avg_10": 0.3944164498015182, "away_lineup_iso_avg_10": 0.14833333333333334, "away_top4_slg_avg_10": 0.4389535194694052, "away_lineup_completeness": 1.1111111111111112, "lineup_avg_edge": 0.0, "lineup_slg_edge": 0.0, "home_bullpen_ip_last_7": 21.67, "home_bp_era_7d": 3.722854188210962, "home_sp_short_last": 0.0, "away_bullpen_ip_last_7": 21.66, "away_bp_era_7d": 3.795688847235239, "away_sp_short_last": 0.0, "bullpen_fatigue_7d_edge": -0.32, "home_elo": 1504.0923653232594, "away_elo": 1504.5199872929481, "elo_diff": 0.534927284986793, "elo_win_prob_home": 0.5352500233056512, "season_days_elapsed": 82.0, "start_hour_utc": 19.0, "start_dow_utc": 4.0, "season_2024-regular": 0.0, "season_2025-regular": 0.0, "season_2026-regular": 0.0, "home_pythag": 0.5, "away_pythag": 0.5, "pythag_diff": -0.0143815070248694, "home_pythag_vs_record": 0.0, "away_pythag_vs_record": 0.0029595816178535905, "pythag_record_edge": -0.007035204579512677, "sp_era_5_diff": -0.22087088827432488, "sp_whip_5_diff": -0.019712187842269024, "sp_fip_5_diff": -0.01773949135747177, "sp_k_pct_5_diff": 5.87914932085043e-05, "sp_composite_edge": -0.08893212786153937, "batting_runs_avg_10_diff": 0.0, "batting_hr_avg_10_diff": 0.0, "batting_avg_avg_10_diff": -0.001028247294648288, "batting_iso_avg_10_diff": -0.001084410733653396, "batting_runs_avg_5_diff": 0.0, "batting_hr_avg_5_diff": 0.0, "batting_avg_avg_5_diff": -0.0014096626999853257, "team_era_10_diff": -0.08164907281547329,