{
  "diff_sp_sc_xwoba": 0.011462,
  "combined_sp_sc_xwoba": 0.011201,
  "diff_lineup_xwoba": 0.008166,
  "win_pct_last_5_diff": 0.006532,
  "series_game_number": 0.006304,
  "ops_diff_10": 0.005685,
  "bp_relievers_edge_3d": 0.005666,
  "abs_run_line_move": 0.005607,
  "pythag_diff": 0.005568,
  "batting_runs_avg_5_diff": 0.005541,
  "sp_era_park_adj_diff": 0.005135,
  "away_wins_last_10": 0.005121,
  "combined_runs_avg_5": 0.004951,
  "elo_diff": 0.004887,
  "combined_slg_avg_10": 0.004639,
  "sp_k_pct_5_diff": 0.004562,
  "home_top4_slg_avg_10": 0.004448,
  "home_sp_days_rest": 0.004407,
  "combined_ops_10": 0.004398,
  "away_sp_venue_k9": 0.004389,
  "home_top4_x_opp_bp": 0.004296,
  "away_elo_x_sp_quality": 0.004159,
  "away_wins": 0.004026,
  "away_sp_fip_away_10": 0.003936,
  "away_top4_x_opp_bp": 0.003829,
  "away_pen_exposure_x_era": 0.003822,
  "away_sp_sc_xwoba": 0.003816,
  "away_bp_era_10": 0.003794,
  "away_ops_5": 0.003791,
  "ump_k9_10": 0.003754,
  "diff_sp_sc_k_bb_ratio": 0.003724,
  "ump_rpg_x_park": 0.003687,
  "home_sp_sc_k_bb_ratio": 0.003664,
  "home_sp_last_bb": 0.00363,
  "obp_edge_10": 0.003617,
  "home_sp_sc_xwoba": 0.003599,
  "away_sp_k_pct_5": 0.003593,
  "h2h_slg_edge_wtd": 0.003583,
  "home_h2h_n": 0.003581,
  "home_sp_era_trend_5v10": 0.003501,
  "away_top4_slg_avg_10": 0.003498,
  "away_sp_k_pct_10": 0.003498,
  "home_sp_fip_5": 0.003463,
  "away_sp_fip_20": 0.00346,
  "bp_relievers_edge_1d": 0.003447,
  "fb_velo_trend_diff": 0.003404,
  "home_sp_era_away_10": 0.003399,
  "away_sp_hr9_5": 0.003362,
  "home_lineup_vs_opp_sp": 0.003358,
  "pen_depletion_edge": 0.003305,
  "home_sp_k9_away_10": 0.003302,
  "home_sp_pitches_est": 0.003292,
  "home_bullpen_exposure": 0.003269,
  "park_adj_implied_total": 0.003266,
  "home_elo": 0.003265,
  "sp_composite_edge": 0.003242,
  "away_run_diff_avg_last_5": 0.003227,
  "away_era_trend_5v10": 0.0032,
  "home_sp_sl_whiff_pct": 0.003182,
  "away_sp_venue_fip": 0.003173,
  "combined_obp_avg_10": 0.00317,
  "home_fb_velo_avg_5": 0.00313,
  "home_sb_pct_10": 0.003094,
  "home_lineup_xwoba_avg": 0.003092,
  "home_run_diff": 0.003084,
  "era_trend_diff": 0.003076,
  "lineup_slg_edge": 0.003048,
  "away_losses": 0.003046,
  "win_pct_edge": 0.003039,
  "home_sp_fip_trend_5v10": 0.002997,
  "home_sp_sc_barrel_rate": 0.002987,
  "home_sp_sc_hard_hit_pct": 0.002986,
  "away_h2h_slg_wtd": 0.00297,
  "home_bp_relievers_last_3d": 0.002957,
  "home_fb_velo_trend_5": 0.002914,
  "combined_runs_avg_10": 0.002909,
  "park_adj_runs_diff": 0.002907,
  "wind_cos": 0.0029,
  "away_sp_sc_whiff_pct": 0.002896,
  "batting_avg_avg_10_diff": 0.002893,
  "away_sp_ip_per_rest": 0.002893,
  "away_sp_sc_exit_velo": 0.002878,
  "away_form_vs_season": 0.002874,
  "home_k9_10": 0.002843,
  "team_k_bb_ratio_diff": 0.002837,
  "away_sp_last_ip": 0.002802,
  "home_bp_ip_last_1d": 0.002796,
  "away_sp_era_trend_5v10": 0.002787,
  "home_ops_10": 0.002774,
  "away_sp_era_10": 0.00276,
  "home_sp_career_era_10": 0.002739,
  "home_lineup_slg_avg_10": 0.002729,
  "diff_lineup_hard_hit": 0.002729,
  "home_pen_exposure_x_era": 0.002685,
  "away_lineup_avg_avg_10": 0.002681,
  "combined_sp_era_10": 0.002677,
  "win_pct_last_10_diff": 0.002677,
  "away_sp_bb_pct_5": 0.002675,
  "wind_speed_mph": 0.002667,
  "away_sb_trend": 0.002665,
  "sp_era_edge_5": 0.00266,
  "home_bp_whip_5": 0.002659,
  "home_sp_bb_pct_5": 0.002652,
  "home_sp_venue_era": 0.002646,
  "away_bp_ip_last_1d": 0.00263,
  "away_sp_home_away_era_split": 0.002628,
  "sp_workload_edge": 0.002618,
  "away_k_pct_avg_10": 0.002604,
  "away_sp_fip_trend_5v10": 0.002592,
  "away_win_pct_last_5": 0.002589,
  "home_pythag_x_opp_sp_fip": 0.002582,
  "away_sp_whip_5": 0.002579,
  "home_catcher_framing_rate": 0.002568,
  "away_win_pct": 0.002543,
  "bp_avg_era_last_3d_diff": 0.002541,
  "home_lineup_iso_avg_10": 0.002533,
  "home_sp_k_pct_10": 0.002532,
  "combined_sp_sc_whiff_pct": 0.002531,
  "away_sp_era_opp_adj_5": 0.002524,
  "away_team_sp_k9_5": 0.002523,
  "away_fb_velo_avg_5": 0.002512,
  "ump_k9_5": 0.00251,
  "team_whip_5_diff": 0.002508,
  "away_sp_k9_5": 0.002505,
  "away_sp_k_pct_trend": 0.002503,
  "home_sp_sc_bb_pct": 0.002502,
  "abs_total_line_move": 0.002501,
  "home_sp_whip_10": 0.0025,
  "home_sp_era_5": 0.002486,
  "lineup_vs_sp_edge": 0.002485,
  "away_bp_k9_5": 0.002476,
  "home_k_pct_avg_10": 0.002459,
  "home_park_adj_runs_10": 0.002457,
  "away_pen_qual_depletion": 0.002456,
  "away_sp_pitches_est": 0.002449,
  "home_win_pct": 0.002445,
  "sp_era_regression_diff": 0.002435,
  "sp_fip_edge_5": 0.002425,
  "home_pythag_vs_record": 0.002424,
  "away_sp_era_away_10": 0.00241,
  "lineup_avg_edge": 0.002405,
  "away_sp_ip_avg_5": 0.002403,
  "home_elo_x_sp_quality": 0.002395,
  "away_sp_career_era_5": 0.002395,
  "open_total_line": 0.002395,
  "home_bp_avg_era_last_3d": 0.002392,
  "season_days_elapsed": 0.002389,
  "away_fb_velo_trend_5": 0.002385,
  "away_implied_runs": 0.002382,
  "home_bp_hot_1d": 0.00238,
  "away_era_5": 0.002376,
  "home_sp_era_10": 0.002373,
  "away_lineup_xslg_avg": 0.00236,
  "away_avg_avg_10": 0.002358,
  "away_sb_avg_10": 0.002357,
  "pythag_sp_quality_diff": 0.002328,
  "home_sp_last_ip": 0.002328,
  "home_team_sp_k9_5": 0.002324,
  "diff_sp_sc_hard_hit_pct": 0.00232,
  "away_h2h_ba": 0.002317,
  "home_rest_days": 0.002314,
  "away_sp_fip_5": 0.002312,
  "sp_k_pct_trend_diff": 0.002311,
  "away_bp_avg_era_last_3d": 0.00231,
  "home_lineup_avg_avg_10": 0.002309,
  "diff_lineup_barrel": 0.002308,
  "combined_sp_sc_oz_swing_pct": 0.002301,
  "away_bb_pct_avg_5": 0.002278,
  "home_sp_ip_avg_5": 0.002275,
  "ops_diff_5": 0.00227,
  "run_line_move_direction": 0.002266,
  "home_sp_k_bb_ratio_5": 0.002265,
  "total_k_suppression": 0.002262,
  "diff_sp_sc_k_pct": 0.002248,
  "home_bp_era_10": 0.002243,
  "home_lineup_barrel_avg": 0.002233,
  "away_h2h_slg": 0.002232,
  "whip_edge_10": 0.002221,
  "runs_trend_diff": 0.002217,
  "home_sp_fip_10": 0.002216,
  "sp_home_away_split_edge": 0.002194,
  "home_h2h_obp": 0.002185,
  "pen_exposure_era_diff": 0.002184,
  "bp_k9_edge": 0.002179,
  "h2h_slg_edge": 0.002179,
  "batting_avg_avg_5_diff": 0.002176,
  "away_catcher_framing_rate": 0.002167,
  "sp_last_quality_diff": 0.002167,
  "form_momentum_diff": 0.002166,
  "away_bp_hot_1d": 0.00216,
  "temp_cold_penalty": 0.002152,
  "top4_bp_matchup_diff": 0.002152,
  "away_sp_last_k_rate": 0.002147,
  "diff_sp_sc_bb_pct": 0.002136,
  "home_bullpen_ip_last_7": 0.002127,
  "home_form_vs_season": 0.00212,
  "home_losses": 0.002116,
  "away_lineup_iso_avg_10": 0.002115,
  "away_bp_usage_per_rest": 0.002111,
  "away_bp_era_7d": 0.002106,
  "sp_fip_trend_diff": 0.002085,
  "home_sp_career_era_5": 0.002085,
  "sp_days_rest_diff": 0.002082,
  "home_catcher_framing_rv": 0.002081,
  "away_k9_10": 0.002077,
  "away_park_adj_runs_10": 0.002069,
  "home_sp_ip_per_rest": 0.002063,
  "home_sp_k9_5": 0.00206,
  "combined_bp_k9": 0.00206,
  "away_bp_k9_10": 0.00205,
  "away_sp_k9_home_10": 0.002047,
  "slg_edge_10": 0.002035,
  "era_edge_10": 0.002027,
  "diff_sp_sc_barrel_rate": 0.002016,
  "home_sp_ch_whiff_pct": 0.002016,
  "away_sp_sc_barrel_rate": 0.002009,
  "bullpen_fatigue_7d_edge": 0.002001,
  "total_vig_direction": 0.002001,
  "away_sb_avg_5": 0.002001,
  "home_bp_whip_10": 0.002001,
  "home_bp_relievers_last_2d": 0.001987,
  "batting_iso_avg_10_diff": 0.001985,
  "home_h2h_ba": 0.001982,
  "home_sp_era_5v20": 0.001977,
  "home_lineup_hard_hit_avg": 0.001972,
  "away_sp_k_bb_ratio_5": 0.001971,
  "wind_scoring_boost": 0.001971,
  "away_obp_avg_5": 0.001969,
  "home_sp_sc_oz_swing_pct": 0.001968,
  "away_sp_fb_put_away": 0.001967,
  "away_games_played": 0.001949,
  "home_sp_fip_away_10": 0.001948,