{
  "home_lineup_completeness": 0.023181,
  "away_lineup_completeness": 0.019682,
  "home_win_pct_last_5": 0.015673,
  "away_rest_days": 0.011107,
  "run_diff_per_game_edge": 0.010232,
  "home_bullpen_exposure": 0.007237,
  "home_runs_allowed_avg_10": 0.006836,
  "home_team_abbr_KC": 0.006286,
  "era_edge_10": 0.006121,
  "home_team_abbr_TEX": 0.005944,
  "away_sp_era_5": 0.005923,
  "away_win_pct_last_10": 0.005529,
  "batting_hr_avg_10_diff": 0.00544,
  "sp_short_asymmetry": 0.005301,
  "away_sp_k9_home_10": 0.005184,
  "away_team_abbr_MIA": 0.005163,
  "home_team_abbr_MIN": 0.005155,
  "bp_era_diff_5": 0.005126,
  "away_sp_era_10": 0.005073,
  "home_team_abbr_MIL": 0.005057,
  "batting_iso_avg_10_diff": 0.005041,
  "sp_k_bb_ratio_diff": 0.005017,
  "away_team_abbr_ARI": 0.004992,
  "home_losses": 0.004941,
  "sp_days_rest_diff": 0.004884,
  "away_pythag": 0.004875,
  "away_implied_runs": 0.004807,
  "sp_era_edge_5": 0.004797,
  "home_era_trend_5v10": 0.004785,
  "home_team_sp_k9_10": 0.004728,
  "open_run_line_home": 0.004623,
  "win_pct_last_10_diff": 0.004615,
  "home_pythag": 0.004597,
  "away_team_abbr_CLE": 0.004557,
  "park_adj_implied_total": 0.004551,
  "away_team_abbr_SD": 0.004518,
  "away_sp_fip_5": 0.004505,
  "home_sp_bb9_5": 0.004389,
  "home_run_diff": 0.004388,
  "away_team_abbr_COL": 0.004373,
  "away_top4_slg_avg_10": 0.004366,
  "batting_hr_avg_5_diff": 0.004359,
  "away_era_5": 0.004349,
  "home_run_diff_per_game": 0.004344,
  "away_runs_allowed_avg_5": 0.004342,
  "home_runs_allowed_avg_5": 0.004324,
  "away_run_diff": 0.004315,
  "temperature_f": 0.004295,
  "home_lineup_iso_avg_10": 0.004271,
  "away_runs_trend_5v20": 0.004264,
  "home_bp_era7_x_ip7": 0.004235,
  "home_sp_home_away_era_split": 0.004234,
  "away_lineup_iso_avg_10": 0.004211,
  "pythag_sp_quality_diff": 0.004182,
  "home_whip_10": 0.004173,
  "away_sp_k_bb_ratio_5": 0.004162,
  "team_era_5_diff": 0.004098,
  "away_park_adj_runs_10": 0.004093,
  "home_team_abbr_WAS": 0.00405,
  "away_bb9_5": 0.004042,
  "pythag_record_edge": 0.004009,
  "home_win_pct": 0.004004,
  "away_team_sp_k9_5": 0.003981,
  "home_top4_slg_avg_10": 0.003954,
  "sp_fip_edge_5": 0.003941,
  "away_pen_depletion": 0.003915,
  "home_hr9_5": 0.003913,
  "away_team_abbr_MIL": 0.003912,
  "ump_rpg_10": 0.003906,
  "away_hr9_5": 0.003877,
  "home_team_abbr_SEA": 0.003867,
  "home_pythag_x_opp_sp_fip": 0.003861,
  "run_diff_avg_last_5_edge": 0.003849,
  "away_sp_fip_away_10": 0.003834,
  "sp_composite_edge": 0.003802,
  "pen_depletion_edge": 0.0038,
  "away_ops_10": 0.003799,
  "away_era_10": 0.003783,
  "away_k9_10": 0.003771,
  "away_runs_allowed_avg_10": 0.00376,
  "away_ops_5": 0.00374,
  "home_sp_career_era_5": 0.003736,
  "win_pct_edge": 0.003729,
  "away_bullpen_exposure": 0.003707,
  "home_sp_k_bb_ratio_5": 0.003695,
  "park_adj_runs_diff": 0.003686,
  "away_obp_avg_5": 0.003673,
  "home_bp_whip_10": 0.003667,
  "away_win_pct": 0.003665,
  "away_sp_ip_avg_5": 0.003658,
  "home_pen_depletion": 0.003651,
  "home_run_diff_avg_last_5": 0.003643,
  "home_park_adj_runs_10": 0.003639,
  "away_team_k_bb_ratio_5": 0.003638,
  "away_era_trend_5v10": 0.003635,
  "home_pen_exposure_x_era": 0.003633,
  "away_sp_k_pct_5": 0.003578,
  "away_bullpen_ip_last_7": 0.003564,
  "team_k_bb_ratio_diff": 0.003558,
  "home_team_k_bb_ratio_5": 0.003547,
  "home_bb9_5": 0.003537,
  "away_sp_career_era_10": 0.003527,
  "pen_exposure_era_diff": 0.003527,
  "ops_diff_5": 0.003522,
  "home_sp_k9_5": 0.003507,
  "away_bb_pct_avg_5": 0.003501,
  "away_avg_avg_5": 0.003433,
  "away_team_abbr_CWS": 0.003426,
  "lineup_avg_edge": 0.003423,
  "away_sp_days_rest": 0.003414,
  "away_pythag_vs_record": 0.003412,
  "away_bp_whip_5": 0.003402,
  "home_lineup_avg_avg_10": 0.003378,
  "whip_edge_10": 0.003367,
  "home_lineup_slg_avg_10": 0.003361,
  "away_whip_5": 0.00336,
  "away_iso_avg_10": 0.003357,
  "home_sp_fip_10": 0.003342,
  "home_sp_era_home_10": 0.003338,
  "away_sp_fip_10": 0.003338,
  "away_hr9_10": 0.003331,
  "home_era_5": 0.003325,
  "home_hr9_10": 0.003308,
  "away_runs_sd_10": 0.003302,
  "sp_era_5_diff": 0.003295,
  "home_runs_trend_5v20": 0.003277,
  "home_sp_hr9_5": 0.003253,
  "home_bp_era_5": 0.003249,
  "ump_bb9_5": 0.003245,
  "home_obp_avg_10": 0.003232,
  "runs_trend_diff": 0.003226,
  "wind_sin": 0.003213,
  "away_sp_whip_5": 0.003212,
  "away_sp_k9_5": 0.003206,
  "home_sp_fip_5": 0.003205,
  "bp_era_diff_10": 0.003188,
  "sp_home_away_split_edge": 0.00317,
  "away_bp_era_10": 0.003166,
  "team_whip_5_diff": 0.003163,
  "home_sp_k9_away_10": 0.003161,
  "away_k_pct_avg_10": 0.003157,
  "ump_k9_10": 0.003156,
  "away_bb_pct_avg_10": 0.003146,
  "bullpen_fatigue_7d_edge": 0.00313,
  "home_avg_avg_10": 0.003125,
  "away_losses": 0.003122,
  "home_sp_career_era_10": 0.00312,
  "home_sp_k9_home_10": 0.003118,
  "away_run_diff_avg_last_5": 0.003095,
  "home_era_10": 0.00308,
  "away_sp_era_home_10": 0.003069,
  "home_bp_era_10": 0.003056,
  "obp_edge_10": 0.003035,
  "wind_cos": 0.003025,
  "home_wins": 0.003023,
  "era_trend_diff": 0.003023,
  "home_ops_10": 0.003005,
  "home_wins_last_5": 0.002989,
  "open_total_line": 0.002977,
  "home_bp_era_7d": 0.002973,
  "away_team_sp_k9_10": 0.002964,
  "batting_runs_avg_5_diff": 0.002958,
  "away_sp_fip_home_10": 0.002945,
  "home_sp_k_pct_5": 0.002939,
  "away_k_pct_avg_5": 0.002935,
  "runs_scored_edge_10": 0.002928,
  "home_sp_era_away_10": 0.002923,
  "away_sp_era_away_10": 0.002919,
  "bullpen_fatigue_edge": 0.002907,
  "away_bp_whip_10": 0.002897,
  "away_sp_career_era_5": 0.002896,
  "away_bullpen_ip_last_3": 0.002891,
  "away_sp_whip_10": 0.002877,
  "form_momentum_diff": 0.002861,
  "sp_k_pct_5_diff": 0.002849,
  "home_rest_days": 0.002814,
  "away_lineup_slg_avg_10": 0.002787,
  "park_hr_factor": 0.002774,
  "home_bb9_10": 0.002772,
  "away_whip_10": 0.002765,
  "home_k9_10": 0.002752,
  "home_whip_5": 0.002748,
  "ump_bb9_10": 0.002741,
  "run_line_away_price": 0.002713,
  "batting_avg_avg_10_diff": 0.002709,
  "home_sp_fip_home_10": 0.002702,
  "away_hr_avg_10": 0.002698,
  "ump_k9_5": 0.002697,
  "lineup_slg_edge": 0.002688,
  "away_team_abbr_ATH": 0.002679,
  "away_avg_avg_10": 0.002675,
  "wind_speed_mph": 0.002671,
  "home_runs_avg_20": 0.002669,
  "home_runs_sd_10": 0.002662,
  "away_k9_5": 0.002661,
  "home_form_vs_season": 0.002634,
  "home_k_pct_avg_10": 0.002631,
  "away_sp_hr9_5": 0.002621,
  "home_sp_era_10": 0.002606,
  "away_form_vs_season": 0.002591,
  "away_team_abbr_TEX": 0.002589,
  "home_bullpen_ip_last_3": 0.002577,
  "home_iso_avg_10": 0.002568,
  "away_sp_career_whip_5": 0.002566,
  "home_implied_runs": 0.00255,
  "away_bb9_10": 0.002513,
  "park_run_factor": 0.002496,
  "away_bp_era7_x_ip7": 0.002489,
  "away_sp_k9_away_10": 0.002475,
  "away_slg_avg_5": 0.002465,
  "away_pen_exposure_x_era": 0.002463,
  "home_bb_pct_avg_5": 0.002451,
  "away_lineup_avg_avg_10": 0.002443,
  "sp_whip_5_diff": 0.002433,
  "home_sp_bb_pct_5": 0.00242,
  "home_sp_whip_5": 0.002401,
  "h2h_home_win_pct_ytd": 0.002368,
  "away_team_abbr_SEA": 0.002368,
  "away_sp_bb_pct_5": 0.002348,
  "away_wins_last_5": 0.002344,
  "total_line_move": 0.002335,
  "home_bb_pct_avg_10": 0.002287,
  "away_team_abbr_NYM": 0.002284,
  "away_wins_last_10": 0.002283,
  "away_iso_avg_5": 0.002272,
  "ump_rpg_5": 0.002267,
  "home_sp_ip_avg_5": 0.002261,
  "home_sp_fip_away_10": 0.002248,
  "home_iso_avg_5": 0.002242,
  "home_ops_5": 0.002231,
  "batting_avg_avg_5_diff": 0.002223,
  "home_k9_5": 0.002214,
  "h2h_games_ytd": 0.002209,
  "away_team_abbr_NYY": 0.00216,
  "season_days_elapsed": 0.002144,
  "away_runs_avg_20": 0.002143,
  "slg_edge_10": 0.002141,
  "home_sp_whip_10": 0.002138,
  "home_slg_avg_5": 0.002137,
  "away_obp_avg_10": 0.002103,
  "away_bp_era_7d": 0.00209,
  "home_team_sp_k9_5": 0.002078,
  "home_pythag_vs_record": 0.002077,
  "home_slg_avg_10": 0.002056,
  "home_avg_avg_5": 0.002055,
  "home_team_abbr_PHI": 0.002048,
  "run_line_move": 0.002038,