{
  "diff_sp_sc_xwoba": 0.015073,
  "away_bp_relievers_last_1d": 0.010425,
  "diff_lineup_xwoba": 0.008014,
  "combined_sp_sc_xwoba": 0.007853,
  "away_sp_venue_starts": 0.006674,
  "away_wins": 0.005839,
  "combined_ops_10": 0.005812,
  "home_bullpen_exposure": 0.005168,
  "sp_era_park_adj_diff": 0.004891,
  "away_sp_venue_k9": 0.004672,
  "precip_prob_pct": 0.004639,
  "park_adj_total_env": 0.004395,
  "home_h2h_ba": 0.004387,
  "sp_composite_edge": 0.004373,
  "home_lineup_xwoba_avg": 0.004348,
  "team_hr_park_diff": 0.004307,
  "away_lineup_xwoba_avg": 0.00426,
  "home_sp_k_bb_ratio_5": 0.004169,
  "bp_relievers_edge_1d": 0.004126,
  "away_sp_last_bb": 0.00407,
  "home_rest_days": 0.004058,
  "home_sp_sc_xwoba": 0.004052,
  "away_top4_x_opp_bp": 0.004018,
  "fb_velo_trend_diff": 0.003824,
  "home_sp_fip_away_10": 0.003797,
  "away_sp_sl_whiff_pct": 0.003768,
  "home_sp_k_pct_trend": 0.003757,
  "home_h2h_obp": 0.003748,
  "away_sp_venue_fip": 0.0037,
  "home_elo_x_sp_quality": 0.003677,
  "bullpen_fatigue_7d_edge": 0.003666,
  "away_h2h_slg_wtd": 0.00366,
  "away_team_hr_x_park": 0.003618,
  "elo_diff": 0.003578,
  "home_park_adj_runs_10": 0.003566,
  "sp_k_pct_trend_diff": 0.003556,
  "ump_k9_x_away_sp_k": 0.003507,
  "home_top4_x_opp_bp": 0.003505,
  "combined_runs_avg_10": 0.003477,
  "pythag_diff": 0.003473,
  "home_h2h_n": 0.003414,
  "away_sp_sc_whiff_pct": 0.003404,
  "home_top4_slg_avg_10": 0.003372,
  "top4_bp_matchup_diff": 0.003336,
  "home_sp_k9_away_10": 0.003307,
  "away_team_k_bb_ratio_5": 0.003305,
  "ump_sp_k_environment": 0.003287,
  "ump_k9_10": 0.003228,
  "combined_sp_sc_barrel_rate": 0.003215,
  "combined_slg_avg_10": 0.003206,
  "park_adj_implied_total": 0.003174,
  "bp_relievers_edge_3d": 0.003135,
  "sp_last_quality_diff": 0.003133,
  "combined_sp_sc_k_pct": 0.003131,
  "abs_total_line_move": 0.003118,
  "away_team_sp_k9_10": 0.003116,
  "away_sp_fip_20": 0.00311,
  "away_sb_trend": 0.003094,
  "away_sp_venue_advantage": 0.003083,
  "away_sp_last_k": 0.003046,
  "lineup_vs_sp_edge": 0.003043,
  "away_sp_fip_away_10": 0.003029,
  "home_form_vs_season": 0.003019,
  "away_h2h_obp": 0.003015,
  "era_trend_diff": 0.003013,
  "away_bp_whip_10": 0.00301,
  "home_bp_era_10": 0.003007,
  "away_sp_sc_xwoba": 0.003007,
  "home_sp_pitches_est": 0.002985,
  "away_sp_sc_exit_velo": 0.00298,
  "sp_era_5_diff": 0.002959,
  "whip_edge_10": 0.002947,
  "away_sp_last_fip": 0.002946,
  "sp_era_trend_diff": 0.002925,
  "away_lineup_xslg_avg": 0.002917,
  "away_sp_k_pct_10": 0.002917,
  "home_bp_usage_per_rest": 0.002892,
  "home_fb_velo_trend_5": 0.002877,
  "home_catcher_framing_rate": 0.002872,
  "home_catcher_framing_rv": 0.002862,
  "combined_sp_sc_whiff_pct": 0.002852,
  "away_sp_era_20": 0.002843,
  "combined_runs_avg_5": 0.002838,
  "away_fb_velo_trend_5": 0.002826,
  "diff_lineup_barrel": 0.002822,
  "lineup_slg_edge": 0.002807,
  "home_bp_whip_5": 0.002788,
  "wind_speed_mph": 0.002777,
  "home_sp_whip_10": 0.002777,
  "h2h_slg_edge": 0.002776,
  "wind_sin": 0.002773,
  "away_sp_hr9_5": 0.002762,
  "home_sp_sc_hard_hit_pct": 0.002759,
  "away_sp_days_rest": 0.002739,
  "away_sp_ip_avg_5": 0.002735,
  "home_sp_era_5v20": 0.002728,
  "away_sp_sc_barrel_rate": 0.002725,
  "home_sp_venue_k9": 0.002718,
  "temperature_f": 0.00271,
  "combined_bp_k9": 0.002683,
  "home_fb_velo_avg_5": 0.00268,
  "wind_cos": 0.002675,
  "home_implied_runs": 0.002671,
  "pen_depletion_edge": 0.002657,
  "sp_k_pct_5_diff": 0.002638,
  "bp_k9_edge": 0.002636,
  "sp_k_bb_ratio_diff": 0.002633,
  "home_sp_era_opp_adj_5": 0.002625,
  "combined_obp_avg_10": 0.002623,
  "catcher_framing_rv_diff": 0.002621,
  "home_sp_sc_oz_swing_pct": 0.002607,
  "home_sp_sc_exit_velo": 0.002603,
  "away_bp_ip_last_1d": 0.002599,
  "home_pythag_vs_record": 0.002583,
  "sp_era_fip_gap_diff": 0.002581,
  "home_sp_sc_k_bb_ratio": 0.00257,
  "batting_iso_avg_10_diff": 0.002569,
  "diff_sp_sc_bb_pct": 0.002569,
  "away_sp_career_era_10": 0.00256,
  "away_sp_ch_whiff_pct": 0.002544,
  "bp_avg_era_last_3d_diff": 0.002534,
  "home_lineup_iso_avg_10": 0.002505,
  "run_diff_per_game_edge": 0.002504,
  "home_sp_fip_trend_5v10": 0.002485,
  "away_pen_exposure_x_era": 0.002479,
  "run_diff_avg_last_5_edge": 0.002465,
  "home_sp_fip_20": 0.002458,
  "away_h2h_slg": 0.002458,
  "away_pythag_x_opp_sp_fip": 0.002454,
  "season_2024-regular": 0.002452,
  "win_pct_edge": 0.002441,
  "home_runs_allowed_avg_10": 0.002439,
  "home_sp_k9_home_10": 0.002438,
  "away_runs_trend_5v20": 0.002437,
  "away_sp_fip_trend_5v10": 0.002433,
  "away_elo_x_sp_quality": 0.002432,
  "away_era_trend_5v10": 0.002428,
  "away_era_5": 0.002424,
  "ops_diff_10": 0.002423,
  "home_run_diff": 0.002404,
  "away_bp_hot_1d": 0.002402,
  "away_sp_k9_5": 0.002402,
  "home_runs_allowed_avg_5": 0.002387,
  "total_k_suppression": 0.002384,
  "wind_scoring_boost": 0.002376,
  "home_sp_venue_starts": 0.002374,
  "ump_rpg_x_park": 0.002374,
  "pythag_sp_quality_diff": 0.002373,
  "open_total_line": 0.002373,
  "home_h2h_slg_wtd": 0.002371,
  "away_sp_era_10": 0.00237,
  "home_sp_ip_per_rest": 0.002364,
  "home_sp_era_trend_5v10": 0.002362,
  "away_games_played": 0.002357,
  "park_adj_runs_diff": 0.00235,
  "diff_sp_sc_hard_hit_pct": 0.002342,
  "away_top4_slg_avg_10": 0.002339,
  "home_k9_10": 0.002334,
  "away_sp_era_away_10": 0.002331,
  "runs_trend_diff": 0.002331,
  "home_sb_trend": 0.002331,
  "combined_sb_avg_10": 0.002323,
  "home_team_sp_k9_5": 0.002322,
  "home_win_pct": 0.002322,
  "sp_days_rest_diff": 0.00232,
  "home_lineup_slg_avg_10": 0.002319,
  "away_sb_avg_5": 0.002316,
  "away_sp_pitches_est": 0.002297,
  "home_iso_avg_10": 0.00228,
  "era_edge_10": 0.002277,
  "away_bullpen_ip_last_7": 0.002257,
  "h2h_games_ytd": 0.002251,
  "combined_sp_sc_oz_swing_pct": 0.002249,
  "away_sp_sc_bb_pct": 0.002246,
  "away_sp_home_away_era_split": 0.002244,
  "home_sp_era_away_10": 0.002237,
  "diff_sp_sc_k_bb_ratio": 0.002236,
  "away_bp_era_7d": 0.002229,
  "home_bp_avg_era_last_3d": 0.002212,
  "away_run_diff": 0.002206,
  "away_sp_era_x_opp_avg": 0.002194,
  "away_sp_ip_per_rest": 0.002191,
  "away_bullpen_ip_last_3": 0.002189,
  "home_bp_relievers_last_2d": 0.002187,
  "combined_sp_k_pct": 0.002166,
  "combined_sp_era_5": 0.002142,
  "away_elo": 0.002142,
  "home_sp_k_pct_10": 0.002141,
  "away_sp_era_park_adj_5": 0.00213,
  "away_fb_velo_avg_5": 0.002124,
  "bullpen_fatigue_edge": 0.00212,
  "away_implied_runs": 0.002116,
  "home_elo": 0.002112,
  "away_bp_era_10": 0.0021,
  "away_pythag_vs_record": 0.002098,
  "home_hr9_10": 0.00209,
  "away_sp_career_era_5": 0.002088,
  "away_sp_career_whip_5": 0.002088,
  "home_sp_era_fip_gap": 0.002084,
  "away_hr9_10": 0.00208,
  "away_wins_last_10": 0.002069,
  "home_bullpen_ip_last_7": 0.002066,
  "lineup_avg_edge": 0.002065,
  "sp_era_edge_5": 0.002063,
  "home_sp_fip_10": 0.002062,
  "home_sp_k9_5": 0.002059,
  "home_sp_fip_5v20": 0.002055,
  "away_h2h_ba": 0.002053,
  "combined_catcher_framing_rv": 0.002044,
  "home_sp_era_park_adj_5": 0.002043,
  "home_bp_relievers_last_1d": 0.002041,
  "away_sp_sc_hard_hit_pct": 0.002024,
  "sp_workload_edge": 0.002023,
  "away_win_pct_last_5": 0.002014,
  "away_ops_10": 0.002013,
  "away_bb_pct_avg_10": 0.002007,
  "home_hr9_5": 0.001999,
  "combined_runs_trend_5v10": 0.001996,
  "home_runs_trend_5v20": 0.001991,
  "home_sp_ch_whiff_pct": 0.001989,
  "away_sp_era_trend_5v10": 0.001986,
  "home_wins_last_5": 0.001986,
  "batting_avg_avg_5_diff": 0.001984,
  "away_k9_5": 0.001984,
  "home_lineup_hard_hit_avg": 0.001979,
  "away_sp_k_pct_trend": 0.001978,
  "diff_sp_sc_barrel_rate": 0.001977,
  "combined_ch_whiff_pct": 0.001976,
  "away_sp_whip_5": 0.001975,
  "home_pythag_x_opp_sp_fip": 0.001969,
  "home_pythag": 0.001967,