{"run_line_away_price": -113.0, "total_line": 8.5, "under_price": -110.0, "open_run_line_home": -1.5, "open_total_line": 8.5, "park_run_factor": 1.006, "home_hr_avg_5": 1.0, "home_avg_avg_5": 0.23690709434243917, "home_obp_avg_5": 0.3017869985436933, "home_slg_avg_5": 0.38662211929032786, "home_iso_avg_5": 0.1480908501251366, "home_k_pct_avg_5": 0.25094856124267884, "home_bb_pct_avg_5": 0.0824518543462042, "home_runs_avg_10": 4.4, "home_hr_avg_10": 1.1, "home_avg_avg_10": 0.2376821291915226, "home_obp_avg_10": 0.30152422904620846, "home_slg_avg_10": 0.3869780477109387, "home_iso_avg_10": 0.1491032070814427, "home_k_pct_avg_10": 0.25102398838076245, "home_bb_pct_avg_10": 0.08311675268822345, "home_runs_avg_20": 4.4, "home_runs_sd_10": 2.913569784454954, "home_sb_avg_5": 0.6, "home_sb_avg_10": 0.6, "home_sb_pct_10": 0.018691588785046728, "away_runs_avg_5": 4.4, "away_hr_avg_5": 1.0, "away_avg_avg_5": 0.2383864080169087, "away_obp_avg_5": 0.3026475178999072, "away_slg_avg_5": 0.38728257721616355, "away_iso_avg_5": 0.1480477579230231, "away_k_pct_avg_5": 0.2500489112716687, "away_bb_pct_avg_5": 0.08210697768963646, "away_runs_avg_10": 4.4, "away_hr_avg_10": 1.1, "away_avg_avg_10": 0.23909000778389325, "away_obp_avg_10": 0.302676103773844, "away_slg_avg_10": 0.38935845109854406, "away_iso_avg_10": 0.15004553770935716, "away_k_pct_avg_10": 0.2508469759041247, "away_bb_pct_avg_10": 0.08312457859599484, "away_runs_avg_20": 4.4, "away_runs_sd_10": 2.913569784454954, "away_sb_avg_5": 0.6, "away_sb_avg_10": 0.6, "away_sb_pct_10": 0.018518518518518517, "home_runs_allowed_avg_5": 4.4, "home_era_5": 4.048198758245176, "home_whip_5": 1.2839221978127708, "home_k9_5": 8.4825, "home_bb9_5": 3.1601112347052283, "home_hr9_5": 1.0997641162885903, "home_sp_era_5": 4.627381003781706, "home_sp_whip_5": 1.3682020915894832, "home_team_sp_k9_5": 8.380683835135056, "home_bp_era_5": 3.662671103143589, "home_bp_whip_5": 1.2769518109877982, "home_bp_k9_5": 8.845278585606259, "home_runs_allowed_avg_10": 4.4, "home_era_10": 4.165058830598273, "home_whip_10": 1.2903741236680646, "home_k9_10": 8.480273278704942, "home_bb9_10": 3.187000554938957, "home_hr9_10": 1.143125, "home_sp_era_10": 4.771194039673102, "home_sp_whip_10": 1.3918717321792609, "home_team_sp_k9_10": 8.335839475704935, "home_bp_era_10": 3.9596600585870974, "home_bp_whip_10": 1.301661822107786, "home_bp_k9_10": 8.867132652324436, "home_bullpen_ip_last_3": 9.33, "away_runs_allowed_avg_5": 4.2, "away_era_5": 4.0292124911714255, "away_whip_5": 1.2807462330819948, "away_k9_5": 8.474334073251942, "away_bb9_5": 3.1496115427302995, "away_hr9_5": 1.075, "away_sp_era_5": 4.429444432733153, "away_sp_whip_5": 1.35359139875044, "away_team_sp_k9_5": 8.2662059376369, "away_bp_era_5": 3.802618264680947, "away_bp_whip_5": 1.288389146077762, "away_bp_k9_5": 8.912702702702703, "away_runs_allowed_avg_10": 4.3, "away_era_10": 4.07128768478016, "away_whip_10": 1.2834489034489032, "away_k9_10": 8.498945615982242, "away_bb9_10": 3.1660420986576447, "away_hr9_10": 1.1125, "away_sp_era_10": 4.635366141898613, "away_sp_whip_10": 1.3745238612813901, "away_team_sp_k9_10": 8.376927723664615, "away_bp_era_10": 3.9113579140001042, "away_bp_whip_10": 1.2967913139488645, "away_bp_k9_10": 8.886179308089421, "away_bullpen_ip_last_3": 9.0, "home_sp_career_era_5": 4.259730134932534, "home_sp_career_whip_5": 1.3333333333333333, "home_sp_k_pct_5": 0.21416425573116876, "home_sp_bb_pct_5": 0.07535885167464115, "home_sp_fip_5": 4.125221120343071, "home_sp_k9_5": 8.271428571428572, "home_sp_bb9_5": 3.0418528610354225, "home_sp_hr9_5": 1.1914087759815242, "home_sp_ip_avg_5": 5.335, "home_sp_career_era_10": 4.35, "home_sp_fip_10": 4.192471309043189, "home_sp_starts_in_window": 5.0, "home_sp_days_rest": 6.0, "home_sp_era_home_10": 3.7511230864627647, "home_sp_era_away_10": 4.38568129330254, "home_sp_k9_home_10": 8.519564656820465, "home_sp_k9_away_10": 8.028243511804774, "home_sp_fip_home_10": 3.8523809523809525, "home_sp_fip_away_10": 4.211411863913952, "home_sp_era_20": 4.327194860813704, "home_sp_fip_20": 4.165222609444085, "home_sp_last_k": 5.0, "home_sp_last_bb": 2.0, "home_sp_last_fip": 3.7714285714285714, "away_sp_career_era_5": 4.178715672646476, "away_sp_career_whip_5": 1.3174041475463276, "away_sp_k_pct_5": 0.2143948652624858, "away_sp_bb_pct_5": 0.0748704487115488, "away_sp_fip_5": 4.133608222018286, "away_sp_k9_5": 8.25, "away_sp_bb9_5": 3.010872336086469, "away_sp_hr9_5": 1.1897078531224872, "away_sp_ip_avg_5": 5.4, "away_sp_career_era_10": 4.295349892639561, "away_sp_fip_10": 4.1510315125565445, "away_sp_starts_in_window": 5.0, "away_sp_days_rest": 6.0, "away_sp_era_home_10": 3.808678090356233, "away_sp_era_away_10": 4.312974485624412, "away_sp_k9_home_10": 8.429693400959428, "away_sp_k9_away_10": 8.0, "away_sp_fip_home_10": 3.900676072898295, "away_sp_fip_away_10": 4.2, "away_sp_era_20": 4.279097912378854, "away_sp_fip_20": 4.15152034261242, "away_sp_last_k": 5.0, "away_sp_last_bb": 2.0, "away_sp_last_fip": 3.7, "home_wins": 34.0, "home_losses": 35.0, "home_win_pct": 0.5, "home_run_diff": 3.0, "home_run_diff_per_game": 0.06976744186046512, "home_rest_days": 1.0, "home_games_played": 71.0, "home_wins_last_5": 2.0, "home_wins_last_10": 5.0, "home_win_pct_last_10": 0.5, "home_run_diff_avg_last_5": 0.0, "away_wins": 35.0, "away_losses": 35.0, "away_win_pct": 0.5034013605442177, "away_run_diff": 4.0, "away_run_diff_per_game": 0.08695652173913043, "away_rest_days": 1.0, "away_games_played": 71.0, "away_win_pct_last_5": 0.6, "away_wins_last_10": 5.0, "away_win_pct_last_10": 0.5, "away_run_diff_avg_last_5": 0.0, "h2h_games_ytd": 2.0, "runs_scored_edge_10": 0.0, "obp_edge_10": -0.0019139048945900072, "slg_edge_10": -0.003143922973155716, "era_edge_10": -0.08171431701577836, "whip_edge_10": -0.007957045768779869, "sp_fip_edge_5": -0.019937612829362152, "sp_era_edge_5": -0.027993154434125384, "bullpen_fatigue_edge": -0.33, "win_pct_edge": 0.0, "run_diff_per_game_edge": -0.00877192982456143, "home_implied_runs": 4.35, "away_implied_runs": 4.4, "park_adj_implied_total": 8.84715, "ump_rpg_5": 8.8, "ump_k9_5": 8.512598502435996, "ump_bb9_5": 3.1263108243814854, "ump_rpg_10": 8.8, "ump_k9_10": 8.549428647150034, "ump_bb9_10": 3.1255329266350724, "temperature_f": 74.4, "wind_speed_mph": 7.2, "wind_sin": -0.2079116908177595, "wind_cos": -0.25881904510252063, "precip_prob_pct": 0.0, "home_lineup_avg_avg_10": 0.23777777777777778, "home_lineup_slg_avg_10": 0.39397390316507963, "home_lineup_iso_avg_10": 0.14833333333333332, "home_top4_slg_avg_10": 0.43446281274919774, "home_lineup_completeness": 1.1111111111111112, "away_lineup_avg_avg_10": 0.23714393939393935, "away_lineup_slg_avg_10": 0.3943945007125318, "away_lineup_iso_avg_10": 0.14833333333333332, "away_top4_slg_avg_10": 0.43901101641309714, "away_lineup_completeness": 1.1111111111111112, "lineup_avg_edge": 0.0, "lineup_slg_edge": -7.888910504128606e-05, "home_bullpen_ip_last_7": 21.99, "home_bp_era_7d": 3.7378864790032305, "away_bullpen_ip_last_7": 21.67, "away_bp_era_7d": 3.799249530956848, "bullpen_fatigue_7d_edge": -0.32, "series_game_number": 2.0, "home_sp_k_pct_10": 0.21541518346661773, "away_sp_k_pct_10": 0.21500662139792573, "home_sp_venue_starts": 5.0, "home_sp_venue_era": 3.9962433451822372, "home_sp_venue_k9": 8.705283774883343, "home_sp_venue_fip": 3.8982462599896026, "away_sp_venue_starts": 0.0, "away_sp_venue_era": 3.6, "away_sp_venue_k9": 7.714285714285714, "away_sp_venue_fip": 3.8666666666666667, "home_bp_relievers_last_1d": 3.0, "home_bp_relievers_last_2d": 5.0, "home_bp_relievers_last_3d": 7.0, "home_bp_ip_last_1d": 3.33, "home_bp_avg_era_last_3d": 3.3641889978188044, "away_bp_relievers_last_1d": 3.0, "away_bp_relievers_last_2d": 5.0, "away_bp_relievers_last_3d": 7.0, "away_bp_ip_last_1d": 3.0, "away_bp_avg_era_last_3d": 3.350723708208912, "home_sp_last_ip": 5.33, "away_sp_last_ip": 5.33, "home_sp_sc_barrel_rate": 8.5, "home_sp_sc_hard_hit_pct": 40.4, "home_sp_sc_xwoba": 0.319,