{
  "away_lineup_completeness": 0.026831,
  "home_lineup_completeness": 0.022652,
  "market_home_win_prob": 0.01173,
  "home_elo_x_sp_quality": 0.01063,
  "run_diff_per_game_edge": 0.008551,
  "away_is_b2b": 0.007995,
  "home_bp_era7_x_ip7": 0.007489,
  "home_run_diff": 0.006669,
  "away_sp_k_bb_ratio_5": 0.006553,
  "b2b_asymmetry": 0.006342,
  "away_win_pct_last_10": 0.006166,
  "home_sp_k_bb_ratio_5": 0.006121,
  "win_pct_last_5_diff": 0.006053,
  "sp_era_edge_5": 0.006009,
  "runs_trend_diff": 0.005926,
  "home_bp_whip_10": 0.00576,
  "home_top4_slg_avg_10": 0.0057,
  "home_losses": 0.005675,
  "home_runs_allowed_avg_10": 0.005584,
  "home_win_pct_last_5": 0.005501,
  "away_era_trend_5v10": 0.005344,
  "away_elo": 0.005204,
  "away_implied_runs": 0.005156,
  "away_sp_era_home_10": 0.005156,
  "away_pythag": 0.005148,
  "home_ops_5": 0.005121,
  "home_win_pct_last_10": 0.005116,
  "temperature_f": 0.005062,
  "away_bb9_5": 0.005013,
  "home_win_pct": 0.005007,
  "home_run_diff_avg_last_5": 0.004989,
  "away_lineup_slg_avg_10": 0.004961,
  "home_rest_days": 0.004948,
  "away_pen_depletion": 0.004921,
  "home_sp_fip_home_10": 0.004907,
  "away_era_10": 0.004842,
  "home_k9_10": 0.004834,
  "pythag_record_edge": 0.004824,
  "away_sp_fip_home_10": 0.004799,
  "away_bb9_10": 0.004798,
  "team_whip_5_diff": 0.004733,
  "sp_whip_5_diff": 0.004724,
  "home_implied_runs": 0.004711,
  "away_sp_k9_5": 0.004683,
  "home_sp_k9_home_10": 0.004655,
  "away_elo_x_sp_quality": 0.004641,
  "home_sp_era_home_10": 0.004639,
  "away_lineup_iso_avg_10": 0.004487,
  "pen_depletion_edge": 0.004443,
  "form_momentum_diff": 0.00441,
  "home_sp_fip_5": 0.004399,
  "away_hr9_10": 0.004394,
  "home_elo": 0.004383,
  "park_adj_implied_total": 0.004379,
  "away_k_pct_avg_10": 0.004378,
  "sp_era_5_diff": 0.004355,
  "away_sp_era_away_10": 0.004325,
  "away_sp_era_5": 0.004313,
  "home_runs_trend_5v20": 0.004303,
  "away_sp_fip_away_10": 0.004287,
  "batting_avg_avg_10_diff": 0.004257,
  "home_pen_depletion": 0.004201,
  "away_bp_usage_per_rest": 0.004195,
  "away_obp_avg_5": 0.004192,
  "away_runs_sd_10": 0.004144,
  "win_pct_edge": 0.004136,
  "away_sp_era_x_opp_avg": 0.00413,
  "away_run_diff_per_game": 0.004114,
  "away_bb_pct_avg_5": 0.004097,
  "home_wins": 0.004087,
  "home_sp_era_5": 0.004078,
  "away_wins": 0.004063,
  "away_sp_k_pct_5": 0.004062,
  "home_sp_era_10": 0.004038,
  "home_lineup_slg_avg_10": 0.004034,
  "home_k_pct_avg_10": 0.004029,
  "elo_diff": 0.004023,
  "away_team_k_bb_ratio_5": 0.004019,
  "ump_k9_10": 0.003966,
  "away_runs_trend_5v20": 0.003963,
  "home_bp_era_5": 0.003942,
  "home_iso_avg_5": 0.003941,
  "away_whip_5": 0.003916,
  "h2h_home_win_pct_ytd": 0.003906,
  "away_bp_whip_10": 0.003903,
  "home_hr9_5": 0.003901,
  "home_bp_era_7d": 0.003893,
  "away_ops_10": 0.003861,
  "home_sp_k9_5": 0.003859,
  "pen_exposure_era_diff": 0.003857,
  "away_run_diff_avg_last_5": 0.003852,
  "ump_bb9_10": 0.003817,
  "away_k9_5": 0.003804,
  "lineup_slg_edge": 0.003794,
  "whip_edge_10": 0.003791,
  "wind_speed_mph": 0.00379,
  "pythag_diff": 0.00379,
  "away_bullpen_ip_last_7": 0.003789,
  "away_losses": 0.003782,
  "bullpen_fatigue_7d_edge": 0.003775,
  "home_team_k_bb_ratio_5": 0.003766,
  "obp_edge_10": 0.003765,
  "home_bb9_10": 0.003742,
  "away_run_diff": 0.003734,
  "era_edge_10": 0.00373,
  "away_sp_k9_home_10": 0.003708,
  "home_era_trend_5v10": 0.003698,
  "home_sp_ip_avg_5": 0.003696,
  "home_bp_whip_5": 0.003681,
  "era_trend_diff": 0.003645,
  "home_sp_days_rest": 0.003628,
  "away_sp_bb_pct_5": 0.003627,
  "home_lineup_iso_avg_10": 0.003621,
  "away_win_pct": 0.003619,
  "runs_scored_edge_10": 0.0036,
  "ops_diff_5": 0.003599,
  "away_team_sp_k9_5": 0.003594,
  "bp_era_diff_5": 0.003591,
  "away_obp_avg_10": 0.003584,
  "away_hr9_5": 0.003576,
  "sp_home_away_split_edge": 0.003537,
  "team_k_bb_ratio_diff": 0.00353,
  "away_sp_era_10": 0.00351,
  "away_bp_era_5": 0.003444,
  "away_sp_bb9_5": 0.003437,
  "home_bullpen_ip_last_3": 0.003433,
  "home_sp_k_pct_5": 0.003422,
  "home_whip_5": 0.003411,
  "home_bp_era_10": 0.003407,
  "home_hr9_10": 0.003387,
  "away_pen_exposure_x_era": 0.003385,
  "slg_edge_10": 0.00338,
  "bp_era_diff_10": 0.003376,
  "batting_avg_avg_5_diff": 0.00337,
  "lineup_avg_edge": 0.003364,
  "wind_cos": 0.003362,
  "away_bb_pct_avg_10": 0.003362,
  "batting_runs_avg_5_diff": 0.003362,
  "h2h_games_ytd": 0.003346,
  "bullpen_fatigue_edge": 0.003342,
  "home_team_sp_k9_10": 0.003342,
  "away_sp_fip_5": 0.003331,
  "away_bp_era_10": 0.003316,
  "home_sp_fip_away_10": 0.003315,
  "home_bp_usage_per_rest": 0.003278,
  "home_sp_era_x_opp_avg": 0.003259,
  "away_pythag_vs_record": 0.003247,
  "sp_composite_edge": 0.003232,
  "home_sp_bb9_5": 0.003232,
  "away_top4_slg_avg_10": 0.003213,
  "away_slg_avg_5": 0.003189,
  "away_sp_whip_10": 0.003176,
  "run_diff_avg_last_5_edge": 0.003143,
  "home_games_played": 0.003141,
  "home_bb_pct_avg_10": 0.003135,
  "team_era_5_diff": 0.003129,
  "away_park_adj_runs_10": 0.003128,
  "away_sp_whip_5": 0.003112,
  "away_sp_hr9_5": 0.003109,
  "run_line_away_price": 0.003098,
  "sp_k_bb_ratio_diff": 0.003095,
  "home_pythag_x_opp_sp_fip": 0.003092,
  "away_whip_10": 0.003067,
  "away_era_5": 0.003057,
  "home_sp_k9_away_10": 0.003051,
  "batting_hr_avg_5_diff": 0.003045,
  "ump_rpg_10": 0.003038,
  "open_total_line": 0.003031,
  "home_iso_avg_10": 0.003014,
  "sp_k_pct_5_diff": 0.003003,
  "run_line_move": 0.002998,
  "away_slg_avg_10": 0.002968,
  "away_k9_10": 0.002967,
  "home_ops_10": 0.002932,
  "away_form_vs_season": 0.002929,
  "away_team_sp_k9_10": 0.002917,
  "home_runs_avg_10": 0.002895,
  "home_sp_starts_in_window": 0.002894,
  "home_pythag_vs_record": 0.002886,
  "ump_k9_5": 0.002881,
  "home_era_10": 0.002858,
  "ump_bb9_5": 0.002856,
  "home_bb9_5": 0.002851,
  "away_bp_whip_5": 0.002847,
  "pythag_sp_quality_diff": 0.002837,
  "home_sp_career_era_10": 0.002837,
  "start_dow_utc": 0.002834,
  "home_sp_home_away_era_split": 0.002821,
  "home_runs_sd_10": 0.002821,
  "batting_iso_avg_10_diff": 0.002808,
  "away_runs_avg_5": 0.002801,
  "season_days_elapsed": 0.002794,
  "home_sp_whip_10": 0.002787,
  "home_bullpen_exposure": 0.002767,
  "home_pythag": 0.002752,
  "away_bp_era_7d": 0.002745,
  "home_pen_exposure_x_era": 0.002742,
  "away_sp_ip_avg_5": 0.002718,
  "away_avg_avg_10": 0.002717,
  "wind_sin": 0.002706,
  "away_sp_k9_away_10": 0.002704,
  "sp_fip_edge_5": 0.002666,
  "home_lineup_avg_avg_10": 0.002565,
  "batting_hr_avg_10_diff": 0.002544,
  "away_lineup_avg_avg_10": 0.00254,
  "away_sp_fip_10": 0.002537,
  "home_bullpen_ip_last_7": 0.002534,
  "home_era_5": 0.002528,
  "home_k_pct_avg_5": 0.002524,
  "away_avg_avg_5": 0.002518,
  "sp_days_rest_diff": 0.002473,
  "home_sp_fip_10": 0.002443,
  "home_sp_hr9_5": 0.002433,
  "home_hr_avg_10": 0.002429,
  "away_k_pct_avg_5": 0.002427,
  "home_obp_avg_5": 0.002411,
  "home_run_diff_per_game": 0.00241,
  "away_iso_avg_5": 0.002391,
  "away_sp_career_era_5": 0.002385,
  "home_obp_avg_10": 0.002383,
  "away_runs_allowed_avg_10": 0.002376,
  "season_2024-regular": 0.002356,
  "home_runs_allowed_avg_5": 0.002349,
  "home_whip_10": 0.002339,
  "under_price": 0.002334,
  "home_avg_avg_10": 0.002332,
  "park_run_factor": 0.002296,
  "away_pythag_x_opp_sp_fip": 0.002293,
  "home_slg_avg_5": 0.002268,
  "home_form_vs_season": 0.00225,
  "open_run_line_home": 0.002241,
  "away_hr_avg_10": 0.002207,
  "home_runs_avg_20": 0.002202,
  "home_sp_era_away_10": 0.002188,
  "home_sp_career_era_5": 0.002163,
  "home_park_adj_runs_10": 0.002161,
  "home_bb_pct_avg_5": 0.00216,
  "away_runs_avg_20": 0.00214,
  "away_sp_career_whip_5": 0.002109,
  "away_iso_avg_10": 0.002107,
  "ops_diff_10": 0.002106,