{
  "home_lineup_completeness": 0.016897,
  "away_lineup_completeness": 0.014799,
  "diff_sp_sc_xwoba": 0.012064,
  "home_sp_days_rest": 0.011282,
  "away_win_pct_last_5": 0.009248,
  "combined_sp_sc_xwoba": 0.0089,
  "diff_lineup_xwoba": 0.007258,
  "run_line_move_direction": 0.007235,
  "series_game_number": 0.006205,
  "home_sp_sc_xwoba": 0.005427,
  "away_sp_venue_k9": 0.004944,
  "elo_diff": 0.00482,
  "home_h2h_ba": 0.004784,
  "away_bp_relievers_last_1d": 0.004576,
  "sp_era_opp_adj_diff": 0.004479,
  "home_sp_sc_barrel_rate": 0.004458,
  "home_h2h_slg": 0.004224,
  "h2h_slg_edge_wtd": 0.004164,
  "home_h2h_n": 0.004131,
  "home_sp_venue_starts": 0.004128,
  "sp_era_park_adj_diff": 0.004115,
  "away_top4_x_opp_bp": 0.003987,
  "win_pct_edge": 0.003906,
  "pen_depletion_edge": 0.003876,
  "away_bp_whip_10": 0.003854,
  "away_sp_fip_20": 0.003802,
  "away_sp_venue_fip": 0.003776,
  "diff_sp_sc_k_pct": 0.003734,
  "fb_velo_trend_diff": 0.003727,
  "combined_runs_avg_5": 0.003633,
  "team_hr_park_diff": 0.003588,
  "home_runs_trend_5v20": 0.003564,
  "home_run_diff": 0.003514,
  "home_team_hr_x_park": 0.003452,
  "home_sp_pitches_est": 0.003437,
  "diff_sp_sc_k_bb_ratio": 0.003389,
  "away_win_pct": 0.003382,
  "away_bb9_10": 0.003379,
  "home_top4_slg_avg_10": 0.00337,
  "away_h2h_slg_wtd": 0.003364,
  "home_sp_era_5v20": 0.003351,
  "home_pen_exposure_x_era": 0.003347,
  "away_elo": 0.003339,
  "away_run_diff_per_game": 0.003292,
  "sp_last_quality_diff": 0.003281,
  "away_implied_runs": 0.003273,
  "slg_edge_10": 0.003251,
  "away_wins": 0.003232,
  "away_team_hr_x_park": 0.003228,
  "home_sp_last_bb": 0.003183,
  "diff_sp_sc_barrel_rate": 0.003177,
  "home_sp_k_pct_trend": 0.00317,
  "run_diff_avg_last_5_edge": 0.003153,
  "home_h2h_slg_wtd": 0.00315,
  "home_sp_ch_whiff_pct": 0.00314,
  "away_games_played": 0.003137,
  "away_lineup_iso_avg_10": 0.003132,
  "away_top4_slg_avg_10": 0.003128,
  "home_bp_avg_era_last_3d": 0.003127,
  "home_elo_x_sp_quality": 0.003116,
  "combined_sp_k_pct": 0.003087,
  "home_bp_relievers_last_2d": 0.003078,
  "season_2024-regular": 0.003072,
  "combined_sp_sc_bb_pct": 0.003057,
  "away_sp_era_away_10": 0.00305,
  "home_lineup_xwoba_avg": 0.003046,
  "combined_sp_sc_k_pct": 0.003038,
  "bp_avg_era_last_3d_diff": 0.003034,
  "home_wins": 0.003023,
  "home_bp_ip_last_1d": 0.003003,
  "lineup_avg_edge": 0.002992,
  "home_sp_era_5": 0.002983,
  "home_k9_10": 0.002979,
  "away_bb_pct_avg_5": 0.002973,
  "away_sp_sc_xwoba": 0.002973,
  "home_run_diff_avg_last_5": 0.00297,
  "away_lineup_xslg_avg": 0.002959,
  "combined_ops_10": 0.002941,
  "away_sp_ip_avg_5": 0.002911,
  "home_team_sp_k9_5": 0.002902,
  "home_runs_allowed_avg_5": 0.002846,
  "home_losses": 0.002836,
  "home_sp_fip_trend_5v10": 0.002834,
  "temperature_f": 0.002828,
  "diff_sp_sc_hard_hit_pct": 0.002825,
  "home_pythag_x_opp_sp_fip": 0.002796,
  "away_sb_trend": 0.002788,
  "away_sp_bb9_5": 0.002781,
  "run_diff_per_game_edge": 0.002758,
  "away_era_5": 0.002749,
  "away_sp_era_opp_adj_5": 0.002746,
  "away_sp_sc_exit_velo": 0.002745,
  "away_whip_5": 0.00273,
  "away_sp_fip_10": 0.002726,
  "away_bp_relievers_last_2d": 0.002724,
  "diff_sp_sc_bb_pct": 0.002724,
  "ump_bb9_x_home_team_bb": 0.002706,
  "away_lineup_avg_avg_10": 0.002671,
  "home_sp_fb_put_away": 0.002671,
  "home_catcher_framing_rv": 0.002659,
  "home_sp_fip_10": 0.002656,
  "away_h2h_slg": 0.002645,
  "away_era_trend_5v10": 0.002643,
  "away_sp_era_20": 0.002639,
  "obp_edge_10": 0.002625,
  "home_sp_k9_5": 0.002619,
  "away_sp_k_bb_ratio_5": 0.002619,
  "sp_era_edge_5": 0.002612,
  "sp_workload_edge": 0.002609,
  "combined_fb_put_away": 0.002594,
  "away_bp_era7_x_ip7": 0.002593,
  "home_pen_qual_depletion": 0.002589,
  "home_sp_home_away_era_split": 0.002583,
  "home_sp_venue_k9": 0.002579,
  "home_sp_sc_exit_velo": 0.002578,
  "home_catcher_framing_rate": 0.002576,
  "lineup_slg_edge": 0.002563,
  "away_pythag": 0.002551,
  "away_sp_era_park_adj_5": 0.002549,
  "home_ops_10": 0.002546,
  "home_hr9_10": 0.002541,
  "home_implied_runs": 0.00253,
  "home_sp_k_pct_10": 0.002527,
  "home_bp_hot_1d": 0.002527,
  "away_sp_era_10": 0.002525,
  "away_sp_sc_barrel_rate": 0.002518,
  "batting_iso_avg_10_diff": 0.00251,
  "home_pen_depletion": 0.002509,
  "diff_lineup_barrel": 0.002493,
  "home_bp_k9_5": 0.002492,
  "away_run_diff": 0.002485,
  "home_sp_era_opp_adj_5": 0.002469,
  "home_sp_fip_20": 0.002469,
  "away_park_adj_runs_10": 0.002453,
  "home_sp_sc_k_bb_ratio": 0.00244,
  "home_sp_career_era_10": 0.002435,
  "away_sp_fip_trend_5v10": 0.002433,
  "abs_fb_velo_trend_home": 0.002411,
  "away_sp_career_era_10": 0.002404,
  "bp_relievers_edge_3d": 0.002403,
  "ump_rpg_x_park": 0.002401,
  "precip_prob_pct": 0.002371,
  "home_hr9_5": 0.002368,
  "away_lineup_slg_avg_10": 0.002359,
  "home_fb_velo_trend_5": 0.002358,
  "away_pythag_x_opp_sp_fip": 0.002358,
  "team_k_bb_ratio_diff": 0.00234,
  "home_top4_x_opp_bp": 0.002335,
  "away_bb9_5": 0.002335,
  "away_pythag_vs_record": 0.002333,
  "away_sp_era_5v20": 0.002327,
  "away_iso_avg_5": 0.002323,
  "away_fb_velo_trend_5": 0.002323,
  "away_k9_5": 0.002321,
  "home_era_trend_5v10": 0.002317,
  "home_sb_pct_10": 0.002301,
  "away_hr9_5": 0.002293,
  "combined_sp_sc_exit_velo": 0.002272,
  "home_bp_era7_x_ip7": 0.00227,
  "away_losses": 0.002269,
  "home_whip_10": 0.002254,
  "away_pen_depletion": 0.002247,
  "away_pen_qual_depletion": 0.002231,
  "home_h2h_obp": 0.002215,
  "win_pct_last_10_diff": 0.002211,
  "away_catcher_framing_rv": 0.002208,
  "pen_qual_depletion_edge": 0.002192,
  "away_team_sp_k9_10": 0.002191,
  "away_h2h_obp": 0.002187,
  "away_bp_avg_era_last_3d": 0.002185,
  "home_sp_era_20": 0.002178,
  "home_bp_k9_10": 0.002171,
  "away_sp_last_fip": 0.00216,
  "ump_bb9_x_away_team_bb": 0.002159,
  "away_form_vs_season": 0.002153,
  "home_bp_whip_10": 0.00214,
  "home_pythag_vs_record": 0.002137,
  "away_ops_5": 0.002134,
  "combined_obp_avg_10": 0.00213,
  "away_obp_avg_10": 0.002126,
  "home_sp_last_k_rate": 0.002117,
  "home_sp_era_park_adj_5": 0.002105,
  "is_day_game": 0.002098,
  "home_sp_fip_away_10": 0.002086,
  "away_bullpen_exposure": 0.002082,
  "combined_slg_avg_10": 0.002078,
  "away_lineup_barrel_avg": 0.00207,
  "home_sp_sc_hard_hit_pct": 0.002061,
  "sp_k_pct_5_diff": 0.002057,
  "home_bp_usage_per_rest": 0.002053,
  "home_bp_relievers_last_1d": 0.002051,
  "away_ops_10": 0.002049,
  "bp_era_diff_5": 0.002048,
  "pen_exposure_era_diff": 0.002047,
  "away_bp_hot_1d": 0.002042,
  "sp_fip_edge_5": 0.002041,
  "home_lineup_barrel_avg": 0.002004,
  "away_sp_fip_away_10": 0.001998,
  "away_lineup_xwoba_avg": 0.001997,
  "away_sp_bb_pct_5": 0.001995,
  "away_sb_avg_10": 0.001992,
  "bullpen_fatigue_7d_edge": 0.001987,
  "away_slg_avg_5": 0.001985,
  "bullpen_fatigue_edge": 0.001981,
  "park_adj_runs_diff": 0.001978,
  "home_bb9_5": 0.001973,
  "home_sp_ip_per_rest": 0.00197,
  "away_sp_sc_oz_swing_pct": 0.001965,
  "home_sp_k_bb_ratio_5": 0.001963,
  "total_k_suppression": 0.001962,
  "home_lineup_hard_hit_avg": 0.001959,
  "away_sp_k_pct_10": 0.001955,
  "era_trend_diff": 0.001951,
  "home_bp_era_10": 0.001951,
  "away_k9_10": 0.001937,
  "home_sp_era_trend_5v10": 0.001935,
  "away_team_k_bb_ratio_5": 0.001933,
  "sp_venue_familiarity_diff": 0.001926,
  "away_elo_x_sp_quality": 0.001923,
  "home_sp_bb_pct_5": 0.001919,
  "bp_era_diff_10": 0.001916,
  "home_sp_whip_10": 0.001915,
  "sp_whip_5_diff": 0.001908,
  "catcher_framing_rv_diff": 0.001905,
  "sb_rate_diff": 0.001905,
  "home_sp_venue_advantage": 0.001891,
  "diff_lineup_hard_hit": 0.00189,
  "away_bp_era_10": 0.001884,
  "away_sp_sc_whiff_pct": 0.001881,
  "home_sp_k9_home_10": 0.001878,
  "wind_speed_mph": 0.001876,