{
  "diff_sp_sc_xwoba": 0.01377,
  "combined_sp_sc_xwoba": 0.009691,
  "away_sp_venue_k9": 0.009435,
  "home_rest_days": 0.008371,
  "diff_lineup_xwoba": 0.00767,
  "away_sp_venue_starts": 0.007543,
  "is_day_game": 0.005807,
  "sp_form_edge": 0.005592,
  "away_pythag_vs_record": 0.005197,
  "away_bp_hot_1d": 0.005166,
  "away_sp_venue_advantage": 0.005088,
  "home_top4_x_opp_bp": 0.004962,
  "combined_ops_10": 0.004903,
  "away_sp_last_ip": 0.004562,
  "home_top4_slg_avg_10": 0.004471,
  "sp_days_rest_diff": 0.004335,
  "away_sp_era_park_adj_5": 0.004328,
  "away_sp_fip_20": 0.004294,
  "away_sp_sc_xwoba": 0.004287,
  "bp_relievers_edge_3d": 0.0042,
  "sp_k_bb_ratio_diff": 0.004158,
  "total_k_env_park_adj": 0.004098,
  "sp_era_5_diff": 0.004094,
  "away_lineup_vs_opp_sp": 0.004081,
  "away_sp_venue_fip": 0.004009,
  "precip_prob_pct": 0.003984,
  "away_bb9_10": 0.003868,
  "home_bullpen_exposure": 0.003787,
  "combined_sp_sc_oz_swing_pct": 0.003779,
  "away_lineup_xwoba_avg": 0.003774,
  "away_top4_x_opp_bp": 0.003644,
  "away_wins_last_10": 0.003628,
  "pen_qual_depletion_edge": 0.00358,
  "away_sp_pitches_est": 0.003561,
  "home_losses": 0.00356,
  "sp_era_opp_adj_diff": 0.003553,
  "home_h2h_ba": 0.003539,
  "away_iso_avg_5": 0.003525,
  "home_win_pct_last_10": 0.003505,
  "away_top4_slg_avg_10": 0.003461,
  "total_k_suppression": 0.003339,
  "away_era_trend_5v10": 0.003334,
  "runs_trend_diff": 0.003328,
  "home_sp_last_ip": 0.003313,
  "away_losses": 0.003307,
  "away_run_diff_avg_last_5": 0.003307,
  "sb_rate_diff": 0.003305,
  "home_sp_sc_xwoba": 0.003293,
  "away_sp_sc_bb_pct": 0.00328,
  "away_lineup_slg_avg_10": 0.003268,
  "diff_lineup_barrel": 0.003234,
  "home_sp_last_k": 0.003195,
  "home_team_k_bb_ratio_5": 0.003172,
  "sp_era_edge_5": 0.00316,
  "elo_diff": 0.003117,
  "form_momentum_diff": 0.00311,
  "home_h2h_obp": 0.003108,
  "team_hr_park_diff": 0.003094,
  "away_sp_home_away_era_split": 0.003066,
  "wind_sin": 0.003063,
  "away_lineup_barrel_avg": 0.003052,
  "combined_sp_sc_bb_pct": 0.003012,
  "home_pen_exposure_x_era": 0.003009,
  "ops_diff_10": 0.003008,
  "combined_sp_era_10": 0.003005,
  "away_implied_runs": 0.002992,
  "away_bp_avg_era_last_3d": 0.002988,
  "away_whip_10": 0.002957,
  "away_sp_era_opp_adj_5": 0.002945,
  "total_vig_direction": 0.002938,
  "home_fb_velo_trend_5": 0.002937,
  "era_edge_10": 0.00293,
  "home_sp_sc_k_bb_ratio": 0.002926,
  "home_sp_fip_away_10": 0.00292,
  "lineup_slg_edge": 0.002917,
  "away_runs_trend_5v20": 0.002909,
  "home_sp_last_k_rate": 0.002909,
  "away_sp_ip_per_rest": 0.002886,
  "away_sb_trend": 0.00288,
  "home_sp_venue_era": 0.002879,
  "combined_runs_avg_5": 0.002868,
  "fb_velo_trend_diff": 0.002859,
  "abs_run_line_move": 0.002847,
  "home_sp_era_10": 0.002841,
  "home_win_pct": 0.002841,
  "home_k9_10": 0.002838,
  "lineup_vs_sp_edge": 0.002818,
  "diff_sp_sc_barrel_rate": 0.002798,
  "wind_cos": 0.002793,
  "batting_avg_avg_10_diff": 0.002791,
  "away_wins": 0.00279,
  "home_h2h_slg_wtd": 0.002786,
  "away_lineup_xslg_avg": 0.002778,
  "temperature_f": 0.002761,
  "away_sp_k_pct_trend": 0.002755,
  "away_run_diff": 0.002742,
  "away_sp_career_era_10": 0.002736,
  "home_bp_avg_era_last_3d": 0.002726,
  "home_run_diff_per_game": 0.002723,
  "away_sp_fip_away_10": 0.002711,
  "h2h_slg_edge": 0.002708,
  "home_h2h_slg": 0.002708,
  "away_sp_bb_pct_5": 0.002695,
  "home_bp_ip_last_1d": 0.002676,
  "era_trend_diff": 0.002667,
  "h2h_slg_edge_wtd": 0.00266,
  "home_lineup_avg_avg_10": 0.002658,
  "away_team_k_bb_ratio_5": 0.002647,
  "top4_bp_matchup_diff": 0.002646,
  "away_h2h_obp": 0.002615,
  "away_fb_velo_trend_5": 0.002582,
  "away_win_pct": 0.002577,
  "away_runs_allowed_avg_10": 0.002564,
  "home_sp_era_trend_5v10": 0.002537,
  "away_hr_avg_10": 0.002535,
  "home_catcher_framing_rv": 0.002528,
  "away_hr9_10": 0.002523,
  "home_run_diff": 0.002517,
  "home_bp_era7_x_ip7": 0.002515,
  "ump_sp_k_environment": 0.002508,
  "team_whip_5_diff": 0.002506,
  "abs_fb_velo_trend_away": 0.002499,
  "run_diff_per_game_edge": 0.002499,
  "home_lineup_xwoba_avg": 0.002486,
  "away_fb_velo_avg_5": 0.002481,
  "park_adj_total_env": 0.002479,
  "bullpen_fatigue_7d_edge": 0.002476,
  "home_park_adj_runs_10": 0.002467,
  "home_sp_fip_20": 0.002463,
  "away_sp_last_fip": 0.002449,
  "home_implied_runs": 0.002446,
  "home_bp_era_7d": 0.002443,
  "home_runs_allowed_avg_5": 0.002428,
  "home_sp_bb9_5": 0.002425,
  "wind_scoring_boost": 0.002419,
  "home_sp_fip_5": 0.00241,
  "home_sp_k_pct_5": 0.002394,
  "batting_runs_avg_5_diff": 0.002393,
  "away_obp_avg_10": 0.00239,
  "home_sp_sc_oz_swing_pct": 0.002389,
  "home_sp_pitches_est": 0.00238,
  "ump_k9_10": 0.002379,
  "home_sp_sc_whiff_pct": 0.002376,
  "away_k9_10": 0.002375,
  "home_lineup_barrel_avg": 0.002369,
  "sp_home_away_split_edge": 0.002366,
  "home_sp_k_pct_10": 0.002365,
  "home_fb_velo_avg_5": 0.002349,
  "bp_era_diff_5": 0.002336,
  "ump_k9_x_home_sp_k": 0.002332,
  "away_sp_k9_home_10": 0.002326,
  "away_sp_sl_whiff_pct": 0.002321,
  "sp_workload_edge": 0.002316,
  "combined_sp_sc_whiff_pct": 0.00231,
  "home_team_sp_k9_10": 0.002308,
  "away_h2h_slg": 0.002304,
  "home_pythag": 0.002299,
  "start_hour_utc": 0.002295,
  "away_park_adj_runs_10": 0.002288,
  "away_avg_avg_10": 0.002283,
  "home_sp_sc_exit_velo": 0.002274,
  "obp_edge_10": 0.002272,
  "away_run_diff_per_game": 0.002272,
  "away_sp_era_5v20": 0.002254,
  "home_run_diff_avg_last_5": 0.002252,
  "away_k_pct_avg_5": 0.00225,
  "home_lineup_hard_hit_avg": 0.00225,
  "home_elo_x_sp_quality": 0.002249,
  "home_sp_sc_hard_hit_pct": 0.002238,
  "home_pythag_x_opp_sp_fip": 0.002236,
  "combined_sp_sc_exit_velo": 0.002219,
  "home_sp_venue_advantage": 0.002214,
  "home_sp_k_pct_trend": 0.00221,
  "away_sp_sc_barrel_rate": 0.002203,
  "win_pct_edge": 0.002202,
  "away_sp_fip_home_10": 0.002198,
  "home_whip_10": 0.002188,
  "total_k_env": 0.002185,
  "away_bullpen_ip_last_3": 0.002184,
  "away_catcher_framing_rate": 0.002177,
  "away_slg_avg_5": 0.002171,
  "abs_total_line_move": 0.002158,
  "away_bp_ip_last_1d": 0.002156,
  "ump_k9_x_away_sp_k": 0.002156,
  "away_sp_sc_hard_hit_pct": 0.002147,
  "home_sp_sl_whiff_pct": 0.002146,
  "away_sp_bb9_5": 0.002145,
  "home_lineup_slg_avg_10": 0.002125,
  "combined_sl_whiff_pct": 0.002123,
  "away_bb_pct_avg_10": 0.002123,
  "sp_whip_5_diff": 0.002119,
  "diff_sp_sc_bb_pct": 0.002115,
  "home_sp_starts_in_window": 0.002115,
  "home_sp_days_rest": 0.002115,
  "away_pen_qual_depletion": 0.002105,
  "home_sp_era_x_opp_avg": 0.002104,
  "win_pct_last_10_diff": 0.002104,
  "away_form_vs_season": 0.002098,
  "away_sp_ip_avg_5": 0.002095,
  "diff_sp_sc_k_pct": 0.002089,
  "pythag_record_edge": 0.002087,
  "home_bullpen_ip_last_3": 0.002087,
  "combined_sp_sc_k_pct": 0.002082,
  "ump_k9_5": 0.002082,
  "home_bp_relievers_last_1d": 0.002075,
  "home_sp_sc_k_pct": 0.002072,
  "away_sp_fb_put_away": 0.002052,
  "away_sp_sc_k_bb_ratio": 0.00205,
  "away_lineup_hard_hit_avg": 0.002048,
  "lineup_avg_edge": 0.002047,
  "combined_bp_k9": 0.002047,
  "combined_slg_avg_10": 0.002046,
  "home_hr9_5": 0.002042,
  "home_sp_home_away_era_split": 0.002039,
  "away_catcher_framing_rv": 0.00202,
  "home_bullpen_ip_last_7": 0.002011,
  "away_h2h_slg_wtd": 0.002011,
  "away_lineup_avg_avg_10": 0.002006,
  "away_sp_sc_k_pct": 0.002006,
  "park_adj_implied_total": 0.002004,
  "pythag_sp_quality_diff": 0.001999,
  "away_sp_era_trend_5v10": 0.001993,
  "away_sp_fip_trend_5v10": 0.001989,
  "away_pythag_x_opp_sp_fip": 0.001989,
  "home_hr9_10": 0.001987,
  "bp_avg_era_last_3d_diff": 0.001987,
  "home_sp_career_whip_5": 0.001978,
  "diff_sp_sc_oz_swing_pct": 0.001975,
  "diff_sp_sc_hard_hit_pct": 0.001975,
  "home_sb_trend": 0.001975,