{
  "diff_sp_sc_xwoba": 0.014637,
  "combined_sp_sc_xwoba": 0.00978,
  "away_sp_pitches_est": 0.006749,
  "diff_lineup_xwoba": 0.00627,
  "away_sp_venue_advantage": 0.005716,
  "home_bullpen_exposure": 0.005253,
  "away_h2h_slg_wtd": 0.004982,
  "home_rest_days": 0.004912,
  "elo_diff": 0.004822,
  "park_adj_runs_diff": 0.004693,
  "home_sp_sc_xwoba": 0.004654,
  "sp_form_edge": 0.004523,
  "away_sp_fip_20": 0.004433,
  "bp_relievers_edge_3d": 0.004409,
  "obp_edge_10": 0.004231,
  "sp_k_pct_trend_diff": 0.004109,
  "batting_runs_avg_5_diff": 0.004094,
  "home_sp_home_away_era_split": 0.004089,
  "away_runs_allowed_avg_5": 0.004071,
  "batting_hr_avg_5_diff": 0.004041,
  "total_k_env_park_adj": 0.004028,
  "runs_scored_edge_10": 0.00399,
  "lineup_vs_sp_edge": 0.00392,
  "win_pct_last_5_diff": 0.003909,
  "home_pythag_x_opp_sp_fip": 0.003842,
  "home_ops_10": 0.003838,
  "home_run_diff": 0.003783,
  "bullpen_fatigue_7d_edge": 0.003726,
  "series_game_number": 0.00371,
  "away_h2h_slg": 0.003695,
  "away_bp_relievers_last_1d": 0.003685,
  "away_elo_x_sp_quality": 0.003606,
  "sp_era_5_diff": 0.003592,
  "home_lineup_slg_avg_10": 0.003575,
  "home_fb_velo_trend_5": 0.003542,
  "batting_avg_avg_10_diff": 0.003531,
  "home_whip_10": 0.003523,
  "away_h2h_obp": 0.003504,
  "home_elo_x_sp_quality": 0.003481,
  "temperature_f": 0.003479,
  "away_sp_era_park_adj_5": 0.003423,
  "away_sp_era_10": 0.003405,
  "home_bp_relievers_last_1d": 0.0034,
  "home_pen_qual_depletion": 0.003355,
  "away_top4_slg_avg_10": 0.003311,
  "win_pct_edge": 0.003307,
  "away_sp_sc_bb_pct": 0.003299,
  "home_h2h_ba": 0.003288,
  "home_sp_k9_5": 0.003271,
  "home_wins_last_5": 0.003267,
  "away_sp_fip_trend_5v10": 0.00324,
  "away_sp_k_pct_trend": 0.00323,
  "combined_bp_k9": 0.003207,
  "home_sp_venue_starts": 0.003202,
  "total_k_suppression": 0.003189,
  "lineup_slg_edge": 0.003184,
  "pythag_diff": 0.003166,
  "home_sp_era_opp_adj_5": 0.003154,
  "combined_obp_avg_10": 0.003093,
  "away_team_hr_x_park": 0.003087,
  "combined_slg_avg_10": 0.003079,
  "sp_era_opp_adj_diff": 0.003076,
  "lineup_avg_edge": 0.003042,
  "away_fb_velo_avg_5": 0.003039,
  "home_lineup_xwoba_avg": 0.003033,
  "away_era_10": 0.003029,
  "away_bp_whip_10": 0.003005,
  "away_whip_5": 0.003001,
  "home_catcher_framing_rv": 0.002981,
  "away_sp_sc_barrel_rate": 0.002952,
  "home_sp_era_10": 0.002939,
  "home_bp_era_5": 0.002935,
  "home_elo": 0.002934,
  "home_sp_last_ip": 0.00289,
  "is_day_game": 0.002881,
  "park_adj_total_env": 0.002878,
  "sp_k_pct_5_diff": 0.002877,
  "away_sp_hr9_5": 0.002864,
  "pythag_record_edge": 0.00286,
  "away_bp_hot_1d": 0.002853,
  "away_sp_sc_xwoba": 0.002852,
  "home_fb_velo_avg_5": 0.002851,
  "home_win_pct": 0.002848,
  "sp_era_trend_diff": 0.002848,
  "whip_edge_10": 0.00284,
  "home_sp_fip_away_10": 0.002813,
  "combined_ch_whiff_pct": 0.002803,
  "pen_depletion_edge": 0.002799,
  "diff_sp_sc_bb_pct": 0.002796,
  "diff_lineup_barrel": 0.002782,
  "away_sp_sc_whiff_pct": 0.00278,
  "home_sp_k_pct_5": 0.002777,
  "away_form_vs_season": 0.002764,
  "home_catcher_framing_rate": 0.002763,
  "away_sp_last_ip": 0.002758,
  "away_lineup_avg_avg_10": 0.002757,
  "away_iso_avg_5": 0.002724,
  "sp_era_edge_5": 0.002721,
  "away_pythag_x_opp_sp_fip": 0.002715,
  "away_runs_allowed_avg_10": 0.002713,
  "home_park_adj_runs_10": 0.002702,
  "away_top4_x_opp_bp": 0.002697,
  "away_pen_depletion": 0.002663,
  "home_h2h_slg": 0.002657,
  "home_sp_ch_whiff_pct": 0.002655,
  "combined_runs_trend_5v10": 0.002648,
  "sp_pitches_est_diff": 0.002642,
  "home_h2h_slg_wtd": 0.002625,
  "home_sp_venue_advantage": 0.002624,
  "away_k9_10": 0.00262,
  "era_trend_diff": 0.002616,
  "away_lineup_xslg_avg": 0.002589,
  "away_sp_career_era_10": 0.002588,
  "fb_velo_trend_diff": 0.002585,
  "away_sp_era_fip_gap": 0.002578,
  "home_top4_x_opp_bp": 0.002573,
  "away_sp_ip_avg_5": 0.002564,
  "away_sp_days_rest": 0.002561,
  "home_sp_pitches_est": 0.00256,
  "home_sb_pct_10": 0.002552,
  "away_bb9_10": 0.002547,
  "ops_diff_10": 0.002542,
  "away_team_sp_k9_10": 0.002533,
  "combined_sp_sc_bb_pct": 0.002531,
  "form_momentum_diff": 0.002531,
  "home_sp_era_5": 0.00253,
  "home_pen_exposure_x_era": 0.002529,
  "away_sp_era_home_10": 0.002528,
  "home_pen_depletion": 0.002525,
  "ump_bb9_x_home_team_bb": 0.002523,
  "away_run_diff": 0.002523,
  "home_team_hr_x_park": 0.002514,
  "home_sp_era_park_adj_5": 0.002502,
  "home_sp_whip_10": 0.0025,
  "away_era_trend_5v10": 0.002496,
  "combined_sb_avg_10": 0.002487,
  "bullpen_fatigue_edge": 0.002482,
  "home_top4_slg_avg_10": 0.002472,
  "home_lineup_xslg_avg": 0.00247,
  "away_sp_last_fip": 0.002462,
  "away_catcher_framing_rate": 0.002455,
  "catcher_framing_rv_diff": 0.002451,
  "combined_sp_sc_barrel_rate": 0.002439,
  "wind_sin": 0.002436,
  "diff_sp_sc_hard_hit_pct": 0.002436,
  "precip_prob_pct": 0.002428,
  "wind_scoring_boost": 0.002424,
  "run_diff_per_game_edge": 0.002418,
  "combined_sp_sc_oz_swing_pct": 0.002392,
  "ump_k9_10": 0.002392,
  "runs_trend_diff": 0.002391,
  "home_bb9_5": 0.002391,
  "away_bp_era_7d": 0.00239,
  "away_sp_fip_5v20": 0.002377,
  "away_sp_era_away_10": 0.002363,
  "era_edge_10": 0.002362,
  "bp_k9_edge": 0.002356,
  "combined_sp_sc_hard_hit_pct": 0.002348,
  "home_bp_relievers_last_3d": 0.002344,
  "home_h2h_obp": 0.002344,
  "home_team_sp_k9_5": 0.002344,
  "away_sp_era_trend_5v10": 0.002342,
  "home_sp_era_fip_gap": 0.002337,
  "away_whip_10": 0.002327,
  "away_runs_avg_20": 0.002322,
  "home_whip_5": 0.002305,
  "home_wins_last_10": 0.002305,
  "home_sp_era_away_10": 0.002299,
  "home_sp_k9_away_10": 0.002284,
  "home_team_sp_k9_10": 0.002281,
  "sp_composite_edge": 0.002276,
  "home_sp_sc_oz_swing_pct": 0.002276,
  "sp_era_regression_diff": 0.002263,
  "h2h_slg_edge_wtd": 0.002254,
  "sp_last_quality_diff": 0.002249,
  "combined_runs_avg_5": 0.002236,
  "diff_sp_sc_k_pct": 0.002227,
  "away_lineup_barrel_avg": 0.002224,
  "sp_workload_edge": 0.002222,
  "ump_k9_x_home_sp_k": 0.002217,
  "away_sp_bb_pct_5": 0.002214,
  "home_sp_era_20": 0.002213,
  "away_runs_trend_5v20": 0.002211,
  "sp_k_bb_ratio_diff": 0.002207,
  "away_bb9_5": 0.002205,
  "home_games_played": 0.002201,
  "away_team_k_bb_ratio_5": 0.002195,
  "combined_sp_era_10": 0.002195,
  "home_bp_avg_era_last_3d": 0.002195,
  "diff_sp_sc_k_bb_ratio": 0.002186,
  "ump_rpg_10": 0.002186,
  "diff_sp_sc_barrel_rate": 0.002186,
  "team_whip_5_diff": 0.002185,
  "away_hr9_10": 0.002185,
  "away_sp_k9_5": 0.002169,
  "combined_sl_whiff_pct": 0.002168,
  "home_bp_relievers_last_2d": 0.00215,
  "start_hour_utc": 0.002137,
  "combined_sp_k_pct": 0.002124,
  "away_sp_whip_10": 0.002104,
  "sp_whip_5_diff": 0.002103,
  "h2h_slg_edge": 0.002103,
  "home_sb_trend": 0.002101,
  "away_sp_whip_5": 0.002099,
  "combined_sp_sc_k_pct": 0.002099,
  "away_fb_velo_trend_5": 0.002097,
  "home_sp_career_era_5": 0.002097,
  "home_lineup_barrel_avg": 0.002093,
  "home_sp_sc_hard_hit_pct": 0.00209,
  "home_bp_whip_10": 0.002085,
  "home_sp_fip_5v20": 0.002076,
  "diff_lineup_hard_hit": 0.002058,
  "away_sp_sc_k_pct": 0.002053,
  "away_sp_k_pct_5": 0.00205,
  "park_adj_implied_total": 0.00205,
  "combined_sp_sc_exit_velo": 0.002047,
  "home_runs_allowed_avg_5": 0.002046,
  "away_sp_home_away_era_split": 0.00204,
  "diff_sp_sc_oz_swing_pct": 0.002036,
  "bp_avg_era_last_3d_diff": 0.002028,
  "home_run_diff_avg_last_5": 0.002026,
  "home_sp_era_trend_5v10": 0.002023,
  "home_losses": 0.002008,
  "pen_qual_depletion_edge": 0.002005,
  "home_runs_trend_5v20": 0.002001,
  "home_sp_bb_pct_5": 0.002,
  "home_sp_last_fip": 0.002,
  "away_hr_avg_10": 0.001994,
  "home_sp_hr9_5": 0.001993,
  "home_sp_ip_per_rest": 0.001983,
  "ump_k9_5": 0.001982,