{
  "diff_sp_sc_xwoba": 0.017864,
  "precip_prob_pct": 0.011175,
  "diff_lineup_xwoba": 0.009304,
  "combined_sp_sc_xwoba": 0.008053,
  "away_sp_venue_advantage": 0.007469,
  "home_h2h_n": 0.007403,
  "sp_era_park_adj_diff": 0.005397,
  "away_sp_venue_k9": 0.005343,
  "combined_slg_avg_10": 0.005329,
  "abs_run_line_move": 0.005091,
  "away_sp_sc_whiff_pct": 0.004982,
  "combined_ops_10": 0.004451,
  "elo_diff": 0.004437,
  "home_sp_sc_xwoba": 0.004397,
  "away_ops_10": 0.004288,
  "sp_fip_trend_diff": 0.004282,
  "home_top4_slg_avg_10": 0.004279,
  "total_k_env_park_adj": 0.004258,
  "obp_edge_10": 0.004176,
  "away_lineup_xslg_avg": 0.003941,
  "ump_sp_k_environment": 0.003844,
  "home_win_pct_last_10": 0.003739,
  "home_bp_avg_era_last_3d": 0.003681,
  "away_run_diff_per_game": 0.003628,
  "away_pythag_x_opp_sp_fip": 0.003623,
  "away_sp_era_opp_adj_5": 0.003619,
  "away_sp_ip_per_rest": 0.003542,
  "away_h2h_ba": 0.003521,
  "fb_velo_trend_diff": 0.003464,
  "away_sp_sc_xwoba": 0.00346,
  "away_bp_usage_per_rest": 0.003453,
  "away_run_diff_avg_last_5": 0.003427,
  "h2h_slg_edge_wtd": 0.003363,
  "total_k_env": 0.003352,
  "away_elo": 0.00334,
  "away_sp_days_rest": 0.003334,
  "away_era_5": 0.003331,
  "away_lineup_xwoba_avg": 0.003326,
  "away_sp_era_5": 0.003324,
  "away_bp_avg_era_last_3d": 0.003322,
  "away_sb_trend": 0.003307,
  "combined_sp_era_10": 0.003292,
  "sp_era_regression_diff": 0.003291,
  "sp_era_edge_5": 0.003291,
  "away_sp_fip_10": 0.003291,
  "away_sp_era_10": 0.003262,
  "away_sp_ch_whiff_pct": 0.003261,
  "bp_k9_edge": 0.003258,
  "batting_iso_avg_10_diff": 0.003234,
  "diff_sp_sc_exit_velo": 0.003206,
  "away_sp_last_bb": 0.003191,
  "away_sp_sc_exit_velo": 0.003164,
  "home_run_diff": 0.003135,
  "combined_sp_sc_k_pct": 0.003122,
  "home_top4_x_opp_bp": 0.003122,
  "home_lineup_slg_avg_10": 0.003119,
  "away_iso_avg_5": 0.00311,
  "away_sp_fip_trend_5v10": 0.003103,
  "team_era_5_diff": 0.003091,
  "away_sp_fip_away_10": 0.003077,
  "sb_rate_diff": 0.003073,
  "combined_runs_avg_5": 0.003054,
  "away_run_diff": 0.003024,
  "home_sp_venue_starts": 0.003007,
  "home_sp_ch_whiff_pct": 0.003003,
  "away_sp_k_pct_trend": 0.00298,
  "home_sp_sc_hard_hit_pct": 0.002918,
  "home_hr9_10": 0.002917,
  "home_sp_career_era_5": 0.002905,
  "away_sp_k_pct_5": 0.002904,
  "whip_edge_10": 0.002902,
  "home_sp_k_bb_ratio_5": 0.002896,
  "away_ops_5": 0.002886,
  "park_adj_implied_total": 0.002883,
  "pythag_record_edge": 0.002878,
  "h2h_games_ytd": 0.002873,
  "pen_exposure_era_diff": 0.002863,
  "away_bb_pct_avg_5": 0.002854,
  "pythag_sp_quality_diff": 0.002832,
  "away_sp_fip_5": 0.002806,
  "away_sp_last_fip": 0.002805,
  "combined_sp_sc_barrel_rate": 0.002793,
  "away_top4_slg_avg_10": 0.002789,
  "away_sp_era_20": 0.002783,
  "away_sp_bb_pct_5": 0.00277,
  "ump_k9_x_away_sp_k": 0.002756,
  "away_bullpen_ip_last_7": 0.002756,
  "away_fb_velo_avg_5": 0.002748,
  "pen_qual_depletion_edge": 0.002743,
  "home_sp_venue_k9": 0.002742,
  "bp_avg_era_last_3d_diff": 0.002728,
  "total_k_suppression": 0.002723,
  "away_top4_x_opp_bp": 0.002722,
  "away_sp_whip_10": 0.00271,
  "h2h_slg_edge": 0.002702,
  "away_games_played": 0.002695,
  "home_sp_venue_advantage": 0.002691,
  "away_catcher_framing_rate": 0.002688,
  "away_sp_bb9_5": 0.002679,
  "home_h2h_ba": 0.002675,
  "form_momentum_diff": 0.002671,
  "sp_k_pct_trend_diff": 0.002665,
  "home_sp_era_20": 0.002661,
  "home_sp_fb_put_away": 0.00266,
  "bp_relievers_edge_3d": 0.002653,
  "series_game_number": 0.00265,
  "home_sp_sc_k_bb_ratio": 0.00264,
  "home_wins": 0.002632,
  "runs_scored_edge_10": 0.002614,
  "home_sp_era_park_adj_5": 0.002614,
  "home_runs_trend_5v20": 0.002597,
  "home_sp_sc_exit_velo": 0.002596,
  "home_h2h_slg": 0.002595,
  "away_h2h_slg": 0.002583,
  "diff_sp_sc_bb_pct": 0.002577,
  "away_team_k_bb_ratio_5": 0.00257,
  "home_elo_x_sp_quality": 0.002565,
  "away_bp_whip_10": 0.002564,
  "combined_ch_whiff_pct": 0.002564,
  "home_sp_sl_whiff_pct": 0.002562,
  "away_slg_avg_10": 0.002552,
  "home_sp_ip_per_rest": 0.002539,
  "away_bp_era7_x_ip7": 0.002525,
  "era_trend_diff": 0.002517,
  "sp_era_opp_adj_diff": 0.002514,
  "sp_whip_5_diff": 0.002513,
  "abs_total_line_move": 0.002509,
  "home_sp_era_opp_adj_5": 0.002508,
  "combined_obp_avg_10": 0.002501,
  "away_lineup_vs_opp_sp": 0.0025,
  "pen_depletion_edge": 0.002497,
  "lineup_vs_sp_edge": 0.002493,
  "bp_era_diff_5": 0.002491,
  "combined_sp_era_5": 0.002489,
  "combined_runs_trend_5v10": 0.002483,
  "home_catcher_framing_rate": 0.002474,
  "ops_diff_10": 0.002472,
  "wind_sin": 0.002464,
  "away_lineup_avg_avg_10": 0.002451,
  "away_sp_era_trend_5v10": 0.002441,
  "total_vig_direction": 0.002417,
  "home_bp_whip_10": 0.002412,
  "home_lineup_xslg_avg": 0.00241,
  "away_bp_ip_last_1d": 0.002407,
  "abs_fb_velo_trend_away": 0.002396,
  "diff_sp_sc_barrel_rate": 0.002395,
  "away_win_pct": 0.002392,
  "away_pythag_vs_record": 0.00239,
  "win_pct_edge": 0.002377,
  "away_sp_sc_barrel_rate": 0.002376,
  "home_sp_starts_in_window": 0.002369,
  "away_pen_depletion": 0.002366,
  "bullpen_fatigue_7d_edge": 0.00235,
  "home_sp_venue_era": 0.002349,
  "runs_trend_diff": 0.002347,
  "away_sp_k_pct_10": 0.002345,
  "combined_sp_sc_hard_hit_pct": 0.002337,
  "team_hr_park_diff": 0.002331,
  "away_sp_fip_5v20": 0.002317,
  "ump_k9_10": 0.002312,
  "home_lineup_xwoba_avg": 0.002306,
  "temperature_f": 0.002305,
  "home_runs_avg_20": 0.002292,
  "home_sp_fip_20": 0.00229,
  "wind_scoring_boost": 0.002288,
  "b2b_asymmetry": 0.002284,
  "home_sp_k_pct_5": 0.002282,
  "run_diff_avg_last_5_edge": 0.002277,
  "away_lineup_slg_avg_10": 0.002274,
  "away_sp_venue_era": 0.002271,
  "home_fb_velo_trend_5": 0.002266,
  "away_sp_era_park_adj_5": 0.002263,
  "away_lineup_barrel_avg": 0.002258,
  "ump_rpg_5": 0.002256,
  "away_sb_pct_10": 0.002245,
  "away_implied_runs": 0.002242,
  "home_bp_relievers_last_1d": 0.002237,
  "home_ops_5": 0.002237,
  "home_lineup_vs_opp_sp": 0.002227,
  "away_bp_relievers_last_1d": 0.002222,
  "team_k_bb_ratio_diff": 0.002221,
  "home_sp_fip_5v20": 0.002221,
  "away_pythag": 0.002219,
  "batting_avg_avg_10_diff": 0.002219,
  "lineup_avg_edge": 0.002214,
  "home_pythag_vs_record": 0.002207,
  "away_sp_era_away_10": 0.002206,
  "sp_composite_edge": 0.002199,
  "bullpen_fatigue_edge": 0.002199,
  "away_team_sp_k9_10": 0.002188,
  "home_era_5": 0.002181,
  "away_k9_5": 0.002177,
  "diff_sp_sc_k_bb_ratio": 0.002165,
  "sp_form_edge": 0.002156,
  "away_sp_sc_oz_swing_pct": 0.002155,
  "away_sp_k_bb_ratio_5": 0.002155,
  "away_h2h_slg_wtd": 0.00215,
  "home_runs_allowed_avg_5": 0.002148,
  "ump_bb9_10": 0.002147,
  "away_sp_sc_k_bb_ratio": 0.002138,
  "ump_bb9_x_away_team_bb": 0.002132,
  "home_sp_fip_home_10": 0.00213,
  "season_days_elapsed": 0.002124,
  "away_bp_era_5": 0.002115,
  "home_sp_bb9_5": 0.002112,
  "home_team_sp_k9_10": 0.002102,
  "run_diff_per_game_edge": 0.0021,
  "catcher_framing_rv_diff": 0.002092,
  "home_sp_era_10": 0.002088,
  "home_hr_avg_10": 0.002087,
  "away_pen_qual_depletion": 0.002085,
  "home_bp_era_7d": 0.002073,
  "away_sp_fip_20": 0.002067,
  "away_era_10": 0.002066,
  "away_team_hr_x_park": 0.00206,
  "away_sp_era_fip_gap": 0.002058,
  "combined_sp_sc_bb_pct": 0.002057,
  "away_bp_hot_1d": 0.002051,
  "away_whip_5": 0.00205,
  "diff_lineup_barrel": 0.00205,
  "away_win_pct_last_10": 0.002046,
  "combined_bp_k9": 0.002041,
  "home_sp_era_away_10": 0.00204,
  "ops_diff_5": 0.002036,
  "away_sp_home_away_era_split": 0.002033,
  "home_sp_era_home_10": 0.002021,
  "sp_k_pct_5_diff": 0.00201,
  "home_implied_runs": 0.002007,
  "diff_sp_sc_whiff_pct": 0.002001,
  "home_sp_k9_home_10": 0.002,
  "away_sp_last_k_rate": 0.001992,
  "home_sp_last_ip": 0.001989,