{"run_line_away_price": -111.0, "total_line": 8.5, "under_price": -110.0, "open_run_line_home": -1.5, "open_total_line": 8.5, "park_run_factor": 1.006, "home_hr_avg_5": 1.0, "home_avg_avg_5": 0.23696256767482587, "home_obp_avg_5": 0.30181503950633737, "home_slg_avg_5": 0.3870459104081128, "home_iso_avg_5": 0.1482072918301446, "home_k_pct_avg_5": 0.25107208598139136, "home_bb_pct_avg_5": 0.08242616663374028, "home_runs_avg_10": 4.4, "home_hr_avg_10": 1.1, "home_avg_avg_10": 0.23782779216627337, "home_obp_avg_10": 0.3014562064719265, "home_slg_avg_10": 0.38740871425931, "home_iso_avg_10": 0.1493954291603436, "home_k_pct_avg_10": 0.25100857839121415, "home_bb_pct_avg_10": 0.08300532738521942, "home_runs_avg_20": 4.4, "home_runs_sd_10": 2.913569784454954, "home_sb_avg_5": 0.6, "home_sb_avg_10": 0.6, "home_sb_pct_10": 0.018691588785046728, "away_runs_avg_5": 4.4, "away_hr_avg_5": 1.0, "away_avg_avg_5": 0.23844861640720774, "away_obp_avg_5": 0.3025379411215324, "away_slg_avg_5": 0.38728257721616355, "away_iso_avg_5": 0.14803196765424534, "away_k_pct_avg_5": 0.2501322275219334, "away_bb_pct_avg_5": 0.08196939687255325, "away_runs_avg_10": 4.4, "away_hr_avg_10": 1.1, "away_avg_avg_10": 0.23901026298495365, "away_obp_avg_10": 0.30263026746592725, "away_slg_avg_10": 0.38935845109854406, "away_iso_avg_10": 0.15001751838282362, "away_k_pct_avg_10": 0.25088491547165204, "away_bb_pct_avg_10": 0.08304843948226301, "away_runs_avg_20": 4.4, "away_runs_sd_10": 2.9078437983419185, "away_sb_avg_5": 0.6, "away_sb_avg_10": 0.6, "away_sb_pct_10": 0.018518518518518517, "home_runs_allowed_avg_5": 4.4, "home_era_5": 4.05, "home_whip_5": 1.2854047118837235, "home_k9_5": 8.492470522633226, "home_bb9_5": 3.16, "home_hr9_5": 1.1, "home_sp_era_5": 4.627194860813704, "home_sp_whip_5": 1.3687700653992563, "home_team_sp_k9_5": 8.378727422366113, "home_bp_era_5": 3.6832588046340433, "home_bp_whip_5": 1.2785423364667463, "home_bp_k9_5": 8.85, "home_runs_allowed_avg_10": 4.4, "home_era_10": 4.16949212990073, "home_whip_10": 1.2911765484839806, "home_k9_10": 8.48648475301789, "home_bb9_10": 3.1821553190633916, "home_hr9_10": 1.1456554681001456, "home_sp_era_10": 4.766024495568175, "home_sp_whip_10": 1.391396761349835, "home_team_sp_k9_10": 8.339075491153338, "home_bp_era_10": 3.9674317417539497, "home_bp_whip_10": 1.3022295629662783, "home_bp_k9_10": 8.869195683656626, "home_bullpen_ip_last_3": 9.33, "away_runs_allowed_avg_5": 4.2, "away_era_5": 4.030827338129496, "away_whip_5": 1.2805555555555554, "away_k9_5": 8.475, "away_bb9_5": 3.1426354219118076, "away_hr9_5": 1.075, "away_sp_era_5": 4.429444432733153, "away_sp_whip_5": 1.3533333333333335, "away_team_sp_k9_5": 8.271153257877028, "away_bp_era_5": 3.8043045379110536, "away_bp_whip_5": 1.288413935724945, "away_bp_k9_5": 8.917456321408942, "away_runs_allowed_avg_10": 4.3, "away_era_10": 4.073078845721385, "away_whip_10": 1.2834697818293992, "away_k9_10": 8.498612652608212, "away_bb9_10": 3.1625, "away_hr9_10": 1.1125, "away_sp_era_10": 4.6419258352877195, "away_sp_whip_10": 1.3741417335412915, "away_team_sp_k9_10": 8.375773189529504, "away_bp_era_10": 3.9113579140001042, "away_bp_whip_10": 1.2969282637316257, "away_bp_k9_10": 8.88923516874619, "away_bullpen_ip_last_3": 9.0, "home_sp_career_era_5": 4.257800633652736, "home_sp_career_whip_5": 1.3324477294392907, "home_sp_k_pct_5": 0.21413276231263384, "home_sp_bb_pct_5": 0.07531608176769468, "home_sp_fip_5": 4.125221120343071, "home_sp_k9_5": 8.257675192491844, "home_sp_bb9_5": 3.029397485208602, "home_sp_hr9_5": 1.1917460317460318, "home_sp_ip_avg_5": 5.335, "home_sp_career_era_10": 4.35, "home_sp_fip_10": 4.197107385525992, "home_sp_starts_in_window": 5.0, "home_sp_days_rest": 6.0, "home_sp_era_home_10": 3.757065005838848, "home_sp_era_away_10": 4.38568129330254, "home_sp_k9_home_10": 8.515792291220556, "home_sp_k9_away_10": 8.011320506463822, "home_sp_fip_home_10": 3.858358894944261, "home_sp_fip_away_10": 4.210072422444537, "home_sp_era_20": 4.327194860813704, "home_sp_fip_20": 4.167776465118691, "home_sp_last_k": 5.0, "home_sp_last_bb": 2.0, "home_sp_last_fip": 3.7714285714285714, "away_sp_career_era_5": 4.183166562434855, "away_sp_career_whip_5": 1.317449504779205, "away_sp_k_pct_5": 0.21465112469358527, "away_sp_bb_pct_5": 0.07479374707864658, "away_sp_fip_5": 4.131904731432497, "away_sp_k9_5": 8.25179982925378, "away_sp_bb9_5": 3.007769246285985, "away_sp_hr9_5": 1.1880769082847427, "away_sp_ip_avg_5": 5.4, "away_sp_career_era_10": 4.296904761904762, "away_sp_fip_10": 4.152048790085167, "away_sp_starts_in_window": 5.0, "away_sp_days_rest": 6.0, "away_sp_era_home_10": 3.81, "away_sp_era_away_10": 4.312393624156892, "away_sp_k9_home_10": 8.429926532053788, "away_sp_k9_away_10": 8.0, "away_sp_fip_home_10": 3.901410934744268, "away_sp_fip_away_10": 4.2, "away_sp_era_20": 4.28148750422467, "away_sp_fip_20": 4.153258602000344, "away_sp_last_k": 5.0, "away_sp_last_bb": 2.0, "away_sp_last_fip": 3.7, "home_wins": 35.0, "home_losses": 35.0, "home_win_pct": 0.5032679738562091, "home_run_diff": 3.0, "home_run_diff_per_game": 0.08, "home_rest_days": 1.0, "home_games_played": 72.0, "home_wins_last_5": 2.0, "home_win_pct_last_5": 0.4, "home_wins_last_10": 5.0, "home_win_pct_last_10": 0.5, "home_run_diff_avg_last_5": 0.0, "away_wins": 35.0, "away_losses": 35.0, "away_win_pct": 0.503448275862069, "away_run_diff": 4.0, "away_run_diff_per_game": 0.09090909090909091, "away_rest_days": 1.0, "away_games_played": 72.0, "away_win_pct_last_5": 0.6, "away_wins_last_10": 5.0, "away_win_pct_last_10": 0.5, "away_run_diff_avg_last_5": 0.0, "h2h_games_ytd": 2.0, "runs_scored_edge_10": 0.0, "obp_edge_10": -0.001805565275485449, "slg_edge_10": -0.002782536804060376, "era_edge_10": -0.08171431701577836, "whip_edge_10": -0.008106891486331369, "sp_fip_edge_5": -0.01864639109016921, "sp_era_edge_5": -0.02858105520455552, "bullpen_fatigue_edge": -0.33, "win_pct_edge": 0.0, "run_diff_per_game_edge": 0.0, "home_implied_runs": 4.35, "away_implied_runs": 4.4, "park_adj_implied_total": 8.8452, "ump_rpg_5": 8.8, "ump_k9_5": 8.514285714285714, "ump_bb9_5": 3.1179805774449862, "ump_rpg_10": 8.8, "ump_k9_10": 8.549428647150034, "ump_bb9_10": 3.123032895317047, "temperature_f": 74.5, "wind_speed_mph": 7.2, "wind_sin": -0.19080899537654472, "wind_cos": -0.25881904510252063, "precip_prob_pct": 0.0, "home_lineup_avg_avg_10": 0.23777777777777775, "home_lineup_slg_avg_10": 0.39402390653631436, "home_lineup_iso_avg_10": 0.14832070707070705, "home_top4_slg_avg_10": 0.43467987772423256, "home_lineup_completeness": 1.1111111111111112, "away_lineup_avg_avg_10": 0.2369139194139194, "away_lineup_slg_avg_10": 0.39416768193109186, "away_lineup_iso_avg_10": 0.14820216049382717, "away_top4_slg_avg_10": 0.43901101641309714, "away_lineup_completeness": 1.1111111111111112, "lineup_avg_edge": 0.0, "lineup_slg_edge": 0.0, "home_bullpen_ip_last_7": 21.835, "home_bp_era_7d": 3.75, "away_bullpen_ip_last_7": 21.67, "away_bp_era_7d": 3.802281368821293, "bullpen_fatigue_7d_edge": -0.32, "series_game_number": 2.0, "home_sp_k_pct_10": 0.21537975238751725, "away_sp_k_pct_10": 0.21509635272151, "home_sp_venue_starts": 5.0, "home_sp_venue_era": 4.0, "home_sp_venue_k9": 8.711424144134652, "home_sp_venue_fip": 3.903591273776696, "away_sp_venue_starts": 0.0, "away_sp_venue_era": 3.6, "away_sp_venue_k9": 7.714285714285714, "away_sp_venue_fip": 3.8666666666666667, "home_bp_relievers_last_1d": 3.0, "home_bp_relievers_last_2d": 5.0, "home_bp_relievers_last_3d": 7.0, "home_bp_ip_last_1d": 3.33, "home_bp_avg_era_last_3d": 3.366570999548011, "away_bp_relievers_last_1d": 3.0, "away_bp_relievers_last_2d": 5.0, "away_bp_relievers_last_3d": 7.0, "away_bp_ip_last_1d": 3.0, "away_bp_avg_era_last_3d": 3.344712011721395, "home_sp_last_ip": 5.33, "away_sp_last_ip": 5.33, "home_sp_sc_barrel_rate": 8.5, "home_sp_sc_hard_hit_pct": 40.4, "home_sp_sc_xwoba": 0.319, "home_sp_sc_exit_velo": 89.3, "home_sp_sl_whiff_pct": 31.4, "home_sp_ch_whiff_pct": 29.8,