{"run_line_away_price": -113.0, "total_line": 8.5, "under_price": -110.0, "open_run_line_home": -1.5, "open_total_line": 8.5, "park_run_factor": 1.006, "home_hr_avg_5": 1.0, "home_avg_avg_5": 0.23672159486865885, "home_obp_avg_5": 0.30173686667230426, "home_slg_avg_5": 0.38615768211673385, "home_iso_avg_5": 0.14790546818772626, "home_k_pct_avg_5": 0.25096361052914085, "home_bb_pct_avg_5": 0.0828962934051102, "home_runs_avg_10": 4.4, "home_hr_avg_10": 1.1, "home_avg_avg_10": 0.23740296355213064, "home_obp_avg_10": 0.30145247599072933, "home_slg_avg_10": 0.38632000166051483, "home_iso_avg_10": 0.14877860632432954, "home_k_pct_avg_10": 0.25105976521258744, "home_bb_pct_avg_10": 0.0832385619837657, "home_runs_avg_20": 4.4, "home_runs_sd_10": 2.913569784454954, "home_sb_avg_5": 0.6, "home_sb_avg_10": 0.6, "home_sb_pct_10": 0.018691588785046728, "away_runs_avg_5": 4.4, "away_hr_avg_5": 1.0, "away_avg_avg_5": 0.23796520482069786, "away_obp_avg_5": 0.30225741553140933, "away_slg_avg_5": 0.38650285111516547, "away_iso_avg_5": 0.14764049104107502, "away_k_pct_avg_5": 0.2497028584160937, "away_bb_pct_avg_5": 0.0821666072042322, "away_runs_avg_10": 4.4, "away_hr_avg_10": 1.1, "away_avg_avg_10": 0.23877842117110054, "away_obp_avg_10": 0.30256286640395225, "away_slg_avg_10": 0.38871174487779936, "away_iso_avg_10": 0.14971521931524967, "away_k_pct_avg_10": 0.2504598252850396, "away_bb_pct_avg_10": 0.08332843827279415, "away_runs_avg_20": 4.4, "away_runs_sd_10": 2.913569784454954, "away_sb_avg_5": 0.6, "away_sb_avg_10": 0.6, "away_sb_pct_10": 0.018518518518518517, "home_runs_allowed_avg_5": 4.4, "home_era_5": 4.035, "home_whip_5": 1.2836931581143096, "home_k9_5": 8.464405997693195, "home_bb9_5": 3.175, "home_hr9_5": 1.075222469410456, "home_sp_era_5": 4.625230054498347, "home_sp_whip_5": 1.3666666666666667, "home_team_sp_k9_5": 8.368626301898573, "home_bp_era_5": 3.644462607495783, "home_bp_whip_5": 1.276902511006618, "home_bp_k9_5": 8.818401017204245, "home_runs_allowed_avg_10": 4.4, "home_era_10": 4.1625, "home_whip_10": 1.2898986377910486, "home_k9_10": 8.473588347373758, "home_bb9_10": 3.198198748342628, "home_hr9_10": 1.1393890675241158, "home_sp_era_10": 4.768878831039277, "home_sp_whip_10": 1.3913347946635861, "home_team_sp_k9_10": 8.328904816650041, "home_bp_era_10": 3.952080297226778, "home_bp_whip_10": 1.3016040789059553, "home_bp_k9_10": 8.851699572007744, "home_bullpen_ip_last_3": 9.33, "away_runs_allowed_avg_5": 4.2, "away_era_5": 4.028341551028644, "away_whip_5": 1.2787055228467525, "away_k9_5": 8.474334073251942, "away_bb9_5": 3.154772727272727, "away_hr9_5": 1.075, "away_sp_era_5": 4.4174956343930605, "away_sp_whip_5": 1.3521057142457096, "away_team_sp_k9_5": 8.27309871740814, "away_bp_era_5": 3.791153362376171, "away_bp_whip_5": 1.2862792611538696, "away_bp_k9_5": 8.911956269574295, "away_runs_allowed_avg_10": 4.3, "away_era_10": 4.0625, "away_whip_10": 1.281702559300874, "away_k9_10": 8.491358783958942, "away_bb9_10": 3.175, "away_hr9_10": 1.1086113991050968, "away_sp_era_10": 4.6291959369237645, "away_sp_whip_10": 1.3717518739354722, "away_team_sp_k9_10": 8.380471359739229, "away_bp_era_10": 3.891976752671269, "away_bp_whip_10": 1.2956269137386476, "away_bp_k9_10": 8.872691219809436, "away_bullpen_ip_last_3": 9.0, "home_sp_career_era_5": 4.26, "home_sp_career_whip_5": 1.3333333333333333, "home_sp_k_pct_5": 0.21416425573116876, "home_sp_bb_pct_5": 0.07561095117556539, "home_sp_fip_5": 4.135273368606702, "home_sp_k9_5": 8.271428571428572, "home_sp_bb9_5": 3.052380952380952, "home_sp_hr9_5": 1.1907916381387655, "home_sp_ip_avg_5": 5.334, "home_sp_career_era_10": 4.35, "home_sp_fip_10": 4.188695257480404, "home_sp_starts_in_window": 5.0, "home_sp_days_rest": 6.0, "home_sp_era_home_10": 3.7510685532398913, "home_sp_era_away_10": 4.38568129330254, "home_sp_k9_home_10": 8.524581089903553, "home_sp_k9_away_10": 8.026351351351352, "home_sp_fip_home_10": 3.8423982869379016, "home_sp_fip_away_10": 4.2084065110302, "home_sp_era_20": 4.325997912449141, "home_sp_fip_20": 4.16300433673333, "home_sp_last_k": 5.0, "home_sp_last_bb": 2.0, "home_sp_last_fip": 3.7714285714285714, "away_sp_career_era_5": 4.183809523809524, "away_sp_career_whip_5": 1.3182768193678918, "away_sp_k_pct_5": 0.21421704029255967, "away_sp_bb_pct_5": 0.07509408582219698, "away_sp_fip_5": 4.137084351481622, "away_sp_k9_5": 8.25, "away_sp_bb9_5": 3.0180022644197715, "away_sp_hr9_5": 1.1914087759815242, "away_sp_ip_avg_5": 5.4, "away_sp_career_era_10": 4.296367746115669, "away_sp_fip_10": 4.151393841469581, "away_sp_starts_in_window": 5.0, "away_sp_days_rest": 6.0, "away_sp_era_home_10": 3.820777495215978, "away_sp_era_away_10": 4.311585847293896, "away_sp_k9_home_10": 8.441510951841153, "away_sp_k9_away_10": 8.01830529989797, "away_sp_fip_home_10": 3.900676072898295, "away_sp_fip_away_10": 4.2, "away_sp_era_20": 4.284318973902179, "away_sp_fip_20": 4.15285385072638, "away_sp_last_k": 5.0, "away_sp_last_bb": 2.0, "away_sp_last_fip": 3.7, "home_wins": 33.0, "home_losses": 33.0, "home_win_pct": 0.5, "home_run_diff": 2.0, "home_run_diff_per_game": 0.05555555555555555, "home_rest_days": 1.0, "home_games_played": 68.0, "home_wins_last_5": 2.0, "home_wins_last_10": 5.0, "home_win_pct_last_10": 0.5, "home_run_diff_avg_last_5": 0.0, "away_wins": 33.0, "away_losses": 33.0, "away_win_pct": 0.5, "away_run_diff": 3.0, "away_run_diff_per_game": 0.07692307692307693, "away_rest_days": 1.0, "away_games_played": 68.0, "away_win_pct_last_5": 0.6, "away_wins_last_10": 5.0, "away_win_pct_last_10": 0.5, "away_run_diff_avg_last_5": 0.0, "h2h_games_ytd": 2.0, "runs_scored_edge_10": 0.0, "obp_edge_10": -0.0019139048945900072, "slg_edge_10": -0.002979483404225658, "era_edge_10": -0.08956460448555346, "whip_edge_10": -0.009547313806674396, "sp_fip_edge_5": -0.025188387281665624, "sp_era_edge_5": -0.0304047976011994, "bullpen_fatigue_edge": -0.33, "win_pct_edge": 0.0, "run_diff_per_game_edge": -0.012499999999999956, "home_implied_runs": 4.35, "away_implied_runs": 4.4, "park_adj_implied_total": 8.8257, "ump_rpg_5": 8.8, "ump_k9_5": 8.523529411764706, "ump_bb9_5": 3.1411764705882357, "ump_rpg_10": 8.8, "ump_k9_10": 8.557475232308523, "ump_bb9_10": 3.1355118942692375, "temperature_f": 74.2, "wind_speed_mph": 7.3, "wind_sin": -0.22495105434386498, "wind_cos": -0.25881904510252063, "precip_prob_pct": 0.0, "home_lineup_avg_avg_10": 0.23752777777777778, "home_lineup_slg_avg_10": 0.3933845773135436, "home_lineup_iso_avg_10": 0.14783333333333332, "home_top4_slg_avg_10": 0.4334905727347588, "away_lineup_avg_avg_10": 0.2368333333333333, "away_lineup_slg_avg_10": 0.39343102477642156, "away_lineup_iso_avg_10": 0.14801515151515154, "away_top4_slg_avg_10": 0.43802187297826833, "lineup_avg_edge": 0.0, "lineup_slg_edge": -7.888910504128606e-05, "home_bullpen_ip_last_7": 21.99, "home_bp_era_7d": 3.725422559503277, "away_bullpen_ip_last_7": 21.67, "away_bp_era_7d": 3.7914691943127963, "bullpen_fatigue_7d_edge": -0.31, "series_game_number": 2.0, "home_sp_k_pct_10": 0.21542260288866907, "away_sp_k_pct_10": 0.21524434675369, "home_sp_venue_starts": 5.0, "home_sp_venue_era": 3.9923613932144737, "home_sp_venue_k9": 8.7, "home_sp_venue_fip": 3.8979591836734695, "away_sp_venue_starts": 0.0, "away_sp_venue_era": 3.6, "away_sp_venue_k9": 7.714285714285714, "away_sp_venue_fip": 3.8666666666666667, "home_bp_relievers_last_1d": 3.0, "home_bp_relievers_last_2d": 5.0, "home_bp_relievers_last_3d": 7.0, "home_bp_ip_last_1d": 3.33, "home_bp_avg_era_last_3d": 3.366809761464041, "away_bp_relievers_last_1d": 3.0, "away_bp_relievers_last_2d": 5.0, "away_bp_relievers_last_3d": 7.0, "away_bp_ip_last_1d": 3.0, "away_bp_avg_era_last_3d": 3.347037106977524, "home_sp_last_ip": 5.33, "away_sp_last_ip": 5.33, "home_sp_sc_barrel_rate": 8.45, "home_sp_sc_hard_hit_pct": 40.3, "home_sp_sc_xwoba": 0.319, "home_sp_sc_exit_velo": 89.3, "home_sp_sl_whiff_pct": 31.1, "home_sp_ch_whiff_pct": 30.2, "home_sp_fb_put_away": 17.6, "away_sp_sc_barrel_rate": 8.3,