{
  "away_lineup_completeness": 0.019713,
  "home_lineup_completeness": 0.018643,
  "away_sp_venue_starts": 0.011221,
  "home_elo_x_sp_quality": 0.009736,
  "elo_diff": 0.008699,
  "sp_short_asymmetry": 0.007394,
  "away_is_b2b": 0.007209,
  "home_sp_k_bb_ratio_5": 0.007117,
  "run_diff_per_game_edge": 0.006991,
  "series_game_number": 0.006953,
  "home_bp_era7_x_ip7": 0.006259,
  "away_elo": 0.005999,
  "away_sp_venue_fip": 0.005894,
  "away_sp_venue_advantage": 0.005831,
  "away_sp_venue_era": 0.005652,
  "home_team_k_bb_ratio_5": 0.005408,
  "away_games_played": 0.00538,
  "away_losses": 0.005328,
  "runs_trend_diff": 0.005116,
  "away_bb9_10": 0.005097,
  "away_sp_k_pct_5": 0.004969,
  "bullpen_fatigue_edge": 0.004946,
  "home_park_adj_runs_10": 0.004942,
  "away_ops_10": 0.004849,
  "sp_composite_edge": 0.004823,
  "ump_sp_k_environment": 0.004812,
  "lineup_slg_edge": 0.004787,
  "form_momentum_diff": 0.00478,
  "home_top4_slg_avg_10": 0.004756,
  "away_bullpen_exposure": 0.004628,
  "away_era_10": 0.004541,
  "sp_k_bb_ratio_diff": 0.004517,
  "sp_era_edge_5": 0.004515,
  "away_wins_last_5": 0.004508,
  "home_sp_k_pct_10": 0.004479,
  "away_runs_allowed_avg_10": 0.004391,
  "away_sp_venue_k9": 0.00438,
  "ump_k9_x_home_sp_k": 0.004359,
  "temperature_f": 0.004336,
  "home_lineup_iso_avg_10": 0.004336,
  "home_bb9_5": 0.004327,
  "home_losses": 0.004292,
  "ops_diff_5": 0.004225,
  "ump_rpg_x_park": 0.004224,
  "home_runs_allowed_avg_10": 0.004213,
  "home_sp_venue_fip": 0.00417,
  "home_sp_venue_starts": 0.004162,
  "away_bb9_5": 0.004155,
  "away_elo_x_sp_quality": 0.004153,
  "home_pen_exposure_x_era": 0.004141,
  "away_win_pct_last_10": 0.004122,
  "away_run_diff": 0.004071,
  "run_diff_avg_last_5_edge": 0.004051,
  "away_sp_era_5": 0.004041,
  "home_team_sp_k9_10": 0.004041,
  "home_lineup_slg_avg_10": 0.004035,
  "home_pythag_x_opp_sp_fip": 0.004,
  "ump_bb9_x_away_team_bb": 0.00395,
  "away_sp_whip_10": 0.003927,
  "away_slg_avg_5": 0.003906,
  "home_iso_avg_5": 0.0039,
  "away_sp_era_10": 0.003866,
  "home_elo": 0.00383,
  "away_sp_k_pct_10": 0.003816,
  "away_sp_k9_away_10": 0.003816,
  "away_whip_5": 0.003787,
  "away_sp_fip_home_10": 0.003783,
  "home_rest_days": 0.003774,
  "pythag_sp_quality_diff": 0.003773,
  "ump_k9_10": 0.003755,
  "wind_cos": 0.003754,
  "away_slg_avg_10": 0.003747,
  "away_runs_trend_5v20": 0.00373,
  "away_bp_whip_5": 0.003713,
  "away_lineup_slg_avg_10": 0.003702,
  "away_team_sp_k9_10": 0.003683,
  "home_sp_k_pct_5": 0.003682,
  "home_sp_hr9_5": 0.003674,
  "away_implied_runs": 0.003649,
  "away_form_vs_season": 0.003636,
  "home_sp_career_era_5": 0.003636,
  "away_obp_avg_5": 0.003628,
  "home_pen_depletion": 0.003623,
  "home_sp_home_away_era_split": 0.003616,
  "away_team_sp_k9_5": 0.003591,
  "sp_k_pct_5_diff": 0.003571,
  "away_runs_avg_20": 0.00357,
  "home_sp_career_whip_5": 0.003569,
  "home_games_played": 0.003562,
  "away_runs_sd_10": 0.00355,
  "home_bp_whip_10": 0.003541,
  "bp_era_diff_5": 0.003516,
  "batting_iso_avg_10_diff": 0.003512,
  "ump_bb9_10": 0.003508,
  "sp_era_5_diff": 0.003505,
  "sp_form_edge": 0.003497,
  "h2h_home_win_pct_ytd": 0.003491,
  "away_sp_era_away_10": 0.003489,
  "home_era_10": 0.003472,
  "away_top4_slg_avg_10": 0.003462,
  "home_run_diff_avg_last_5": 0.003446,
  "home_hr9_10": 0.003435,
  "away_sp_whip_5": 0.003432,
  "away_sp_era_trend_5v10": 0.003429,
  "home_form_vs_season": 0.003428,
  "away_bullpen_ip_last_7": 0.003424,
  "pythag_record_edge": 0.003417,
  "batting_avg_avg_10_diff": 0.003415,
  "home_iso_avg_10": 0.003403,
  "sp_home_away_split_edge": 0.003378,
  "away_sp_k_trend_5v10": 0.003368,
  "pen_depletion_edge": 0.003349,
  "home_sp_k9_5": 0.003345,
  "away_hr9_10": 0.003344,
  "home_sp_venue_k9": 0.003344,
  "home_sp_fip_5": 0.003329,
  "home_sp_fip_away_10": 0.003316,
  "home_hr9_5": 0.003315,
  "home_sp_fip_trend_5v10": 0.003307,
  "batting_hr_avg_5_diff": 0.003303,
  "away_pen_exposure_x_era": 0.003301,
  "away_sp_k_bb_ratio_5": 0.0033,
  "home_sp_era_10": 0.003292,
  "away_k_pct_avg_5": 0.003283,
  "home_run_diff": 0.003252,
  "away_sp_k9_home_10": 0.003243,
  "batting_runs_avg_5_diff": 0.003234,
  "away_k9_10": 0.003206,
  "away_sp_career_era_5": 0.003204,
  "home_bp_usage_per_rest": 0.003192,
  "home_bb_pct_avg_10": 0.003177,
  "away_whip_10": 0.00316,
  "whip_edge_10": 0.003151,
  "away_bp_usage_per_rest": 0.003144,
  "home_sp_ip_avg_5": 0.003127,
  "sp_era_trend_diff": 0.003102,
  "away_win_pct": 0.0031,
  "home_whip_5": 0.003092,
  "home_pythag": 0.003084,
  "away_bb_pct_avg_5": 0.003074,
  "away_wins_last_10": 0.003057,
  "away_k9_5": 0.003055,
  "home_sp_k9_away_10": 0.003049,
  "away_sp_career_whip_5": 0.003039,
  "wind_speed_mph": 0.003034,
  "team_whip_5_diff": 0.003026,
  "ops_diff_10": 0.003009,
  "away_era_trend_5v10": 0.003006,
  "batting_hr_avg_10_diff": 0.003006,
  "home_sp_k9_home_10": 0.002989,
  "sp_fip_edge_5": 0.002982,
  "home_lineup_avg_avg_10": 0.002976,
  "ump_k9_x_away_sp_k": 0.002974,
  "away_sp_bb_pct_5": 0.002966,
  "sp_fip_trend_diff": 0.002964,
  "home_whip_10": 0.002964,
  "team_era_5_diff": 0.002959,
  "home_run_diff_per_game": 0.002947,
  "away_park_adj_runs_10": 0.002945,
  "team_k_bb_ratio_diff": 0.002944,
  "away_k_pct_avg_10": 0.002931,
  "era_edge_10": 0.002928,
  "home_k9_10": 0.002903,
  "open_total_line": 0.002902,
  "h2h_games_ytd": 0.002902,
  "away_wins": 0.0029,
  "home_obp_avg_10": 0.002891,
  "wind_scoring_boost": 0.002881,
  "home_runs_trend_5v20": 0.002873,
  "away_bp_whip_10": 0.002866,
  "is_day_game": 0.002851,
  "wind_sin": 0.002848,
  "away_lineup_avg_avg_10": 0.002776,
  "away_team_k_bb_ratio_5": 0.002769,
  "home_bp_era_5": 0.002761,
  "away_sp_hr9_5": 0.002743,
  "ump_k9_5": 0.002736,
  "home_sp_bb9_5": 0.002735,
  "home_sp_era_x_opp_avg": 0.002734,
  "away_lineup_iso_avg_10": 0.002733,
  "away_runs_avg_5": 0.002729,
  "away_sp_ip_avg_5": 0.002722,
  "home_wins_last_10": 0.002714,
  "away_era_5": 0.002708,
  "home_sp_days_rest": 0.002706,
  "home_sp_k_trend_5v10": 0.002702,
  "ump_rpg_10": 0.002687,
  "away_sp_era_home_10": 0.002684,
  "home_bp_era_10": 0.002684,
  "home_sp_venue_era": 0.002684,
  "home_runs_sd_10": 0.002678,
  "away_sp_career_era_10": 0.002678,
  "home_runs_avg_20": 0.002677,
  "home_win_pct": 0.002672,
  "away_sp_home_away_era_split": 0.00267,
  "home_ops_5": 0.002658,
  "away_sp_fip_trend_5v10": 0.002656,
  "home_sp_fip_home_10": 0.002632,
  "slg_edge_10": 0.002629,
  "away_iso_avg_5": 0.002624,
  "season_2025-regular": 0.002622,
  "away_sp_days_rest": 0.002618,
  "under_price": 0.002594,
  "season_days_elapsed": 0.002593,
  "home_bullpen_ip_last_7": 0.002589,
  "home_sp_era_home_10": 0.002584,
  "away_iso_avg_10": 0.002582,
  "home_bp_whip_5": 0.00257,
  "open_run_line_home": 0.002566,
  "home_sp_career_era_10": 0.00256,
  "home_hr_avg_10": 0.002553,
  "away_bp_era_10": 0.002546,
  "park_adj_runs_diff": 0.002533,
  "lineup_avg_edge": 0.002531,
  "ump_bb9_x_home_team_bb": 0.002514,
  "home_bb_pct_avg_5": 0.002501,
  "away_bp_era_5": 0.002492,
  "ump_bb9_5": 0.002489,
  "home_sp_whip_10": 0.002488,
  "home_pythag_vs_record": 0.002472,
  "run_line_move": 0.002472,
  "home_bb9_10": 0.002457,
  "home_sp_era_trend_5v10": 0.002435,
  "run_line_away_price": 0.002431,
  "away_obp_avg_10": 0.002423,
  "away_run_diff_avg_last_5": 0.002419,
  "away_hr9_5": 0.002395,
  "sp_days_rest_diff": 0.002389,
  "away_bp_era_7d": 0.002384,
  "home_bullpen_ip_last_3": 0.002369,
  "home_wins": 0.00236,
  "away_pythag_x_opp_sp_fip": 0.002358,
  "home_team_sp_k9_5": 0.002349,
  "away_pythag": 0.002322,
  "obp_edge_10": 0.002321,
  "sp_whip_5_diff": 0.002285,
  "away_sp_fip_10": 0.002254,
  "park_adj_implied_total": 0.002247,
  "away_bb_pct_avg_10": 0.002242,