{"run_line_away_price": -113.0, "total_line": 8.5, "under_price": -110.0, "open_run_line_home": -1.5, "open_total_line": 8.5, "park_run_factor": 1.006, "home_hr_avg_5": 1.0, "home_avg_avg_5": 0.23684242713163733, "home_obp_avg_5": 0.3017869985436933, "home_slg_avg_5": 0.38654001240990377, "home_iso_avg_5": 0.14805390061683604, "home_k_pct_avg_5": 0.2509430252444958, "home_bb_pct_avg_5": 0.0824625979041489, "home_runs_avg_10": 4.4, "home_hr_avg_10": 1.1, "home_avg_avg_10": 0.23765510804984488, "home_obp_avg_10": 0.3015431266449594, "home_slg_avg_10": 0.3869137280273116, "home_iso_avg_10": 0.14907868404731855, "home_k_pct_avg_10": 0.25100257779423774, "home_bb_pct_avg_10": 0.08311735824119726, "home_runs_avg_20": 4.4, "home_runs_sd_10": 2.913569784454954, "home_sb_avg_5": 0.6, "home_sb_avg_10": 0.6, "home_sb_pct_10": 0.018633540372670808, "away_runs_avg_5": 4.4, "away_hr_avg_5": 1.0, "away_avg_avg_5": 0.23836906069978386, "away_obp_avg_5": 0.30260254886905, "away_slg_avg_5": 0.38723336267216724, "away_iso_avg_5": 0.1480162434481195, "away_k_pct_avg_5": 0.2500489112716687, "away_bb_pct_avg_5": 0.08210697768963646, "away_runs_avg_10": 4.4, "away_hr_avg_10": 1.1, "away_avg_avg_10": 0.23908558796336776, "away_obp_avg_10": 0.30267564853929796, "away_slg_avg_10": 0.389226126172034, "away_iso_avg_10": 0.15001751838282362, "away_k_pct_avg_10": 0.25086093078303057, "away_bb_pct_avg_10": 0.08312457859599484, "away_runs_avg_20": 4.4, "away_runs_sd_10": 2.913569784454954, "away_sb_avg_5": 0.6, "away_sb_avg_10": 0.6, "away_sb_pct_10": 0.018518518518518517, "home_runs_allowed_avg_5": 4.4, "home_era_5": 4.04424320524836, "home_whip_5": 1.283724447225699, "home_k9_5": 8.4825, "home_bb9_5": 3.160444938820912, "home_hr9_5": 1.099719452686645, "home_sp_era_5": 4.627381003781706, "home_sp_whip_5": 1.3677356452157379, "home_team_sp_k9_5": 8.380683835135056, "home_bp_era_5": 3.6605421589253924, "home_bp_whip_5": 1.2770527249948747, "home_bp_k9_5": 8.844266306530441, "home_runs_allowed_avg_10": 4.4, "home_era_10": 4.16426455566905, "home_whip_10": 1.2903741236680646, "home_k9_10": 8.481904854056882, "home_bb9_10": 3.1872632935938845, "home_hr9_10": 1.143125, "home_sp_era_10": 4.774625453260937, "home_sp_whip_10": 1.3918717321792609, "home_team_sp_k9_10": 8.336090380803952, "home_bp_era_10": 3.9587928383790465, "home_bp_whip_10": 1.301781220225367, "home_bp_k9_10": 8.866266868543468, "home_bullpen_ip_last_3": 9.33, "away_runs_allowed_avg_5": 4.2, "away_era_5": 4.029772727272727, "away_whip_5": 1.2806199704557322, "away_k9_5": 8.473557158712541, "away_bb9_5": 3.1496115427302995, "away_hr9_5": 1.075, "away_sp_era_5": 4.429444432733153, "away_sp_whip_5": 1.3535116844306951, "away_team_sp_k9_5": 8.265064377682403, "away_bp_era_5": 3.802618264680947, "away_bp_whip_5": 1.288343854861996, "away_bp_k9_5": 8.912702702702703, "away_runs_allowed_avg_10": 4.3, "away_era_10": 4.070945494994438, "away_whip_10": 1.2834137217198094, "away_k9_10": 8.498612652608212, "away_bb9_10": 3.166296310103454, "away_hr9_10": 1.1125, "away_sp_era_10": 4.634074929432897, "away_sp_whip_10": 1.3745238612813901, "away_team_sp_k9_10": 8.376349782672431, "away_bp_era_10": 3.9112194212273446, "away_bp_whip_10": 1.2967310309808857, "away_bp_k9_10": 8.886179308089421, "away_bullpen_ip_last_3": 9.0, "home_sp_career_era_5": 4.259857026726519, "home_sp_career_whip_5": 1.3333333333333333, "home_sp_k_pct_5": 0.21413285096365375, "home_sp_bb_pct_5": 0.07539727457017661, "home_sp_fip_5": 4.12643234830392, "home_sp_k9_5": 8.271153257877028, "home_sp_bb9_5": 3.043038198681037, "home_sp_hr9_5": 1.191577403863778, "home_sp_ip_avg_5": 5.335, "home_sp_career_era_10": 4.35, "home_sp_fip_10": 4.193969310224731, "home_sp_starts_in_window": 5.0, "home_sp_days_rest": 6.0, "home_sp_era_home_10": 3.7510685532398913, "home_sp_era_away_10": 4.38568129330254, "home_sp_k9_home_10": 8.519964123073457, "home_sp_k9_away_10": 8.026351351351352, "home_sp_fip_home_10": 3.851861882193636, "home_sp_fip_away_10": 4.212134189864383, "home_sp_era_20": 4.326596386631422, "home_sp_fip_20": 4.165444374758904, "home_sp_last_k": 5.0, "home_sp_last_bb": 2.0, "home_sp_last_fip": 3.7714285714285714, "away_sp_career_era_5": 4.178601990269614, "away_sp_career_whip_5": 1.316966670588083, "away_sp_k_pct_5": 0.21440493238999608, "away_sp_bb_pct_5": 0.07479436073704109, "away_sp_fip_5": 4.133333333333334, "away_sp_k9_5": 8.25140712945591, "away_sp_bb9_5": 3.0104632152588557, "away_sp_hr9_5": 1.1914087759815242, "away_sp_ip_avg_5": 5.4, "away_sp_career_era_10": 4.293576241887992, "away_sp_fip_10": 4.148853615520282, "away_sp_starts_in_window": 5.0, "away_sp_days_rest": 6.0, "away_sp_era_home_10": 3.804573440614012, "away_sp_era_away_10": 4.312393624156892, "away_sp_k9_home_10": 8.429926532053788, "away_sp_k9_away_10": 8.0, "away_sp_fip_home_10": 3.8993576017130622, "away_sp_fip_away_10": 4.2, "away_sp_era_20": 4.27852193995381, "away_sp_fip_20": 4.151267340326743, "away_sp_last_k": 5.0, "away_sp_last_bb": 2.0, "away_sp_last_fip": 3.7, "home_wins": 34.0, "home_losses": 34.0, "home_win_pct": 0.5, "home_run_diff": 3.0, "home_run_diff_per_game": 0.0684931506849315, "home_rest_days": 1.0, "home_games_played": 71.0, "home_wins_last_5": 2.0, "home_wins_last_10": 5.0, "home_win_pct_last_10": 0.5, "home_run_diff_avg_last_5": 0.0, "away_wins": 35.0, "away_losses": 35.0, "away_win_pct": 0.5033557046979866, "away_run_diff": 4.0, "away_run_diff_per_game": 0.08695652173913043, "away_rest_days": 1.0, "away_games_played": 71.0, "away_win_pct_last_5": 0.6, "away_wins_last_10": 5.0, "away_win_pct_last_10": 0.5, "away_run_diff_avg_last_5": 0.0, "h2h_games_ytd": 2.0, "runs_scored_edge_10": 0.0, "obp_edge_10": -0.0019139048945900072, "slg_edge_10": -0.003143922973155716, "era_edge_10": -0.08171431701577836, "whip_edge_10": -0.008106891486331369, "sp_fip_edge_5": -0.020458250532121525, "sp_era_edge_5": -0.03013493253373314, "bullpen_fatigue_edge": -0.33, "win_pct_edge": 0.0, "run_diff_per_game_edge": -0.00877192982456143, "home_implied_runs": 4.35, "away_implied_runs": 4.4, "park_adj_implied_total": 8.8452, "ump_rpg_5": 8.8, "ump_k9_5": 8.512542915999084, "ump_bb9_5": 3.1276011263092567, "ump_rpg_10": 8.8, "ump_k9_10": 8.549375034840038, "ump_bb9_10": 3.125546707233751, "temperature_f": 74.4, "wind_speed_mph": 7.2, "wind_sin": -0.2079116908177595, "wind_cos": -0.25881904510252063, "precip_prob_pct": 0.0, "home_lineup_avg_avg_10": 0.23777777777777775, "home_lineup_slg_avg_10": 0.3939404774246025, "home_lineup_iso_avg_10": 0.14825126262626262, "home_top4_slg_avg_10": 0.43436353027457764, "home_lineup_completeness": 1.1111111111111112, "away_lineup_avg_avg_10": 0.23716666666666664, "away_lineup_slg_avg_10": 0.3942290291369629, "away_lineup_iso_avg_10": 0.1482716049382716, "away_top4_slg_avg_10": 0.43898396553724545, "away_lineup_completeness": 1.1111111111111112, "lineup_avg_edge": 0.0, "lineup_slg_edge": -7.888910504128606e-05, "home_bullpen_ip_last_7": 21.99, "home_bp_era_7d": 3.7378864790032305, "away_bullpen_ip_last_7": 21.67, "away_bp_era_7d": 3.799249530956848, "bullpen_fatigue_7d_edge": -0.32, "series_game_number": 2.0, "home_sp_k_pct_10": 0.21541368132331684, "away_sp_k_pct_10": 0.21509281196972835, "home_sp_venue_starts": 5.0, "home_sp_venue_era": 3.9959711961086324, "home_sp_venue_k9": 8.707023757582606, "home_sp_venue_fip": 3.8987071911722007, "away_sp_venue_starts": 0.0, "away_sp_venue_era": 3.6, "away_sp_venue_k9": 7.714285714285714, "away_sp_venue_fip": 3.8666666666666667, "home_bp_relievers_last_1d": 3.0, "home_bp_relievers_last_2d": 5.0, "home_bp_relievers_last_3d": 7.0, "home_bp_ip_last_1d": 3.33, "home_bp_avg_era_last_3d": 3.3641889978188044, "away_bp_relievers_last_1d": 3.0, "away_bp_relievers_last_2d": 5.0, "away_bp_relievers_last_3d": 7.0, "away_bp_ip_last_1d": 3.0, "away_bp_avg_era_last_3d": 3.351012632282338, "home_sp_last_ip": 5.33, "away_sp_last_ip": 5.33, "home_sp_sc_barrel_rate": 8.5, "home_sp_sc_hard_hit_pct": 40.4, "home_sp_sc_xwoba": 0.319,