{"venue_id": 680.0, "run_line_home": -1.5, "run_line_home_price": -108.0, "run_line_away_price": -114.0, "total_line": 8.5, "over_price": -110.0, "under_price": -110.0, "open_run_line_home": -1.5, "open_total_line": 8.5, "total_line_move": 0.0, "run_line_move": 0.0, "park_run_factor": 1.006, "park_hr_factor": 1.012, "home_runs_avg_5": 4.25, "home_hr_avg_5": 1.0, "home_avg_avg_5": 0.23690709434243917, "home_obp_avg_5": 0.3017118263531463, "home_slg_avg_5": 0.38704696109995296, "home_iso_avg_5": 0.14831939081939083, "home_k_pct_avg_5": 0.2511005579430614, "home_bb_pct_avg_5": 0.08228467050115476, "home_runs_avg_10": 4.4, "home_hr_avg_10": 1.1, "home_avg_avg_10": 0.23763289600438803, "home_obp_avg_10": 0.30126565001991407, "home_slg_avg_10": 0.38740871425931, "home_iso_avg_10": 0.1493954291603436, "home_k_pct_avg_10": 0.2510911100906187, "home_bb_pct_avg_10": 0.08279303727388676, "home_runs_avg_20": 4.4, "home_runs_sd_10": 2.913569784454954, "home_sb_avg_5": 0.6, "home_sb_avg_10": 0.6, "home_sb_pct_10": 0.018691588785046728, "away_runs_avg_5": 4.4, "away_hr_avg_5": 1.0, "away_avg_avg_5": 0.23830977941867987, "away_obp_avg_5": 0.30228059936138274, "away_slg_avg_5": 0.387028392789778, "away_iso_avg_5": 0.14788824994473815, "away_k_pct_avg_5": 0.25029063164855386, "away_bb_pct_avg_5": 0.08173226213775939, "away_runs_avg_10": 4.4, "away_hr_avg_10": 1.1, "away_avg_avg_10": 0.23892048084739978, "away_obp_avg_10": 0.3023829714949047, "away_slg_avg_10": 0.38910466401234656, "away_iso_avg_10": 0.14992161226100853, "away_k_pct_avg_10": 0.2513775953598233, "away_bb_pct_avg_10": 0.08285382039373065, "away_runs_avg_20": 4.4, "away_runs_sd_10": 2.9078437983419185, "away_sb_avg_5": 0.6, "away_sb_avg_10": 0.6, "away_sb_pct_10": 0.018575851393188854, "home_runs_allowed_avg_5": 4.4, "home_era_5": 4.056153732755041, "home_whip_5": 1.2844924636521275, "home_k9_5": 8.5, "home_bb9_5": 3.15, "home_hr9_5": 1.1, "home_sp_era_5": 4.632922456314336, "home_sp_whip_5": 1.3699638768982096, "home_team_sp_k9_5": 8.380683835135056, "home_bp_era_5": 3.6905405405405407, "home_bp_whip_5": 1.2790729743270157, "home_bp_k9_5": 8.857313286783752, "home_runs_allowed_avg_10": 4.4, "home_era_10": 4.165058830598273, "home_whip_10": 1.2900126727741172, "home_k9_10": 8.492968840094644, "home_bb9_10": 3.175, "home_hr9_10": 1.141824975339715, "home_sp_era_10": 4.763161468708588, "home_sp_whip_10": 1.3910354426951406, "home_team_sp_k9_10": 8.342268708122262, "home_bp_era_10": 3.9682156799628467, "home_bp_whip_10": 1.301637204970008, "home_bp_k9_10": 8.878469781389107, "home_bullpen_ip_last_3": 9.33, "away_runs_allowed_avg_5": 4.2, "away_era_5": 4.028341551028644, "away_whip_5": 1.2791167047651586, "away_k9_5": 8.475, "away_bb9_5": 3.1314550140581066, "away_hr9_5": 1.075, "away_sp_era_5": 4.42375729031914, "away_sp_whip_5": 1.352352399432882, "away_team_sp_k9_5": 8.2662059376369, "away_bp_era_5": 3.81, "away_bp_whip_5": 1.2887424869881554, "away_bp_k9_5": 8.918341812966624, "away_runs_allowed_avg_10": 4.3, "away_era_10": 4.07128768478016, "away_whip_10": 1.2827360044383467, "away_k9_10": 8.500166852057841, "away_bb9_10": 3.152524745810256, "away_hr9_10": 1.1123595505617978, "away_sp_era_10": 4.6328147695823585, "away_sp_whip_10": 1.371469069321658, "away_team_sp_k9_10": 8.371394013642563, "away_bp_era_10": 3.914276819174888, "away_bp_whip_10": 1.2967310309808857, "away_bp_k9_10": 8.89952984115179, "away_bullpen_ip_last_3": 9.0, "home_sp_career_era_5": 4.259983918520504, "home_sp_career_whip_5": 1.3331584207896052, "home_sp_k_pct_5": 0.21420921099607282, "home_sp_bb_pct_5": 0.07516063013314886, "home_sp_fip_5": 4.1258470075543245, "home_sp_k9_5": 8.268770386319918, "home_sp_bb9_5": 3.0270605937843627, "home_sp_hr9_5": 1.19396423359838, "home_sp_ip_avg_5": 5.335, "home_sp_career_era_10": 4.359871135810447, "home_sp_fip_10": 4.198266703723809, "home_sp_starts_in_window": 5.0, "home_sp_days_rest": 6.0, "home_sp_era_home_10": 3.757065005838848, "home_sp_era_away_10": 4.386422645670131, "home_sp_k9_home_10": 8.516078621413264, "home_sp_k9_away_10": 8.006454793241279, "home_sp_fip_home_10": 3.862306477093207, "home_sp_fip_away_10": 4.212134189864383, "home_sp_era_20": 4.334160900579198, "home_sp_fip_20": 4.169613218854267, "home_sp_last_k": 5.0, "home_sp_last_bb": 2.0, "home_sp_last_fip": 3.7714285714285714, "away_sp_career_era_5": 4.184126984126984, "away_sp_career_whip_5": 1.3174386920980927, "away_sp_k_pct_5": 0.21476794741096947, "away_sp_bb_pct_5": 0.07445307434596973, "away_sp_fip_5": 4.130608465608465, "away_sp_k9_5": 8.252192529051651, "away_sp_bb9_5": 3.0, "away_sp_hr9_5": 1.1914087759815242, "away_sp_ip_avg_5": 5.4, "away_sp_career_era_10": 4.3, "away_sp_fip_10": 4.154425350972406, "away_sp_starts_in_window": 5.0, "away_sp_days_rest": 6.0, "away_sp_era_home_10": 3.8164021164021165, "away_sp_era_away_10": 4.307142857142857, "away_sp_k9_home_10": 8.427728289160159, "away_sp_k9_away_10": 8.002928535732133, "away_sp_fip_home_10": 3.905810135617416, "away_sp_fip_away_10": 4.2, "away_sp_era_20": 4.292168858978281, "away_sp_fip_20": 4.155490271354992, "away_sp_last_k": 5.0, "away_sp_last_bb": 2.0, "away_sp_last_fip": 3.7, "home_wins": 36.0, "home_losses": 36.0, "home_win_pct": 0.5034013605442177, "home_run_diff": 3.0, "home_run_diff_per_game": 0.08695652173913043, "home_rest_days": 1.0, "home_games_played": 73.0, "home_wins_last_5": 2.0, "home_win_pct_last_5": 0.4, "home_wins_last_10": 5.0, "home_win_pct_last_10": 0.5, "home_run_diff_avg_last_5": 0.0, "away_wins": 36.0, "away_losses": 36.0, "away_win_pct": 0.5037593984962406, "away_run_diff": 5.0, "away_run_diff_per_game": 0.1, "away_rest_days": 1.0, "away_games_played": 74.0, "away_wins_last_5": 3.0, "away_win_pct_last_5": 0.6, "away_wins_last_10": 5.0, "away_win_pct_last_10": 0.5, "away_run_diff_avg_last_5": 0.0, "h2h_games_ytd": 2.0, "h2h_home_win_pct_ytd": 0.5, "runs_scored_edge_10": 0.0, "obp_edge_10": -0.001812793828190301, "slg_edge_10": -0.002782536804060376, "era_edge_10": -0.08318931211856763, "whip_edge_10": -0.008968769182578162, "sp_fip_edge_5": -0.010929185238128322, "sp_era_edge_5": -0.02444033351032439, "bullpen_fatigue_edge": -0.33, "win_pct_edge": 0.0, "run_diff_per_game_edge": -0.008474576271186418, "home_implied_runs": 4.35, "away_implied_runs": 4.4, "park_adj_implied_total": 8.8443, "n_ump_games_prev_5": 5.0, "ump_rpg_5": 8.8, "ump_k9_5": 8.517647058823531, "ump_bb9_5": 3.1113760329228857, "ump_rpg_10": 8.8, "ump_k9_10": 8.549472515269295, "ump_bb9_10": 3.117865180209812, "temperature_f": 74.7, "wind_speed_mph": 7.2, "wind_sin": -0.19080899537654467, "wind_cos": -0.25881904510252085, "precip_prob_pct": 0.0, "home_lineup_avg_avg_10": 0.23763888888888887, "home_lineup_slg_avg_10": 0.3939258458391153, "home_lineup_iso_avg_10": 0.14816666666666667, "home_top4_slg_avg_10": 0.43436353027457764, "home_lineup_completeness": 1.1111111111111112, "away_lineup_avg_avg_10": 0.2368333333333333, "away_lineup_slg_avg_10": 0.394040633778411, "away_lineup_iso_avg_10": 0.14814814814814817, "away_top4_slg_avg_10": 0.4387870718462824, "away_lineup_completeness": 1.1111111111111112, "lineup_avg_edge": 0.0, "lineup_slg_edge": 0.0, "home_bullpen_ip_last_7": 21.685000000000002, "home_bp_era_7d": 3.751563803169308, "away_bullpen_ip_last_7": 21.66, "away_bp_era_7d": 3.802281368821293, "bullpen_fatigue_7d_edge": -0.32, "series_game_number": 2.0, "home_sp_k_pct_10": 0.21542142278298262, "away_sp_k_pct_10": 0.21521120666697846, "home_sp_venue_starts": 6.0, "home_sp_venue_era": 4.011357436530685, "home_sp_venue_k9": 8.717935883712343, "home_sp_venue_fip": 3.9059161167955407, "away_sp_venue_starts": 0.0, "away_sp_venue_era": 3.6, "away_sp_venue_k9": 7.7115325787702655, "away_sp_venue_fip": 3.8592785745328118, "home_bp_relievers_last_1d": 3.0, "home_bp_relievers_last_2d": 5.0, "home_bp_relievers_last_3d": 7.0, "home_bp_ip_last_1d": 3.33, "home_bp_avg_era_last_3d": 3.361934783515303, "away_bp_relievers_last_1d": 3.0, "away_bp_relievers_last_2d": 5.0,