{"total_line": 8.5, "open_run_line_home": 1.5, "open_total_line": 8.5, "away_iso_avg_5": 0.14829707888412824, "away_runs_allowed_avg_5": 4.2, "away_whip_5": 1.2806199704557322, "away_bb9_5": 3.163190287399593, "away_bp_era_5": 3.7875076879145375, "away_runs_allowed_avg_10": 4.3, "away_k9_10": 8.496855334606007, "away_bb9_10": 3.17297454275828, "away_bp_k9_10": 8.863934283390934, "home_sp_career_whip_5": 1.3333333333333333, "home_sp_k_pct_5": 0.21413293961467367, "home_sp_k9_home_10": 8.524017753028248, "home_sp_last_bb": 2.0, "away_sp_career_era_5": 4.2, "away_sp_bb9_5": 3.0255188308034193, "away_sp_hr9_5": 1.1774110783659362, "away_sp_ip_avg_5": 5.4, "away_sp_career_era_10": 4.297871023146877, "away_sp_days_rest": 6.0, "away_sp_era_away_10": 4.314285714285714, "away_sp_fip_20": 4.151368392412277, "home_run_diff": 1.0, "home_wins_last_5": 2.0, "away_win_pct_last_5": 0.6, "slg_edge_10": -0.002484969917491503, "sp_fip_edge_5": -0.035847937033649996, "win_pct_edge": 0.0, "run_diff_per_game_edge": -0.011901327827441632, "park_adj_implied_total": 8.8443, "ump_k9_10": 8.552474323062558, "temperature_f": 74.5, "wind_speed_mph": 7.3, "wind_cos": -0.24192189559966779, "precip_prob_pct": 0.0, "home_lineup_avg_avg_10": 0.23752777777777775, "home_top4_slg_avg_10": 0.43456018705021365, "away_top4_slg_avg_10": 0.43846390892074527, "bullpen_fatigue_7d_edge": -0.32, "series_game_number": 2.0, "home_sp_k_pct_10": 0.21519686670804186, "home_sp_venue_fip": 3.9111206563613266, "away_sp_venue_era": 3.6, "away_sp_venue_k9": 7.736059859687186, "home_bp_relievers_last_1d": 3.0, "home_bp_ip_last_1d": 3.33, "home_sp_sc_barrel_rate": 8.4, "home_sp_sc_xwoba": 0.319, "home_sp_sc_exit_velo": 89.3, "away_sp_sc_xwoba": 0.32, "away_sp_sc_whiff_pct": 24.1, "home_h2h_ba": 0.2515097997240855, "home_h2h_obp": 0.30000000000000004, "home_h2h_slg": 0.4, "away_h2h_obp": 0.30150662829234254, "home_lineup_xwoba_avg": 0.3123636363636364, "home_catcher_framing_rv": 0.156834470147432, "away_catcher_framing_rv": 0.156834470147432, "away_catcher_framing_rate": 0.4716981132075472, "away_fb_velo_avg_5": 93.93843285799167, "home_elo": 1503.4692172897435, "elo_diff": 0.6038455837909851, "season_days_elapsed": 69.5, "season_2024-regular": 0.0, "season_2025-regular": 0.0, "sp_whip_5_diff": -0.021828159372100586, "sp_composite_edge": -0.09385483872065103, "batting_hr_avg_5_diff": 0.0, "b2b_asymmetry": 0.0, "home_ops_5": 0.6896097749714936, "away_runs_trend_5v20": 0.0, "away_era_trend_5v10": 0.0015248209060636508, "home_sp_era_opp_adj_5": 4.635879230801142, "away_sp_era_opp_adj_5": 4.488709461270437, "home_sp_k_bb_ratio_5": 2.835056843200648, "sp_k_bb_ratio_diff": -0.049192662269694765, "away_team_k_bb_ratio_5": 2.6750956967281674, "home_pen_exposure_x_era": 1.4799333333333333, "away_pen_exposure_x_era": 1.507485672829937, "away_team_hr_x_park": 1.1, "home_sp_era_park_adj_5": 4.62652368624941, "away_sp_era_park_adj_5": 4.44399785146399, "away_pythag_x_opp_sp_fip": 2.0018187540480215, "pythag_sp_quality_diff": -0.05387566733848148, "sp_days_rest_diff": 0.0, "win_pct_last_10_diff": 0.0, "away_form_vs_season": 0.010561171139769954, "pen_depletion_edge": 0.0, "away_pen_qual_depletion": 18.80850958985541, "bp_avg_era_last_3d_diff": 0.0, "away_bp_usage_per_rest": 21.01, "bp_relievers_edge_1d": 0.0, "bp_relievers_edge_3d": 0.0, "home_bp_hot_1d": 9.32, "away_bp_hot_1d": 9.0, "home_elo_x_sp_quality": 0.11008071207888495, "away_elo_x_sp_quality": -0.12973257915046876, "home_sp_era_trend_5v10": 0.0, "sp_fip_trend_diff": 0.0, "home_sp_ip_per_rest": 0.945, "away_sp_ip_per_rest": 1.0, "home_sp_era_5v20": 0.0, "home_sp_fip_5v20": 0.0, "ump_k9_x_home_sp_k": 1.8172030787394924, "combined_bp_k9": 8.86962180853155, "bp_k9_edge": 0.008020802966596907, "total_k_suppression": 3.5193573579229316, "combined_ops_10": 1.3864912362569877, "away_sb_trend": 0.0, "park_adj_total_env": 8.8102, "home_top4_x_opp_bp": 0.4549724105816895, "away_top4_x_opp_bp": 0.4734206921081765, "combined_sp_sc_xwoba": 0.639, "diff_sp_sc_xwoba": 0.0, "combined_sp_sc_bb_pct": 15.5, "combined_sp_sc_oz_swing_pct": 57.8, "home_sp_sc_k_bb_ratio": 2.75, "diff_sp_sc_k_bb_ratio": 0.0, "wind_scoring_boost": 0.13771728611883965, "diff_lineup_xwoba": 0.0004146464646464787, "home_lineup_vs_opp_sp": -0.007261363636363621, "h2h_slg_edge_wtd": 0.0, "fb_velo_trend_diff": -0.025813311335717515, "abs_fb_velo_trend_home": 0.41232346661276154}