{
  "diff_sp_sc_xwoba": 0.016343,
  "combined_sp_sc_xwoba": 0.011956,
  "home_rest_days": 0.010341,
  "diff_lineup_xwoba": 0.00814,
  "season_2025-regular": 0.00749,
  "away_sp_era_park_adj_5": 0.006446,
  "away_h2h_slg_wtd": 0.006174,
  "combined_slg_avg_10": 0.005536,
  "series_game_number": 0.005426,
  "home_h2h_ba": 0.00541,
  "away_elo_x_sp_quality": 0.005344,
  "home_games_played": 0.004891,
  "away_games_played": 0.004657,
  "home_losses": 0.004426,
  "home_sp_sc_xwoba": 0.00436,
  "obp_edge_10": 0.004291,
  "away_sp_k_pct_5": 0.004241,
  "away_sp_venue_fip": 0.004232,
  "away_sp_days_rest": 0.004222,
  "combined_runs_avg_5": 0.004171,
  "pythag_diff": 0.004073,
  "away_sp_ip_per_rest": 0.003975,
  "home_h2h_slg": 0.003891,
  "bp_relievers_edge_3d": 0.003828,
  "batting_hr_avg_10_diff": 0.003827,
  "away_sp_venue_k9": 0.003773,
  "combined_sp_sc_oz_swing_pct": 0.003765,
  "away_iso_avg_5": 0.003738,
  "sp_k_pct_trend_diff": 0.003703,
  "combined_sp_sc_whiff_pct": 0.003674,
  "away_lineup_xslg_avg": 0.003569,
  "away_runs_allowed_avg_5": 0.003522,
  "team_era_5_diff": 0.003515,
  "team_hr_park_diff": 0.003417,
  "home_sp_sl_whiff_pct": 0.003414,
  "home_run_diff": 0.003402,
  "away_team_k_bb_ratio_5": 0.003383,
  "home_runs_trend_5v20": 0.003377,
  "away_pen_exposure_x_era": 0.003352,
  "home_bp_usage_per_rest": 0.003335,
  "pythag_sp_quality_diff": 0.003297,
  "away_bp_era_7d": 0.003274,
  "away_sb_pct_10": 0.003268,
  "wind_scoring_boost": 0.003259,
  "total_k_suppression": 0.003258,
  "home_runs_allowed_avg_5": 0.003233,
  "bp_era_diff_5": 0.003222,
  "sp_whip_5_diff": 0.003221,
  "home_era_10": 0.003202,
  "elo_diff": 0.0032,
  "diff_sp_sc_barrel_rate": 0.003191,
  "away_sp_k_pct_trend": 0.003168,
  "away_wins_last_10": 0.00315,
  "park_adj_runs_diff": 0.003148,
  "home_k9_10": 0.003145,
  "whip_edge_10": 0.003135,
  "away_fb_velo_avg_5": 0.003133,
  "fb_velo_trend_diff": 0.003115,
  "away_sp_sc_barrel_rate": 0.003013,
  "away_sp_ip_avg_5": 0.003011,
  "away_bp_whip_10": 0.003003,
  "away_sp_fip_10": 0.002996,
  "home_lineup_hard_hit_avg": 0.002996,
  "win_pct_last_5_diff": 0.002992,
  "combined_runs_trend_5v10": 0.002992,
  "away_obp_avg_5": 0.002979,
  "team_k_bb_ratio_diff": 0.002966,
  "diff_sp_sc_k_bb_ratio": 0.002966,
  "away_pythag": 0.002956,
  "away_sp_sc_xwoba": 0.002942,
  "home_sp_k9_5": 0.002917,
  "win_pct_edge": 0.002912,
  "sp_venue_familiarity_diff": 0.002909,
  "away_lineup_xwoba_avg": 0.002893,
  "home_bp_hot_1d": 0.002863,
  "away_sp_whip_10": 0.002853,
  "home_sp_fip_5": 0.002838,
  "sp_home_away_split_edge": 0.002826,
  "home_bp_avg_era_last_3d": 0.002823,
  "form_momentum_diff": 0.002804,
  "away_era_10": 0.002791,
  "away_sp_k_pct_10": 0.002788,
  "away_team_hr_x_park": 0.002775,
  "home_sp_venue_era": 0.002769,
  "home_sp_era_away_10": 0.002767,
  "home_fb_velo_trend_5": 0.002748,
  "home_form_vs_season": 0.002748,
  "away_era_trend_5v10": 0.00273,
  "away_sp_era_10": 0.002711,
  "away_h2h_slg": 0.002707,
  "away_sp_fip_away_10": 0.002703,
  "away_run_diff_avg_last_5": 0.002695,
  "away_sp_era_5": 0.002689,
  "home_sp_days_rest": 0.002684,
  "home_top4_slg_avg_10": 0.002668,
  "home_sp_era_20": 0.002659,
  "away_catcher_framing_rv": 0.002648,
  "runs_scored_edge_10": 0.002637,
  "away_sp_k9_away_10": 0.002631,
  "run_diff_avg_last_5_edge": 0.002631,
  "home_sp_sc_k_pct": 0.002629,
  "away_sp_sc_bb_pct": 0.002628,
  "home_lineup_xwoba_avg": 0.002615,
  "ump_k9_x_away_sp_k": 0.002613,
  "away_elo": 0.00261,
  "home_pen_exposure_x_era": 0.002601,
  "sp_pitches_est_diff": 0.002596,
  "away_runs_trend_5v20": 0.002577,
  "bp_avg_era_last_3d_diff": 0.002576,
  "home_sp_career_era_5": 0.00256,
  "lineup_avg_edge": 0.002546,
  "home_lineup_vs_opp_sp": 0.002521,
  "home_catcher_framing_rate": 0.00252,
  "away_bp_ip_last_1d": 0.00252,
  "home_bb9_10": 0.002511,
  "run_diff_per_game_edge": 0.00251,
  "batting_iso_avg_10_diff": 0.002507,
  "away_top4_slg_avg_10": 0.002503,
  "total_k_env": 0.0025,
  "home_bp_whip_10": 0.002497,
  "home_hr9_5": 0.002497,
  "wind_sin": 0.002496,
  "abs_run_line_move": 0.002477,
  "h2h_slg_edge": 0.002441,
  "home_sp_last_k_rate": 0.002438,
  "home_team_k_bb_ratio_5": 0.002426,
  "away_top4_x_opp_bp": 0.002422,
  "away_sp_venue_era": 0.002419,
  "away_k9_10": 0.002416,
  "temperature_f": 0.002406,
  "sb_rate_diff": 0.002404,
  "home_sp_last_bb": 0.002404,
  "ump_k9_10": 0.002403,
  "home_sp_fb_put_away": 0.002398,
  "diff_sp_sc_k_pct": 0.002394,
  "home_sp_ip_avg_5": 0.002391,
  "home_team_hr_x_park": 0.002389,
  "sp_era_fip_gap_diff": 0.002388,
  "away_bp_relievers_last_1d": 0.002383,
  "away_bb9_10": 0.00237,
  "away_slg_avg_10": 0.002363,
  "combined_sp_era_5": 0.002357,
  "combined_fb_put_away": 0.00235,
  "era_trend_diff": 0.002337,
  "ops_diff_5": 0.002336,
  "sp_fip_edge_5": 0.002334,
  "ump_bb9_x_away_team_bb": 0.002331,
  "home_bp_whip_5": 0.002331,
  "away_sp_sc_oz_swing_pct": 0.002326,
  "home_lineup_iso_avg_10": 0.00232,
  "combined_catcher_framing_rv": 0.002314,
  "home_obp_avg_10": 0.002309,
  "away_sp_fip_home_10": 0.002304,
  "home_sp_k_bb_ratio_5": 0.002302,
  "batting_runs_avg_5_diff": 0.002301,
  "home_lineup_slg_avg_10": 0.002295,
  "home_sp_sc_hard_hit_pct": 0.002284,
  "sp_k_bb_ratio_diff": 0.00227,
  "lineup_slg_edge": 0.002267,
  "home_sp_fip_away_10": 0.002266,
  "away_sp_home_away_era_split": 0.002261,
  "batting_avg_avg_5_diff": 0.00226,
  "away_sp_k9_home_10": 0.002255,
  "away_pen_qual_depletion": 0.002244,
  "away_sp_era_5v20": 0.002244,
  "away_avg_avg_10": 0.002239,
  "combined_bp_k9": 0.002238,
  "away_sp_k9_5": 0.00223,
  "home_sp_sc_k_bb_ratio": 0.002228,
  "away_bb9_5": 0.002221,
  "away_sp_era_home_10": 0.002215,
  "away_run_diff_per_game": 0.002208,
  "away_sp_bb_pct_5": 0.002207,
  "home_sp_era_fip_gap": 0.002206,
  "away_h2h_ba": 0.002205,
  "away_bp_whip_5": 0.002197,
  "ump_k9_5": 0.002196,
  "combined_sp_era_10": 0.002194,
  "away_bb_pct_avg_5": 0.00219,
  "home_hr_avg_10": 0.002189,
  "lineup_vs_sp_edge": 0.002184,
  "home_lineup_avg_avg_10": 0.002182,
  "away_runs_allowed_avg_10": 0.002179,
  "combined_sp_sc_barrel_rate": 0.002174,
  "sp_k_pct_5_diff": 0.002171,
  "ump_sp_k_environment": 0.002165,
  "home_top4_x_opp_bp": 0.002164,
  "combined_obp_avg_10": 0.002161,
  "home_elo_x_sp_quality": 0.002159,
  "diff_lineup_barrel": 0.002156,
  "pen_qual_depletion_edge": 0.002154,
  "away_lineup_hard_hit_avg": 0.002151,
  "home_sb_pct_10": 0.002144,
  "away_avg_avg_5": 0.002135,
  "home_sp_k_pct_5": 0.002126,
  "home_sp_k_pct_trend": 0.002123,
  "away_h2h_obp": 0.00212,
  "away_sp_last_fip": 0.002115,
  "away_bp_avg_era_last_3d": 0.002112,
  "home_ops_10": 0.00211,
  "catcher_framing_rv_diff": 0.0021,
  "home_sp_sc_whiff_pct": 0.002092,
  "diff_sp_sc_hard_hit_pct": 0.002092,
  "home_win_pct": 0.002083,
  "away_sp_sc_hard_hit_pct": 0.002081,
  "home_bullpen_ip_last_7": 0.002079,
  "wind_speed_mph": 0.002076,
  "away_team_sp_k9_5": 0.002073,
  "home_bp_relievers_last_3d": 0.002064,
  "combined_sp_sc_bb_pct": 0.002061,
  "home_implied_runs": 0.002049,
  "diff_sp_sc_whiff_pct": 0.002045,
  "sp_composite_edge": 0.002041,
  "away_sp_sl_whiff_pct": 0.00204,
  "diff_lineup_hard_hit": 0.00204,
  "sp_days_rest_diff": 0.002031,
  "home_sp_sc_exit_velo": 0.002029,
  "bp_era_diff_10": 0.002025,
  "home_sp_era_trend_5v10": 0.002024,
  "era_edge_10": 0.002021,
  "home_hr9_10": 0.002019,
  "away_sp_era_trend_5v10": 0.002012,
  "away_bp_usage_per_rest": 0.002009,
  "park_adj_implied_total": 0.002008,
  "runs_trend_diff": 0.002007,
  "away_pythag_x_opp_sp_fip": 0.001994,
  "home_bp_k9_5": 0.001983,
  "home_lineup_barrel_avg": 0.001977,
  "away_sb_trend": 0.001977,
  "away_catcher_framing_rate": 0.001967,
  "top4_bp_matchup_diff": 0.001958,