{
  "away_sp_venue_starts": 0.015363,
  "diff_sp_sc_xwoba": 0.012632,
  "diff_lineup_xwoba": 0.0095,
  "home_rest_days": 0.008613,
  "combined_sp_sc_xwoba": 0.007542,
  "precip_prob_pct": 0.007048,
  "away_sp_venue_advantage": 0.006789,
  "away_sp_venue_k9": 0.005848,
  "away_rest_days": 0.005624,
  "bp_relievers_edge_3d": 0.00516,
  "away_sp_pitches_est": 0.004998,
  "away_ops_5": 0.004833,
  "away_sp_last_ip": 0.004659,
  "away_sp_sc_xwoba": 0.004508,
  "home_ops_5": 0.004437,
  "home_sp_whip_10": 0.004419,
  "sb_rate_diff": 0.004414,
  "temp_cold_penalty": 0.004332,
  "away_team_k_bb_ratio_5": 0.004085,
  "away_sp_k_pct_10": 0.003941,
  "combined_slg_avg_10": 0.00393,
  "pen_qual_depletion_edge": 0.003922,
  "home_catcher_framing_rv": 0.003905,
  "bp_avg_era_last_3d_diff": 0.003877,
  "fb_velo_trend_diff": 0.003839,
  "home_sp_sc_xwoba": 0.003802,
  "abs_total_line_move": 0.003789,
  "home_pen_depletion": 0.003779,
  "home_top4_x_opp_bp": 0.003742,
  "ump_rpg_x_park": 0.00373,
  "home_elo_x_sp_quality": 0.003721,
  "away_h2h_slg_wtd": 0.003697,
  "ump_sp_k_environment": 0.003662,
  "home_runs_allowed_avg_5": 0.003657,
  "home_bp_usage_per_rest": 0.003593,
  "run_line_move_direction": 0.003579,
  "home_win_pct": 0.00357,
  "h2h_slg_edge_wtd": 0.003561,
  "sp_era_edge_5": 0.003512,
  "away_sp_sc_k_bb_ratio": 0.003448,
  "away_lineup_xwoba_avg": 0.003435,
  "home_bp_hot_1d": 0.003411,
  "away_bullpen_exposure": 0.003385,
  "home_sp_era_10": 0.003376,
  "home_losses": 0.003356,
  "away_elo_x_sp_quality": 0.003345,
  "home_bp_avg_era_last_3d": 0.003331,
  "away_pythag_x_opp_sp_fip": 0.003301,
  "away_era_trend_5v10": 0.003294,
  "diff_sp_sc_k_pct": 0.003294,
  "away_sp_sc_barrel_rate": 0.003279,
  "away_bp_hot_1d": 0.003273,
  "combined_obp_avg_10": 0.00326,
  "home_sp_venue_k9": 0.003238,
  "sp_form_edge": 0.003235,
  "combined_sp_sc_k_pct": 0.003225,
  "pen_depletion_edge": 0.003224,
  "home_top4_slg_avg_10": 0.003222,
  "home_lineup_vs_opp_sp": 0.003202,
  "home_pen_exposure_x_era": 0.003201,
  "combined_ops_10": 0.003185,
  "home_bb9_10": 0.003178,
  "run_diff_avg_last_5_edge": 0.003159,
  "away_sp_k9_away_10": 0.003142,
  "bp_k9_edge": 0.003112,
  "home_sp_fip_away_10": 0.003111,
  "away_sp_hr9_5": 0.003069,
  "away_losses": 0.003065,
  "diff_sp_sc_k_bb_ratio": 0.003065,
  "away_sp_fip_5v20": 0.003046,
  "batting_avg_avg_10_diff": 0.003036,
  "runs_scored_edge_10": 0.003019,
  "bullpen_fatigue_edge": 0.003001,
  "away_pythag_vs_record": 0.002999,
  "away_sb_trend": 0.002998,
  "home_sp_sc_bb_pct": 0.002992,
  "away_park_adj_runs_10": 0.00297,
  "away_sp_fip_away_10": 0.002931,
  "combined_sp_sc_barrel_rate": 0.002926,
  "ops_diff_10": 0.002921,
  "home_sp_hr9_5": 0.002916,
  "bp_relievers_edge_1d": 0.0029,
  "home_implied_runs": 0.002899,
  "away_sp_fip_20": 0.002886,
  "season_2025-regular": 0.002871,
  "runs_trend_diff": 0.002859,
  "home_team_hr_x_park": 0.002846,
  "home_sp_era_away_10": 0.002837,
  "away_sp_era_10": 0.002826,
  "home_sp_era_park_adj_5": 0.002823,
  "away_pen_exposure_x_era": 0.002821,
  "sp_era_park_adj_diff": 0.002805,
  "away_bb9_5": 0.00279,
  "home_pythag": 0.002771,
  "away_catcher_framing_rv": 0.002758,
  "combined_runs_avg_5": 0.002753,
  "home_sp_pitches_est": 0.002739,
  "away_pythag": 0.002738,
  "home_sp_fip_home_10": 0.002734,
  "diff_sp_sc_hard_hit_pct": 0.002732,
  "home_sp_career_whip_5": 0.002731,
  "away_era_10": 0.002726,
  "home_hr9_5": 0.002716,
  "home_team_k_bb_ratio_5": 0.002713,
  "away_form_vs_season": 0.002705,
  "away_top4_slg_avg_10": 0.002703,
  "away_hr9_10": 0.002702,
  "away_sp_sl_whiff_pct": 0.002693,
  "home_sp_venue_era": 0.002681,
  "home_fb_velo_avg_5": 0.002674,
  "home_sp_sc_exit_velo": 0.002664,
  "abs_run_line_move": 0.00266,
  "combined_sp_k_pct": 0.002647,
  "away_sp_home_away_era_split": 0.002646,
  "away_lineup_barrel_avg": 0.002644,
  "home_sp_sc_hard_hit_pct": 0.002618,
  "home_lineup_iso_avg_10": 0.002613,
  "away_sp_fip_10": 0.002609,
  "away_sp_whip_10": 0.002598,
  "combined_sp_sc_bb_pct": 0.002589,
  "diff_sp_sc_barrel_rate": 0.002587,
  "elo_diff": 0.002585,
  "sp_era_opp_adj_diff": 0.002582,
  "sp_last_quality_diff": 0.002575,
  "home_team_sp_k9_10": 0.002572,
  "home_sp_k9_5": 0.002556,
  "home_lineup_avg_avg_10": 0.002551,
  "home_k9_10": 0.00255,
  "sp_era_regression_diff": 0.002547,
  "away_fb_velo_avg_5": 0.002545,
  "home_lineup_barrel_avg": 0.002539,
  "away_sp_era_5v20": 0.00251,
  "era_trend_diff": 0.002494,
  "away_h2h_ba": 0.002485,
  "sp_composite_edge": 0.002482,
  "home_sp_bb9_5": 0.002474,
  "bp_era_diff_5": 0.002473,
  "home_sp_venue_fip": 0.002466,
  "away_sp_last_fip": 0.002463,
  "away_k9_10": 0.002461,
  "away_sp_last_k": 0.00246,
  "diff_sp_sc_bb_pct": 0.002458,
  "combined_sp_sc_oz_swing_pct": 0.002446,
  "away_run_diff": 0.002446,
  "sp_k_bb_ratio_diff": 0.002426,
  "home_era_5": 0.002423,
  "away_bb9_10": 0.002421,
  "whip_edge_10": 0.002378,
  "away_lineup_xslg_avg": 0.002366,
  "total_k_env": 0.002353,
  "away_fb_velo_trend_5": 0.002351,
  "total_k_suppression": 0.002347,
  "away_bp_avg_era_last_3d": 0.002347,
  "away_bp_usage_per_rest": 0.002341,
  "home_runs_avg_20": 0.002336,
  "wind_scoring_boost": 0.002329,
  "combined_runs_trend_5v10": 0.002329,
  "obp_edge_10": 0.002318,
  "home_form_vs_season": 0.002315,
  "home_sp_last_bb": 0.002297,
  "temperature_f": 0.002285,
  "wind_sin": 0.002282,
  "away_run_diff_avg_last_5": 0.002273,
  "away_win_pct_last_10": 0.002273,
  "pythag_sp_quality_diff": 0.002267,
  "away_win_pct": 0.002261,
  "away_sp_era_home_10": 0.002252,
  "home_bp_era7_x_ip7": 0.002239,
  "away_sp_venue_era": 0.002236,
  "start_hour_utc": 0.002232,
  "sp_fip_trend_diff": 0.002222,
  "away_iso_avg_10": 0.002217,
  "home_sp_k_bb_ratio_5": 0.002216,
  "away_run_diff_per_game": 0.002205,
  "home_hr9_10": 0.002204,
  "team_k_bb_ratio_diff": 0.002177,
  "home_pythag_x_opp_sp_fip": 0.002176,
  "combined_bp_k9": 0.002168,
  "home_sp_sl_whiff_pct": 0.002165,
  "home_sp_fip_10": 0.002165,
  "home_fb_velo_trend_5": 0.002164,
  "home_sp_last_k": 0.002162,
  "team_era_5_diff": 0.002156,
  "home_sp_ip_avg_5": 0.002154,
  "combined_catcher_framing_rv": 0.002151,
  "away_pen_qual_depletion": 0.00215,
  "lineup_vs_sp_edge": 0.002146,
  "away_h2h_n": 0.002145,
  "combined_sl_whiff_pct": 0.002139,
  "home_sp_bb_pct_5": 0.002134,
  "home_bp_relievers_last_3d": 0.002131,
  "away_catcher_framing_rate": 0.002123,
  "away_sp_k_bb_ratio_5": 0.002123,
  "era_edge_10": 0.002123,
  "ump_k9_10": 0.002114,
  "home_elo": 0.002112,
  "home_bp_whip_5": 0.00211,
  "away_sp_era_opp_adj_5": 0.0021,
  "home_h2h_ba": 0.002096,
  "home_sp_days_rest": 0.002085,
  "away_h2h_slg": 0.002074,
  "bp_relievers_edge_2d": 0.002073,
  "away_win_pct_last_5": 0.002065,
  "away_team_hr_x_park": 0.002052,
  "home_sp_k9_away_10": 0.002047,
  "home_sp_k_pct_trend": 0.002045,
  "park_adj_implied_total": 0.002038,
  "sp_home_away_split_edge": 0.002025,
  "away_bp_era_10": 0.002007,
  "wind_speed_mph": 0.002004,
  "home_run_diff": 0.001998,
  "home_sp_last_k_rate": 0.001996,
  "home_sp_sc_whiff_pct": 0.001993,
  "pythag_record_edge": 0.00199,
  "h2h_games_ytd": 0.001986,
  "home_sp_fip_trend_5v10": 0.001972,
  "away_sp_fip_trend_5v10": 0.001971,
  "home_sp_venue_advantage": 0.001966,
  "away_hr_avg_10": 0.001965,
  "home_catcher_framing_rate": 0.001956,
  "away_bp_relievers_last_1d": 0.001945,
  "combined_sp_era_5": 0.001945,
  "away_games_played": 0.001942,
  "away_lineup_iso_avg_10": 0.001941,
  "home_run_diff_avg_last_5": 0.00194,
  "home_lineup_slg_avg_10": 0.001922,
  "home_sp_sc_k_pct": 0.001921,
  "home_sp_fip_20": 0.001913,
  "lineup_avg_edge": 0.001911,
  "away_bp_whip_10": 0.001908,
  "away_bb_pct_avg_10": 0.001906,
  "home_obp_avg_10": 0.001902,