{"venue_id": 680.0, "run_line_home": -1.5, "run_line_home_price": -110.0, "run_line_away_price": -113.0, "total_line": 8.5, "over_price": -110.0, "under_price": -110.0, "open_run_line_home": -1.5, "open_total_line": 8.5, "total_line_move": 0.0, "run_line_move": 0.0, "park_run_factor": 1.006, "park_hr_factor": 1.012, "home_runs_avg_5": 4.2, "home_hr_avg_5": 1.0, "home_avg_avg_5": 0.23682757684826114, "home_obp_avg_5": 0.3013544696745666, "home_slg_avg_5": 0.38731872807774137, "home_iso_avg_5": 0.14845247845247844, "home_k_pct_avg_5": 0.2514092736238322, "home_bb_pct_avg_5": 0.0820565276005886, "home_runs_avg_10": 4.4, "home_hr_avg_10": 1.1, "home_avg_avg_10": 0.23753420026562597, "home_obp_avg_10": 0.30113040929296786, "home_slg_avg_10": 0.38740547682276927, "home_iso_avg_10": 0.1494600736067454, "home_k_pct_avg_10": 0.25128562445865466, "home_bb_pct_avg_10": 0.08267578523241043, "home_runs_avg_20": 4.4, "home_runs_sd_10": 2.9145228659388023, "away_runs_avg_5": 4.4, "away_hr_avg_5": 1.0, "away_avg_avg_5": 0.23809138492069437, "away_obp_avg_5": 0.30194708158764644, "away_slg_avg_5": 0.3867121044658608, "away_iso_avg_5": 0.14766037112336924, "away_k_pct_avg_5": 0.25053922502065373, "away_bb_pct_avg_5": 0.08155236462863003, "away_runs_avg_10": 4.4, "away_hr_avg_10": 1.1, "away_avg_avg_10": 0.23879022934873928, "away_obp_avg_10": 0.30201874441708565, "away_slg_avg_10": 0.3889369411322463, "away_iso_avg_10": 0.14976294315295352, "away_k_pct_avg_10": 0.25166388242340687, "away_bb_pct_avg_10": 0.08256439719461266, "away_runs_avg_20": 4.4, "away_runs_sd_10": 2.9059326290271157, "home_runs_allowed_avg_5": 4.4, "home_era_5": 4.046754798517398, "home_whip_5": 1.2823032769425668, "home_k9_5": 8.505, "home_bb9_5": 3.141603032039224, "home_hr9_5": 1.1, "home_sp_era_5": 4.624463749463749, "home_sp_whip_5": 1.367498027276806, "home_team_sp_k9_5": 8.37701012881955, "home_bp_era_5": 3.6694545107166543, "home_bp_whip_5": 1.2775395189760306, "home_bp_k9_5": 8.86261456310547, "home_runs_allowed_avg_10": 4.4, "home_era_10": 4.1575, "home_whip_10": 1.2883073004565562, "home_k9_10": 8.5, "home_bb9_10": 3.165108162044084, "home_hr9_10": 1.138867466092885, "home_sp_era_10": 4.755531473220036, "home_sp_whip_10": 1.3872964573070827, "home_team_sp_k9_10": 8.34476288881013, "home_bp_era_10": 3.956869410337219, "home_bp_whip_10": 1.300536925555567, "home_bp_k9_10": 8.884758971683759, "home_bullpen_ip_last_3": 9.33, "away_runs_allowed_avg_5": 4.2, "away_era_5": 4.025844806007509, "away_whip_5": 1.277777777777778, "away_k9_5": 8.47990726124704, "away_bb9_5": 3.125, "away_hr9_5": 1.075, "away_sp_era_5": 4.429444432733153, "away_sp_whip_5": 1.3528726063007264, "away_team_sp_k9_5": 8.270272357625773, "away_bp_era_5": 3.8014620777761468, "away_bp_whip_5": 1.2867515436466361, "away_bp_k9_5": 8.927943739134538, "away_runs_allowed_avg_10": 4.3, "away_era_10": 4.0625, "away_whip_10": 1.281451196466386, "away_k9_10": 8.502019982428513, "away_bb9_10": 3.1479809574879347, "away_hr9_10": 1.1123595505617978, "away_sp_era_10": 4.636771787763912, "away_sp_whip_10": 1.371469069321658, "away_team_sp_k9_10": 8.375661281952105, "away_bp_era_10": 3.9074075599400167, "away_bp_whip_10": 1.2940271177042513, "away_bp_k9_10": 8.901174410978946, "away_bullpen_ip_last_3": 9.0, "home_sp_career_era_5": 4.262162162162162, "home_sp_career_whip_5": 1.3333333333333333, "home_sp_k_pct_5": 0.214127392173655, "home_sp_bb_pct_5": 0.07499902553108555, "home_sp_fip_5": 4.134973544973545, "home_sp_k9_5": 8.25, "home_sp_bb9_5": 3.024449128960044, "home_sp_hr9_5": 1.2, "home_sp_ip_avg_5": 5.335, "home_sp_career_era_10": 4.37218009478673, "home_sp_fip_10": 4.2, "home_sp_starts_in_window": 5.0, "home_sp_days_rest": 6.0, "home_sp_is_short_rest": 0.0, "home_sp_era_home_10": 3.7832963763096528, "home_sp_era_away_10": 4.405993140768672, "home_sp_k9_home_10": 8.510982008995502, "home_sp_k9_away_10": 8.016186219686364, "home_sp_fip_home_10": 3.8672586720725013, "home_sp_fip_away_10": 4.215368458087944, "home_sp_era_20": 4.346785714285715, "home_sp_fip_20": 4.181656726830947, "home_sp_last_k": 5.0, "home_sp_last_bb": 2.0, "home_sp_last_fip": 3.7714285714285714, "away_sp_career_era_5": 4.2, "away_sp_career_whip_5": 1.3174603174603174, "away_sp_k_pct_5": 0.2147366757536249, "away_sp_bb_pct_5": 0.07421332120388435, "away_sp_fip_5": 4.137312419788434, "away_sp_k9_5": 8.25140712945591, "away_sp_bb9_5": 3.0, "away_sp_hr9_5": 1.195438972162741, "away_sp_ip_avg_5": 5.4, "away_sp_career_era_10": 4.305654761904762, "away_sp_fip_10": 4.158542999248476, "away_sp_starts_in_window": 5.0, "away_sp_days_rest": 6.0, "away_sp_is_short_rest": 0.0, "away_sp_era_home_10": 3.8164021164021165, "away_sp_era_away_10": 4.329225504681766, "away_sp_k9_home_10": 8.424729741802913, "away_sp_k9_away_10": 8.004974631772585, "away_sp_fip_home_10": 3.906466784244562, "away_sp_fip_away_10": 4.2, "away_sp_era_20": 4.296428571428572, "away_sp_fip_20": 4.166479260369815, "away_sp_last_k": 5.0, "away_sp_last_bb": 2.0, "away_sp_last_fip": 3.7, "home_wins": 37.0, "home_losses": 37.0, "home_win_pct": 0.5037593984962406, "home_run_diff": 4.0, "home_run_diff_per_game": 0.09411764705882353, "home_division_rank": NaN, "home_rest_days": 1.0, "home_is_b2b": 1.0, "home_games_played": 76.0, "home_wins_last_5": 2.0, "home_win_pct_last_5": 0.4, "home_wins_last_10": 5.0, "home_win_pct_last_10": 0.5, "home_run_diff_avg_last_5": 0.0, "away_wins": 37.0, "away_losses": 37.0, "away_win_pct": 0.5037593984962406, "away_run_diff": 5.0, "away_run_diff_per_game": 0.10294117647058823, "away_division_rank": NaN, "away_rest_days": 1.0, "away_is_b2b": 1.0, "away_games_played": 75.0, "away_wins_last_5": 3.0, "away_win_pct_last_5": 0.6, "away_wins_last_10": 5.0, "away_win_pct_last_10": 0.5, "away_run_diff_avg_last_5": 0.0, "h2h_games_ytd": 2.0, "h2h_home_win_pct_ytd": 0.5, "runs_scored_edge_10": 0.0, "obp_edge_10": -0.0016919975611272564, "slg_edge_10": -0.0023376884489716143, "era_edge_10": -0.08144762084666274, "whip_edge_10": -0.007878114968806527, "sp_fip_edge_5": -0.019937612829362152, "sp_era_edge_5": -0.026489187219607434, "bullpen_fatigue_edge": -0.33, "rest_days_advantage": 0.0, "win_pct_edge": 0.0, "run_diff_per_game_edge": 0.0, "division_rank_edge": 0.0, "home_implied_runs": 4.35, "away_implied_runs": 4.4, "park_adj_implied_total": 8.829, "n_ump_games_prev_5": 5.0, "ump_rpg_5": 8.8, "ump_k9_5": 8.517587112666078, "ump_bb9_5": 3.1062950268566416, "ump_rpg_10": 8.8, "ump_k9_10": 8.54494491079122, "ump_bb9_10": 3.114445886239217, "temperature_f": 74.8, "wind_speed_mph": 7.1, "wind_sin": -0.19080899537654467, "wind_cos": -0.2756373558169989, "precip_prob_pct": 0.0, "is_dome": 0.0, "home_lineup_avg_avg_10": 0.2375, "home_lineup_slg_avg_10": 0.39404112523320056, "home_lineup_iso_avg_10": 0.14833333333333334, "home_top4_slg_avg_10": 0.4348499905983598, "home_lineup_completeness": 1.1111111111111112, "away_lineup_avg_avg_10": 0.23682575757575758, "away_lineup_slg_avg_10": 0.3939322125287972, "away_lineup_iso_avg_10": 0.1480892255892256, "away_top4_slg_avg_10": 0.4381887787487543, "away_lineup_completeness": 1.1111111111111112, "lineup_avg_edge": 0.0, "lineup_slg_edge": 0.0, "home_bullpen_ip_last_7": 21.67, "home_bp_era_7d": 3.7378864790032305, "home_sp_short_last": 0.0, "away_bullpen_ip_last_7": 21.66, "away_bp_era_7d": 3.7974683544303796, "away_sp_short_last": 0.0, "bullpen_fatigue_7d_edge": -0.32, "series_game_number": 2.0, "home_sp_k_pct_10": 0.21537975238751725, "away_sp_k_pct_10": 0.21521120666697846, "home_sp_venue_starts": 6.0, "home_sp_venue_era": 4.022291786505865, "home_sp_venue_k9": 8.720357142857143, "home_sp_venue_fip": 3.9167639282186055, "away_sp_venue_starts": 0.0, "away_sp_venue_era": 3.6, "away_sp_venue_k9": 7.7115325787702655, "away_sp_venue_fip": 3.8592785745328118, "home_sp_pitch_hand_l": 0.0, "away_sp_pitch_hand_l": 0.0, "home_team_avg_vs_lhp": NaN, "home_team_avg_vs_rhp": NaN, "home_team_obp_vs_lhp": NaN, "home_team_obp_vs_rhp": NaN, "home_team_slg_vs_lhp": NaN,