{"venue_id": 680.0, "run_line_home": -1.5, "run_line_home_price": -110.0, "run_line_away_price": -113.0, "total_line": 8.5, "over_price": -110.0, "under_price": -110.0, "open_run_line_home": -1.5, "open_total_line": 8.5, "total_line_move": 0.0, "run_line_move": 0.0, "park_run_factor": 1.006, "park_hr_factor": 1.012, "home_runs_avg_5": 4.2, "home_hr_avg_5": 1.0, "home_avg_avg_5": 0.23680145104293712, "home_obp_avg_5": 0.30125447308109854, "home_slg_avg_5": 0.3871357808857809, "home_iso_avg_5": 0.14843193423838585, "home_k_pct_avg_5": 0.25139514514514516, "home_bb_pct_avg_5": 0.08195430146649658, "home_runs_avg_10": 4.4, "home_hr_avg_10": 1.1, "home_avg_avg_10": 0.23752961687976692, "home_obp_avg_10": 0.300981687989437, "home_slg_avg_10": 0.38741748455945, "home_iso_avg_10": 0.149479060941706, "home_k_pct_avg_10": 0.25129412917525445, "home_bb_pct_avg_10": 0.0825111537709522, "home_runs_avg_20": 4.4, "home_runs_sd_10": 2.913569784454954, "away_runs_avg_5": 4.4, "away_hr_avg_5": 1.0, "away_avg_avg_5": 0.2380366483995516, "away_obp_avg_5": 0.3017789571969139, "away_slg_avg_5": 0.38671627764664745, "away_iso_avg_5": 0.14764052218362564, "away_k_pct_avg_5": 0.2507311175242864, "away_bb_pct_avg_5": 0.08147605083088953, "away_runs_avg_10": 4.4, "away_hr_avg_10": 1.1, "away_avg_avg_10": 0.23879569776848789, "away_obp_avg_10": 0.3019828537475597, "away_slg_avg_10": 0.3890126050420168, "away_iso_avg_10": 0.1498136286739228, "away_k_pct_avg_10": 0.25176888780590606, "away_bb_pct_avg_10": 0.08252313948804091, "away_runs_avg_20": 4.4, "away_runs_sd_10": 2.9078437983419185, "home_runs_allowed_avg_5": 4.4, "home_era_5": 4.031526019901993, "home_whip_5": 1.2805555555555554, "home_k9_5": 8.508259303721488, "home_bb9_5": 3.14, "home_hr9_5": 1.099719804249694, "home_sp_era_5": 4.62, "home_sp_whip_5": 1.3666666666666667, "home_team_sp_k9_5": 8.374766868485112, "home_bp_era_5": 3.656523030436074, "home_bp_whip_5": 1.2762009414258548, "home_bp_k9_5": 8.873525912740165, "home_runs_allowed_avg_10": 4.4, "home_era_10": 4.1538062283737025, "home_whip_10": 1.2875, "home_k9_10": 8.5, "home_bb9_10": 3.1625, "home_hr9_10": 1.137611234705228, "home_sp_era_10": 4.757520057269558, "home_sp_whip_10": 1.3872395677530247, "home_team_sp_k9_10": 8.344645473300359, "home_bp_era_10": 3.949637911082907, "home_bp_whip_10": 1.3002523979705853, "home_bp_k9_10": 8.888555347091932, "home_bullpen_ip_last_3": 9.33, "away_runs_allowed_avg_5": 4.2, "away_era_5": 4.027534418022528, "away_whip_5": 1.277777777777778, "away_k9_5": 8.479814522494081, "away_bb9_5": 3.125, "away_hr9_5": 1.075, "away_sp_era_5": 4.4331332082551596, "away_sp_whip_5": 1.353130924019314, "away_team_sp_k9_5": 8.271428571428572, "away_bp_era_5": 3.7950643776824036, "away_bp_whip_5": 1.2840084951030293, "away_bp_k9_5": 8.927413363827656, "away_runs_allowed_avg_10": 4.3, "away_era_10": 4.063168201819344, "away_whip_10": 1.2805555555555557, "away_k9_10": 8.501557285873192, "away_bb9_10": 3.140877944325482, "away_hr9_10": 1.1125, "away_sp_era_10": 4.640312470637107, "away_sp_whip_10": 1.3713510509628266, "away_team_sp_k9_10": 8.37582418317373, "away_bp_era_10": 3.9039971448965023, "away_bp_whip_10": 1.2920480044386828, "away_bp_k9_10": 8.905202503827134, "away_bullpen_ip_last_3": 9.0, "home_sp_career_era_5": 4.261659200515302, "home_sp_career_whip_5": 1.3333333333333333, "home_sp_k_pct_5": 0.21412470559947006, "home_sp_bb_pct_5": 0.07492437948056518, "home_sp_fip_5": 4.132715019003733, "home_sp_k9_5": 8.25, "home_sp_bb9_5": 3.019331725185384, "home_sp_hr9_5": 1.2, "home_sp_ip_avg_5": 5.335, "home_sp_career_era_10": 4.371944606488492, "home_sp_fip_10": 4.2, "home_sp_starts_in_window": 5.0, "home_sp_days_rest": 6.0, "home_sp_is_short_rest": 0.0, "home_sp_era_home_10": 3.788027673545966, "home_sp_era_away_10": 4.397619047619048, "home_sp_k9_home_10": 8.503187658032866, "home_sp_k9_away_10": 8.020494363384216, "home_sp_fip_home_10": 3.8715873015873017, "home_sp_fip_away_10": 4.2099941211052325, "home_sp_era_20": 4.34200154986931, "home_sp_fip_20": 4.176909584992241, "home_sp_last_k": 5.0, "home_sp_last_bb": 2.0, "home_sp_last_fip": 3.7714285714285714, "away_sp_career_era_5": 4.2, "away_sp_career_whip_5": 1.3175645530961448, "away_sp_k_pct_5": 0.21473341724189182, "away_sp_bb_pct_5": 0.07415732168248472, "away_sp_fip_5": 4.1365460785411905, "away_sp_k9_5": 8.25116367372465, "away_sp_bb9_5": 3.0, "away_sp_hr9_5": 1.197581829305598, "away_sp_ip_avg_5": 5.4, "away_sp_career_era_10": 4.308406913807906, "away_sp_fip_10": 4.158373222736475, "away_sp_starts_in_window": 5.0, "away_sp_days_rest": 6.0, "away_sp_is_short_rest": 0.0, "away_sp_era_home_10": 3.8173469387755103, "away_sp_era_away_10": 4.331817500190848, "away_sp_k9_home_10": 8.424729741802913, "away_sp_k9_away_10": 8.004974631772585, "away_sp_fip_home_10": 3.905810135617416, "away_sp_fip_away_10": 4.202597361565503, "away_sp_era_20": 4.297761548929207, "away_sp_fip_20": 4.165576359199093, "away_sp_last_k": 5.0, "away_sp_last_bb": 2.0, "away_sp_last_fip": 3.7, "home_wins": 37.0, "home_losses": 38.0, "home_win_pct": 0.5037880961946852, "home_run_diff": 4.0, "home_run_diff_per_game": 0.09523809523809523, "home_division_rank": NaN, "home_rest_days": 1.0, "home_is_b2b": 1.0, "home_games_played": 76.0, "home_wins_last_5": 2.0, "home_win_pct_last_5": 0.4, "home_wins_last_10": 5.0, "home_win_pct_last_10": 0.5, "home_run_diff_avg_last_5": 0.0, "away_wins": 37.0, "away_losses": 37.0, "away_win_pct": 0.5037315510999721, "away_run_diff": 5.0, "away_run_diff_per_game": 0.1072324414715719, "away_division_rank": NaN, "away_rest_days": 1.0, "away_is_b2b": 1.0, "away_games_played": 76.0, "away_wins_last_5": 3.0, "away_win_pct_last_5": 0.6, "away_wins_last_10": 5.0, "away_win_pct_last_10": 0.5, "away_run_diff_avg_last_5": 0.0, "h2h_games_ytd": 2.0, "h2h_home_win_pct_ytd": 0.5, "runs_scored_edge_10": 0.0, "obp_edge_10": -0.00184477670271177, "slg_edge_10": -0.0025342466078925874, "era_edge_10": -0.0775, "whip_edge_10": -0.007520187039096848, "sp_fip_edge_5": -0.02162161345097561, "sp_era_edge_5": -0.02740525366369525, "bullpen_fatigue_edge": -0.33, "rest_days_advantage": 0.0, "win_pct_edge": 0.0, "run_diff_per_game_edge": 0.0, "division_rank_edge": 0.0, "home_implied_runs": 4.35, "away_implied_runs": 4.4, "park_adj_implied_total": 8.8179, "n_ump_games_prev_5": 5.0, "ump_rpg_5": 8.8, "ump_k9_5": 8.513049083955833, "ump_bb9_5": 3.1023619489000778, "ump_rpg_10": 8.8, "ump_k9_10": 8.54382889626366, "ump_bb9_10": 3.11244389903302, "temperature_f": 74.8, "wind_speed_mph": 7.1, "wind_sin": -0.19080899537654467, "wind_cos": -0.275637355816999, "precip_prob_pct": 0.0, "is_dome": 0.0, "home_lineup_avg_avg_10": 0.2375, "home_lineup_slg_avg_10": 0.39418160540362596, "home_lineup_iso_avg_10": 0.14848484848484847, "home_top4_slg_avg_10": 0.4347985347985348, "home_lineup_completeness": 1.1111111111111112, "away_lineup_avg_avg_10": 0.2368333333333333, "away_lineup_slg_avg_10": 0.3941233075631665, "away_lineup_iso_avg_10": 0.14814814814814814, "away_top4_slg_avg_10": 0.4384800524506407, "away_lineup_completeness": 1.1111111111111112, "lineup_avg_edge": 0.0, "lineup_slg_edge": 0.0, "home_bullpen_ip_last_7": 21.67, "home_bp_era_7d": 3.7247801345059495, "home_sp_short_last": 0.0, "away_bullpen_ip_last_7": 21.66, "away_bp_era_7d": 3.7974683544303796, "away_sp_short_last": 0.0, "bullpen_fatigue_7d_edge": -0.32, "series_game_number": 2.0, "home_sp_k_pct_10": 0.21540936058430254, "away_sp_k_pct_10": 0.2152077063688332, "home_sp_venue_starts": 6.0, "home_sp_venue_era": 4.02303498852736, "home_sp_venue_k9": 8.718650793650793, "home_sp_venue_fip": 3.9175003575003573, "away_sp_venue_starts": 0.0, "away_sp_venue_era": 3.6, "away_sp_venue_k9": 7.7115325787702655, "away_sp_venue_fip": 3.8592785745328118, "home_sp_pitch_hand_l": 0.0, "away_sp_pitch_hand_l": 0.0, "home_team_avg_vs_lhp": NaN, "home_team_avg_vs_rhp": NaN, "home_team_obp_vs_lhp": NaN, "home_team_obp_vs_rhp": NaN, "home_team_slg_vs_lhp": NaN, "home_team_slg_vs_rhp": NaN,