{"run_line_away_price": -114.0, "total_line": 8.5, "under_price": -110.0, "open_run_line_home": -1.5, "open_total_line": 8.5, "park_run_factor": 1.006, "home_hr_avg_5": 1.0, "home_avg_avg_5": 0.2366969947615109, "home_obp_avg_5": 0.30173024807171145, "home_slg_avg_5": 0.38595711583794745, "home_iso_avg_5": 0.1478328173374613, "home_k_pct_avg_5": 0.25096851499521133, "home_bb_pct_avg_5": 0.08290467649735385, "home_runs_avg_10": 4.4, "home_hr_avg_10": 1.1, "home_avg_avg_10": 0.23733663254948087, "home_obp_avg_10": 0.3014552899644373, "home_slg_avg_10": 0.38631381052424857, "home_iso_avg_10": 0.14879518909899886, "home_k_pct_avg_10": 0.25108127067511543, "home_bb_pct_avg_10": 0.08324857203340175, "home_runs_avg_20": 4.4, "home_runs_sd_10": 2.913569784454954, "home_sb_avg_5": 0.6, "home_sb_avg_10": 0.6, "home_sb_pct_10": 0.018691588785046728, "away_runs_avg_5": 4.4, "away_hr_avg_5": 1.0, "away_avg_avg_5": 0.23790510143451318, "away_obp_avg_5": 0.30218454415845225, "away_slg_avg_5": 0.3864347290640394, "away_iso_avg_5": 0.14760902031063322, "away_k_pct_avg_5": 0.24966131907308378, "away_bb_pct_avg_5": 0.08216373242689032, "away_runs_avg_10": 4.4, "away_hr_avg_10": 1.1, "away_avg_avg_10": 0.23878476092899065, "away_obp_avg_10": 0.3025602168285095, "away_slg_avg_10": 0.3887334523155612, "away_iso_avg_10": 0.14968021892624223, "away_k_pct_avg_10": 0.2504515782869591, "away_bb_pct_avg_10": 0.08333333333333333, "away_runs_avg_20": 4.4, "away_runs_sd_10": 2.913569784454954, "away_sb_avg_5": 0.6, "away_sb_avg_10": 0.6, "away_sb_pct_10": 0.018518518518518517, "home_runs_allowed_avg_5": 4.4, "home_era_5": 4.031526019901993, "home_whip_5": 1.2835063650970213, "home_k9_5": 8.46381199538639, "home_bb9_5": 3.1754449388209123, "home_hr9_5": 1.075222469410456, "home_sp_era_5": 4.624324324324324, "home_sp_whip_5": 1.3666666666666667, "home_team_sp_k9_5": 8.372371087209467, "home_bp_era_5": 3.6455026455026456, "home_bp_whip_5": 1.276769244316282, "home_bp_k9_5": 8.82, "home_runs_allowed_avg_10": 4.4, "home_era_10": 4.162219101123595, "home_whip_10": 1.2898936528803047, "home_k9_10": 8.473453112990008, "home_bb9_10": 3.1990011098779134, "home_hr9_10": 1.137833704115684, "home_sp_era_10": 4.769004613800254, "home_sp_whip_10": 1.3912842848208702, "home_team_sp_k9_10": 8.328809204299654, "home_bp_era_10": 3.9517293096794566, "home_bp_whip_10": 1.3015942437053893, "home_bp_k9_10": 8.851862328230128, "home_bullpen_ip_last_3": 9.33, "away_runs_allowed_avg_5": 4.2, "away_era_5": 4.027534418022528, "away_whip_5": 1.2779508095414658, "away_k9_5": 8.473446170921198, "away_bb9_5": 3.1522727272727273, "away_hr9_5": 1.075, "away_sp_era_5": 4.416889854091589, "away_sp_whip_5": 1.3507936507936509, "away_team_sp_k9_5": 8.270877944325482, "away_bp_era_5": 3.7837837837837838, "away_bp_whip_5": 1.286191984768348, "away_bp_k9_5": 8.912162162162161, "away_runs_allowed_avg_10": 4.3, "away_era_10": 4.06, "away_whip_10": 1.281694756554307, "away_k9_10": 8.49, "away_bb9_10": 3.175, "away_hr9_10": 1.107611234705228, "away_sp_era_10": 4.628521939953811, "away_sp_whip_10": 1.3713510509628266, "away_team_sp_k9_10": 8.376428571428571, "away_bp_era_10": 3.890926430517711, "away_bp_whip_10": 1.2955953351975493, "away_bp_k9_10": 8.871708289435603, "away_bullpen_ip_last_3": 9.0, "home_sp_career_era_5": 4.2607515233581585, "home_sp_career_whip_5": 1.3333333333333333, "home_sp_k_pct_5": 0.21418139745264975, "home_sp_bb_pct_5": 0.07566869454345548, "home_sp_fip_5": 4.134251583336166, "home_sp_k9_5": 8.275325716897516, "home_sp_bb9_5": 3.052709747295542, "home_sp_hr9_5": 1.1902497456306262, "home_sp_ip_avg_5": 5.334, "home_sp_career_era_10": 4.35, "home_sp_fip_10": 4.188204832305919, "home_sp_starts_in_window": 5.0, "home_sp_days_rest": 6.0, "home_sp_era_home_10": 3.7510140200170183, "home_sp_era_away_10": 4.38568129330254, "home_sp_k9_home_10": 8.52483076477664, "home_sp_k9_away_10": 8.027514073418786, "home_sp_fip_home_10": 3.837125220458554, "home_sp_fip_away_10": 4.2084065110302, "home_sp_era_20": 4.325942328676237, "home_sp_fip_20": 4.162910113391007, "home_sp_last_k": 5.0, "home_sp_last_bb": 2.0, "home_sp_last_fip": 3.7714285714285714, "away_sp_career_era_5": 4.185028662062745, "away_sp_career_whip_5": 1.3183697697307855, "away_sp_k_pct_5": 0.2142478366126206, "away_sp_bb_pct_5": 0.07509408582219698, "away_sp_fip_5": 4.137699361864199, "away_sp_k9_5": 8.25, "away_sp_bb9_5": 3.017142857142857, "away_sp_hr9_5": 1.191577403863778, "away_sp_ip_avg_5": 5.4, "away_sp_career_era_10": 4.296904761904762, "away_sp_fip_10": 4.152048790085167, "away_sp_starts_in_window": 5.0, "away_sp_days_rest": 6.0, "away_sp_era_home_10": 3.824437781109445, "away_sp_era_away_10": 4.311747143529096, "away_sp_k9_home_10": 8.441510951841153, "away_sp_k9_away_10": 8.020424380109574, "away_sp_fip_home_10": 3.899678800856531, "away_sp_fip_away_10": 4.20046904315197, "away_sp_era_20": 4.28556991106541, "away_sp_fip_20": 4.153258602000344, "away_sp_last_k": 5.0, "away_sp_last_bb": 2.0, "away_sp_last_fip": 3.7, "home_wins": 32.0, "home_losses": 33.0, "home_win_pct": 0.5, "home_run_diff": 2.0, "home_run_diff_per_game": 0.05525030525030525, "home_rest_days": 1.0, "home_games_played": 68.0, "home_wins_last_5": 2.0, "home_wins_last_10": 5.0, "home_win_pct_last_10": 0.5, "home_run_diff_avg_last_5": 0.0, "away_wins": 33.0, "away_losses": 33.0, "away_win_pct": 0.5, "away_run_diff": 3.0, "away_run_diff_per_game": 0.07692307692307693, "away_rest_days": 1.0, "away_games_played": 67.5, "away_win_pct_last_5": 0.6, "away_wins_last_10": 5.0, "away_win_pct_last_10": 0.5, "away_run_diff_avg_last_5": 0.0, "h2h_games_ytd": 2.0, "runs_scored_edge_10": 0.0, "obp_edge_10": -0.0019141236380665339, "slg_edge_10": -0.0029907038004012843, "era_edge_10": -0.08924166571851178, "whip_edge_10": -0.009532788585109975, "sp_fip_edge_5": -0.025188387281665624, "sp_era_edge_5": -0.03013493253373314, "bullpen_fatigue_edge": -0.33, "win_pct_edge": 0.0, "run_diff_per_game_edge": -0.011901327827441632, "home_implied_runs": 4.35, "away_implied_runs": 4.4, "park_adj_implied_total": 8.820450000000001, "ump_rpg_5": 8.8, "ump_k9_5": 8.523274320937205, "ump_bb9_5": 3.1412482882444235, "ump_rpg_10": 8.8, "ump_k9_10": 8.556398400443168, "ump_bb9_10": 3.135892075585299, "temperature_f": 74.2, "wind_speed_mph": 7.3, "wind_sin": -0.22495105434386498, "wind_cos": -0.25881904510252063, "precip_prob_pct": 0.0, "home_lineup_avg_avg_10": 0.2375, "home_lineup_slg_avg_10": 0.39334645172056537, "home_lineup_iso_avg_10": 0.14777777777777779, "home_top4_slg_avg_10": 0.43333333333333335, "away_lineup_avg_avg_10": 0.23683333333333337, "away_lineup_slg_avg_10": 0.3934637485113533, "away_lineup_iso_avg_10": 0.148, "away_top4_slg_avg_10": 0.43801665676665674, "lineup_avg_edge": 0.0, "lineup_slg_edge": -9.50810161344126e-05, "home_bullpen_ip_last_7": 21.99, "home_bp_era_7d": 3.7247801345059495, "away_bullpen_ip_last_7": 21.67, "away_bp_era_7d": 3.7914691943127963, "bullpen_fatigue_7d_edge": -0.32, "series_game_number": 2.0, "home_sp_k_pct_10": 0.21546491597390421, "away_sp_k_pct_10": 0.21524434675369, "home_sp_venue_starts": 5.0, "home_sp_venue_era": 3.985011201655581, "home_sp_venue_k9": 8.7, "home_sp_venue_fip": 3.8956247668764514, "away_sp_venue_starts": 0.0, "away_sp_venue_era": 3.6, "away_sp_venue_k9": 7.714285714285714, "away_sp_venue_fip": 3.8666666666666667, "home_bp_relievers_last_1d": 3.0, "home_bp_relievers_last_2d": 5.0, "home_bp_relievers_last_3d": 7.0, "home_bp_ip_last_1d": 3.33, "home_bp_avg_era_last_3d": 3.3667280801277424, "away_bp_relievers_last_1d": 3.0, "away_bp_relievers_last_2d": 5.0, "away_bp_relievers_last_3d": 7.0, "away_bp_ip_last_1d": 3.0, "away_bp_avg_era_last_3d": 3.347051740888866, "home_sp_last_ip": 5.33, "away_sp_last_ip": 5.33, "home_sp_sc_barrel_rate": 8.5, "home_sp_sc_hard_hit_pct": 40.3, "home_sp_sc_xwoba": 0.319, "home_sp_sc_exit_velo": 89.3, "home_sp_sl_whiff_pct": 31.1, "home_sp_ch_whiff_pct": 30.2, "home_sp_fb_put_away": 17.6, "away_sp_sc_barrel_rate": 8.4,