{"run_line_away_price": -113.0, "total_line": 8.5, "under_price": -110.0, "open_run_line_home": -1.5, "open_total_line": 8.5, "park_run_factor": 1.006, "home_hr_avg_5": 1.0, "home_avg_avg_5": 0.23669975186104217, "home_obp_avg_5": 0.30181616832779623, "home_slg_avg_5": 0.3859350998463902, "home_iso_avg_5": 0.1478328173374613, "home_k_pct_avg_5": 0.2509160543031511, "home_bb_pct_avg_5": 0.08291401409048468, "home_runs_avg_10": 4.4, "home_hr_avg_10": 1.1, "home_avg_avg_10": 0.23731214326085204, "home_obp_avg_10": 0.3014671929377811, "home_slg_avg_10": 0.3863841904027163, "home_iso_avg_10": 0.1488420255687808, "home_k_pct_avg_10": 0.25094056049938407, "home_bb_pct_avg_10": 0.08326506398242409, "home_runs_avg_20": 4.4, "home_runs_sd_10": 2.913569784454954, "home_sb_avg_5": 0.6, "home_sb_avg_10": 0.6, "home_sb_pct_10": 0.018633540372670808, "away_runs_avg_5": 4.4, "away_hr_avg_5": 1.0, "away_avg_avg_5": 0.23778236465560018, "away_obp_avg_5": 0.30214875940682395, "away_slg_avg_5": 0.38635698723934014, "away_iso_avg_5": 0.14759637579371926, "away_k_pct_avg_5": 0.2495841294818478, "away_bb_pct_avg_5": 0.08210928856090145, "away_runs_avg_10": 4.4, "away_hr_avg_10": 1.1, "away_avg_avg_10": 0.23871092139887531, "away_obp_avg_10": 0.3023444999251451, "away_slg_avg_10": 0.3886147621653576, "away_iso_avg_10": 0.14960996369113227, "away_k_pct_avg_10": 0.2504688115739563, "away_bb_pct_avg_10": 0.08330133966625153, "away_runs_avg_20": 4.4, "away_runs_sd_10": 2.913569784454954, "away_sb_avg_5": 0.6, "away_sb_avg_10": 0.6, "away_sb_pct_10": 0.018461538461538463, "home_runs_allowed_avg_5": 4.4, "home_era_5": 4.02729788765434, "home_whip_5": 1.2844444444444445, "home_k9_5": 8.46, "home_bb9_5": 3.175, "home_hr9_5": 1.075222469410456, "home_sp_era_5": 4.62, "home_sp_whip_5": 1.3666666666666667, "home_team_sp_k9_5": 8.363511777301927, "home_bp_era_5": 3.6455026455026456, "home_bp_whip_5": 1.276928145136359, "home_bp_k9_5": 8.811828933088226, "home_runs_allowed_avg_10": 4.4, "home_era_10": 4.159882358553384, "home_whip_10": 1.2888888888888892, "home_k9_10": 8.4675, "home_bb9_10": 3.198198748342628, "home_hr9_10": 1.1375, "home_sp_era_10": 4.7668699310960925, "home_sp_whip_10": 1.391129362362029, "home_team_sp_k9_10": 8.325165733679619, "home_bp_era_10": 3.946792627351893, "home_bp_whip_10": 1.3004533391823099, "home_bp_k9_10": 8.841163859755428, "home_bullpen_ip_last_3": 9.33, "away_runs_allowed_avg_5": 4.2, "away_era_5": 4.025, "away_whip_5": 1.277777777777778, "away_k9_5": 8.47278024417314, "away_bb9_5": 3.15, "away_hr9_5": 1.075, "away_sp_era_5": 4.414285714285715, "away_sp_whip_5": 1.349515011547344, "away_team_sp_k9_5": 8.269161402324348, "away_bp_era_5": 3.770877944325482, "away_bp_whip_5": 1.2845992959000019, "away_bp_k9_5": 8.892193576824678, "away_runs_allowed_avg_10": 4.3, "away_era_10": 4.06, "away_whip_10": 1.2808058684466697, "away_k9_10": 8.49, "away_bb9_10": 3.1745454545454543, "away_hr9_10": 1.1075, "away_sp_era_10": 4.623916353098914, "away_sp_whip_10": 1.3703233072431777, "away_team_sp_k9_10": 8.375600368018935, "away_bp_era_10": 3.8806634226233916, "away_bp_whip_10": 1.2942353631827317, "away_bp_k9_10": 8.863934283390934, "away_bullpen_ip_last_3": 9.0, "home_sp_career_era_5": 4.261659200515302, "home_sp_career_whip_5": 1.3333333333333333, "home_sp_k_pct_5": 0.21420921099607282, "home_sp_bb_pct_5": 0.07574600444891585, "home_sp_fip_5": 4.134251583336166, "home_sp_k9_5": 8.272234560444835, "home_sp_bb9_5": 3.053180229501846, "home_sp_hr9_5": 1.1860219664485068, "home_sp_ip_avg_5": 5.335, "home_sp_career_era_10": 4.35, "home_sp_fip_10": 4.189040185333802, "home_sp_starts_in_window": 5.0, "home_sp_days_rest": 6.0, "home_sp_era_home_10": 3.75851954088312, "home_sp_era_away_10": 4.370753908759906, "home_sp_k9_home_10": 8.52483076477664, "home_sp_k9_away_10": 8.028676795486218, "home_sp_fip_home_10": 3.83342151675485, "home_sp_fip_away_10": 4.209876543209877, "home_sp_era_20": 4.328199724488256, "home_sp_fip_20": 4.163714312483571, "home_sp_last_k": 5.0, "home_sp_last_bb": 2.0, "home_sp_last_fip": 3.7628517823639775, "away_sp_career_era_5": 4.185028662062745, "away_sp_career_whip_5": 1.317449504779205, "away_sp_k_pct_5": 0.21421704029255967, "away_sp_bb_pct_5": 0.07515134940419578, "away_sp_fip_5": 4.137084351481622, "away_sp_k9_5": 8.25, "away_sp_bb9_5": 3.026151027196301, "away_sp_hr9_5": 1.1905583145520056, "away_sp_ip_avg_5": 5.4, "away_sp_career_era_10": 4.28756658773848, "away_sp_fip_10": 4.151099493751487, "away_sp_starts_in_window": 5.0, "away_sp_days_rest": 6.0, "away_sp_era_home_10": 3.820777495215978, "away_sp_era_away_10": 4.311747143529096, "away_sp_k9_home_10": 8.441510951841153, "away_sp_k9_away_10": 8.016186219686364, "away_sp_fip_home_10": 3.8968010344665798, "away_sp_fip_away_10": 4.2, "away_sp_era_20": 4.277558725156836, "away_sp_fip_20": 4.151368392412277, "away_sp_last_k": 5.0, "away_sp_last_bb": 2.0, "away_sp_last_fip": 3.7, "home_wins": 32.0, "home_losses": 33.0, "home_win_pct": 0.5, "home_run_diff": 2.0, "home_run_diff_per_game": 0.0504626092861387, "home_rest_days": 1.0, "home_games_played": 66.0, "home_wins_last_5": 2.0, "home_wins_last_10": 5.0, "home_win_pct_last_10": 0.5, "home_run_diff_avg_last_5": 0.0, "away_wins": 32.0, "away_losses": 33.0, "away_win_pct": 0.5, "away_run_diff": 3.0, "away_run_diff_per_game": 0.07427107959022852, "away_rest_days": 1.0, "away_games_played": 66.0, "away_win_pct_last_5": 0.6, "away_wins_last_10": 5.0, "away_win_pct_last_10": 0.5, "away_run_diff_avg_last_5": 0.0, "h2h_games_ytd": 2.0, "runs_scored_edge_10": 0.0, "obp_edge_10": -0.0018120551936591234, "slg_edge_10": -0.002784121335525469, "era_edge_10": -0.0875, "whip_edge_10": -0.009664552095348, "sp_fip_edge_5": -0.028842193981000144, "sp_era_edge_5": -0.03359600445050794, "bullpen_fatigue_edge": -0.33, "win_pct_edge": 0.0, "run_diff_per_game_edge": -0.010985061553148878, "home_implied_runs": 4.35, "away_implied_runs": 4.4, "park_adj_implied_total": 8.81435, "ump_rpg_5": 8.8, "ump_k9_5": 8.517647058823531, "ump_bb9_5": 3.1470588235294117, "ump_rpg_10": 8.8, "ump_k9_10": 8.556398400443168, "ump_bb9_10": 3.1398494245365365, "temperature_f": 74.2, "wind_speed_mph": 7.3, "wind_sin": -0.2164313725808124, "wind_cos": -0.24192189559966779, "precip_prob_pct": 0.0, "home_lineup_avg_avg_10": 0.2373809523809524, "home_lineup_slg_avg_10": 0.39345389394941827, "home_lineup_iso_avg_10": 0.14777777777777779, "home_top4_slg_avg_10": 0.43353174603174605, "away_lineup_avg_avg_10": 0.2368333333333333, "away_lineup_slg_avg_10": 0.39337032263409794, "away_lineup_iso_avg_10": 0.14796296296296296, "away_top4_slg_avg_10": 0.43799171842650103, "lineup_avg_edge": 0.0, "lineup_slg_edge": 0.0, "home_bullpen_ip_last_7": 21.99, "home_bp_era_7d": 3.722854188210962, "away_bullpen_ip_last_7": 21.67, "away_bp_era_7d": 3.789473684210526, "bullpen_fatigue_7d_edge": -0.32, "series_game_number": 2.0, "home_sp_k_pct_10": 0.21541830312480018, "away_sp_k_pct_10": 0.2152077063688332, "home_sp_venue_starts": 5.0, "home_sp_venue_era": 3.9893670600447586, "home_sp_venue_k9": 8.700341862036016, "home_sp_venue_fip": 3.8948786735187295, "away_sp_venue_starts": 0.0, "away_sp_venue_era": 3.6, "away_sp_venue_k9": 7.7115325787702655, "away_sp_venue_fip": 3.8666666666666667, "home_bp_relievers_last_1d": 3.0, "home_bp_relievers_last_2d": 5.0, "home_bp_relievers_last_3d": 7.0, "home_bp_ip_last_1d": 3.33, "home_bp_avg_era_last_3d": 3.3667280801277424, "away_bp_relievers_last_1d": 3.0, "away_bp_relievers_last_2d": 5.0, "away_bp_relievers_last_3d": 7.0, "away_bp_ip_last_1d": 3.0, "away_bp_avg_era_last_3d": 3.344712011721395, "home_sp_last_ip": 5.33, "away_sp_last_ip": 5.33, "home_sp_sc_barrel_rate": 8.5, "home_sp_sc_hard_hit_pct": 40.3, "home_sp_sc_xwoba": 0.318, "home_sp_sc_exit_velo": 89.3, "home_sp_sl_whiff_pct": 31.4, "home_sp_ch_whiff_pct": 30.0, "home_sp_fb_put_away": 17.6, "away_sp_sc_barrel_rate": 8.4, "away_sp_sc_hard_hit_pct": 40.2, "away_sp_sc_xwoba": 0.319, "away_sp_sc_exit_velo": 89.3,