{"total_line": 8.5, "open_run_line_home": 1.5, "open_total_line": 8.5, "away_slg_avg_5": 0.3883354417035631, "home_bp_whip_5": 1.276769244316282, "away_k9_5": 8.475, "away_sp_era_10": 4.658627920709935, "away_sp_whip_10": 1.3757381566868194, "away_bp_era_10": 3.8908656273586133, "home_sp_fip_10": 4.198266703723809, "home_sp_fip_away_10": 4.216666666666667, "home_sp_last_bb": 2.0, "away_sp_k9_5": 8.261800947867298, "away_sp_bb9_5": 3.02489379354373, "away_sp_ip_avg_5": 5.4, "away_sp_days_rest": 6.0, "away_sp_last_bb": 2.0, "home_games_played": 67.0, "home_wins_last_10": 5.0, "away_run_diff_per_game": 0.058823529411764705, "away_games_played": 67.0, "away_win_pct_last_10": 0.5, "obp_edge_10": -0.0018135324627214788, "sp_era_edge_5": -0.03359600445050794, "park_adj_implied_total": 8.8452, "ump_rpg_5": 8.8, "temperature_f": 74.6, "home_lineup_slg_avg_10": 0.39419852101303715, "home_lineup_iso_avg_10": 0.14848484848484847, "home_top4_slg_avg_10": 0.4350594227504245, "away_top4_slg_avg_10": 0.4389535194694052, "lineup_slg_edge": 0.0, "home_sp_venue_k9": 8.733196805101105, "away_sp_venue_era": 3.6, "away_sp_venue_k9": 7.727818145414123, "away_sp_venue_fip": 3.8, "away_bp_relievers_last_1d": 3.0, "home_sp_sc_xwoba": 0.319, "home_sp_sc_exit_velo": 89.3, "home_sp_sl_whiff_pct": 31.5, "home_sp_ch_whiff_pct": 29.6, "away_sp_sc_xwoba": 0.319, "home_sp_sc_bb_pct": 7.7, "away_sp_sc_k_pct": 21.7, "home_h2h_obp": 0.30000000000000004, "away_h2h_ba": 0.252857285258601, "home_lineup_barrel_avg": 8.09, "away_lineup_xwoba_avg": 0.31163636363636366, "home_catcher_framing_rv": 0.17099166793702641, "away_catcher_framing_rate": 0.4716981132075472, "home_fb_velo_trend_5": -0.01866473877002761, "away_fb_velo_trend_5": 0.0007231054584053709, "away_fb_velo_avg_5": 93.94874695573063, "elo_diff": 0.7616968048262152, "season_days_elapsed": 71.0, "season_2024-regular": 0.0, "season_2025-regular": 0.0, "home_pythag_vs_record": 0.0, "away_pythag_vs_record": 0.0030272195680925984, "sp_whip_5_diff": -0.020952380952380834, "home_sp_era_fip_gap": 0.4584055510884779, "batting_hr_avg_10_diff": 0.0, "batting_avg_avg_10_diff": -0.0011388612056696112, "batting_iso_avg_10_diff": -0.0013352098347681751, "home_ops_5": 0.6902811457371347, "ops_diff_5": -0.0012351096427543062, "home_runs_trend_5v20": 0.0, "runs_trend_diff": 0.0, "away_era_trend_5v10": 0.0003337041156843412, "era_trend_diff": 0.0, "sp_k_pct_trend_diff": 0.0, "home_sp_k_bb_ratio_5": 2.835056843200648, "away_sp_k_bb_ratio_5": 2.852158234702141, "sp_k_bb_ratio_diff": -0.04965262472169529, "home_bullpen_exposure": 0.40722222222222226, "away_bullpen_exposure": 0.3999999999999999, "home_sp_pitches_est": 82.5, "home_pen_exposure_x_era": 1.4799333333333333, "park_adj_runs_diff": 0.0, "team_hr_park_diff": 0.0, "away_sp_era_park_adj_5": 4.45910858478109, "home_pythag_x_opp_sp_fip": 1.9785596305799695, "away_pythag_x_opp_sp_fip": 2.002115134701763, "sp_home_away_split_edge": 0.19029897489733205, "pen_depletion_edge": 0.0, "away_pen_qual_depletion": 18.82920777682401, "pen_qual_depletion_edge": -0.05932239914601567, "bp_avg_era_last_3d_diff": 0.0, "bp_relievers_edge_3d": 0.0, "home_sp_era_x_opp_avg": 10.110230037893542, "away_sp_era_x_opp_avg": 9.936880738765012, "away_elo_x_sp_quality": -0.16754883162392, "away_sp_era_trend_5v10": 0.0, "away_sp_fip_trend_5v10": 0.0, "sp_era_trend_diff": 0.0, "sp_form_edge": 0.0, "away_sp_era_5v20": 0.0, "away_sp_fip_5v20": 0.0, "ump_sp_k_environment": 1.8373711305971065, "ump_bb9_x_away_team_bb": 0.2609174877721235, "combined_sp_k_pct": 0.21996001599360254, "total_k_env_park_adj": 1.9064610192912983, "combined_runs_avg_5": 8.8, "combined_obp_avg_10": 0.6049700277262007, "combined_slg_avg_10": 0.7812644027239084, "combined_ops_10": 1.3881816542203302, "combined_runs_trend_5v10": 0.0, "away_sb_trend": 0.0, "sb_rate_diff": 0.0, "home_top4_x_opp_bp": 0.45517719943682955, "away_top4_x_opp_bp": 0.47439100877028456, "combined_sp_sc_xwoba": 0.639, "diff_sp_sc_xwoba": 0.0, "diff_sp_sc_hard_hit_pct": -0.10000000000000142, "diff_sp_sc_k_pct": 0.0, "combined_sp_sc_bb_pct": 15.5, "combined_sp_sc_whiff_pct": 48.6, "diff_sp_sc_k_bb_ratio": 0.0, "diff_lineup_xwoba": 0.00043939393939396165, "diff_lineup_hard_hit": 0.11363636363635976, "away_lineup_vs_opp_sp": -0.007000000000000006, "lineup_vs_sp_edge": 0.0006999999999999784, "away_h2h_slg_wtd": 0.0, "h2h_slg_edge_wtd": 0.0, "catcher_framing_rv_diff": 0.0, "fb_velo_trend_diff": -0.023313541297412144}