{
  "away_lineup_completeness": 0.01796,
  "home_lineup_completeness": 0.016789,
  "away_sp_venue_starts": 0.011341,
  "away_sp_venue_advantage": 0.010015,
  "diff_sp_sc_xwoba": 0.009584,
  "combined_sp_sc_xwoba": 0.008282,
  "temp_cold_penalty": 0.007629,
  "diff_lineup_xwoba": 0.007424,
  "home_elo": 0.006419,
  "home_bullpen_exposure": 0.006186,
  "home_rest_days": 0.005635,
  "total_vig_direction": 0.005429,
  "combined_runs_avg_5": 0.005082,
  "away_sp_era_10": 0.005041,
  "away_sp_venue_k9": 0.005029,
  "away_h2h_n": 0.004833,
  "h2h_games_ytd": 0.004827,
  "bp_relievers_edge_3d": 0.004804,
  "combined_slg_avg_10": 0.004743,
  "home_win_pct": 0.004656,
  "team_era_5_diff": 0.004468,
  "ops_diff_5": 0.004342,
  "home_k9_10": 0.00423,
  "home_h2h_obp": 0.004105,
  "away_bp_era7_x_ip7": 0.004105,
  "elo_diff": 0.004095,
  "home_implied_runs": 0.004068,
  "away_bullpen_ip_last_7": 0.004068,
  "home_h2h_ba": 0.004035,
  "away_sb_trend": 0.003993,
  "sp_era_edge_5": 0.003962,
  "home_park_adj_runs_10": 0.003914,
  "home_lineup_xwoba_avg": 0.003895,
  "ump_k9_x_home_sp_k": 0.003891,
  "park_adj_implied_total": 0.003812,
  "season_2025-regular": 0.003798,
  "home_sp_sc_xwoba": 0.003787,
  "away_sp_k9_5": 0.003771,
  "away_pen_depletion": 0.00375,
  "sp_venue_familiarity_diff": 0.003733,
  "sp_composite_edge": 0.003728,
  "away_wins_last_10": 0.003666,
  "away_sp_last_fip": 0.003632,
  "home_elo_x_sp_quality": 0.003612,
  "lineup_avg_edge": 0.003486,
  "home_pythag": 0.003474,
  "sp_k_bb_ratio_diff": 0.003433,
  "home_bp_era_10": 0.003402,
  "away_sp_fip_20": 0.003392,
  "runs_trend_diff": 0.003392,
  "away_sp_sc_xwoba": 0.003337,
  "home_pen_exposure_x_era": 0.003335,
  "temperature_f": 0.003326,
  "home_runs_allowed_avg_10": 0.003308,
  "pen_depletion_edge": 0.003301,
  "away_top4_x_opp_bp": 0.003275,
  "home_sp_ch_whiff_pct": 0.003249,
  "home_sp_career_era_10": 0.003233,
  "combined_sp_era_5": 0.003216,
  "diff_sp_sc_k_pct": 0.003137,
  "away_bb_pct_avg_10": 0.003135,
  "home_losses": 0.003124,
  "away_sp_career_whip_5": 0.003105,
  "away_sp_k_trend_5v10": 0.003073,
  "home_form_vs_season": 0.003066,
  "home_catcher_framing_rv": 0.003046,
  "away_era_trend_5v10": 0.003034,
  "away_sp_era_5v20": 0.003022,
  "away_top4_slg_avg_10": 0.003018,
  "ump_rpg_x_park": 0.002975,
  "away_wins": 0.002973,
  "away_ops_10": 0.002964,
  "away_sp_bb9_5": 0.002959,
  "home_lineup_slg_avg_10": 0.002947,
  "park_adj_total_env": 0.002914,
  "home_sp_venue_fip": 0.002914,
  "away_team_k_bb_ratio_5": 0.002907,
  "away_h2h_slg": 0.002901,
  "wind_scoring_boost": 0.002892,
  "home_sp_sc_hard_hit_pct": 0.002883,
  "sp_home_away_split_edge": 0.002853,
  "home_runs_allowed_avg_5": 0.002851,
  "season_2024-regular": 0.002844,
  "home_team_k_bb_ratio_5": 0.002842,
  "combined_sp_sc_bb_pct": 0.002835,
  "home_sp_ip_per_rest": 0.002832,
  "diff_lineup_hard_hit": 0.002829,
  "h2h_slg_edge": 0.002808,
  "home_sp_venue_era": 0.002807,
  "form_momentum_diff": 0.002798,
  "home_sp_k_pct_10": 0.002796,
  "away_elo": 0.002794,
  "catcher_framing_rv_diff": 0.00279,
  "away_sp_sc_k_bb_ratio": 0.002787,
  "open_total_line": 0.002783,
  "combined_sp_sc_k_pct": 0.002759,
  "home_sp_fb_put_away": 0.002747,
  "run_diff_avg_last_5_edge": 0.002745,
  "sp_era_trend_diff": 0.002742,
  "away_lineup_xslg_avg": 0.002732,
  "sp_last_quality_diff": 0.002717,
  "win_pct_edge": 0.002717,
  "home_bp_avg_era_last_3d": 0.002691,
  "away_obp_avg_10": 0.002675,
  "away_era_10": 0.002663,
  "away_bb9_10": 0.00264,
  "away_pen_exposure_x_era": 0.002637,
  "home_catcher_framing_rate": 0.002636,
  "sp_fip_edge_5": 0.002636,
  "away_sp_ch_whiff_pct": 0.002633,
  "home_sp_sc_k_bb_ratio": 0.002619,
  "away_ops_5": 0.002611,
  "lineup_slg_edge": 0.002611,
  "home_sp_fip_away_10": 0.00261,
  "away_lineup_avg_avg_10": 0.002592,
  "sp_workload_edge": 0.002587,
  "away_elo_x_sp_quality": 0.002555,
  "home_sp_era_away_10": 0.002554,
  "home_sp_venue_advantage": 0.002537,
  "run_diff_per_game_edge": 0.002533,
  "home_sp_fip_5": 0.002532,
  "batting_hr_avg_10_diff": 0.002517,
  "away_lineup_slg_avg_10": 0.002514,
  "home_hr9_10": 0.002508,
  "combined_sp_sc_whiff_pct": 0.002507,
  "team_whip_5_diff": 0.002495,
  "home_top4_x_opp_bp": 0.002493,
  "away_hr9_10": 0.002491,
  "sb_rate_diff": 0.002484,
  "home_pythag_x_opp_sp_fip": 0.002481,
  "home_games_played": 0.002471,
  "combined_fb_put_away": 0.002467,
  "away_sp_era_away_10": 0.002458,
  "away_sp_career_era_5": 0.00245,
  "away_sp_era_trend_5v10": 0.002449,
  "home_sp_days_rest": 0.002435,
  "home_sp_k_bb_ratio_5": 0.002434,
  "ops_diff_10": 0.002431,
  "batting_avg_avg_5_diff": 0.002429,
  "away_bp_k9_10": 0.002428,
  "away_h2h_obp": 0.002422,
  "away_catcher_framing_rate": 0.002411,
  "total_k_suppression": 0.002409,
  "home_sp_last_fip": 0.002408,
  "home_sp_whip_10": 0.002407,
  "diff_sp_sc_hard_hit_pct": 0.002398,
  "away_sp_k9_home_10": 0.002397,
  "away_sp_era_20": 0.00239,
  "home_run_diff_avg_last_5": 0.002381,
  "away_win_pct": 0.002364,
  "home_sp_last_k_rate": 0.002362,
  "home_runs_trend_5v20": 0.002356,
  "pythag_diff": 0.002355,
  "away_lineup_xwoba_avg": 0.002352,
  "home_sp_last_k": 0.00234,
  "diff_sp_sc_exit_velo": 0.002337,
  "home_sp_k_trend_5v10": 0.002335,
  "combined_obp_avg_10": 0.002324,
  "bp_relievers_edge_2d": 0.002311,
  "home_pen_qual_depletion": 0.002303,
  "away_bp_whip_10": 0.002288,
  "series_game_number": 0.002282,
  "ump_rpg_10": 0.002258,
  "pythag_sp_quality_diff": 0.002255,
  "home_runs_avg_20": 0.002253,
  "combined_ch_whiff_pct": 0.002247,
  "era_trend_diff": 0.002242,
  "sp_form_edge": 0.002233,
  "home_h2h_slg_wtd": 0.002231,
  "home_run_diff": 0.002229,
  "combined_sp_sc_barrel_rate": 0.002228,
  "home_run_diff_per_game": 0.002225,
  "home_sp_era_10": 0.00222,
  "away_team_sp_k9_10": 0.002215,
  "diff_lineup_barrel": 0.002213,
  "home_pen_depletion": 0.002212,
  "away_sp_fip_away_10": 0.002205,
  "wind_cos": 0.002202,
  "home_lineup_xslg_avg": 0.002199,
  "away_sp_fip_5": 0.002199,
  "ump_bb9_x_home_team_bb": 0.002184,
  "total_k_env": 0.002182,
  "away_sp_sc_whiff_pct": 0.002179,
  "h2h_slg_edge_wtd": 0.002179,
  "home_pythag_vs_record": 0.002176,
  "away_bp_ip_last_1d": 0.002176,
  "away_sp_home_away_era_split": 0.002168,
  "home_sp_k9_5": 0.002164,
  "sp_k_pct_5_diff": 0.002161,
  "away_sp_k_pct_10": 0.002142,
  "bp_avg_era_last_3d_diff": 0.002136,
  "away_lineup_barrel_avg": 0.002132,
  "combined_bp_k9": 0.002125,
  "away_pythag_x_opp_sp_fip": 0.002122,
  "home_sp_ip_avg_5": 0.002117,
  "away_sp_sc_hard_hit_pct": 0.002116,
  "combined_sp_sc_oz_swing_pct": 0.002113,
  "home_era_trend_5v10": 0.002094,
  "away_sp_fip_home_10": 0.002091,
  "combined_ops_10": 0.002082,
  "away_bullpen_exposure": 0.002082,
  "team_k_bb_ratio_diff": 0.002081,
  "away_park_adj_runs_10": 0.002078,
  "wind_speed_mph": 0.002077,
  "whip_edge_10": 0.002073,
  "pen_exposure_era_diff": 0.002067,
  "away_catcher_framing_rv": 0.002065,
  "diff_sp_sc_k_bb_ratio": 0.00206,
  "home_lineup_barrel_avg": 0.002046,
  "away_bp_hot_1d": 0.002044,
  "home_sp_sl_whiff_pct": 0.002038,
  "away_h2h_slg_wtd": 0.002025,
  "wind_sin": 0.002014,
  "bullpen_fatigue_edge": 0.002013,
  "away_lineup_iso_avg_10": 0.002002,
  "home_sp_sc_barrel_rate": 0.002001,
  "combined_sp_sc_hard_hit_pct": 0.001997,
  "home_sp_sc_oz_swing_pct": 0.001995,
  "home_h2h_slg": 0.001988,
  "away_run_diff_avg_last_5": 0.001985,
  "home_hr9_5": 0.001982,
  "away_k9_10": 0.00198,
  "away_iso_avg_10": 0.001977,
  "home_bp_whip_5": 0.001976,
  "bullpen_fatigue_7d_edge": 0.001968,
  "away_sp_sc_bb_pct": 0.001964,
  "away_sp_sc_oz_swing_pct": 0.00196,
  "home_sp_sc_exit_velo": 0.00195,
  "away_avg_avg_10": 0.001946,
  "away_pythag_vs_record": 0.00194,