{
  "home_lineup_completeness": 0.016249,
  "away_lineup_completeness": 0.015939,
  "diff_sp_sc_xwoba": 0.014085,
  "b2b_asymmetry": 0.012171,
  "home_wins_last_5": 0.009515,
  "away_ops_10": 0.008637,
  "combined_sp_sc_xwoba": 0.008258,
  "diff_lineup_xwoba": 0.007625,
  "away_sp_venue_k9": 0.006333,
  "away_rest_days": 0.005694,
  "home_sp_k_pct_10": 0.004679,
  "home_bp_relievers_last_2d": 0.004609,
  "away_sp_k9_home_10": 0.004576,
  "away_h2h_slg_wtd": 0.004342,
  "sp_era_opp_adj_diff": 0.004287,
  "away_bullpen_ip_last_7": 0.004269,
  "combined_runs_avg_5": 0.004203,
  "h2h_slg_edge": 0.004116,
  "home_sp_home_away_era_split": 0.004086,
  "park_adj_implied_total": 0.00408,
  "away_sp_era_park_adj_5": 0.004045,
  "home_elo": 0.003998,
  "home_pen_depletion": 0.003975,
  "bp_relievers_edge_3d": 0.003905,
  "combined_slg_avg_10": 0.003864,
  "away_sp_starts_in_window": 0.003727,
  "home_lineup_xwoba_avg": 0.003714,
  "home_sp_fip_away_10": 0.003687,
  "away_sp_fip_20": 0.003668,
  "home_sp_sc_xwoba": 0.003647,
  "away_h2h_n": 0.003613,
  "series_game_number": 0.003598,
  "home_runs_allowed_avg_5": 0.003546,
  "home_sp_era_5v20": 0.003507,
  "sb_rate_diff": 0.003496,
  "temperature_f": 0.003485,
  "away_top4_slg_avg_10": 0.003453,
  "away_sb_trend": 0.003412,
  "away_sp_venue_fip": 0.003356,
  "precip_prob_pct": 0.003321,
  "away_wins_last_10": 0.003301,
  "home_catcher_framing_rv": 0.003299,
  "away_lineup_xslg_avg": 0.003296,
  "home_sp_venue_starts": 0.003287,
  "away_bp_avg_era_last_3d": 0.003258,
  "home_bp_avg_era_last_3d": 0.003249,
  "total_k_suppression": 0.003234,
  "away_win_pct": 0.003208,
  "away_team_sp_k9_10": 0.003197,
  "combined_ops_10": 0.003196,
  "away_elo": 0.003169,
  "away_sp_fip_10": 0.003154,
  "combined_obp_avg_10": 0.003062,
  "home_catcher_framing_rate": 0.003045,
  "away_sp_sc_exit_velo": 0.003036,
  "slg_edge_10": 0.003032,
  "home_sp_fip_10": 0.003021,
  "away_bp_hot_1d": 0.003018,
  "park_adj_runs_diff": 0.003016,
  "home_bp_era_10": 0.003012,
  "home_era_10": 0.002989,
  "home_sp_k_bb_ratio_5": 0.002981,
  "home_elo_x_sp_quality": 0.002966,
  "sp_era_5_diff": 0.00296,
  "away_elo_x_sp_quality": 0.002948,
  "home_h2h_obp": 0.002941,
  "away_slg_avg_10": 0.00294,
  "away_k9_10": 0.00293,
  "diff_sp_sc_hard_hit_pct": 0.002925,
  "sp_era_edge_5": 0.002898,
  "home_pythag_vs_record": 0.00288,
  "elo_diff": 0.002878,
  "sp_form_edge": 0.002858,
  "home_era_trend_5v10": 0.002851,
  "away_sp_sc_hard_hit_pct": 0.002845,
  "home_lineup_iso_avg_10": 0.002838,
  "away_sp_era_opp_adj_5": 0.002835,
  "home_sp_fip_20": 0.002833,
  "away_sp_fip_5": 0.002814,
  "away_fb_velo_avg_5": 0.002802,
  "home_bp_whip_10": 0.002796,
  "sp_era_trend_diff": 0.002796,
  "away_iso_avg_5": 0.002788,
  "away_sp_last_ip": 0.002788,
  "home_sp_sc_k_pct": 0.002772,
  "ump_rpg_x_park": 0.002767,
  "bp_relievers_edge_1d": 0.002761,
  "pen_depletion_edge": 0.00276,
  "team_k_bb_ratio_diff": 0.002754,
  "total_k_env": 0.002744,
  "home_top4_slg_avg_10": 0.002744,
  "away_sp_era_10": 0.002739,
  "home_sp_sc_k_bb_ratio": 0.002734,
  "home_losses": 0.002722,
  "away_bp_era_7d": 0.002705,
  "home_sp_k9_5": 0.002704,
  "home_sp_fip_5": 0.002696,
  "away_runs_sd_10": 0.00268,
  "diff_sp_sc_barrel_rate": 0.002672,
  "runs_trend_diff": 0.002665,
  "away_bb9_10": 0.002656,
  "n_ump_games_prev_5": 0.002645,
  "away_lineup_xwoba_avg": 0.002641,
  "home_h2h_n": 0.00264,
  "away_sp_sc_xwoba": 0.002618,
  "ump_sp_k_environment": 0.002617,
  "home_rest_days": 0.002615,
  "home_win_pct": 0.002605,
  "pythag_record_edge": 0.002602,
  "home_sp_sc_hard_hit_pct": 0.002599,
  "sp_days_rest_diff": 0.002591,
  "away_sp_era_home_10": 0.002588,
  "away_fb_velo_trend_5": 0.002587,
  "combined_sp_k_pct": 0.002583,
  "obp_edge_10": 0.002583,
  "home_bb9_10": 0.002579,
  "home_pythag_x_opp_sp_fip": 0.002577,
  "away_sp_era_20": 0.002565,
  "home_h2h_ba": 0.002564,
  "combined_sp_era_10": 0.002555,
  "home_h2h_slg": 0.002549,
  "home_sb_trend": 0.002506,
  "home_sp_era_10": 0.002475,
  "away_run_diff": 0.002472,
  "away_sp_home_away_era_split": 0.002463,
  "away_lineup_iso_avg_10": 0.00246,
  "pen_qual_depletion_edge": 0.00246,
  "fb_velo_trend_diff": 0.00244,
  "run_diff_per_game_edge": 0.002437,
  "home_sp_sc_exit_velo": 0.002433,
  "sp_fip_trend_diff": 0.002433,
  "away_sp_bb9_5": 0.002426,
  "home_form_vs_season": 0.002424,
  "bp_k9_edge": 0.002424,
  "away_sp_era_5v20": 0.002417,
  "diff_sp_sc_whiff_pct": 0.002401,
  "away_era_5": 0.002401,
  "ops_diff_10": 0.002401,
  "home_sp_k_trend_5v10": 0.002389,
  "sp_pitches_est_diff": 0.002384,
  "batting_hr_avg_10_diff": 0.002381,
  "away_bp_k9_10": 0.002378,
  "combined_sp_sc_bb_pct": 0.002368,
  "away_bp_era7_x_ip7": 0.002355,
  "whip_edge_10": 0.002352,
  "season_2025-regular": 0.002351,
  "away_pen_depletion": 0.002349,
  "away_lineup_avg_avg_10": 0.002349,
  "run_diff_avg_last_5_edge": 0.002335,
  "away_h2h_slg": 0.00233,
  "home_sp_last_ip": 0.002327,
  "combined_bp_k9": 0.002324,
  "era_trend_diff": 0.002322,
  "away_sp_ip_per_rest": 0.002316,
  "home_k9_10": 0.00231,
  "home_lineup_barrel_avg": 0.00231,
  "total_k_env_park_adj": 0.002301,
  "away_era_trend_5v10": 0.002299,
  "home_sp_k_pct_5": 0.002288,
  "bp_avg_era_last_3d_diff": 0.002285,
  "home_iso_avg_10": 0.002274,
  "sp_last_quality_diff": 0.002262,
  "home_sp_ip_per_rest": 0.002257,
  "home_pen_exposure_x_era": 0.002257,
  "away_runs_trend_5v20": 0.002253,
  "away_sp_era_trend_5v10": 0.002243,
  "pythag_diff": 0.002237,
  "combined_sp_sc_oz_swing_pct": 0.002231,
  "home_sp_fip_5v20": 0.00223,
  "diff_sp_sc_oz_swing_pct": 0.002228,
  "home_sp_venue_advantage": 0.002214,
  "away_pen_qual_depletion": 0.002213,
  "combined_catcher_framing_rv": 0.002203,
  "combined_ch_whiff_pct": 0.002202,
  "home_bb9_5": 0.0022,
  "home_sp_sl_whiff_pct": 0.00219,
  "team_era_5_diff": 0.002187,
  "home_sp_venue_fip": 0.002183,
  "away_sp_sc_k_pct": 0.00218,
  "sp_workload_edge": 0.002174,
  "lineup_avg_edge": 0.002166,
  "away_bp_era_10": 0.00216,
  "away_sp_k_pct_5": 0.002134,
  "away_era_10": 0.002132,
  "home_sp_era_trend_5v10": 0.002132,
  "away_sp_career_era_5": 0.00213,
  "away_sp_era_x_opp_avg": 0.002125,
  "sp_era_regression_diff": 0.002122,
  "away_lineup_slg_avg_10": 0.002114,
  "batting_iso_avg_10_diff": 0.002105,
  "away_bb9_5": 0.002101,
  "away_bp_era_5": 0.002098,
  "away_catcher_framing_rv": 0.002086,
  "away_h2h_ba": 0.002083,
  "away_run_diff_avg_last_5": 0.002077,
  "away_team_sp_k9_5": 0.002066,
  "diff_sp_sc_k_pct": 0.002051,
  "home_run_diff": 0.002051,
  "home_ops_10": 0.002033,
  "ump_k9_x_home_sp_k": 0.002031,
  "home_sp_career_whip_5": 0.002025,
  "home_whip_5": 0.002022,
  "team_whip_5_diff": 0.002013,
  "away_sp_k_trend_5v10": 0.002012,
  "away_sp_sc_oz_swing_pct": 0.002007,
  "ump_k9_10": 0.002005,
  "bullpen_fatigue_7d_edge": 0.001996,
  "home_bullpen_exposure": 0.001994,
  "h2h_slg_edge_wtd": 0.001993,
  "away_wins": 0.001988,
  "away_k_pct_avg_5": 0.001983,
  "away_ops_5": 0.001981,
  "combined_sp_era_5": 0.001975,
  "home_team_sp_k9_5": 0.001973,
  "away_sp_ip_avg_5": 0.001968,
  "away_bp_whip_10": 0.001952,
  "batting_avg_avg_5_diff": 0.001947,
  "catcher_framing_rv_diff": 0.001946,
  "home_games_played": 0.00194,
  "combined_sp_sc_barrel_rate": 0.001933,
  "away_sp_venue_advantage": 0.001931,
  "home_era_5": 0.00193,
  "diff_sp_sc_exit_velo": 0.001924,
  "home_sp_era_20": 0.001919,
  "home_runs_avg_20": 0.001915,
  "away_avg_avg_10": 0.00191,
  "ump_bb9_10": 0.001892,
  "away_bb_pct_avg_5": 0.001883,
  "home_slg_avg_10": 0.001869,
  "home_sp_era_opp_adj_5": 0.001867,
  "home_pen_qual_depletion": 0.001866,
  "home_sp_last_fip": 0.001864,
  "home_win_pct_last_5": 0.00186,
  "home_sp_ch_whiff_pct": 0.001848,