{
  "home_lineup_completeness": 0.019659,
  "away_lineup_completeness": 0.018296,
  "home_elo_x_sp_quality": 0.013348,
  "sp_short_asymmetry": 0.00887,
  "bp_relievers_edge_3d": 0.008667,
  "is_day_game": 0.008565,
  "sp_days_rest_diff": 0.00671,
  "away_sp_venue_k9": 0.005729,
  "pythag_record_edge": 0.005403,
  "lineup_slg_edge": 0.005384,
  "win_pct_last_5_diff": 0.005312,
  "home_bp_relievers_last_2d": 0.005078,
  "away_sp_bb9_5": 0.005074,
  "away_sp_venue_starts": 0.005006,
  "away_bb9_5": 0.004811,
  "home_sp_era_20": 0.004701,
  "start_dow_utc": 0.004687,
  "home_run_diff_per_game": 0.004657,
  "home_wins_last_10": 0.004546,
  "combined_sp_k_pct": 0.004517,
  "away_sp_venue_fip": 0.004511,
  "home_top4_slg_avg_10": 0.004457,
  "home_losses": 0.004421,
  "away_elo_x_sp_quality": 0.004418,
  "ump_sp_k_environment": 0.004347,
  "home_sp_venue_starts": 0.004337,
  "home_wins_last_5": 0.004332,
  "series_game_number": 0.004317,
  "away_bp_era_7d": 0.004303,
  "home_bp_era7_x_ip7": 0.004295,
  "elo_diff": 0.004266,
  "home_elo": 0.004245,
  "away_sp_fip_5v20": 0.004225,
  "away_run_diff": 0.004176,
  "home_sp_ip_per_rest": 0.004145,
  "sp_composite_edge": 0.00414,
  "away_sp_k9_home_10": 0.004099,
  "away_lineup_iso_avg_10": 0.004099,
  "away_implied_runs": 0.004095,
  "runs_trend_diff": 0.00409,
  "home_bullpen_ip_last_7": 0.004019,
  "home_runs_allowed_avg_10": 0.003913,
  "total_k_suppression": 0.003826,
  "home_iso_avg_10": 0.003825,
  "away_losses": 0.003798,
  "home_bp_whip_10": 0.003772,
  "away_sp_last_fip": 0.003768,
  "sp_era_edge_5": 0.003763,
  "ump_k9_x_home_sp_k": 0.003761,
  "obp_edge_10": 0.003728,
  "away_team_sp_k9_5": 0.003726,
  "run_diff_per_game_edge": 0.003718,
  "ump_rpg_x_park": 0.003711,
  "sp_fip_trend_diff": 0.003667,
  "away_era_trend_5v10": 0.003642,
  "home_sp_k9_5": 0.003642,
  "away_bp_relievers_last_1d": 0.003639,
  "away_iso_avg_10": 0.003633,
  "away_elo": 0.003627,
  "away_runs_allowed_avg_10": 0.003621,
  "ump_bb9_x_away_team_bb": 0.003614,
  "away_bp_era_5": 0.003604,
  "season_2026-regular": 0.003582,
  "home_pen_depletion": 0.003576,
  "home_sp_venue_advantage": 0.003552,
  "home_pythag_x_opp_sp_fip": 0.00355,
  "home_sp_fip_5v20": 0.003525,
  "home_park_adj_runs_10": 0.003523,
  "ops_diff_10": 0.003521,
  "home_sp_k9_home_10": 0.003519,
  "home_sp_ip_avg_5": 0.003516,
  "batting_runs_avg_5_diff": 0.003491,
  "combined_ops_10": 0.003471,
  "home_win_pct": 0.003457,
  "away_ops_10": 0.003424,
  "away_sp_days_rest": 0.003409,
  "away_whip_5": 0.003404,
  "away_sp_k_pct_5": 0.003383,
  "bp_relievers_edge_1d": 0.003368,
  "sp_k_bb_ratio_diff": 0.003361,
  "home_sp_k_bb_ratio_5": 0.003358,
  "home_sp_fip_20": 0.003357,
  "home_run_diff_avg_last_5": 0.003334,
  "home_sp_era_trend_5v10": 0.003312,
  "away_runs_trend_5v20": 0.003296,
  "whip_edge_10": 0.003292,
  "season_2025-regular": 0.003291,
  "home_bp_era_7d": 0.00328,
  "away_bb_pct_avg_5": 0.003268,
  "home_sp_career_era_5": 0.003259,
  "sp_era_regression_diff": 0.003247,
  "away_era_10": 0.003237,
  "away_wins_last_10": 0.003234,
  "home_sp_fip_10": 0.003222,
  "combined_bp_k9": 0.003214,
  "away_sp_k9_5": 0.003209,
  "away_bp_k9_10": 0.003177,
  "home_sp_k_pct_10": 0.003143,
  "away_sp_ip_per_rest": 0.003136,
  "temperature_f": 0.003135,
  "home_lineup_iso_avg_10": 0.003132,
  "away_bp_relievers_last_3d": 0.003128,
  "away_run_diff_per_game": 0.003123,
  "home_runs_trend_5v20": 0.003117,
  "home_bp_usage_per_rest": 0.003114,
  "home_sp_venue_fip": 0.003108,
  "away_sp_career_era_5": 0.003093,
  "away_sp_fip_5": 0.003083,
  "park_adj_runs_diff": 0.003066,
  "sp_home_away_split_edge": 0.003064,
  "away_lineup_avg_avg_10": 0.003037,
  "away_team_k_bb_ratio_5": 0.003024,
  "ump_k9_x_away_sp_k": 0.00302,
  "home_bp_whip_5": 0.003001,
  "form_momentum_diff": 0.002987,
  "sp_fip_edge_5": 0.002981,
  "pythag_sp_quality_diff": 0.002966,
  "away_slg_avg_10": 0.002962,
  "away_sp_era_10": 0.002961,
  "away_sp_venue_advantage": 0.002923,
  "away_sp_fip_away_10": 0.002918,
  "away_sp_career_era_10": 0.002915,
  "combined_sp_era_5": 0.002908,
  "batting_iso_avg_10_diff": 0.002907,
  "away_hr9_10": 0.002904,
  "lineup_avg_edge": 0.002893,
  "home_hr9_5": 0.002889,
  "wind_scoring_boost": 0.002883,
  "away_top4_slg_avg_10": 0.00288,
  "away_era_5": 0.002876,
  "market_home_win_prob": 0.002874,
  "combined_sp_era_10": 0.002864,
  "away_sp_era_5": 0.002857,
  "home_runs_allowed_avg_5": 0.002854,
  "away_runs_avg_20": 0.002853,
  "home_sp_era_home_10": 0.00283,
  "home_bb9_10": 0.002822,
  "ump_k9_10": 0.002816,
  "away_bp_ip_last_1d": 0.002814,
  "ops_diff_5": 0.002813,
  "home_pythag": 0.002806,
  "run_diff_avg_last_5_edge": 0.002796,
  "away_sp_last_quality": 0.002793,
  "home_sp_short_last": 0.00279,
  "away_win_pct": 0.002783,
  "home_sp_fip_away_10": 0.002754,
  "away_sp_k_trend_5v10": 0.00275,
  "era_edge_10": 0.002736,
  "away_bb_pct_avg_10": 0.0027,
  "h2h_home_win_pct_ytd": 0.002692,
  "away_bp_relievers_last_2d": 0.002688,
  "home_sp_whip_5": 0.002669,
  "home_sp_era_x_opp_avg": 0.002668,
  "away_sp_whip_5": 0.002662,
  "park_adj_total_env": 0.002657,
  "away_sp_k9_away_10": 0.002653,
  "bp_era_diff_10": 0.002645,
  "wind_speed_mph": 0.002637,
  "pen_exposure_era_diff": 0.002637,
  "away_sp_fip_20": 0.00262,
  "bp_era_diff_5": 0.002614,
  "away_sp_fip_trend_5v10": 0.002593,
  "away_iso_avg_5": 0.002585,
  "away_sp_era_home_10": 0.002575,
  "away_k_pct_avg_5": 0.002557,
  "away_bp_whip_10": 0.002536,
  "away_pythag_vs_record": 0.002527,
  "away_park_adj_runs_10": 0.002521,
  "batting_hr_avg_5_diff": 0.002517,
  "ump_bb9_5": 0.002508,
  "team_k_bb_ratio_diff": 0.002508,
  "away_sp_era_x_opp_avg": 0.002504,
  "away_bullpen_ip_last_7": 0.002502,
  "away_runs_avg_10": 0.002496,
  "home_hr9_10": 0.002495,
  "home_era_trend_5v10": 0.002494,
  "batting_avg_avg_5_diff": 0.002494,
  "open_run_line_home": 0.002493,
  "away_hr_avg_10": 0.00249,
  "home_sp_home_away_era_split": 0.002487,
  "bp_relievers_edge_2d": 0.002487,
  "bullpen_fatigue_7d_edge": 0.002485,
  "home_sp_k_trend_5v10": 0.002482,
  "home_rest_days": 0.002482,
  "home_run_diff": 0.002481,
  "away_pen_depletion": 0.00246,
  "home_implied_runs": 0.002459,
  "away_runs_allowed_avg_5": 0.002458,
  "home_bb_pct_avg_10": 0.002456,
  "home_bb9_5": 0.002456,
  "home_sp_bb9_5": 0.002454,
  "home_sp_fip_5": 0.002448,
  "away_whip_10": 0.002444,
  "home_sp_era_away_10": 0.002434,
  "home_sp_venue_k9": 0.002432,
  "away_sp_career_whip_5": 0.002431,
  "home_pen_exposure_x_era": 0.002402,
  "away_obp_avg_10": 0.002399,
  "away_k9_10": 0.002397,
  "home_team_sp_k9_10": 0.002394,
  "home_lineup_avg_avg_10": 0.002393,
  "home_sp_venue_era": 0.002385,
  "bullpen_fatigue_edge": 0.002383,
  "home_sp_whip_10": 0.002372,
  "sp_last_quality_diff": 0.00237,
  "away_sp_hr9_5": 0.002369,
  "away_sp_venue_era": 0.002364,
  "home_sp_last_k_rate": 0.002363,
  "away_slg_avg_5": 0.002362,
  "away_bb9_10": 0.002347,
  "home_bp_k9_10": 0.002331,
  "home_era_10": 0.002331,
  "away_pen_exposure_x_era": 0.002327,
  "home_bp_era_10": 0.002319,
  "ump_k9_5": 0.002304,
  "away_k9_5": 0.002301,
  "home_era_5": 0.002299,
  "away_sp_era_trend_5v10": 0.002297,
  "home_ops_5": 0.00229,
  "home_sp_fip_home_10": 0.002278,
  "home_sp_last_fip": 0.002278,
  "home_sp_fip_trend_5v10": 0.002269,
  "combined_runs_avg_10": 0.002267,
  "away_sp_last_ip": 0.002256,
  "away_sp_home_away_era_split": 0.002252,
  "home_sp_last_k": 0.002242,
  "away_sp_era_20": 0.002236,
  "home_bp_k9_5": 0.002226,
  "home_slg_avg_10": 0.002221,
  "away_sp_ip_avg_5": 0.002205,
  "sp_k_pct_5_diff": 0.00219,
  "wind_cos": 0.002189,
  "combined_slg_avg_10": 0.002183,
  "park_adj_implied_total": 0.002157,
  "away_bullpen_ip_last_3": 0.002156,