{
  "home_lineup_completeness": 0.015632,
  "away_lineup_completeness": 0.015313,
  "away_sp_venue_starts": 0.014015,
  "diff_sp_sc_xwoba": 0.012886,
  "combined_sp_sc_xwoba": 0.010102,
  "diff_lineup_xwoba": 0.007716,
  "season_2025-regular": 0.007666,
  "home_rest_days": 0.007477,
  "away_sp_venue_k9": 0.007217,
  "precip_prob_pct": 0.00719,
  "series_game_number": 0.007147,
  "away_win_pct_last_5": 0.00669,
  "elo_diff": 0.006063,
  "away_sp_era_park_adj_5": 0.00592,
  "away_sp_venue_fip": 0.00583,
  "home_elo_x_sp_quality": 0.005542,
  "away_sp_sc_xwoba": 0.005441,
  "away_sp_venue_advantage": 0.005411,
  "home_sp_sc_xwoba": 0.005401,
  "bp_relievers_edge_3d": 0.005314,
  "away_sp_era_20": 0.004638,
  "home_team_hr_x_park": 0.004484,
  "home_sp_fip_20": 0.004346,
  "lineup_vs_sp_edge": 0.004217,
  "away_top4_x_opp_bp": 0.004189,
  "abs_run_line_move": 0.004087,
  "home_sp_last_bb": 0.004005,
  "batting_iso_avg_10_diff": 0.003954,
  "sp_form_edge": 0.003837,
  "home_catcher_framing_rv": 0.003768,
  "away_elo_x_sp_quality": 0.003721,
  "diff_sp_sc_k_bb_ratio": 0.003638,
  "run_diff_avg_last_5_edge": 0.00362,
  "home_runs_allowed_avg_10": 0.003613,
  "away_h2h_slg_wtd": 0.003598,
  "home_k9_10": 0.003561,
  "combined_runs_avg_5": 0.003532,
  "home_top4_slg_avg_10": 0.003501,
  "home_sp_last_k_rate": 0.003446,
  "away_sp_fip_away_10": 0.003407,
  "total_k_env_park_adj": 0.003395,
  "sp_k_bb_ratio_diff": 0.003344,
  "home_sp_sc_barrel_rate": 0.003314,
  "home_losses": 0.003302,
  "home_sp_fip_trend_5v10": 0.0033,
  "home_sp_sc_bb_pct": 0.003289,
  "away_sp_days_rest": 0.003275,
  "away_bp_whip_10": 0.003267,
  "diff_sp_sc_k_pct": 0.003258,
  "away_sp_sc_bb_pct": 0.003249,
  "home_top4_x_opp_bp": 0.003244,
  "home_sp_era_opp_adj_5": 0.003242,
  "away_era_trend_5v10": 0.003221,
  "away_catcher_framing_rate": 0.003207,
  "sp_fip_trend_diff": 0.003168,
  "home_bp_avg_era_last_3d": 0.003116,
  "bp_era_diff_5": 0.003105,
  "catcher_framing_rv_diff": 0.003096,
  "home_runs_trend_5v20": 0.003093,
  "away_top4_slg_avg_10": 0.003077,
  "home_sp_venue_starts": 0.003025,
  "home_bp_relievers_last_2d": 0.003016,
  "away_sp_k_pct_10": 0.003015,
  "home_h2h_slg_wtd": 0.003,
  "bp_avg_era_last_3d_diff": 0.002998,
  "away_pen_qual_depletion": 0.002974,
  "fb_velo_trend_diff": 0.002971,
  "away_runs_sd_10": 0.00295,
  "ump_k9_x_home_sp_k": 0.002944,
  "away_elo": 0.002934,
  "lineup_slg_edge": 0.00293,
  "home_sp_venue_advantage": 0.002924,
  "win_pct_edge": 0.00291,
  "home_sp_era_x_opp_avg": 0.002907,
  "sp_last_quality_diff": 0.002906,
  "away_sb_trend": 0.002896,
  "away_sp_ip_per_rest": 0.002871,
  "combined_slg_avg_10": 0.002866,
  "away_h2h_ba": 0.00286,
  "total_vig_direction": 0.00285,
  "away_bb9_10": 0.002796,
  "ump_sp_k_environment": 0.002763,
  "home_sp_sc_hard_hit_pct": 0.002746,
  "combined_sp_k_pct": 0.002731,
  "away_pen_depletion": 0.002728,
  "home_sp_fb_put_away": 0.002726,
  "home_h2h_ba": 0.002722,
  "home_sp_era_park_adj_5": 0.002696,
  "form_momentum_diff": 0.002688,
  "away_sp_era_10": 0.002685,
  "diff_sp_sc_exit_velo": 0.002682,
  "away_sp_sc_barrel_rate": 0.00268,
  "away_era_10": 0.002666,
  "home_sp_career_era_10": 0.002663,
  "batting_avg_avg_10_diff": 0.002663,
  "combined_sp_sc_whiff_pct": 0.002645,
  "team_hr_park_diff": 0.002641,
  "away_park_adj_runs_10": 0.002633,
  "home_h2h_obp": 0.002632,
  "sb_rate_diff": 0.002603,
  "away_sp_whip_10": 0.002587,
  "away_bb9_5": 0.002578,
  "away_lineup_slg_avg_10": 0.002564,
  "away_fb_velo_avg_5": 0.002557,
  "run_diff_per_game_edge": 0.002555,
  "away_sp_k_bb_ratio_5": 0.00254,
  "home_wins": 0.002528,
  "away_iso_avg_5": 0.002527,
  "home_sp_days_rest": 0.002526,
  "away_runs_allowed_avg_5": 0.00251,
  "runs_trend_diff": 0.002507,
  "away_sp_fip_trend_5v10": 0.002503,
  "pen_depletion_edge": 0.002491,
  "total_k_suppression": 0.002481,
  "home_pen_qual_depletion": 0.002478,
  "home_hr9_5": 0.002464,
  "bp_k9_edge": 0.002446,
  "home_lineup_xwoba_avg": 0.002435,
  "home_sp_ip_avg_5": 0.002428,
  "diff_lineup_barrel": 0.002426,
  "home_sp_fip_away_10": 0.002415,
  "home_sp_bb_pct_5": 0.002411,
  "away_sp_fip_20": 0.002408,
  "temperature_f": 0.002403,
  "away_sp_last_fip": 0.002402,
  "home_era_trend_5v10": 0.002396,
  "away_lineup_xwoba_avg": 0.002382,
  "bullpen_fatigue_7d_edge": 0.002374,
  "combined_sp_sc_bb_pct": 0.002369,
  "ump_rpg_10": 0.002365,
  "home_sp_sc_k_bb_ratio": 0.002352,
  "away_bp_relievers_last_2d": 0.002346,
  "start_hour_utc": 0.002346,
  "away_bp_relievers_last_1d": 0.002342,
  "home_pythag": 0.002342,
  "home_bp_relievers_last_3d": 0.00234,
  "away_sp_k9_home_10": 0.002337,
  "away_sp_era_5": 0.002336,
  "home_sp_pitches_est": 0.002326,
  "home_sp_venue_fip": 0.002311,
  "away_team_k_bb_ratio_5": 0.002293,
  "away_bp_era_5": 0.002291,
  "lineup_avg_edge": 0.00229,
  "away_win_pct": 0.00229,
  "era_edge_10": 0.002288,
  "away_bp_ip_last_1d": 0.002285,
  "combined_sp_sc_barrel_rate": 0.002282,
  "away_sp_sc_k_bb_ratio": 0.002279,
  "home_whip_10": 0.002271,
  "away_sp_fip_10": 0.00227,
  "home_lineup_xslg_avg": 0.002245,
  "away_team_sp_k9_10": 0.002239,
  "home_sp_era_5": 0.002233,
  "home_sp_sl_whiff_pct": 0.002227,
  "home_bp_hot_1d": 0.002227,
  "home_obp_avg_10": 0.002226,
  "sp_venue_familiarity_diff": 0.002221,
  "sp_days_rest_diff": 0.002218,
  "wind_sin": 0.002203,
  "home_bp_whip_10": 0.002201,
  "away_run_diff_per_game": 0.0022,
  "home_sp_career_whip_5": 0.002191,
  "away_era_5": 0.002167,
  "home_form_vs_season": 0.002154,
  "home_wins_last_10": 0.002144,
  "team_k_bb_ratio_diff": 0.002143,
  "away_h2h_slg": 0.002131,
  "obp_edge_10": 0.00213,
  "home_win_pct": 0.002127,
  "home_catcher_framing_rate": 0.00211,
  "home_team_sp_k9_10": 0.002109,
  "team_whip_5_diff": 0.002099,
  "home_sp_sc_exit_velo": 0.002092,
  "home_sp_era_10": 0.002085,
  "away_hr9_10": 0.002085,
  "away_whip_5": 0.002078,
  "park_adj_total_env": 0.002054,
  "home_h2h_n": 0.002053,
  "home_sp_fip_5v20": 0.002048,
  "home_runs_allowed_avg_5": 0.002034,
  "away_k9_10": 0.002034,
  "away_sp_fb_put_away": 0.002033,
  "home_sp_k_bb_ratio_5": 0.002025,
  "pythag_sp_quality_diff": 0.002024,
  "away_sp_sc_oz_swing_pct": 0.002022,
  "home_pythag_x_opp_sp_fip": 0.002022,
  "away_team_hr_x_park": 0.002018,
  "away_bb_pct_avg_5": 0.002017,
  "away_lineup_barrel_avg": 0.002013,
  "away_losses": 0.002006,
  "home_lineup_slg_avg_10": 0.002004,
  "combined_sl_whiff_pct": 0.001998,
  "bp_relievers_edge_2d": 0.001993,
  "home_sp_k_pct_trend": 0.001992,
  "pen_exposure_era_diff": 0.001981,
  "home_sp_bb9_5": 0.00198,
  "abs_total_line_move": 0.001979,
  "away_ops_5": 0.001974,
  "away_runs_trend_5v20": 0.00197,
  "away_lineup_avg_avg_10": 0.00195,
  "ump_bb9_10": 0.001949,
  "home_lineup_barrel_avg": 0.001941,
  "away_sp_sc_hard_hit_pct": 0.00194,
  "sp_workload_edge": 0.001936,
  "diff_lineup_hard_hit": 0.001932,
  "away_sp_home_away_era_split": 0.001931,
  "home_park_adj_runs_10": 0.001931,
  "home_sp_home_away_era_split": 0.00193,
  "away_fb_velo_trend_5": 0.001925,
  "home_era_10": 0.001922,
  "wind_speed_mph": 0.001922,
  "home_bp_k9_10": 0.001918,
  "away_run_diff": 0.001916,
  "home_sp_k_pct_10": 0.001911,
  "combined_sp_sc_oz_swing_pct": 0.001903,
  "ump_rpg_x_park": 0.001889,
  "away_bp_avg_era_last_3d": 0.001888,
  "batting_hr_avg_5_diff": 0.001883,
  "away_sb_avg_10": 0.001881,
  "away_lineup_xslg_avg": 0.001873,
  "away_bb_pct_avg_10": 0.001872,
  "ops_diff_5": 0.001868,
  "win_pct_last_5_diff": 0.001863,
  "away_sp_k9_5": 0.001859,
  "ump_k9_5": 0.001856,
  "away_bp_era_7d": 0.001848,
  "home_sp_k_pct_5": 0.00184,
  "away_sb_pct_10": 0.001839,
  "combined_ops_10": 0.001835,
  "ump_bb9_x_away_team_bb": 0.001833,
  "away_form_vs_season": 0.001832,