{
  "diff_sp_sc_xwoba": 0.018399,
  "precip_prob_pct": 0.011656,
  "combined_sp_sc_xwoba": 0.009888,
  "abs_run_line_move": 0.0094,
  "away_sp_venue_k9": 0.008169,
  "diff_lineup_xwoba": 0.007654,
  "combined_ops_10": 0.005778,
  "sp_days_rest_diff": 0.005239,
  "home_sp_sc_xwoba": 0.004998,
  "away_h2h_slg_wtd": 0.004874,
  "whip_edge_10": 0.004855,
  "elo_diff": 0.004841,
  "away_lineup_xwoba_avg": 0.004257,
  "team_era_5_diff": 0.004236,
  "away_team_k_bb_ratio_5": 0.004107,
  "sp_fip_trend_diff": 0.003999,
  "park_adj_total_env": 0.003867,
  "home_top4_slg_avg_10": 0.003854,
  "home_h2h_obp": 0.003849,
  "home_pen_exposure_x_era": 0.003847,
  "away_sp_era_opp_adj_5": 0.003842,
  "home_lineup_xwoba_avg": 0.003823,
  "sp_era_opp_adj_diff": 0.003815,
  "combined_sp_sc_oz_swing_pct": 0.00374,
  "away_ops_5": 0.00372,
  "bullpen_fatigue_7d_edge": 0.003682,
  "total_vig_direction": 0.003678,
  "bp_avg_era_last_3d_diff": 0.003667,
  "away_sp_era_fip_gap": 0.003621,
  "home_wins_last_10": 0.003608,
  "away_top4_x_opp_bp": 0.003602,
  "combined_sp_era_10": 0.003553,
  "sb_rate_diff": 0.003552,
  "form_momentum_diff": 0.003547,
  "total_k_env_park_adj": 0.003533,
  "home_sp_ch_whiff_pct": 0.003502,
  "away_lineup_barrel_avg": 0.003491,
  "sp_composite_edge": 0.003477,
  "home_sp_career_whip_5": 0.003424,
  "home_iso_avg_10": 0.003384,
  "bp_relievers_edge_3d": 0.0033,
  "sp_workload_edge": 0.003276,
  "away_park_adj_runs_10": 0.003268,
  "away_sp_era_5v20": 0.00325,
  "home_elo_x_sp_quality": 0.003239,
  "fb_velo_trend_diff": 0.003212,
  "away_sp_era_10": 0.003206,
  "away_iso_avg_5": 0.003205,
  "home_sb_pct_10": 0.003196,
  "away_wins": 0.003188,
  "home_sp_pitches_est": 0.003181,
  "away_h2h_n": 0.003173,
  "total_k_suppression": 0.003172,
  "away_sp_venue_fip": 0.003166,
  "away_sp_era_x_opp_avg": 0.003141,
  "home_top4_x_opp_bp": 0.003133,
  "batting_hr_avg_5_diff": 0.003106,
  "home_h2h_ba": 0.003095,
  "away_sp_k9_5": 0.00308,
  "away_form_vs_season": 0.003057,
  "combined_obp_avg_10": 0.00304,
  "sp_era_regression_diff": 0.003034,
  "home_wins": 0.00303,
  "away_bb9_5": 0.003028,
  "pen_depletion_edge": 0.003014,
  "home_sp_k9_5": 0.002998,
  "sp_k_pct_5_diff": 0.002989,
  "catcher_framing_rv_diff": 0.002976,
  "h2h_slg_edge_wtd": 0.00297,
  "away_slg_avg_10": 0.002968,
  "pythag_diff": 0.00296,
  "away_team_sp_k9_5": 0.002945,
  "ump_sp_k_environment": 0.00293,
  "away_era_10": 0.002893,
  "away_bp_k9_5": 0.002886,
  "combined_sp_sc_hard_hit_pct": 0.002864,
  "home_run_diff": 0.002835,
  "away_sp_sl_whiff_pct": 0.002826,
  "home_sp_ip_per_rest": 0.002802,
  "diff_sp_sc_barrel_rate": 0.002797,
  "home_era_5": 0.002796,
  "home_sp_k_bb_ratio_5": 0.002793,
  "away_sp_sc_whiff_pct": 0.002787,
  "combined_fb_put_away": 0.002781,
  "combined_sp_k_pct": 0.00278,
  "away_sp_last_fip": 0.002764,
  "sp_whip_5_diff": 0.002763,
  "home_bp_usage_per_rest": 0.002738,
  "home_sp_era_away_10": 0.002722,
  "away_catcher_framing_rate": 0.002675,
  "home_runs_allowed_avg_5": 0.002665,
  "away_sp_venue_era": 0.002663,
  "home_sp_sl_whiff_pct": 0.002655,
  "pythag_record_edge": 0.002655,
  "home_bp_whip_5": 0.002654,
  "temperature_f": 0.002653,
  "sp_home_away_split_edge": 0.002651,
  "away_sp_era_trend_5v10": 0.002646,
  "away_top4_slg_avg_10": 0.00264,
  "home_sp_sc_whiff_pct": 0.002637,
  "win_pct_edge": 0.002627,
  "away_sp_fip_20": 0.002626,
  "away_sp_ip_avg_5": 0.002611,
  "sp_form_edge": 0.002607,
  "combined_runs_avg_5": 0.002593,
  "sp_last_quality_diff": 0.002593,
  "home_sp_fip_5": 0.002583,
  "run_diff_avg_last_5_edge": 0.002583,
  "ump_bb9_x_away_team_bb": 0.002578,
  "batting_runs_avg_5_diff": 0.002576,
  "away_lineup_slg_avg_10": 0.00257,
  "away_sp_sc_bb_pct": 0.002567,
  "wind_speed_mph": 0.002558,
  "team_hr_park_diff": 0.002558,
  "away_era_trend_5v10": 0.002542,
  "home_bullpen_exposure": 0.002542,
  "away_bb9_10": 0.002539,
  "away_sp_fb_put_away": 0.002534,
  "era_edge_10": 0.002491,
  "home_lineup_slg_avg_10": 0.002486,
  "home_catcher_framing_rv": 0.002483,
  "away_obp_avg_5": 0.002481,
  "away_sb_trend": 0.002479,
  "away_k9_10": 0.002468,
  "away_sp_fip_trend_5v10": 0.002468,
  "away_pen_qual_depletion": 0.002439,
  "home_sp_whip_10": 0.002424,
  "away_sp_days_rest": 0.002423,
  "home_bp_hot_1d": 0.002412,
  "park_adj_runs_diff": 0.002393,
  "home_bp_era_7d": 0.00239,
  "home_k9_10": 0.002389,
  "away_sp_era_park_adj_5": 0.002389,
  "slg_edge_10": 0.002383,
  "home_sp_sc_k_pct": 0.00238,
  "home_sp_sc_oz_swing_pct": 0.002377,
  "obp_edge_10": 0.002372,
  "home_sp_k9_home_10": 0.002372,
  "wind_scoring_boost": 0.00237,
  "home_park_adj_runs_10": 0.002369,
  "away_team_sp_k9_10": 0.002359,
  "lineup_slg_edge": 0.002349,
  "home_sp_venue_era": 0.00234,
  "combined_sp_sc_k_pct": 0.002338,
  "home_sp_fip_5v20": 0.002319,
  "away_lineup_iso_avg_10": 0.002319,
  "combined_sp_sc_whiff_pct": 0.002308,
  "away_obp_avg_10": 0.002298,
  "away_bp_whip_5": 0.002293,
  "home_sp_career_era_10": 0.002291,
  "home_win_pct": 0.002273,
  "combined_bp_k9": 0.002269,
  "away_sb_pct_10": 0.002268,
  "diff_sp_sc_k_bb_ratio": 0.002265,
  "diff_sp_sc_bb_pct": 0.002265,
  "home_sp_k_pct_10": 0.002264,
  "away_bb_pct_avg_5": 0.002262,
  "home_sp_fb_put_away": 0.002258,
  "series_game_number": 0.002254,
  "away_lineup_hard_hit_avg": 0.002252,
  "home_whip_5": 0.00225,
  "away_sp_k_pct_10": 0.002239,
  "home_whip_10": 0.002239,
  "home_bp_era7_x_ip7": 0.002236,
  "away_sp_fip_5": 0.002234,
  "away_bp_era_7d": 0.002232,
  "away_whip_10": 0.002232,
  "away_runs_trend_5v20": 0.002231,
  "pen_qual_depletion_edge": 0.002231,
  "away_pen_exposure_x_era": 0.00223,
  "diff_sp_sc_oz_swing_pct": 0.002229,
  "ump_k9_x_away_sp_k": 0.002225,
  "away_sp_home_away_era_split": 0.002218,
  "diff_lineup_barrel": 0.002213,
  "home_ops_5": 0.002208,
  "home_era_trend_5v10": 0.002207,
  "away_sp_k_pct_trend": 0.002202,
  "home_team_sp_k9_5": 0.002202,
  "combined_runs_avg_10": 0.002201,
  "away_lineup_xslg_avg": 0.002201,
  "era_trend_diff": 0.002197,
  "sp_era_fip_gap_diff": 0.002197,
  "win_pct_last_10_diff": 0.002192,
  "ump_rpg_x_park": 0.002187,
  "away_sp_sc_barrel_rate": 0.002187,
  "combined_catcher_framing_rv": 0.002185,
  "away_sp_sc_exit_velo": 0.002183,
  "home_sp_bb9_5": 0.002183,
  "away_sp_era_away_10": 0.002178,
  "home_sp_k_pct_trend": 0.002176,
  "combined_sl_whiff_pct": 0.002175,
  "home_implied_runs": 0.002174,
  "away_sp_fip_5v20": 0.002167,
  "home_sp_sc_barrel_rate": 0.002156,
  "sp_k_bb_ratio_diff": 0.002155,
  "away_k9_5": 0.002153,
  "home_sp_last_k": 0.00215,
  "diff_sp_sc_exit_velo": 0.002147,
  "sp_era_5_diff": 0.002142,
  "wind_cos": 0.002141,
  "away_bullpen_ip_last_7": 0.002137,
  "bp_relievers_edge_1d": 0.002134,
  "diff_sp_sc_hard_hit_pct": 0.002131,
  "away_bp_hot_1d": 0.002126,
  "home_lineup_hard_hit_avg": 0.002126,
  "home_sp_home_away_era_split": 0.002125,
  "home_team_hr_x_park": 0.002124,
  "away_hr_avg_5": 0.002123,
  "away_sp_last_ip": 0.002122,
  "home_bp_relievers_last_2d": 0.002121,
  "away_slg_avg_5": 0.002115,
  "ump_bb9_10": 0.002089,
  "home_bb9_10": 0.002084,
  "batting_avg_avg_10_diff": 0.002083,
  "home_lineup_vs_opp_sp": 0.002083,
  "home_fb_velo_trend_5": 0.002068,
  "combined_runs_trend_5v10": 0.002066,
  "wind_sin": 0.002057,
  "run_diff_per_game_edge": 0.002056,
  "home_sp_hr9_5": 0.002052,
  "home_sp_venue_advantage": 0.002041,
  "home_pythag": 0.002033,
  "home_hr9_10": 0.002031,
  "home_fb_velo_avg_5": 0.002029,
  "away_k_pct_avg_5": 0.002029,
  "home_elo": 0.002027,
  "away_sp_k_pct_5": 0.002022,
  "away_bp_relievers_last_3d": 0.002022,
  "home_sp_k9_away_10": 0.002021,
  "away_sp_fip_away_10": 0.002013,
  "sp_era_edge_5": 0.002013,
  "combined_sp_sc_bb_pct": 0.002009,
  "away_run_diff": 0.002007,