{
  "away_lineup_completeness": 0.020647,
  "home_lineup_completeness": 0.019267,
  "diff_sp_sc_xwoba": 0.013157,
  "combined_sp_sc_xwoba": 0.00967,
  "home_elo_x_sp_quality": 0.009258,
  "away_sp_venue_starts": 0.008623,
  "away_elo_x_sp_quality": 0.008425,
  "away_run_diff_per_game": 0.00585,
  "away_team_k_bb_ratio_5": 0.005739,
  "sp_era_edge_5": 0.00565,
  "bp_relievers_edge_3d": 0.005621,
  "home_bp_era7_x_ip7": 0.005516,
  "away_sp_fip_20": 0.005252,
  "away_sp_sc_xwoba": 0.005096,
  "sp_short_asymmetry": 0.005032,
  "away_sp_era_5v20": 0.005022,
  "away_sp_venue_k9": 0.004971,
  "ump_rpg_x_park": 0.004837,
  "home_run_diff": 0.004813,
  "away_sp_venue_fip": 0.004667,
  "sp_composite_edge": 0.004649,
  "ump_k9_x_home_sp_k": 0.00464,
  "team_whip_5_diff": 0.004566,
  "away_bp_relievers_last_1d": 0.00456,
  "home_sp_era_5v20": 0.004532,
  "run_diff_per_game_edge": 0.004503,
  "home_sp_home_away_era_split": 0.00449,
  "home_sp_last_k_rate": 0.004433,
  "whip_edge_10": 0.004427,
  "away_top4_slg_avg_10": 0.004311,
  "home_losses": 0.004201,
  "home_bp_hot_1d": 0.004111,
  "n_ump_games_prev_5": 0.004081,
  "market_home_win_prob": 0.004034,
  "bp_era_diff_5": 0.004023,
  "away_losses": 0.004002,
  "away_bp_usage_per_rest": 0.00396,
  "home_sp_sc_exit_velo": 0.003948,
  "away_elo": 0.003875,
  "home_sp_fip_10": 0.003864,
  "away_sp_era_5": 0.003854,
  "home_lineup_slg_avg_10": 0.003831,
  "away_games_played": 0.003786,
  "sp_venue_familiarity_diff": 0.003754,
  "away_lineup_avg_avg_10": 0.003749,
  "runs_scored_edge_10": 0.003718,
  "pen_depletion_edge": 0.00371,
  "away_sp_whip_5": 0.003701,
  "away_sp_whip_10": 0.003692,
  "sp_form_edge": 0.003681,
  "home_k9_10": 0.003659,
  "away_ops_10": 0.003642,
  "away_era_trend_5v10": 0.003624,
  "home_whip_10": 0.003623,
  "home_bp_whip_10": 0.003614,
  "sp_k_pct_5_diff": 0.003584,
  "home_sp_days_rest": 0.003556,
  "pythag_sp_quality_diff": 0.003546,
  "home_lineup_avg_avg_10": 0.003522,
  "home_iso_avg_10": 0.003505,
  "away_pen_depletion": 0.003485,
  "home_sp_k9_5": 0.003475,
  "bp_era_diff_10": 0.003463,
  "ump_bb9_5": 0.003456,
  "home_sp_k_bb_ratio_5": 0.003424,
  "away_sp_sc_barrel_rate": 0.003365,
  "home_elo": 0.003336,
  "temperature_f": 0.00333,
  "batting_iso_avg_10_diff": 0.003326,
  "away_win_pct": 0.00332,
  "away_sp_fip_trend_5v10": 0.003302,
  "home_sp_fip_20": 0.003275,
  "sp_era_trend_diff": 0.003261,
  "home_team_sp_k9_10": 0.003258,
  "home_sp_sc_xwoba": 0.003207,
  "ump_rpg_5": 0.003181,
  "home_sp_sl_whiff_pct": 0.003167,
  "obp_edge_10": 0.00316,
  "lineup_slg_edge": 0.00313,
  "away_bp_ip_last_1d": 0.00312,
  "home_sp_era_trend_5v10": 0.003079,
  "home_run_diff_per_game": 0.003069,
  "combined_runs_avg_10": 0.003068,
  "home_top4_slg_avg_10": 0.003043,
  "away_sp_bb9_5": 0.003023,
  "home_sp_venue_starts": 0.003018,
  "away_sp_last_k_rate": 0.003006,
  "home_bp_relievers_last_1d": 0.003001,
  "away_obp_avg_10": 0.003001,
  "away_sp_k_pct_5": 0.002995,
  "away_bullpen_ip_last_7": 0.002994,
  "home_bp_usage_per_rest": 0.002994,
  "away_iso_avg_5": 0.002984,
  "batting_avg_avg_5_diff": 0.002971,
  "away_bb_pct_avg_10": 0.002945,
  "away_runs_avg_20": 0.002944,
  "season_days_elapsed": 0.002943,
  "away_sp_era_trend_5v10": 0.002927,
  "away_k9_5": 0.002915,
  "home_sp_venue_advantage": 0.002914,
  "home_sp_sc_hard_hit_pct": 0.002912,
  "run_diff_avg_last_5_edge": 0.002895,
  "home_bp_relievers_last_2d": 0.002889,
  "ump_rpg_10": 0.002882,
  "home_sp_k_trend_5v10": 0.002878,
  "away_sp_k_bb_ratio_5": 0.002865,
  "home_sp_ch_whiff_pct": 0.002862,
  "away_sp_career_whip_5": 0.002856,
  "away_sp_ip_avg_5": 0.002855,
  "away_sp_career_era_5": 0.002852,
  "sp_era_regression_diff": 0.002851,
  "away_sp_fip_5v20": 0.002839,
  "home_runs_trend_5v20": 0.002824,
  "home_bullpen_ip_last_7": 0.002814,
  "form_momentum_diff": 0.002807,
  "home_win_pct": 0.002803,
  "combined_runs_avg_5": 0.002802,
  "home_lineup_iso_avg_10": 0.0028,
  "combined_ops_10": 0.002791,
  "h2h_home_win_pct_ytd": 0.002787,
  "away_sp_last_ip": 0.002779,
  "away_ops_5": 0.002774,
  "bp_relievers_edge_1d": 0.002761,
  "diff_sp_sc_exit_velo": 0.002754,
  "home_wins_last_10": 0.00275,
  "combined_sp_sc_hard_hit_pct": 0.002737,
  "home_pythag_vs_record": 0.002737,
  "away_hr_avg_10": 0.002735,
  "ump_bb9_10": 0.002734,
  "combined_bp_k9": 0.002728,
  "away_bullpen_ip_last_3": 0.002726,
  "win_pct_edge": 0.002703,
  "away_era_10": 0.00269,
  "home_bp_era_10": 0.00269,
  "sp_whip_5_diff": 0.00269,
  "sp_workload_edge": 0.002685,
  "pythag_record_edge": 0.002679,
  "home_sp_career_whip_5": 0.002665,
  "away_sp_era_away_10": 0.00266,
  "wind_scoring_boost": 0.002657,
  "combined_slg_avg_10": 0.002656,
  "away_runs_sd_10": 0.002646,
  "ump_k9_10": 0.002635,
  "pythag_diff": 0.002626,
  "park_hr_factor": 0.002621,
  "diff_sp_sc_hard_hit_pct": 0.002617,
  "home_sp_era_20": 0.002609,
  "bullpen_fatigue_7d_edge": 0.0026,
  "home_slg_avg_10": 0.00259,
  "away_runs_trend_5v20": 0.002588,
  "away_lineup_slg_avg_10": 0.002575,
  "away_iso_avg_10": 0.002571,
  "home_sp_last_ip": 0.002571,
  "combined_ch_whiff_pct": 0.002567,
  "sp_last_quality_diff": 0.002558,
  "home_sp_era_x_opp_avg": 0.002555,
  "wind_sin": 0.002553,
  "home_bb9_5": 0.00254,
  "away_pythag_vs_record": 0.002534,
  "home_hr9_10": 0.002527,
  "park_adj_total_env": 0.002526,
  "team_k_bb_ratio_diff": 0.002523,
  "away_form_vs_season": 0.002516,
  "home_sp_career_era_5": 0.002506,
  "home_bp_era_7d": 0.002503,
  "win_pct_last_10_diff": 0.002496,
  "away_whip_5": 0.002495,
  "home_runs_sd_10": 0.002488,
  "away_wins_last_5": 0.002471,
  "bp_k9_edge": 0.002468,
  "home_sp_venue_era": 0.002456,
  "combined_sp_sc_barrel_rate": 0.002452,
  "home_sp_fip_away_10": 0.002446,
  "away_sp_last_bb": 0.002435,
  "away_win_pct_last_5": 0.002428,
  "total_k_suppression": 0.002422,
  "home_sp_career_era_10": 0.002421,
  "away_bp_era_5": 0.002421,
  "away_obp_avg_5": 0.002392,
  "total_k_env": 0.002385,
  "away_lineup_iso_avg_10": 0.002383,
  "h2h_games_ytd": 0.002381,
  "away_team_sp_k9_10": 0.002361,
  "wind_speed_mph": 0.002358,
  "away_sp_era_20": 0.002331,
  "away_sp_k9_away_10": 0.00233,
  "home_sp_last_fip": 0.002323,
  "away_sp_career_era_10": 0.002316,
  "away_bb9_5": 0.002314,
  "away_runs_avg_5": 0.002313,
  "sp_fip_edge_5": 0.002313,
  "ump_bb9_x_home_team_bb": 0.002296,
  "sp_days_rest_diff": 0.002277,
  "home_sp_venue_fip": 0.002271,
  "away_sp_sl_whiff_pct": 0.002261,
  "away_sp_era_10": 0.002261,
  "home_sp_hr9_5": 0.002255,
  "home_bp_k9_10": 0.002251,
  "combined_sp_era_10": 0.002247,
  "home_obp_avg_10": 0.002244,
  "away_bp_whip_10": 0.00224,
  "away_run_diff_avg_last_5": 0.002234,
  "away_sp_k9_home_10": 0.002234,
  "away_bullpen_exposure": 0.002225,
  "away_bp_relievers_last_3d": 0.002221,
  "home_sp_fip_home_10": 0.002218,
  "away_wins": 0.002197,
  "team_era_5_diff": 0.002187,
  "home_wins": 0.002181,
  "b2b_asymmetry": 0.002177,
  "home_k_pct_avg_5": 0.002175,
  "away_bp_era_7d": 0.002169,
  "home_sp_ip_avg_5": 0.002166,
  "away_sp_fip_away_10": 0.002164,
  "away_sp_fip_10": 0.002161,
  "bp_relievers_edge_2d": 0.002158,
  "away_pen_exposure_x_era": 0.002155,
  "home_pythag_x_opp_sp_fip": 0.002146,
  "away_bp_era7_x_ip7": 0.002144,
  "away_runs_allowed_avg_5": 0.002136,
  "ump_sp_k_environment": 0.002134,
  "away_sp_k_trend_5v10": 0.00213,
  "home_games_played": 0.002128,
  "away_team_sp_k9_5": 0.002128,
  "home_pen_exposure_x_era": 0.002128,
  "away_sp_starts_in_window": 0.002119,
  "away_runs_allowed_avg_10": 0.002103,
  "batting_hr_avg_10_diff": 0.002096,
  "combined_sp_sc_exit_velo": 0.00209,
  "away_sp_sc_hard_hit_pct": 0.002085,
  "away_sp_sc_exit_velo": 0.002079,
  "home_runs_avg_20": 0.00207,
  "away_sp_fip_home_10": 0.002068,