{
  "diff_sp_sc_xwoba": 0.015725,
  "combined_sp_sc_xwoba": 0.009116,
  "diff_lineup_xwoba": 0.00817,
  "away_run_diff_per_game": 0.006478,
  "away_sp_venue_k9": 0.005992,
  "batting_hr_avg_10_diff": 0.005762,
  "away_sp_venue_starts": 0.005747,
  "home_ops_5": 0.005384,
  "home_rest_days": 0.005236,
  "home_top4_x_opp_bp": 0.005226,
  "away_sp_fip_20": 0.004662,
  "home_run_diff": 0.0046,
  "home_ops_10": 0.004573,
  "away_ops_5": 0.004571,
  "away_sp_fip_5v20": 0.004397,
  "bp_relievers_edge_3d": 0.004371,
  "sp_era_park_adj_diff": 0.004341,
  "ops_diff_10": 0.00431,
  "away_h2h_slg_wtd": 0.004176,
  "team_era_5_diff": 0.004125,
  "away_top4_slg_avg_10": 0.004078,
  "home_lineup_barrel_avg": 0.003952,
  "h2h_slg_edge_wtd": 0.003874,
  "sp_era_opp_adj_diff": 0.003856,
  "home_bp_relievers_last_2d": 0.003829,
  "home_park_adj_runs_10": 0.003783,
  "home_games_played": 0.00369,
  "fb_velo_trend_diff": 0.003682,
  "ump_rpg_x_park": 0.003681,
  "abs_total_line_move": 0.003678,
  "away_win_pct": 0.003619,
  "ops_diff_5": 0.00361,
  "home_hr9_10": 0.003605,
  "home_whip_10": 0.003601,
  "series_game_number": 0.003589,
  "home_sp_sc_xwoba": 0.003522,
  "away_sp_venue_fip": 0.003519,
  "home_sp_fip_20": 0.003517,
  "away_h2h_obp": 0.003512,
  "home_top4_slg_avg_10": 0.003507,
  "bp_avg_era_last_3d_diff": 0.0035,
  "home_bp_whip_10": 0.00344,
  "away_runs_allowed_avg_10": 0.003421,
  "home_elo_x_sp_quality": 0.003356,
  "away_sp_bb_pct_5": 0.003354,
  "away_team_k_bb_ratio_5": 0.003335,
  "home_pythag": 0.003328,
  "home_run_diff_avg_last_5": 0.003321,
  "total_k_env": 0.003315,
  "away_sp_ip_per_rest": 0.003309,
  "home_lineup_xwoba_avg": 0.003282,
  "home_runs_allowed_avg_5": 0.003256,
  "home_sp_k9_5": 0.003256,
  "away_sp_fip_10": 0.003253,
  "away_sp_hr9_5": 0.003204,
  "away_run_diff_avg_last_5": 0.003163,
  "away_sp_sc_xwoba": 0.003161,
  "home_sp_era_opp_adj_5": 0.003158,
  "form_momentum_diff": 0.003158,
  "ump_k9_10": 0.003154,
  "sp_era_edge_5": 0.003148,
  "home_pen_depletion": 0.00312,
  "wind_sin": 0.003099,
  "away_sp_fip_5": 0.003093,
  "combined_ops_10": 0.003092,
  "diff_sp_sc_exit_velo": 0.003084,
  "away_pythag": 0.003068,
  "away_sp_bb9_5": 0.003065,
  "team_k_bb_ratio_diff": 0.003062,
  "away_lineup_xwoba_avg": 0.003057,
  "bp_k9_edge": 0.003037,
  "home_sp_sc_hard_hit_pct": 0.003033,
  "away_catcher_framing_rv": 0.003032,
  "total_k_suppression": 0.003025,
  "park_adj_total_env": 0.003008,
  "away_sp_era_opp_adj_5": 0.003006,
  "away_pen_exposure_x_era": 0.003003,
  "home_k9_10": 0.002994,
  "away_ops_10": 0.002943,
  "away_lineup_xslg_avg": 0.002927,
  "away_sp_sc_barrel_rate": 0.002923,
  "batting_avg_avg_10_diff": 0.002913,
  "away_sp_era_x_opp_avg": 0.002911,
  "away_bp_avg_era_last_3d": 0.002911,
  "home_runs_trend_5v20": 0.002901,
  "home_sp_sc_whiff_pct": 0.002876,
  "away_team_sp_k9_5": 0.002846,
  "batting_runs_avg_5_diff": 0.00284,
  "away_sp_fip_trend_5v10": 0.002838,
  "away_fb_velo_avg_5": 0.002833,
  "home_bp_relievers_last_3d": 0.00283,
  "away_sb_trend": 0.002821,
  "home_team_hr_x_park": 0.002808,
  "away_sp_era_10": 0.002794,
  "sp_k_bb_ratio_diff": 0.002781,
  "ump_sp_k_environment": 0.002778,
  "away_lineup_barrel_avg": 0.002776,
  "home_fb_velo_trend_5": 0.002776,
  "home_whip_5": 0.002757,
  "pythag_record_edge": 0.002755,
  "home_lineup_vs_opp_sp": 0.002754,
  "combined_sp_sc_oz_swing_pct": 0.002737,
  "sp_last_quality_diff": 0.002698,
  "home_wins": 0.002696,
  "home_pen_exposure_x_era": 0.002693,
  "home_sp_era_home_10": 0.002675,
  "total_vig_direction": 0.002668,
  "away_era_10": 0.002668,
  "home_bp_hot_1d": 0.002667,
  "away_bp_hot_1d": 0.002667,
  "diff_sp_sc_bb_pct": 0.002656,
  "away_whip_5": 0.002654,
  "home_sp_era_x_opp_avg": 0.002651,
  "diff_sp_sc_k_pct": 0.002648,
  "season_2024-regular": 0.002636,
  "home_catcher_framing_rate": 0.002628,
  "home_sp_k_pct_trend": 0.002622,
  "pen_depletion_edge": 0.002609,
  "ump_bb9_x_away_team_bb": 0.002588,
  "home_lineup_slg_avg_10": 0.002569,
  "away_k9_10": 0.002566,
  "diff_sp_sc_k_bb_ratio": 0.002559,
  "elo_diff": 0.002559,
  "home_sp_home_away_era_split": 0.002552,
  "away_losses": 0.002535,
  "home_sp_venue_fip": 0.002533,
  "away_sp_fip_away_10": 0.002527,
  "home_sp_fip_trend_5v10": 0.002525,
  "sb_rate_diff": 0.002523,
  "bullpen_fatigue_7d_edge": 0.002523,
  "sp_composite_edge": 0.002509,
  "home_sp_whip_10": 0.002507,
  "ump_k9_x_away_sp_k": 0.002502,
  "away_bullpen_ip_last_7": 0.002485,
  "away_fb_velo_trend_5": 0.002482,
  "run_diff_avg_last_5_edge": 0.002455,
  "combined_sl_whiff_pct": 0.002454,
  "away_iso_avg_5": 0.002442,
  "sp_fip_edge_5": 0.0024,
  "home_lineup_avg_avg_10": 0.0024,
  "pen_exposure_era_diff": 0.002398,
  "away_team_sp_k9_10": 0.00239,
  "era_trend_diff": 0.002387,
  "home_sp_sc_exit_velo": 0.002384,
  "top4_bp_matchup_diff": 0.002383,
  "home_sp_career_whip_5": 0.002383,
  "away_sp_last_k_rate": 0.002377,
  "wind_speed_mph": 0.002376,
  "bp_relievers_edge_1d": 0.002364,
  "home_sp_starts_in_window": 0.002355,
  "away_sb_pct_10": 0.002352,
  "away_slg_avg_5": 0.002334,
  "away_pythag_vs_record": 0.002323,
  "pen_qual_depletion_edge": 0.002322,
  "away_obp_avg_5": 0.002319,
  "ump_k9_x_home_sp_k": 0.002318,
  "temperature_f": 0.002313,
  "away_sp_k_pct_10": 0.00231,
  "home_h2h_slg": 0.002305,
  "away_h2h_slg": 0.0023,
  "away_catcher_framing_rate": 0.002291,
  "combined_bp_k9": 0.00228,
  "away_sp_career_whip_5": 0.002273,
  "combined_sb_avg_10": 0.002258,
  "away_park_adj_runs_10": 0.002253,
  "runs_trend_diff": 0.00225,
  "away_sp_k_bb_ratio_5": 0.002246,
  "away_form_vs_season": 0.002241,
  "home_bp_usage_per_rest": 0.002235,
  "sp_era_5_diff": 0.002233,
  "whip_edge_10": 0.002231,
  "away_bp_ip_last_1d": 0.002228,
  "away_slg_avg_10": 0.002212,
  "away_pen_depletion": 0.002212,
  "home_sp_k_pct_10": 0.00221,
  "era_edge_10": 0.002209,
  "away_lineup_vs_opp_sp": 0.002208,
  "home_sp_venue_k9": 0.002206,
  "batting_hr_avg_5_diff": 0.002206,
  "is_day_game": 0.002198,
  "home_sp_era_trend_5v10": 0.002196,
  "away_pen_qual_depletion": 0.002192,
  "wind_scoring_boost": 0.00219,
  "away_sp_era_park_adj_5": 0.002189,
  "bp_era_diff_10": 0.002175,
  "combined_catcher_framing_rv": 0.002163,
  "away_sp_sc_oz_swing_pct": 0.002158,
  "away_hr9_5": 0.002157,
  "win_pct_last_10_diff": 0.002151,
  "h2h_slg_edge": 0.002145,
  "sp_k_pct_trend_diff": 0.002138,
  "away_sp_sc_hard_hit_pct": 0.002136,
  "bp_relievers_edge_2d": 0.002136,
  "home_sp_sc_k_bb_ratio": 0.002127,
  "home_sp_pitches_est": 0.002127,
  "home_pythag_vs_record": 0.002122,
  "away_sp_home_away_era_split": 0.002121,
  "home_sp_sc_barrel_rate": 0.002107,
  "away_sp_era_20": 0.002105,
  "home_sp_fip_away_10": 0.002103,
  "away_sp_whip_10": 0.0021,
  "home_pen_qual_depletion": 0.002091,
  "wind_cos": 0.002089,
  "ump_bb9_5": 0.002088,
  "away_elo": 0.002087,
  "away_bp_era_7d": 0.002086,
  "park_adj_runs_diff": 0.002084,
  "pythag_diff": 0.002065,
  "home_fb_velo_avg_5": 0.002064,
  "home_sp_bb_pct_5": 0.002063,
  "obp_edge_10": 0.002058,
  "away_runs_allowed_avg_5": 0.002053,
  "away_hr9_10": 0.002053,
  "home_sp_sc_k_pct": 0.002051,
  "away_sp_era_5v20": 0.002043,
  "slg_edge_10": 0.00204,
  "away_run_diff": 0.002031,
  "away_top4_x_opp_bp": 0.002021,
  "home_sp_venue_starts": 0.002019,
  "home_team_sp_k9_10": 0.002001,
  "combined_sp_sc_bb_pct": 0.00199,
  "away_pythag_x_opp_sp_fip": 0.001974,
  "away_era_5": 0.001961,
  "sp_era_regression_diff": 0.001956,
  "home_lineup_hard_hit_avg": 0.001953,
  "away_lineup_iso_avg_10": 0.001943,
  "lineup_vs_sp_edge": 0.001939,
  "home_team_sp_k9_5": 0.001931,
  "home_h2h_obp": 0.001923,
  "home_sp_sc_oz_swing_pct": 0.001915,
  "home_catcher_framing_rv": 0.001909,
  "home_sp_era_away_10": 0.001906,