{
  "diff_sp_sc_xwoba": 0.018983,
  "combined_sp_sc_xwoba": 0.010277,
  "diff_lineup_xwoba": 0.009761,
  "home_rest_days": 0.005742,
  "away_sp_venue_k9": 0.005704,
  "away_team_k_bb_ratio_5": 0.005146,
  "bp_relievers_edge_3d": 0.005075,
  "away_sp_venue_fip": 0.004625,
  "away_h2h_slg_wtd": 0.00454,
  "pen_qual_depletion_edge": 0.004385,
  "home_h2h_ba": 0.00431,
  "sp_days_rest_diff": 0.004177,
  "precip_prob_pct": 0.00417,
  "combined_sp_sc_barrel_rate": 0.004138,
  "away_sb_trend": 0.004086,
  "home_sp_sc_xwoba": 0.004041,
  "combined_sp_sc_oz_swing_pct": 0.00399,
  "away_sp_ip_per_rest": 0.003952,
  "away_elo": 0.003924,
  "sp_whip_5_diff": 0.00385,
  "home_run_diff_per_game": 0.003825,
  "home_elo_x_sp_quality": 0.003792,
  "h2h_slg_edge": 0.003676,
  "home_top4_x_opp_bp": 0.003666,
  "away_lineup_xslg_avg": 0.003642,
  "away_sp_era_park_adj_5": 0.003641,
  "away_runs_trend_5v20": 0.003638,
  "away_wins": 0.003635,
  "total_k_suppression": 0.003613,
  "home_fb_velo_trend_5": 0.003572,
  "home_runs_allowed_avg_5": 0.003565,
  "home_top4_slg_avg_10": 0.003546,
  "park_adj_implied_total": 0.003524,
  "ops_diff_10": 0.003487,
  "away_bp_relievers_last_1d": 0.00342,
  "home_sp_sc_oz_swing_pct": 0.003406,
  "away_sp_last_fip": 0.003402,
  "pythag_diff": 0.003399,
  "combined_slg_avg_10": 0.00339,
  "home_runs_trend_5v20": 0.003389,
  "home_sp_venue_fip": 0.00337,
  "elo_diff": 0.003343,
  "away_bp_whip_10": 0.00332,
  "away_h2h_slg": 0.003276,
  "home_sp_fip_home_10": 0.003274,
  "away_k9_5": 0.003271,
  "away_top4_slg_avg_10": 0.003247,
  "home_sp_sc_hard_hit_pct": 0.003246,
  "batting_hr_avg_5_diff": 0.003242,
  "away_fb_velo_avg_5": 0.003241,
  "away_sp_pitches_est": 0.003238,
  "home_era_10": 0.003237,
  "away_lineup_xwoba_avg": 0.003217,
  "home_pen_exposure_x_era": 0.003206,
  "away_era_5": 0.003205,
  "away_sp_days_rest": 0.003205,
  "away_sp_whip_5": 0.003197,
  "away_sp_fip_away_10": 0.003152,
  "sp_venue_familiarity_diff": 0.00314,
  "diff_lineup_hard_hit": 0.003136,
  "home_h2h_obp": 0.00313,
  "ump_rpg_x_park": 0.003125,
  "home_sp_fip_5": 0.003116,
  "diff_sp_sc_k_bb_ratio": 0.003104,
  "start_hour_utc": 0.003091,
  "away_pythag_vs_record": 0.003083,
  "combined_runs_trend_5v10": 0.003081,
  "fb_velo_trend_diff": 0.003074,
  "home_pythag": 0.00306,
  "h2h_slg_edge_wtd": 0.003052,
  "away_sp_venue_starts": 0.003051,
  "home_sp_k_bb_ratio_5": 0.003043,
  "away_sp_sc_xwoba": 0.003036,
  "home_bp_avg_era_last_3d": 0.003024,
  "home_pen_qual_depletion": 0.003006,
  "home_sp_sc_k_bb_ratio": 0.003006,
  "home_bp_k9_10": 0.002996,
  "run_diff_per_game_edge": 0.002991,
  "whip_edge_10": 0.00299,
  "home_lineup_hard_hit_avg": 0.002987,
  "sp_last_quality_diff": 0.002985,
  "home_pythag_vs_record": 0.002982,
  "away_sp_fip_20": 0.00298,
  "diff_sp_sc_whiff_pct": 0.002925,
  "team_era_5_diff": 0.002915,
  "home_sp_k_pct_5": 0.002893,
  "away_sp_fip_trend_5v10": 0.002891,
  "home_bp_ip_last_1d": 0.002871,
  "away_lineup_slg_avg_10": 0.002868,
  "bp_avg_era_last_3d_diff": 0.002855,
  "home_team_k_bb_ratio_5": 0.002852,
  "home_obp_avg_10": 0.00285,
  "home_iso_avg_10": 0.002826,
  "away_era_trend_5v10": 0.002816,
  "ump_bb9_x_home_team_bb": 0.002814,
  "abs_total_line_move": 0.002812,
  "home_sp_sc_bb_pct": 0.002803,
  "away_sp_k_pct_10": 0.002796,
  "away_sp_sc_barrel_rate": 0.002786,
  "away_lineup_iso_avg_10": 0.002772,
  "sp_era_park_adj_diff": 0.00277,
  "total_vig_direction": 0.002768,
  "lineup_vs_sp_edge": 0.002757,
  "home_wins_last_5": 0.002749,
  "home_catcher_framing_rv": 0.002746,
  "away_hr9_10": 0.002706,
  "home_sp_era_20": 0.002699,
  "away_sp_era_away_10": 0.002692,
  "away_sp_era_10": 0.002678,
  "combined_sl_whiff_pct": 0.002676,
  "away_sp_sc_k_pct": 0.002668,
  "diff_sp_sc_bb_pct": 0.002659,
  "sp_fip_edge_5": 0.002655,
  "temperature_f": 0.002644,
  "b2b_asymmetry": 0.002626,
  "combined_bp_k9": 0.002601,
  "home_sp_venue_era": 0.002601,
  "away_sp_venue_era": 0.002599,
  "away_sp_hr9_5": 0.002599,
  "away_pen_exposure_x_era": 0.002588,
  "ump_k9_x_home_sp_k": 0.002582,
  "away_sp_ip_avg_5": 0.002579,
  "pen_exposure_era_diff": 0.002551,
  "ump_sp_k_environment": 0.002547,
  "away_sp_k9_5": 0.002533,
  "away_sp_home_away_era_split": 0.002529,
  "away_runs_allowed_avg_5": 0.002529,
  "away_sp_k_pct_5": 0.002519,
  "away_fb_velo_trend_5": 0.0025,
  "home_lineup_xwoba_avg": 0.002497,
  "sp_era_edge_5": 0.002496,
  "home_bp_era7_x_ip7": 0.002479,
  "form_momentum_diff": 0.002478,
  "away_bullpen_ip_last_3": 0.002476,
  "away_sp_k_bb_ratio_5": 0.002473,
  "temp_cold_penalty": 0.002471,
  "combined_sp_sc_whiff_pct": 0.002465,
  "batting_iso_avg_10_diff": 0.002463,
  "home_catcher_framing_rate": 0.002459,
  "home_sp_k9_away_10": 0.002454,
  "home_sp_bb_pct_5": 0.002451,
  "away_sp_era_20": 0.002447,
  "away_run_diff_per_game": 0.002438,
  "open_total_line": 0.002436,
  "home_sp_fip_trend_5v10": 0.002436,
  "home_lineup_xslg_avg": 0.002435,
  "away_top4_x_opp_bp": 0.002435,
  "diff_sp_sc_hard_hit_pct": 0.00243,
  "bullpen_fatigue_edge": 0.002425,
  "away_sp_fip_10": 0.002411,
  "slg_edge_10": 0.00241,
  "home_sp_hr9_5": 0.002406,
  "era_edge_10": 0.002405,
  "home_bp_era_5": 0.002401,
  "sp_composite_edge": 0.002389,
  "runs_trend_diff": 0.002385,
  "home_lineup_barrel_avg": 0.002363,
  "home_sp_era_fip_gap": 0.002358,
  "pen_depletion_edge": 0.002339,
  "sp_pitches_est_diff": 0.002337,
  "away_ops_5": 0.002334,
  "total_k_env": 0.002322,
  "home_elo": 0.002319,
  "combined_sp_sc_hard_hit_pct": 0.002318,
  "away_k_pct_avg_10": 0.002307,
  "home_sp_era_5v20": 0.002299,
  "away_sp_fip_home_10": 0.002299,
  "home_bp_whip_10": 0.002294,
  "home_lineup_vs_opp_sp": 0.002293,
  "home_losses": 0.002287,
  "home_run_diff": 0.002277,
  "combined_obp_avg_10": 0.002273,
  "away_bp_avg_era_last_3d": 0.00227,
  "home_pythag_x_opp_sp_fip": 0.002263,
  "home_runs_allowed_avg_10": 0.002263,
  "ump_k9_x_away_sp_k": 0.002253,
  "away_sp_last_k_rate": 0.002251,
  "home_sp_venue_starts": 0.00224,
  "away_team_hr_x_park": 0.002239,
  "away_bullpen_ip_last_7": 0.002237,
  "home_sp_pitches_est": 0.002218,
  "sp_era_regression_diff": 0.002215,
  "away_sp_k_pct_trend": 0.002193,
  "home_implied_runs": 0.002186,
  "away_whip_10": 0.002183,
  "bp_era_diff_10": 0.002173,
  "home_fb_velo_avg_5": 0.002169,
  "home_wins": 0.002169,
  "away_team_sp_k9_10": 0.002168,
  "combined_sp_sc_bb_pct": 0.002161,
  "home_bb9_10": 0.002157,
  "home_h2h_slg": 0.002156,
  "catcher_framing_rv_diff": 0.002148,
  "home_hr9_10": 0.002139,
  "away_win_pct": 0.00213,
  "sp_era_5_diff": 0.002129,
  "away_sp_career_era_10": 0.002119,
  "home_sp_venue_advantage": 0.002111,
  "wind_sin": 0.002102,
  "combined_sp_sc_k_pct": 0.002096,
  "home_lineup_slg_avg_10": 0.002092,
  "away_lineup_avg_avg_10": 0.002091,
  "sp_fip_trend_diff": 0.002086,
  "bp_relievers_edge_1d": 0.002086,
  "away_sb_pct_10": 0.002082,
  "away_sp_fip_5v20": 0.002081,
  "away_sp_fb_put_away": 0.002077,
  "home_avg_avg_10": 0.002075,
  "diff_sp_sc_oz_swing_pct": 0.002072,
  "sp_k_bb_ratio_diff": 0.002071,
  "combined_sp_sc_exit_velo": 0.002065,
  "home_bb9_5": 0.002058,
  "home_sp_ch_whiff_pct": 0.002055,
  "home_bullpen_ip_last_7": 0.002054,
  "home_win_pct": 0.002052,
  "away_sp_ch_whiff_pct": 0.002045,
  "away_run_diff": 0.002041,
  "park_adj_total_env": 0.002026,
  "away_sp_fip_5": 0.002016,
  "home_sp_era_trend_5v10": 0.002015,
  "away_sp_sc_bb_pct": 0.002014,
  "home_runs_avg_20": 0.002003,
  "away_bb_pct_avg_5": 0.002002,
  "home_sp_sc_whiff_pct": 0.001997,
  "home_sp_ip_per_rest": 0.001995,
  "home_bp_hot_1d": 0.001984,
  "home_hr9_5": 0.001979,
  "home_ops_5": 0.001977,
  "home_sp_k_pct_10": 0.001975,
  "home_sp_era_x_opp_avg": 0.001969,
  "ump_k9_10": 0.001964,