{"run_line_away_price": -113.0, "total_line": 8.5, "under_price": -110.0, "open_run_line_home": -1.5, "open_total_line": 8.5, "park_run_factor": 1.006, "home_hr_avg_5": 1.0, "home_avg_avg_5": 0.23694487983281087, "home_obp_avg_5": 0.30177849927849926, "home_slg_avg_5": 0.38694880841432566, "home_iso_avg_5": 0.14818279094320239, "home_k_pct_avg_5": 0.2511026380923489, "home_bb_pct_avg_5": 0.08238514173998043, "home_runs_avg_10": 4.4, "home_hr_avg_10": 1.1, "home_avg_avg_10": 0.2378381315869457, "home_obp_avg_10": 0.3014671929377811, "home_slg_avg_10": 0.38740777697471807, "home_iso_avg_10": 0.149369925969252, "home_k_pct_avg_10": 0.2510074397709629, "home_bb_pct_avg_10": 0.08301854451377251, "home_runs_avg_20": 4.4, "home_runs_sd_10": 2.913569784454954, "home_sb_avg_5": 0.6, "home_sb_avg_10": 0.6, "home_sb_pct_10": 0.018691588785046728, "away_runs_avg_5": 4.4, "away_hr_avg_5": 1.0, "away_avg_avg_5": 0.23853388492857186, "away_obp_avg_5": 0.30263286421181157, "away_slg_avg_5": 0.38731025247154277, "away_iso_avg_5": 0.1480147151942568, "away_k_pct_avg_5": 0.25000896057347666, "away_bb_pct_avg_5": 0.0820478188525589, "away_runs_avg_10": 4.4, "away_hr_avg_10": 1.1, "away_avg_avg_10": 0.23900847685543097, "away_obp_avg_10": 0.3026315789473684, "away_slg_avg_10": 0.3891994486961031, "away_iso_avg_10": 0.14987343627049507, "away_k_pct_avg_10": 0.25085784516819, "away_bb_pct_avg_10": 0.08305928693753592, "away_runs_avg_20": 4.4, "away_runs_sd_10": 2.913569784454954, "away_sb_avg_5": 0.6, "away_sb_avg_10": 0.6, "away_sb_pct_10": 0.018461538461538463, "home_runs_allowed_avg_5": 4.4, "home_era_5": 4.05, "home_whip_5": 1.285, "home_k9_5": 8.49090909090909, "home_bb9_5": 3.16, "home_hr9_5": 1.1, "home_sp_era_5": 4.627194860813704, "home_sp_whip_5": 1.3693308317698563, "home_team_sp_k9_5": 8.378039138487251, "home_bp_era_5": 3.6763169164882226, "home_bp_whip_5": 1.2782556228283712, "home_bp_k9_5": 8.85, "home_runs_allowed_avg_10": 4.4, "home_era_10": 4.17, "home_whip_10": 1.291219856771363, "home_k9_10": 8.485318591078578, "home_bb9_10": 3.1822854188210963, "home_hr9_10": 1.1455432172869147, "home_sp_era_10": 4.766180568611157, "home_sp_whip_10": 1.391709644194129, "home_team_sp_k9_10": 8.336637820153035, "home_bp_era_10": 3.9672626738486017, "home_bp_whip_10": 1.3021160057864178, "home_bp_k9_10": 8.868592788764785, "home_bullpen_ip_last_3": 9.33, "away_runs_allowed_avg_5": 4.2, "away_era_5": 4.035, "away_whip_5": 1.2805555555555554, "away_k9_5": 8.475, "away_bb9_5": 3.143238984146077, "away_hr9_5": 1.075, "away_sp_era_5": 4.429834811412252, "away_sp_whip_5": 1.35349603200072, "away_team_sp_k9_5": 8.271428571428572, "away_bp_era_5": 3.802920453067616, "away_bp_whip_5": 1.288413935724945, "away_bp_k9_5": 8.915545620808778, "away_runs_allowed_avg_10": 4.3, "away_era_10": 4.073101517916631, "away_whip_10": 1.2834634634634632, "away_k9_10": 8.498779134295228, "away_bb9_10": 3.1625, "away_hr9_10": 1.1125, "away_sp_era_10": 4.641470718194487, "away_sp_whip_10": 1.37418833199321, "away_team_sp_k9_10": 8.376270993916293, "away_bp_era_10": 3.911266094420601, "away_bp_whip_10": 1.296727955625395, "away_bp_k9_10": 8.888469440410137, "away_bullpen_ip_last_3": 9.0, "home_sp_career_era_5": 4.259857026726519, "home_sp_career_whip_5": 1.3332458770614692, "home_sp_k_pct_5": 0.21414859767292121, "home_sp_bb_pct_5": 0.07533311915692166, "home_sp_fip_5": 4.12643234830392, "home_sp_k9_5": 8.26116578611316, "home_sp_bb9_5": 3.0342857142857143, "home_sp_hr9_5": 1.1917460317460318, "home_sp_ip_avg_5": 5.335, "home_sp_career_era_10": 4.355326133745534, "home_sp_fip_10": 4.198053177327014, "home_sp_starts_in_window": 5.0, "home_sp_days_rest": 6.0, "home_sp_era_home_10": 3.757065005838848, "home_sp_era_away_10": 4.386422645670131, "home_sp_k9_home_10": 8.515873015873016, "home_sp_k9_away_10": 8.005952380952381, "home_sp_fip_home_10": 3.8583333333333334, "home_sp_fip_away_10": 4.212939132846883, "home_sp_era_20": 4.330531187950713, "home_sp_fip_20": 4.169366100798614, "home_sp_last_k": 5.0, "home_sp_last_bb": 2.0, "home_sp_last_fip": 3.7714285714285714, "away_sp_career_era_5": 4.182829306670348, "away_sp_career_whip_5": 1.3171854090672053, "away_sp_k_pct_5": 0.21461329017237069, "away_sp_bb_pct_5": 0.07481945628280048, "away_sp_fip_5": 4.13347077767581, "away_sp_k9_5": 8.25179982925378, "away_sp_bb9_5": 3.007769246285985, "away_sp_hr9_5": 1.1914087759815242, "away_sp_ip_avg_5": 5.4, "away_sp_career_era_10": 4.297382118784558, "away_sp_fip_10": 4.153258602000344, "away_sp_starts_in_window": 5.0, "away_sp_days_rest": 6.0, "away_sp_era_home_10": 3.81345977363108, "away_sp_era_away_10": 4.312393624156892, "away_sp_k9_home_10": 8.429926532053788, "away_sp_k9_away_10": 8.0, "away_sp_fip_home_10": 3.901410934744268, "away_sp_fip_away_10": 4.2, "away_sp_era_20": 4.284318973902179, "away_sp_fip_20": 4.153763659223326, "away_sp_last_k": 5.0, "away_sp_last_bb": 2.0, "away_sp_last_fip": 3.7, "home_wins": 35.0, "home_losses": 35.0, "home_win_pct": 0.5031847133757962, "home_run_diff": 3.0, "home_run_diff_per_game": 0.07868937048503612, "home_rest_days": 1.0, "home_games_played": 72.0, "home_wins_last_5": 2.0, "home_win_pct_last_5": 0.4, "home_wins_last_10": 5.0, "home_win_pct_last_10": 0.5, "home_run_diff_avg_last_5": 0.0, "away_wins": 35.0, "away_losses": 35.0, "away_win_pct": 0.5034248182031433, "away_run_diff": 4.0, "away_run_diff_per_game": 0.08888888888888889, "away_rest_days": 1.0, "away_games_played": 72.0, "away_win_pct_last_5": 0.6, "away_wins_last_10": 5.0, "away_win_pct_last_10": 0.5, "away_run_diff_avg_last_5": 0.0, "h2h_games_ytd": 2.0, "runs_scored_edge_10": 0.0, "obp_edge_10": -0.0018120551936591234, "slg_edge_10": -0.002784121335525469, "era_edge_10": -0.08164907281547344, "whip_edge_10": -0.008201771760090182, "sp_fip_edge_5": -0.01941697512660278, "sp_era_edge_5": -0.0287203791469194, "bullpen_fatigue_edge": -0.33, "win_pct_edge": 0.0, "run_diff_per_game_edge": -0.0007002801120448154, "home_implied_runs": 4.35, "away_implied_runs": 4.4, "park_adj_implied_total": 8.84715, "ump_rpg_5": 8.8, "ump_k9_5": 8.514376148612936, "ump_bb9_5": 3.1206569949963514, "ump_rpg_10": 8.8, "ump_k9_10": 8.549753055912674, "ump_bb9_10": 3.1235257241189602, "temperature_f": 74.5, "wind_speed_mph": 7.2, "wind_sin": -0.19936034309715212, "wind_cos": -0.25881904510252063, "precip_prob_pct": 0.0, "home_lineup_avg_avg_10": 0.23777777777777778, "home_lineup_slg_avg_10": 0.39402711752754294, "home_lineup_iso_avg_10": 0.14833333333333332, "home_top4_slg_avg_10": 0.4347329923554969, "home_lineup_completeness": 1.1111111111111112, "away_lineup_avg_avg_10": 0.2369958847736625, "away_lineup_slg_avg_10": 0.39420490443217715, "away_lineup_iso_avg_10": 0.14820987654320988, "away_top4_slg_avg_10": 0.4390350877192982, "away_lineup_completeness": 1.1111111111111112, "lineup_avg_edge": 0.0, "lineup_slg_edge": 0.0, "home_bullpen_ip_last_7": 21.98, "home_bp_era_7d": 3.7484381507705122, "away_bullpen_ip_last_7": 21.67, "away_bp_era_7d": 3.799249530956848, "bullpen_fatigue_7d_edge": -0.32, "series_game_number": 2.0, "home_sp_k_pct_10": 0.21540936058430254, "away_sp_k_pct_10": 0.21509635272151, "home_sp_venue_starts": 5.0, "home_sp_venue_era": 4.0, "home_sp_venue_k9": 8.711424144134652, "home_sp_venue_fip": 3.903006041288221, "away_sp_venue_starts": 0.0, "away_sp_venue_era": 3.6, "away_sp_venue_k9": 7.714285714285714, "away_sp_venue_fip": 3.8666666666666667, "home_bp_relievers_last_1d": 3.0, "home_bp_relievers_last_2d": 5.0, "home_bp_relievers_last_3d": 7.0, "home_bp_ip_last_1d": 3.33, "home_bp_avg_era_last_3d": 3.3666013124080867, "away_bp_relievers_last_1d": 3.0, "away_bp_relievers_last_2d": 5.0, "away_bp_relievers_last_3d": 7.0, "away_bp_ip_last_1d": 3.0, "away_bp_avg_era_last_3d": 3.3444737351430525, "home_sp_last_ip": 5.33, "away_sp_last_ip": 5.33, "home_sp_sc_barrel_rate": 8.5, "home_sp_sc_hard_hit_pct": 40.4, "home_sp_sc_xwoba": 0.319, "home_sp_sc_exit_velo": 89.3, "home_sp_sl_whiff_pct": 31.4, "home_sp_ch_whiff_pct": 29.9,