{"venue_id": 680.0, "run_line_home": -1.5, "run_line_home_price": -110.0, "run_line_away_price": -113.0, "total_line": 8.5, "over_price": -110.0, "under_price": -110.0, "open_run_line_home": -1.5, "open_total_line": 8.5, "total_line_move": 0.0, "run_line_move": 0.0, "park_run_factor": 1.006, "park_hr_factor": 1.012, "home_runs_avg_5": 4.2, "home_hr_avg_5": 1.0, "home_avg_avg_5": 0.23679637557034444, "home_obp_avg_5": 0.30111886847123326, "home_slg_avg_5": 0.38699198365273413, "home_iso_avg_5": 0.14839102390335787, "home_k_pct_avg_5": 0.25149230078902757, "home_bb_pct_avg_5": 0.0818423598810486, "home_runs_avg_10": 4.4, "home_hr_avg_10": 1.1, "home_avg_avg_10": 0.23752205275106927, "home_obp_avg_10": 0.3008886849036362, "home_slg_avg_10": 0.38746322027672736, "home_iso_avg_10": 0.14951611325343578, "home_k_pct_avg_10": 0.25127164472783053, "home_bb_pct_avg_10": 0.08235696813003945, "home_runs_avg_20": 4.4, "home_runs_sd_10": 2.913569784454954, "away_runs_avg_5": 4.4, "away_hr_avg_5": 1.0, "away_avg_avg_5": 0.2379403992143982, "away_obp_avg_5": 0.3017377602655284, "away_slg_avg_5": 0.3866865141791931, "away_iso_avg_5": 0.14764049104107502, "away_k_pct_avg_5": 0.25077384149864923, "away_bb_pct_avg_5": 0.08147528523165194, "away_runs_avg_10": 4.4, "away_hr_avg_10": 1.1, "away_avg_avg_10": 0.23879022934873928, "away_obp_avg_10": 0.3019308964489452, "away_slg_avg_10": 0.38911739321013517, "away_iso_avg_10": 0.14998489412576102, "away_k_pct_avg_10": 0.251753247555487, "away_bb_pct_avg_10": 0.08244932680941627, "away_runs_avg_20": 4.4, "away_runs_sd_10": 2.9078437983419185, "home_runs_allowed_avg_5": 4.4, "home_era_5": 4.027985707175819, "home_whip_5": 1.2805555555555554, "home_k9_5": 8.508762529172618, "home_bb9_5": 3.135, "home_hr9_5": 1.1, "home_sp_era_5": 4.620739599154233, "home_sp_whip_5": 1.3673958738808873, "home_team_sp_k9_5": 8.376459501716461, "home_bp_era_5": 3.6553940215372087, "home_bp_whip_5": 1.275747701075495, "home_runs_allowed_avg_10": 4.4, "home_era_10": 4.153940179012782, "home_whip_10": 1.2870745745745744, "home_k9_10": 8.5, "home_bb9_10": 3.160847169430589, "home_hr9_10": 1.139955044955045, "home_sp_era_10": 4.760053574703395, "home_sp_whip_10": 1.3878643337770702, "home_team_sp_k9_10": 8.34207163340106, "home_bp_era_10": 3.948615681938346, "home_bp_whip_10": 1.2990584961574378, "home_bullpen_ip_last_3": 9.33, "away_runs_allowed_avg_5": 4.2, "away_era_5": 4.025, "away_whip_5": 1.2769876880391902, "away_k9_5": 8.47990726124704, "away_bb9_5": 3.125, "away_hr9_5": 1.075, "away_sp_era_5": 4.420246372227446, "away_sp_whip_5": 1.3520266683790996, "away_team_sp_k9_5": 8.271153257877028, "away_bp_era_5": 3.791153362376171, "away_bp_whip_5": 1.2834240089143263, "away_runs_allowed_avg_10": 4.3, "away_era_10": 4.0625, "away_whip_10": 1.2805555555555557, "away_k9_10": 8.502019982428513, "away_bb9_10": 3.1375, "away_hr9_10": 1.112389012208657, "away_sp_era_10": 4.637185466055926, "away_sp_whip_10": 1.3707847655566454, "away_team_sp_k9_10": 8.375910761726857, "away_bp_era_10": 3.906123795780927, "away_bp_whip_10": 1.2927006281939315, "away_bullpen_ip_last_3": 9.0, "home_sp_career_era_5": 4.264844278943805, "home_sp_career_whip_5": 1.3333802376485304, "home_sp_k_pct_5": 0.21413007724314442, "home_sp_bb_pct_5": 0.07489291997207433, "home_sp_fip_5": 4.1380863039399625, "home_sp_k9_5": 8.25, "home_sp_bb9_5": 3.0213158521695105, "home_sp_hr9_5": 1.2, "home_sp_ip_avg_5": 5.335, "home_sp_career_era_10": 4.374370629812403, "home_sp_fip_10": 4.201194895544395, "home_sp_starts_in_window": 5.0, "home_sp_days_rest": 6.0, "home_sp_is_short_rest": 0.0, "home_sp_era_home_10": 3.7942776735459662, "home_sp_era_away_10": 4.405993140768672, "home_sp_k9_home_10": 8.506375316065732, "home_sp_k9_away_10": 8.020494363384216, "home_sp_fip_home_10": 3.8724514991181658, "home_sp_fip_away_10": 4.216666666666667, "away_sp_career_era_5": 4.201746031746032, "away_sp_career_whip_5": 1.3178133074638998, "away_sp_k_pct_5": 0.2146002257717791, "away_sp_bb_pct_5": 0.07412363923734186, "away_sp_fip_5": 4.140238645111625, "away_sp_k9_5": 8.25, "away_sp_bb9_5": 3.0, "away_sp_hr9_5": 1.2, "away_sp_ip_avg_5": 5.4, "away_sp_career_era_10": 4.313116208443014, "away_sp_fip_10": 4.1596314899718365, "away_sp_starts_in_window": 5.0, "away_sp_days_rest": 6.0, "away_sp_is_short_rest": 0.0, "away_sp_era_home_10": 3.8268416919321826, "away_sp_era_away_10": 4.336316916488222, "away_sp_k9_home_10": 8.418825466331661, "away_sp_k9_away_10": 8.015346519581477, "away_sp_fip_home_10": 3.907857142857143, "away_sp_fip_away_10": 4.205378096479792, "home_wins": 37.0, "home_losses": 38.0, "home_win_pct": 0.5035460992907801, "home_run_diff": 4.0, "home_run_diff_per_game": 0.09482758620689655, "home_division_rank": NaN, "home_rest_days": 1.0, "home_is_b2b": 1.0, "home_games_played": 77.0, "home_wins_last_5": 2.0, "home_win_pct_last_5": 0.4, "home_wins_last_10": 5.0, "home_win_pct_last_10": 0.5, "home_run_diff_avg_last_5": 0.0, "away_wins": 38.0, "away_losses": 38.0, "away_win_pct": 0.5039370078740157, "away_run_diff": 5.0, "away_run_diff_per_game": 0.1125, "away_division_rank": NaN, "away_rest_days": 1.0, "away_is_b2b": 1.0, "away_games_played": 77.0, "away_wins_last_5": 3.0, "away_win_pct_last_5": 0.6, "away_wins_last_10": 5.0, "away_win_pct_last_10": 0.5, "away_run_diff_avg_last_5": 0.0, "h2h_games_ytd": 2.0, "h2h_home_win_pct_ytd": 0.5, "runs_scored_edge_10": 0.0, "obp_edge_10": -0.0019336371027070254, "slg_edge_10": -0.002547929119488146, "era_edge_10": -0.08091453358654252, "whip_edge_10": -0.0071507147413034655, "sp_fip_edge_5": -0.017739491357471424, "sp_era_edge_5": -0.02858105520455552, "bullpen_fatigue_edge": -0.33, "rest_days_advantage": 0.0, "win_pct_edge": 0.0, "run_diff_per_game_edge": -0.0014005602240896309, "division_rank_edge": 0.0, "home_implied_runs": 4.35, "away_implied_runs": 4.4, "park_adj_implied_total": 8.816, "n_ump_games_prev_5": 5.0, "ump_rpg_5": 8.8, "ump_k9_5": 8.511764705882353, "ump_bb9_5": 3.1, "ump_rpg_10": 8.8, "ump_k9_10": 8.542008552378338, "ump_bb9_10": 3.111920506872555, "temperature_f": 74.9, "wind_speed_mph": 7.1, "wind_sin": -0.19080899537654467, "wind_cos": -0.2756373558169989, "precip_prob_pct": 0.0, "is_dome": 0.0, "home_lineup_avg_avg_10": 0.2375, "home_lineup_slg_avg_10": 0.3941941665017178, "home_lineup_iso_avg_10": 0.14846450617283952, "home_top4_slg_avg_10": 0.4349466788900821, "home_lineup_completeness": 1.1111111111111112, "away_lineup_avg_avg_10": 0.2368341750841751, "away_lineup_slg_avg_10": 0.3943945007125318, "away_lineup_iso_avg_10": 0.14833333333333334, "away_top4_slg_avg_10": 0.4387870718462824, "away_lineup_completeness": 1.1111111111111112, "lineup_avg_edge": 0.0, "lineup_slg_edge": 0.0, "home_bullpen_ip_last_7": 21.67, "home_bp_era_7d": 3.722854188210962, "home_sp_short_last": 0.0, "away_bullpen_ip_last_7": 21.66, "away_bp_era_7d": 3.7965786008328095, "away_sp_short_last": 0.0, "bullpen_fatigue_7d_edge": -0.32, "series_game_number": 2.0, "home_sp_k_pct_10": 0.21541368132331684, "away_sp_k_pct_10": 0.21509289944652643, "home_sp_venue_starts": 6.0, "home_sp_venue_era": 4.023586366802302, "home_sp_venue_k9": 8.71875, "home_sp_venue_fip": 3.9206798619577703, "away_sp_venue_starts": 0.0, "away_sp_venue_era": 3.6, "away_sp_venue_k9": 7.7115325787702655, "away_sp_venue_fip": 3.8592785745328118, "home_sp_pitch_hand_l": 0.0, "away_sp_pitch_hand_l": 0.0, "home_team_avg_vs_lhp": NaN, "home_team_avg_vs_rhp": NaN, "home_team_obp_vs_lhp": NaN, "home_team_obp_vs_rhp": NaN, "home_team_slg_vs_lhp": NaN, "home_team_slg_vs_rhp": NaN, "home_games_vs_lhp": NaN, "home_games_vs_rhp": NaN, "away_team_avg_vs_lhp": NaN, "away_team_avg_vs_rhp": NaN, "away_team_obp_vs_lhp": NaN, "away_team_obp_vs_rhp": NaN, "away_team_slg_vs_lhp": NaN, "away_team_slg_vs_rhp": NaN, "away_games_vs_lhp": NaN, "away_games_vs_rhp": NaN, "home_elo": 1504.0779648236987, "away_elo": 1504.4549699543704, "elo_diff": 0.5650911150846696, "elo_win_prob_home": 0.5352932165279968, "season_days_elapsed": 82.0,