{
  "home_team_abbr_BOS": 0.034018,
  "away_team_abbr_NYY": 0.016296,
  "home_team_abbr_CHC": 0.014865,
  "home_team_abbr_TEX": 0.014849,
  "home_team_abbr_ATH": 0.011761,
  "away_team_abbr_TB": 0.011217,
  "home_team_abbr_MIN": 0.010963,
  "home_team_abbr_ARI": 0.009871,
  "season_2025-regular": 0.008965,
  "run_diff_per_game_edge": 0.008897,
  "win_pct_edge": 0.008531,
  "away_games_played": 0.008457,
  "home_team_abbr_CIN": 0.008256,
  "away_team_abbr_STL": 0.008227,
  "home_team_abbr_SEA": 0.007619,
  "away_team_abbr_MIL": 0.007515,
  "b2b_asymmetry": 0.007386,
  "away_sp_k_pct_5": 0.007259,
  "home_run_diff": 0.006857,
  "away_pythag": 0.00663,
  "away_rest_days": 0.006545,
  "team_whip_5_diff": 0.006501,
  "away_k9_10": 0.006484,
  "home_bb9_5": 0.006439,
  "away_team_abbr_TEX": 0.00643,
  "away_run_diff_per_game": 0.006404,
  "home_sp_k_pct_5": 0.006377,
  "home_sp_k9_5": 0.006365,
  "away_sp_era_10": 0.006245,
  "home_pythag_vs_record": 0.006178,
  "era_edge_10": 0.006132,
  "away_bp_era_5": 0.00612,
  "away_team_abbr_LAD": 0.006102,
  "away_team_abbr_MIA": 0.006071,
  "home_sp_career_era_10": 0.006027,
  "home_sp_era_10": 0.006024,
  "sp_whip_5_diff": 0.006015,
  "park_adj_implied_total": 0.005985,
  "away_sp_ip_avg_5": 0.005911,
  "batting_iso_avg_10_diff": 0.005854,
  "home_obp_avg_10": 0.005835,
  "away_losses": 0.005799,
  "home_runs_allowed_avg_10": 0.005785,
  "whip_edge_10": 0.005772,
  "home_team_abbr_PIT": 0.005695,
  "away_sp_k9_5": 0.005678,
  "away_bb9_10": 0.005632,
  "away_era_10": 0.005566,
  "home_team_abbr_WAS": 0.005497,
  "home_wins": 0.005497,
  "away_runs_allowed_avg_5": 0.005445,
  "away_run_diff": 0.005411,
  "away_k_pct_avg_10": 0.00541,
  "home_sp_bb_pct_5": 0.005384,
  "away_obp_avg_5": 0.005315,
  "away_wins": 0.005314,
  "away_iso_avg_10": 0.005283,
  "away_hr9_10": 0.005276,
  "away_team_abbr_WAS": 0.005251,
  "pythag_record_edge": 0.005237,
  "home_sp_starts_in_window": 0.005218,
  "away_win_pct": 0.005129,
  "home_bb9_10": 0.005092,
  "home_rest_days": 0.005083,
  "away_sp_era_5": 0.005078,
  "home_iso_avg_10": 0.005067,
  "bullpen_fatigue_edge": 0.005032,
  "away_implied_runs": 0.00499,
  "away_bb_pct_avg_5": 0.004983,
  "away_bp_whip_10": 0.004968,
  "home_whip_10": 0.004962,
  "home_hr9_5": 0.004909,
  "away_pythag_vs_record": 0.004908,
  "away_team_sp_k9_10": 0.004885,
  "sp_era_5_diff": 0.004871,
  "away_sp_bb_pct_5": 0.00484,
  "home_era_10": 0.004833,
  "team_era_5_diff": 0.004804,
  "away_team_abbr_PIT": 0.004769,
  "home_implied_runs": 0.004766,
  "sp_composite_edge": 0.004743,
  "home_hr_avg_10": 0.004739,
  "obp_edge_10": 0.004732,
  "home_sp_ip_avg_5": 0.004729,
  "slg_edge_10": 0.004699,
  "home_win_pct": 0.004685,
  "batting_hr_avg_5_diff": 0.004668,
  "home_sp_fip_10": 0.004665,
  "away_sp_whip_10": 0.004649,
  "away_era_5": 0.004585,
  "away_whip_10": 0.004575,
  "home_whip_5": 0.004558,
  "home_sp_bb9_5": 0.004528,
  "home_sp_career_whip_5": 0.00452,
  "home_losses": 0.0045,
  "away_slg_avg_5": 0.004499,
  "home_runs_avg_10": 0.004489,
  "home_team_sp_k9_10": 0.004488,
  "away_iso_avg_5": 0.004474,
  "away_sp_career_era_10": 0.004392,
  "home_sp_fip_5": 0.004391,
  "away_bb9_5": 0.00439,
  "home_bp_whip_10": 0.004366,
  "away_bp_whip_5": 0.004353,
  "batting_runs_avg_5_diff": 0.004346,
  "away_team_abbr_SEA": 0.004325,
  "away_k_pct_avg_5": 0.004319,
  "away_runs_allowed_avg_10": 0.004302,
  "sp_k_pct_5_diff": 0.004301,
  "away_k9_5": 0.004274,
  "away_bullpen_ip_last_3": 0.004264,
  "away_hr9_5": 0.004249,
  "home_bb_pct_avg_10": 0.004231,
  "home_era_5": 0.004229,
  "away_sp_fip_10": 0.004224,
  "home_k_pct_avg_10": 0.00421,
  "sp_fip_edge_5": 0.004201,
  "home_slg_avg_10": 0.004187,
  "home_bp_era_10": 0.004154,
  "batting_hr_avg_10_diff": 0.004095,
  "home_sp_whip_5": 0.004057,
  "away_team_abbr_BOS": 0.004035,
  "away_avg_avg_5": 0.004025,
  "away_bb_pct_avg_10": 0.004015,
  "away_obp_avg_10": 0.003988,
  "away_sp_fip_5": 0.003905,
  "away_sp_bb9_5": 0.003887,
  "home_sp_era_5": 0.003874,
  "away_runs_sd_10": 0.003856,
  "away_runs_avg_20": 0.003834,
  "home_hr9_10": 0.003831,
  "home_obp_avg_5": 0.003809,
  "home_slg_avg_5": 0.003787,
  "home_sp_whip_10": 0.003781,
  "batting_avg_avg_5_diff": 0.003763,
  "away_whip_5": 0.003749,
  "home_k9_5": 0.003743,
  "away_sp_career_whip_5": 0.003741,
  "away_sp_starts_in_window": 0.003738,
  "home_runs_allowed_avg_5": 0.003738,
  "home_runs_sd_10": 0.003724,
  "sp_era_edge_5": 0.003724,
  "away_sp_whip_5": 0.003722,
  "home_bullpen_ip_last_3": 0.003722,
  "away_team_abbr_ARI": 0.003685,
  "away_bp_era_10": 0.003684,
  "home_run_diff_per_game": 0.003609,
  "home_bp_era_5": 0.003556,
  "away_team_sp_k9_5": 0.003529,
  "home_sp_hr9_5": 0.003522,
  "home_sp_career_era_5": 0.003514,
  "home_iso_avg_5": 0.003443,
  "away_team_abbr_SD": 0.003432,
  "away_hr_avg_10": 0.00343,
  "home_pythag": 0.003421,
  "home_runs_avg_20": 0.003401,
  "home_team_abbr_TOR": 0.003354,
  "away_team_abbr_KC": 0.003325,
  "home_k9_10": 0.003311,
  "home_team_abbr_KC": 0.003303,
  "away_hr_avg_5": 0.003271,
  "start_dow_utc": 0.003247,
  "home_team_sp_k9_5": 0.003243,
  "away_team_abbr_TOR": 0.003233,
  "away_team_abbr_BAL": 0.003207,
  "home_team_abbr_PHI": 0.003206,
  "home_bp_whip_5": 0.003203,
  "away_sp_hr9_5": 0.003189,
  "away_sp_career_era_5": 0.003137,
  "start_hour_utc": 0.00302,
  "home_avg_avg_10": 0.003002,
  "away_avg_avg_10": 0.002978,
  "away_slg_avg_10": 0.00293,
  "away_runs_avg_5": 0.002927,
  "home_team_abbr_NYM": 0.00291,
  "away_team_abbr_COL": 0.002885,
  "home_bb_pct_avg_5": 0.002845,
  "away_runs_avg_10": 0.002819,
  "home_team_abbr_CLE": 0.002809,
  "away_team_abbr_ATH": 0.002769,
  "home_k_pct_avg_5": 0.002713,
  "home_team_abbr_DET": 0.00269,
  "home_team_abbr_MIL": 0.002679,
  "runs_scored_edge_10": 0.002636,
  "away_team_abbr_CWS": 0.00261,
  "batting_avg_avg_10_diff": 0.002536,
  "home_games_played": 0.002436,
  "park_run_factor": 0.002377,
  "home_avg_avg_5": 0.002357,
  "park_hr_factor": 0.002311,
  "away_team_abbr_LAA": 0.00218,
  "rest_days_advantage": 0.002158,
  "away_team_abbr_CLE": 0.002013,
  "away_team_abbr_CIN": 0.001915,
  "home_team_abbr_NYY": 0.001825,
  "away_team_abbr_PHI": 0.001786,
  "home_hr_avg_5": 0.001745,
  "home_team_abbr_OAK": 0.001598,
  "season_days_elapsed": 0.001556,
  "home_team_abbr_HOU": 0.00149,
  "home_team_abbr_CWS": 0.001457,
  "home_team_abbr_BAL": 0.001423,
  "season_2024-regular": 0.001386,
  "away_team_abbr_ATL": 0.001335,
  "season_2026-regular": 0.001211,
  "away_team_abbr_NYM": 0.001093,
  "home_runs_avg_5": 0.001092,
  "away_team_abbr_CHC": 0.001016,
  "venue_id": 0.001001,
  "home_team_abbr_TB": 0.000994,
  "away_team_abbr_MIN": 0.000994,
  "home_team_abbr_STL": 0.000841,
  "home_team_abbr_SF": 0.000774,
  "away_team_abbr_DET": 0.000696,
  "home_team_abbr_ATL": 0.000593,
  "home_team_abbr_SD": 0.000592,
  "away_team_abbr_HOU": 0.000568,
  "run_line_home_price": 0.000502,
  "home_is_b2b": 0.000364,
  "home_team_abbr_LAD": 0.000332,
  "away_team_abbr_SF": 0.000313,
  "run_line_home": 0.000163,
  "total_line": 9e-06,
  "venue_name": 0.0,
  "run_line_away_price": 0.0,
  "over_price": 0.0,
  "under_price": 0.0,
  "open_run_line_home": 0.0,
  "open_total_line": 0.0,
  "total_line_move": 0.0,
  "run_line_move": 0.0,
  "home_division_rank": 0.0,
  "away_division_rank": 0.0,
  "away_is_b2b": 0.0,
  "division_rank_edge": 0.0,
  "home_team_abbr_COL": 0.0,
  "home_team_abbr_LAA": 0.0,
  "home_team_abbr_MIA": 0.0,
  "home_team_abbr_nan": 0.0,
  "away_team_abbr_OAK": 0.0,
  "away_team_abbr_nan": 0.0,
  "pythag_diff": 0.0,
  "sp_fip_5_diff": 0.0,
  "batting_runs_avg_10_diff": 0.0,
  "team_era_10_diff": 0.0,
  "team_whip_10_diff": 0.0,
  "win_pct_diff": 0.0,
  "rest_diff": 0.0,
  "market_total": 0.0,
  "market_run_line": 0.0
}