{"run_line_away_price": -114.0, "total_line": 8.5, "under_price": -110.0, "open_run_line_home": -1.5, "open_total_line": 8.5, "park_run_factor": 1.006, "home_hr_avg_5": 1.0, "home_avg_avg_5": 0.23672159486865885, "home_obp_avg_5": 0.3018047042468829, "home_slg_avg_5": 0.3860102587868367, "home_iso_avg_5": 0.14780894474671874, "home_k_pct_avg_5": 0.25096361052914085, "home_bb_pct_avg_5": 0.08275563384605938, "home_runs_avg_10": 4.4, "home_hr_avg_10": 1.1, "home_avg_avg_10": 0.23753420026562597, "home_obp_avg_10": 0.3015784091223912, "home_slg_avg_10": 0.3865387791330316, "home_iso_avg_10": 0.1489348363132756, "home_k_pct_avg_10": 0.2510378101797559, "home_bb_pct_avg_10": 0.0832385619837657, "home_runs_avg_20": 4.4, "home_runs_sd_10": 2.913569784454954, "home_sb_avg_5": 0.6, "home_sb_avg_10": 0.6, "home_sb_pct_10": 0.018633540372670808, "away_runs_avg_5": 4.4, "away_hr_avg_5": 1.0, "away_avg_avg_5": 0.23801628110095852, "away_obp_avg_5": 0.30225816262967964, "away_slg_avg_5": 0.3866865141791931, "away_iso_avg_5": 0.14766037112336924, "away_k_pct_avg_5": 0.24997624198288332, "away_bb_pct_avg_5": 0.08214538009502376, "away_runs_avg_10": 4.4, "away_hr_avg_10": 1.1, "away_avg_avg_10": 0.23879022934873928, "away_obp_avg_10": 0.30249318019271954, "away_slg_avg_10": 0.38876819056972356, "away_iso_avg_10": 0.14976390581999122, "away_k_pct_avg_10": 0.2507281303512281, "away_bb_pct_avg_10": 0.08322613197411681, "away_runs_avg_20": 4.4, "away_runs_sd_10": 2.913569784454954, "away_sb_avg_5": 0.6, "away_sb_avg_10": 0.6, "away_sb_pct_10": 0.018518518518518517, "home_runs_allowed_avg_5": 4.4, "home_era_5": 4.03522491349481, "home_whip_5": 1.2834198492151774, "home_k9_5": 8.471867337602774, "home_bb9_5": 3.175, "home_hr9_5": 1.0766917293233083, "home_sp_era_5": 4.625230054498347, "home_sp_whip_5": 1.3666666666666667, "home_team_sp_k9_5": 8.37535881435166, "home_bp_era_5": 3.6549753625733965, "home_bp_whip_5": 1.2766640649988235, "home_bp_k9_5": 8.83413470578785, "home_runs_allowed_avg_10": 4.4, "home_era_10": 4.1625, "home_whip_10": 1.2899312455461234, "home_k9_10": 8.474945493759868, "home_bb9_10": 3.1925, "home_hr9_10": 1.140333704115684, "home_sp_era_10": 4.768282225922121, "home_sp_whip_10": 1.3914592271749628, "home_team_sp_k9_10": 8.328904816650041, "home_bp_era_10": 3.9560700326364087, "home_bp_whip_10": 1.3016040789059553, "home_bp_k9_10": 8.86152401436821, "home_bullpen_ip_last_3": 9.33, "away_runs_allowed_avg_5": 4.2, "away_era_5": 4.025, "away_whip_5": 1.2805555555555554, "away_k9_5": 8.479252999542359, "away_bb9_5": 3.15, "away_hr9_5": 1.075, "away_sp_era_5": 4.416889854091589, "away_sp_whip_5": 1.3531476102452857, "away_team_sp_k9_5": 8.270272357625773, "away_bp_era_5": 3.7917558886509637, "away_bp_whip_5": 1.287012597367393, "away_bp_k9_5": 8.916430848551528, "away_runs_allowed_avg_10": 4.3, "away_era_10": 4.0625, "away_whip_10": 1.282098466265071, "away_k9_10": 8.493683178316925, "away_bb9_10": 3.170444938820912, "away_hr9_10": 1.1100525831231733, "away_sp_era_10": 4.630153663986555, "away_sp_whip_10": 1.3727621490606643, "away_team_sp_k9_10": 8.376349782672431, "away_bp_era_10": 3.899708670934314, "away_bp_whip_10": 1.2957560398956205, "away_bp_k9_10": 8.880945945945946, "away_bullpen_ip_last_3": 9.0, "home_sp_career_era_5": 4.256315310658438, "home_sp_career_whip_5": 1.3333333333333333, "home_sp_k_pct_5": 0.2142134975569998, "home_sp_bb_pct_5": 0.07548133418069372, "home_sp_fip_5": 4.1304848300856385, "home_sp_k9_5": 8.272234560444835, "home_sp_bb9_5": 3.0452463584248637, "home_sp_hr9_5": 1.1911002070601449, "home_sp_ip_avg_5": 5.335, "home_sp_career_era_10": 4.35, "home_sp_fip_10": 4.192167132037654, "home_sp_starts_in_window": 5.0, "home_sp_days_rest": 6.0, "home_sp_era_home_10": 3.75, "home_sp_era_away_10": 4.370753908759906, "home_sp_k9_home_10": 8.524174584029357, "home_sp_k9_away_10": 8.030135672258197, "home_sp_fip_home_10": 3.8419663392361465, "home_sp_fip_away_10": 4.210111699000588, "home_sp_era_20": 4.325942328676237, "home_sp_fip_20": 4.165195078972483, "home_sp_last_k": 5.0, "home_sp_last_bb": 2.0, "home_sp_last_fip": 3.7714285714285714, "away_sp_career_era_5": 4.187893752836555, "away_sp_career_whip_5": 1.3184427316546197, "away_sp_k_pct_5": 0.2141186528399231, "away_sp_bb_pct_5": 0.07502860411899313, "away_sp_fip_5": 4.140238645111625, "away_sp_k9_5": 8.25, "away_sp_bb9_5": 3.0214966701696344, "away_sp_hr9_5": 1.1917460317460318, "away_sp_ip_avg_5": 5.4, "away_sp_career_era_10": 4.297761548929207, "away_sp_fip_10": 4.152048790085167, "away_sp_starts_in_window": 5.0, "away_sp_days_rest": 6.0, "away_sp_era_home_10": 3.8168745275888134, "away_sp_era_away_10": 4.320301378837964, "away_sp_k9_home_10": 8.437075084715534, "away_sp_k9_away_10": 8.0, "away_sp_fip_home_10": 3.90142594085539, "away_sp_fip_away_10": 4.202954195535027, "away_sp_era_20": 4.2863864485378596, "away_sp_fip_20": 4.153258602000344, "away_sp_last_k": 5.0, "away_sp_last_bb": 2.0, "away_sp_last_fip": 3.7, "home_wins": 33.0, "home_losses": 34.0, "home_win_pct": 0.5, "home_run_diff": 2.0, "home_run_diff_per_game": 0.06172839506172839, "home_rest_days": 1.0, "home_games_played": 69.0, "home_wins_last_5": 2.0, "home_wins_last_10": 5.0, "home_win_pct_last_10": 0.5, "home_run_diff_avg_last_5": 0.0, "away_wins": 33.0, "away_losses": 34.0, "away_win_pct": 0.5, "away_run_diff": 3.0, "away_run_diff_per_game": 0.08080808080808081, "away_rest_days": 1.0, "away_games_played": 69.0, "away_win_pct_last_5": 0.6, "away_wins_last_10": 5.0, "away_win_pct_last_10": 0.5, "away_run_diff_avg_last_5": 0.0, "h2h_games_ytd": 2.0, "runs_scored_edge_10": 0.0, "obp_edge_10": -0.001812793828190301, "slg_edge_10": -0.0025787341736489555, "era_edge_10": -0.08238901220865705, "whip_edge_10": -0.009453925432619692, "sp_fip_edge_5": -0.020458250532121525, "sp_era_edge_5": -0.01925032778691316, "bullpen_fatigue_edge": -0.33, "win_pct_edge": 0.0, "run_diff_per_game_edge": -0.008455718736092521, "home_implied_runs": 4.35, "away_implied_runs": 4.4, "park_adj_implied_total": 8.829, "ump_rpg_5": 8.8, "ump_k9_5": 8.51223409567562, "ump_bb9_5": 3.1308850073577528, "ump_rpg_10": 8.8, "ump_k9_10": 8.549450581209666, "ump_bb9_10": 3.1286018689984076, "temperature_f": 74.3, "wind_speed_mph": 7.3, "wind_sin": -0.22495105434386498, "wind_cos": -0.25881904510252063, "precip_prob_pct": 0.0, "home_lineup_avg_avg_10": 0.2376730399230399, "home_lineup_slg_avg_10": 0.3937419060115904, "home_lineup_iso_avg_10": 0.14796296296296296, "home_top4_slg_avg_10": 0.43391393403978484, "away_lineup_avg_avg_10": 0.236891121031746, "away_lineup_slg_avg_10": 0.3937350314776563, "away_lineup_iso_avg_10": 0.14814814814814814, "away_top4_slg_avg_10": 0.43826019999125776, "lineup_avg_edge": 0.0, "lineup_slg_edge": 0.0, "home_bullpen_ip_last_7": 21.99, "home_bp_era_7d": 3.725101347004613, "away_bullpen_ip_last_7": 21.67, "away_bp_era_7d": 3.795688847235239, "bullpen_fatigue_7d_edge": -0.32, "series_game_number": 2.0, "home_sp_k_pct_10": 0.21548956880337294, "away_sp_k_pct_10": 0.2148923783338736, "home_sp_venue_starts": 5.0, "home_sp_venue_era": 3.9893670600447586, "home_sp_venue_k9": 8.704262302092435, "home_sp_venue_fip": 3.8976007311481973, "away_sp_venue_starts": 0.0, "away_sp_venue_era": 3.6, "away_sp_venue_k9": 7.714285714285714, "away_sp_venue_fip": 3.8666666666666667, "home_bp_relievers_last_1d": 3.0, "home_bp_relievers_last_2d": 5.0, "home_bp_relievers_last_3d": 7.0, "home_bp_ip_last_1d": 3.33, "home_bp_avg_era_last_3d": 3.36689144280034, "away_bp_relievers_last_1d": 3.0, "away_bp_relievers_last_2d": 5.0, "away_bp_relievers_last_3d": 7.0, "away_bp_ip_last_1d": 3.0, "away_bp_avg_era_last_3d": 3.3480004007448745, "home_sp_last_ip": 5.33, "away_sp_last_ip": 5.33, "home_sp_sc_barrel_rate": 8.5, "home_sp_sc_hard_hit_pct": 40.4, "home_sp_sc_xwoba": 0.318, "home_sp_sc_exit_velo": 89.3, "home_sp_sl_whiff_pct": 31.1, "home_sp_ch_whiff_pct": 30.0, "home_sp_fb_put_away": 17.6, "away_sp_sc_barrel_rate": 8.4, "away_sp_sc_hard_hit_pct": 40.4,