{
  "combined_sp_sc_xwoba": 0.012123,
  "diff_sp_sc_xwoba": 0.011554,
  "diff_lineup_xwoba": 0.008248,
  "home_h2h_ba": 0.007556,
  "elo_diff": 0.005984,
  "home_elo_x_sp_quality": 0.00557,
  "away_sp_venue_k9": 0.005062,
  "combined_ops_10": 0.005053,
  "away_sp_days_rest": 0.004949,
  "sp_era_park_adj_diff": 0.004904,
  "away_bp_avg_era_last_3d": 0.004893,
  "h2h_slg_edge_wtd": 0.004877,
  "home_ops_5": 0.004865,
  "away_sp_fip_trend_5v10": 0.004657,
  "combined_runs_avg_10": 0.004608,
  "away_sp_venue_advantage": 0.004568,
  "away_elo_x_sp_quality": 0.004418,
  "bp_relievers_edge_3d": 0.004344,
  "park_adj_total_env": 0.004331,
  "combined_slg_avg_10": 0.004325,
  "fb_velo_trend_diff": 0.004079,
  "sp_venue_familiarity_diff": 0.004051,
  "batting_hr_avg_5_diff": 0.003999,
  "combined_sp_sc_oz_swing_pct": 0.003968,
  "total_k_env": 0.003862,
  "obp_edge_10": 0.003847,
  "home_ops_10": 0.003797,
  "precip_prob_pct": 0.003716,
  "home_catcher_framing_rv": 0.003704,
  "home_top4_slg_avg_10": 0.003692,
  "away_lineup_barrel_avg": 0.003664,
  "away_sp_venue_fip": 0.003593,
  "away_sp_fip_away_10": 0.003576,
  "away_sp_fip_20": 0.003548,
  "run_diff_per_game_edge": 0.003537,
  "home_sp_k_bb_ratio_5": 0.003523,
  "b2b_asymmetry": 0.003494,
  "away_h2h_ba": 0.003484,
  "whip_edge_10": 0.00348,
  "away_top4_slg_avg_10": 0.003473,
  "home_lineup_xwoba_avg": 0.003419,
  "away_bp_usage_per_rest": 0.0034,
  "away_sp_era_trend_5v10": 0.003389,
  "sp_k_bb_ratio_diff": 0.003386,
  "bp_era_diff_5": 0.003381,
  "combined_sp_sc_bb_pct": 0.00337,
  "away_sp_era_10": 0.003367,
  "away_sp_pitches_est": 0.003343,
  "bp_avg_era_last_3d_diff": 0.00332,
  "home_sp_sc_xwoba": 0.003317,
  "home_sp_era_x_opp_avg": 0.003316,
  "home_win_pct": 0.003309,
  "away_games_played": 0.003299,
  "home_sp_era_20": 0.003292,
  "ump_k9_x_home_sp_k": 0.003266,
  "sp_era_edge_5": 0.003234,
  "combined_obp_avg_10": 0.003232,
  "bp_relievers_edge_1d": 0.003197,
  "away_sp_hr9_5": 0.003195,
  "away_lineup_xslg_avg": 0.003187,
  "home_sp_k9_away_10": 0.003184,
  "home_sp_bb9_5": 0.003149,
  "combined_sp_k_pct": 0.003094,
  "home_top4_x_opp_bp": 0.003079,
  "sp_era_opp_adj_diff": 0.003049,
  "away_lineup_slg_avg_10": 0.003045,
  "away_form_vs_season": 0.003027,
  "away_sp_era_away_10": 0.003007,
  "home_sp_fip_home_10": 0.002996,
  "home_pythag_x_opp_sp_fip": 0.002993,
  "home_team_hr_x_park": 0.002993,
  "home_bp_relievers_last_3d": 0.002992,
  "home_sp_ip_per_rest": 0.002981,
  "away_sp_sc_xwoba": 0.002979,
  "home_win_pct_last_10": 0.002975,
  "ump_k9_10": 0.002963,
  "h2h_slg_edge": 0.002961,
  "home_bp_k9_10": 0.002949,
  "combined_sp_sc_barrel_rate": 0.002934,
  "sp_last_quality_diff": 0.002933,
  "combined_fb_put_away": 0.002919,
  "away_sp_ch_whiff_pct": 0.002892,
  "away_sp_sc_barrel_rate": 0.002881,
  "away_top4_x_opp_bp": 0.002872,
  "home_bp_whip_10": 0.002861,
  "lineup_avg_edge": 0.002854,
  "era_edge_10": 0.002842,
  "temperature_f": 0.002838,
  "away_fb_velo_avg_5": 0.002796,
  "away_bp_era7_x_ip7": 0.002793,
  "home_sp_era_trend_5v10": 0.002786,
  "away_team_sp_k9_10": 0.002785,
  "batting_iso_avg_10_diff": 0.002745,
  "sp_era_trend_diff": 0.002744,
  "away_sp_era_park_adj_5": 0.002724,
  "sp_fip_edge_5": 0.002718,
  "home_sp_venue_fip": 0.002714,
  "home_runs_allowed_avg_5": 0.002698,
  "home_bp_era_5": 0.002698,
  "away_elo": 0.002692,
  "total_k_suppression": 0.002688,
  "away_k9_5": 0.002676,
  "away_bullpen_exposure": 0.002662,
  "home_catcher_framing_rate": 0.002662,
  "away_sp_k_pct_trend": 0.002659,
  "win_pct_last_10_diff": 0.002647,
  "home_lineup_hard_hit_avg": 0.00264,
  "slg_edge_10": 0.00262,
  "home_run_diff_avg_last_5": 0.002618,
  "home_sp_career_whip_5": 0.0026,
  "ump_k9_x_away_sp_k": 0.002578,
  "home_sp_era_5v20": 0.00257,
  "lineup_slg_edge": 0.002569,
  "home_team_k_bb_ratio_5": 0.002567,
  "batting_hr_avg_10_diff": 0.002562,
  "home_lineup_avg_avg_10": 0.002561,
  "away_sp_fip_5v20": 0.002548,
  "away_sp_k_pct_10": 0.002535,
  "home_sp_fip_away_10": 0.002533,
  "bp_k9_edge": 0.00252,
  "home_runs_trend_5v20": 0.002517,
  "away_bb9_5": 0.002515,
  "win_pct_edge": 0.002513,
  "combined_ch_whiff_pct": 0.002509,
  "park_adj_runs_diff": 0.002498,
  "away_sp_era_20": 0.002479,
  "combined_sb_avg_10": 0.002477,
  "home_sp_sc_bb_pct": 0.002475,
  "wind_speed_mph": 0.00247,
  "home_sp_venue_starts": 0.002461,
  "team_whip_5_diff": 0.002457,
  "away_sp_sc_bb_pct": 0.002455,
  "away_iso_avg_5": 0.002449,
  "home_sp_sl_whiff_pct": 0.002434,
  "combined_bp_k9": 0.002427,
  "wind_scoring_boost": 0.002422,
  "team_k_bb_ratio_diff": 0.002421,
  "away_sp_sc_oz_swing_pct": 0.002421,
  "away_sp_bb_pct_5": 0.002419,
  "away_lineup_iso_avg_10": 0.002415,
  "away_bp_relievers_last_3d": 0.002408,
  "away_sp_era_5v20": 0.002406,
  "batting_avg_avg_10_diff": 0.002405,
  "away_sp_career_era_5": 0.0024,
  "away_bp_relievers_last_2d": 0.002399,
  "away_sp_k9_5": 0.002399,
  "wind_sin": 0.002383,
  "home_bp_avg_era_last_3d": 0.002383,
  "sp_form_edge": 0.002369,
  "away_fb_velo_trend_5": 0.002366,
  "away_slg_avg_10": 0.002364,
  "away_sp_fip_home_10": 0.002364,
  "sp_k_pct_5_diff": 0.002353,
  "home_sp_fip_5": 0.002352,
  "sp_era_5_diff": 0.002345,
  "home_lineup_slg_avg_10": 0.002343,
  "away_sp_career_whip_5": 0.002342,
  "away_lineup_xwoba_avg": 0.002338,
  "away_pen_exposure_x_era": 0.002334,
  "home_elo": 0.002322,
  "away_sp_k_pct_5": 0.00232,
  "away_losses": 0.002314,
  "away_sb_trend": 0.002309,
  "away_bb9_10": 0.002307,
  "home_pythag": 0.002305,
  "home_iso_avg_10": 0.002301,
  "away_sp_sc_exit_velo": 0.002298,
  "away_runs_allowed_avg_10": 0.002297,
  "diff_sp_sc_k_bb_ratio": 0.002296,
  "away_iso_avg_10": 0.002293,
  "home_sp_fb_put_away": 0.002291,
  "ops_diff_10": 0.002291,
  "diff_sp_sc_bb_pct": 0.002291,
  "away_sp_sc_whiff_pct": 0.002287,
  "home_lineup_iso_avg_10": 0.002275,
  "combined_sl_whiff_pct": 0.002271,
  "runs_trend_diff": 0.002248,
  "home_pen_exposure_x_era": 0.002246,
  "pythag_diff": 0.002246,
  "sp_era_regression_diff": 0.002237,
  "away_h2h_slg_wtd": 0.002237,
  "home_sp_k_pct_10": 0.002236,
  "park_adj_implied_total": 0.002231,
  "ump_rpg_10": 0.002231,
  "home_sp_last_ip": 0.002224,
  "home_sp_ch_whiff_pct": 0.002213,
  "sb_rate_diff": 0.002206,
  "home_pen_qual_depletion": 0.002205,
  "home_sp_venue_advantage": 0.002187,
  "home_sp_venue_era": 0.002181,
  "diff_sp_sc_barrel_rate": 0.00217,
  "away_sp_last_k_rate": 0.002166,
  "away_run_diff": 0.002165,
  "away_catcher_framing_rate": 0.002163,
  "home_sp_home_away_era_split": 0.002159,
  "combined_sp_sc_exit_velo": 0.002147,
  "pen_qual_depletion_edge": 0.002142,
  "home_hr9_10": 0.002138,
  "home_sp_sc_exit_velo": 0.002135,
  "away_era_trend_5v10": 0.002129,
  "form_momentum_diff": 0.002128,
  "home_whip_5": 0.00212,
  "home_hr9_5": 0.002115,
  "away_sp_ip_avg_5": 0.002114,
  "away_bullpen_ip_last_3": 0.002105,
  "away_sp_era_opp_adj_5": 0.002105,
  "combined_sp_era_10": 0.002101,
  "away_era_5": 0.002099,
  "home_h2h_slg": 0.002094,
  "away_sp_last_k": 0.002092,
  "home_lineup_xslg_avg": 0.002086,
  "away_sp_sc_k_bb_ratio": 0.002086,
  "away_team_k_bb_ratio_5": 0.002068,
  "away_bp_relievers_last_1d": 0.002065,
  "away_bp_era_10": 0.002064,
  "home_sp_sc_barrel_rate": 0.002056,
  "away_sb_pct_10": 0.002051,
  "away_bb_pct_avg_10": 0.00205,
  "away_pen_qual_depletion": 0.002047,
  "open_total_line": 0.002045,
  "home_sp_sc_k_bb_ratio": 0.002045,
  "home_bp_usage_per_rest": 0.002036,
  "ump_k9_5": 0.002031,
  "away_sp_bb9_5": 0.002019,
  "catcher_framing_rv_diff": 0.002016,
  "home_sp_era_opp_adj_5": 0.002012,
  "home_bp_ip_last_1d": 0.002007,
  "diff_sp_sc_whiff_pct": 0.002001,
  "home_h2h_slg_wtd": 0.001997,
  "home_sp_venue_k9": 0.001992,
  "home_wins": 0.00199,