{
  "home_lineup_completeness": 0.021061,
  "away_lineup_completeness": 0.017308,
  "diff_sp_sc_xwoba": 0.013152,
  "away_sp_venue_starts": 0.009982,
  "combined_sp_sc_xwoba": 0.009218,
  "away_sp_venue_advantage": 0.00825,
  "combined_runs_avg_5": 0.008012,
  "away_wins_last_5": 0.007422,
  "elo_diff": 0.007116,
  "home_rest_days": 0.005892,
  "away_elo_x_sp_quality": 0.005703,
  "temp_cold_penalty": 0.005082,
  "home_elo_x_sp_quality": 0.00508,
  "away_sp_sc_xwoba": 0.004993,
  "away_sp_ip_per_rest": 0.004869,
  "home_runs_allowed_avg_10": 0.004853,
  "away_sp_days_rest": 0.004808,
  "home_implied_runs": 0.00477,
  "home_sp_sc_xwoba": 0.004635,
  "combined_slg_avg_10": 0.00461,
  "batting_runs_avg_5_diff": 0.00457,
  "away_elo": 0.004523,
  "sp_composite_edge": 0.004518,
  "home_sp_venue_advantage": 0.004444,
  "bp_relievers_edge_3d": 0.004368,
  "sp_days_rest_diff": 0.00435,
  "away_lineup_slg_avg_10": 0.004331,
  "team_whip_5_diff": 0.004268,
  "is_day_game": 0.004252,
  "away_sp_k_pct_5": 0.004239,
  "away_sp_sc_barrel_rate": 0.004218,
  "away_sp_k_trend_5v10": 0.004193,
  "sp_era_trend_diff": 0.004164,
  "away_sp_fip_20": 0.004157,
  "home_sp_era_5v20": 0.004104,
  "run_diff_per_game_edge": 0.004096,
  "away_sp_era_5": 0.004075,
  "away_bp_usage_per_rest": 0.004074,
  "bp_era_diff_5": 0.004057,
  "whip_edge_10": 0.004024,
  "total_k_suppression": 0.00401,
  "away_run_diff_avg_last_5": 0.004001,
  "away_sp_career_era_5": 0.003999,
  "pen_depletion_edge": 0.003941,
  "home_elo": 0.003929,
  "ump_k9_x_home_sp_k": 0.003926,
  "home_run_diff": 0.003925,
  "away_bp_hot_1d": 0.003889,
  "home_losses": 0.003861,
  "home_pen_exposure_x_era": 0.003859,
  "away_era_trend_5v10": 0.003802,
  "away_sp_venue_era": 0.003782,
  "away_sp_k9_home_10": 0.003701,
  "home_sp_fip_20": 0.003677,
  "home_sp_fb_put_away": 0.003661,
  "away_iso_avg_5": 0.003596,
  "away_implied_runs": 0.003518,
  "away_slg_avg_10": 0.003498,
  "temperature_f": 0.003492,
  "home_sp_k_bb_ratio_5": 0.00347,
  "away_top4_slg_avg_10": 0.003437,
  "home_sp_last_k_rate": 0.003413,
  "away_lineup_iso_avg_10": 0.003383,
  "away_sp_era_5v20": 0.003379,
  "away_bp_era_10": 0.003364,
  "batting_avg_avg_10_diff": 0.003338,
  "series_game_number": 0.003336,
  "home_top4_slg_avg_10": 0.003326,
  "home_bp_era7_x_ip7": 0.003302,
  "form_momentum_diff": 0.003298,
  "park_adj_implied_total": 0.003292,
  "ops_diff_10": 0.003292,
  "combined_sp_era_5": 0.003283,
  "away_slg_avg_5": 0.003279,
  "away_sp_era_away_10": 0.003278,
  "home_bp_era_7d": 0.003252,
  "home_sp_k9_home_10": 0.003235,
  "lineup_avg_edge": 0.003228,
  "away_sp_venue_k9": 0.003215,
  "total_k_env": 0.003211,
  "away_run_diff": 0.003203,
  "bullpen_fatigue_7d_edge": 0.003196,
  "combined_ops_10": 0.003189,
  "away_bp_era_5": 0.003186,
  "home_pythag_x_opp_sp_fip": 0.003183,
  "combined_sp_k_pct": 0.003154,
  "pythag_record_edge": 0.003151,
  "away_win_pct": 0.003141,
  "away_sp_sc_exit_velo": 0.003135,
  "sp_k_pct_5_diff": 0.00313,
  "home_sp_venue_era": 0.003121,
  "away_sp_fip_10": 0.003096,
  "team_era_5_diff": 0.003079,
  "away_hr9_10": 0.003079,
  "runs_trend_diff": 0.003077,
  "away_sp_k9_5": 0.003061,
  "away_bb9_5": 0.003033,
  "away_bb_pct_avg_10": 0.003021,
  "home_bp_usage_per_rest": 0.003006,
  "sp_era_edge_5": 0.003004,
  "home_iso_avg_10": 0.003002,
  "away_wins_last_10": 0.003,
  "pythag_diff": 0.002992,
  "home_sp_k9_5": 0.00298,
  "era_trend_diff": 0.002979,
  "home_team_k_bb_ratio_5": 0.002954,
  "away_lineup_avg_avg_10": 0.002927,
  "home_hr9_10": 0.002924,
  "home_sp_sc_barrel_rate": 0.002923,
  "home_bp_whip_10": 0.002922,
  "away_bullpen_ip_last_3": 0.002914,
  "combined_sp_sc_barrel_rate": 0.002908,
  "away_sp_fip_trend_5v10": 0.002905,
  "away_bp_k9_10": 0.002902,
  "home_sp_bb9_5": 0.002892,
  "away_sp_k9_away_10": 0.002891,
  "home_ops_5": 0.002882,
  "away_k9_5": 0.002875,
  "sp_form_edge": 0.002867,
  "away_bp_ip_last_1d": 0.002865,
  "home_sp_era_x_opp_avg": 0.002837,
  "home_sp_career_era_10": 0.002836,
  "sp_fip_trend_diff": 0.00281,
  "home_sp_era_20": 0.00281,
  "home_sp_ch_whiff_pct": 0.0028,
  "home_bp_hot_1d": 0.002797,
  "home_era_trend_5v10": 0.002793,
  "away_sp_ch_whiff_pct": 0.002793,
  "away_bp_relievers_last_3d": 0.002785,
  "team_k_bb_ratio_diff": 0.002781,
  "home_runs_allowed_avg_5": 0.002773,
  "away_pen_exposure_x_era": 0.002772,
  "home_sp_era_10": 0.002749,
  "away_pythag_vs_record": 0.002748,
  "home_sp_last_k": 0.002743,
  "away_sp_sl_whiff_pct": 0.002735,
  "wind_cos": 0.002731,
  "home_sp_venue_fip": 0.00273,
  "combined_sp_sc_exit_velo": 0.002685,
  "away_bp_era_7d": 0.002685,
  "away_team_sp_k9_5": 0.002681,
  "away_bp_k9_5": 0.002675,
  "away_sp_home_away_era_split": 0.002671,
  "h2h_home_win_pct_ytd": 0.002671,
  "home_sp_k_pct_10": 0.002666,
  "ump_bb9_10": 0.00266,
  "home_bp_era_5": 0.002644,
  "home_lineup_slg_avg_10": 0.002636,
  "home_sp_home_away_era_split": 0.002634,
  "sp_last_quality_diff": 0.002632,
  "lineup_slg_edge": 0.002631,
  "h2h_games_ytd": 0.002626,
  "batting_iso_avg_10_diff": 0.002623,
  "ump_k9_5": 0.002622,
  "away_sp_k_pct_10": 0.002614,
  "run_line_move": 0.002613,
  "home_sp_venue_starts": 0.002603,
  "home_pythag": 0.002602,
  "ump_bb9_x_away_team_bb": 0.002599,
  "home_lineup_avg_avg_10": 0.002597,
  "home_sp_sc_hard_hit_pct": 0.002579,
  "away_sp_career_era_10": 0.002573,
  "away_bb9_10": 0.002568,
  "wind_scoring_boost": 0.002567,
  "home_form_vs_season": 0.002551,
  "away_sp_career_whip_5": 0.00255,
  "away_bp_relievers_last_1d": 0.002543,
  "away_pythag_x_opp_sp_fip": 0.002535,
  "away_avg_avg_10": 0.002531,
  "ump_sp_k_environment": 0.002528,
  "run_diff_avg_last_5_edge": 0.002527,
  "home_k9_10": 0.002521,
  "sp_venue_familiarity_diff": 0.002513,
  "ump_k9_10": 0.00251,
  "away_era_10": 0.002507,
  "away_sp_last_ip": 0.002484,
  "sp_workload_edge": 0.002465,
  "diff_sp_sc_hard_hit_pct": 0.002463,
  "ump_k9_x_away_sp_k": 0.002454,
  "bullpen_fatigue_edge": 0.002446,
  "away_sp_starts_in_window": 0.002413,
  "away_run_diff_per_game": 0.002404,
  "n_ump_games_prev_5": 0.002404,
  "home_park_adj_runs_10": 0.002401,
  "wind_speed_mph": 0.002398,
  "sp_era_regression_diff": 0.002395,
  "ops_diff_5": 0.002388,
  "sp_fip_edge_5": 0.002369,
  "diff_sp_sc_barrel_rate": 0.002346,
  "away_whip_5": 0.002334,
  "pythag_sp_quality_diff": 0.002328,
  "away_form_vs_season": 0.002324,
  "wind_sin": 0.00232,
  "home_bb9_5": 0.002311,
  "home_era_5": 0.002296,
  "ump_rpg_10": 0.002293,
  "away_bp_whip_10": 0.002291,
  "home_hr9_5": 0.00229,
  "away_team_k_bb_ratio_5": 0.002287,
  "sp_home_away_split_edge": 0.002283,
  "away_k_pct_avg_5": 0.002268,
  "pen_exposure_era_diff": 0.002245,
  "home_games_played": 0.00224,
  "away_park_adj_runs_10": 0.002237,
  "away_sp_era_20": 0.002234,
  "era_edge_10": 0.002228,
  "home_sp_fip_10": 0.002195,
  "home_hr_avg_10": 0.002187,
  "ump_rpg_x_park": 0.002183,
  "park_adj_runs_diff": 0.002164,
  "home_iso_avg_5": 0.002153,
  "home_sp_last_fip": 0.002147,
  "away_sp_bb_pct_5": 0.002146,
  "away_sp_last_fip": 0.002141,
  "win_pct_last_5_diff": 0.002135,
  "slg_edge_10": 0.002123,
  "away_team_sp_k9_10": 0.002117,
  "home_sp_days_rest": 0.002105,
  "home_lineup_iso_avg_10": 0.002099,
  "away_sp_venue_fip": 0.002098,
  "away_sp_era_10": 0.002097,
  "home_sp_fip_5v20": 0.002091,
  "combined_obp_avg_10": 0.002087,
  "combined_sp_era_10": 0.002086,
  "home_pen_depletion": 0.002083,
  "ump_bb9_5": 0.002083,
  "home_sp_fip_away_10": 0.002082,
  "home_bb9_10": 0.002065,
  "home_runs_avg_20": 0.002061,
  "away_wins": 0.002058,
  "bp_relievers_edge_1d": 0.002047,
  "away_sp_sc_hard_hit_pct": 0.002022,
  "combined_fb_put_away": 0.00201,
  "home_runs_trend_5v20": 0.002,
  "home_bp_ip_last_1d": 0.001997,