{"venue_id": 680.0, "run_line_home": -1.5, "run_line_home_price": -110.0, "run_line_away_price": -113.0, "total_line": 8.5, "over_price": -110.0, "under_price": -110.0, "open_run_line_home": -1.5, "open_total_line": 8.5, "total_line_move": 0.0, "run_line_move": 0.0, "park_run_factor": 1.006, "park_hr_factor": 1.012, "home_runs_avg_5": 4.2, "home_hr_avg_5": 1.0, "home_avg_avg_5": 0.23684502742344787, "home_obp_avg_5": 0.30131186381186387, "home_slg_avg_5": 0.3873825541946984, "home_iso_avg_5": 0.14845598845598845, "home_k_pct_avg_5": 0.25142340210251923, "home_bb_pct_avg_5": 0.08198585727997494, "home_runs_avg_10": 4.4, "home_hr_avg_10": 1.1, "home_avg_avg_10": 0.237538783651485, "home_obp_avg_10": 0.30109701536712696, "home_slg_avg_10": 0.38740777697471807, "home_iso_avg_10": 0.14947238067037208, "home_k_pct_avg_10": 0.25129226682856964, "home_bb_pct_avg_10": 0.08262604284312838, "home_runs_avg_20": 4.4, "home_runs_sd_10": 2.913569784454954, "away_runs_avg_5": 4.4, "away_hr_avg_5": 1.0, "away_avg_avg_5": 0.2380730380730381, "away_obp_avg_5": 0.3019124423963134, "away_slg_avg_5": 0.38671627764664745, "away_iso_avg_5": 0.14771035416196704, "away_k_pct_avg_5": 0.2505984211866565, "away_bb_pct_avg_5": 0.08152454780361756, "away_runs_avg_10": 4.4, "away_hr_avg_10": 1.1, "away_avg_avg_10": 0.23877208141321046, "away_obp_avg_10": 0.30199920508744044, "away_slg_avg_10": 0.3889656999976767, "away_iso_avg_10": 0.14976457563171558, "away_k_pct_avg_10": 0.2516971895369461, "away_bb_pct_avg_10": 0.08256093206396531, "away_runs_avg_20": 4.4, "away_runs_sd_10": 2.9059326290271157, "home_runs_allowed_avg_5": 4.4, "home_era_5": 4.04348641049672, "home_whip_5": 1.2819509187322728, "home_k9_5": 8.505, "home_bb9_5": 3.14, "home_hr9_5": 1.1, "home_sp_era_5": 4.621479198308466, "home_sp_whip_5": 1.3673958738808873, "home_team_sp_k9_5": 8.375950760218208, "home_bp_era_5": 3.6639609121165515, "home_bp_whip_5": 1.276928145136359, "home_bp_k9_5": 8.863241271844155, "home_runs_allowed_avg_10": 4.4, "home_era_10": 4.157122470484792, "home_whip_10": 1.2880555555555557, "home_k9_10": 8.5, "home_bb9_10": 3.164556048834628, "home_hr9_10": 1.137833704115684, "home_sp_era_10": 4.755725623835993, "home_sp_whip_10": 1.3872632623980463, "home_team_sp_k9_10": 8.344645473300359, "home_bp_era_10": 3.9561249304059123, "home_bp_whip_10": 1.3005213515073288, "home_bp_k9_10": 8.886777770189276, "home_bullpen_ip_last_3": 9.33, "away_runs_allowed_avg_5": 4.2, "away_era_5": 4.027534418022528, "away_whip_5": 1.277777777777778, "away_k9_5": 8.48, "away_bb9_5": 3.125, "away_hr9_5": 1.075, "away_sp_era_5": 4.432316076294278, "away_sp_whip_5": 1.353130924019314, "away_team_sp_k9_5": 8.270877944325482, "away_bp_era_5": 3.7966308185084734, "away_bp_whip_5": 1.2866402116402118, "away_bp_k9_5": 8.927103266248762, "away_runs_allowed_avg_10": 4.3, "away_era_10": 4.0625, "away_whip_10": 1.2813960419647115, "away_k9_10": 8.502482678983833, "away_bb9_10": 3.1455432172869147, "away_hr9_10": 1.1123595505617978, "away_sp_era_10": 4.637447981370532, "away_sp_whip_10": 1.3713510509628266, "away_team_sp_k9_10": 8.375722195885276, "away_bp_era_10": 3.9057190307892564, "away_bp_whip_10": 1.2938188722257709, "away_bp_k9_10": 8.90163410242295, "away_bullpen_ip_last_3": 9.0, "home_sp_career_era_5": 4.261621621621622, "home_sp_career_whip_5": 1.3333333333333333, "home_sp_k_pct_5": 0.21413276231263384, "home_sp_bb_pct_5": 0.07497668997668998, "home_sp_fip_5": 4.133529621698787, "home_sp_k9_5": 8.25, "home_sp_bb9_5": 3.0231332082551594, "home_sp_hr9_5": 1.2, "home_sp_ip_avg_5": 5.335, "home_sp_career_era_10": 4.370253959271206, "home_sp_fip_10": 4.2, "home_sp_starts_in_window": 5.0, "home_sp_days_rest": 6.0, "home_sp_is_short_rest": 0.0, "home_sp_era_home_10": 3.7832963763096528, "home_sp_era_away_10": 4.402650124015447, "home_sp_k9_home_10": 8.508333333333333, "home_sp_k9_away_10": 8.020494363384216, "home_sp_fip_home_10": 3.8672586720725013, "home_sp_fip_away_10": 4.2137457475530145, "home_sp_era_20": 4.341774993299383, "home_sp_fip_20": 4.177745506255816, "home_sp_last_k": 5.0, "home_sp_last_bb": 2.0, "home_sp_last_fip": 3.7714285714285714, "away_sp_career_era_5": 4.2, "away_sp_career_whip_5": 1.3174603174603174, "away_sp_k_pct_5": 0.21473015873015874, "away_sp_bb_pct_5": 0.07413072835813361, "away_sp_fip_5": 4.137312419788434, "away_sp_k9_5": 8.25092021799339, "away_sp_bb9_5": 3.0, "away_sp_hr9_5": 1.1997246864484552, "away_sp_ip_avg_5": 5.4, "away_sp_career_era_10": 4.309261488356157, "away_sp_fip_10": 4.158542999248476, "away_sp_starts_in_window": 5.0, "away_sp_days_rest": 6.0, "away_sp_is_short_rest": 0.0, "away_sp_era_home_10": 3.8192484746779027, "away_sp_era_away_10": 4.327194860813704, "away_sp_k9_home_10": 8.424729741802913, "away_sp_k9_away_10": 8.0, "away_sp_fip_home_10": 3.9066666666666667, "away_sp_fip_away_10": 4.2, "away_sp_era_20": 4.29813981267025, "away_sp_fip_20": 4.16669399099759, "away_sp_last_k": 5.0, "away_sp_last_bb": 2.0, "away_sp_last_fip": 3.7, "home_wins": 37.0, "home_losses": 37.0, "home_win_pct": 0.5037593984962406, "home_run_diff": 4.0, "home_run_diff_per_game": 0.09422863485016648, "home_division_rank": NaN, "home_rest_days": 1.0, "home_is_b2b": 1.0, "home_games_played": 76.0, "home_wins_last_5": 2.0, "home_win_pct_last_5": 0.4, "home_wins_last_10": 5.0, "home_win_pct_last_10": 0.5, "home_run_diff_avg_last_5": 0.0, "away_wins": 37.0, "away_losses": 37.0, "away_win_pct": 0.5037593984962406, "away_run_diff": 5.0, "away_run_diff_per_game": 0.10354639175257732, "away_division_rank": NaN, "away_rest_days": 1.0, "away_is_b2b": 1.0, "away_games_played": 76.0, "away_wins_last_5": 3.0, "away_win_pct_last_5": 0.6, "away_wins_last_10": 5.0, "away_win_pct_last_10": 0.5, "away_run_diff_avg_last_5": 0.0, "h2h_games_ytd": 2.0, "h2h_home_win_pct_ytd": 0.5, "runs_scored_edge_10": 0.0, "obp_edge_10": -0.001730652286920209, "slg_edge_10": -0.0024753239041641617, "era_edge_10": -0.08054592314901593, "whip_edge_10": -0.007792815798434161, "sp_fip_edge_5": -0.020458250532121525, "sp_era_edge_5": -0.02557312077551962, "bullpen_fatigue_edge": -0.33, "rest_days_advantage": 0.0, "win_pct_edge": 0.0, "run_diff_per_game_edge": 0.0, "division_rank_edge": 0.0, "home_implied_runs": 4.35, "away_implied_runs": 4.4, "park_adj_implied_total": 8.8257, "n_ump_games_prev_5": 5.0, "ump_rpg_5": 8.8, "ump_k9_5": 8.515803515652845, "ump_bb9_5": 3.105801228743084, "ump_rpg_10": 8.8, "ump_k9_10": 8.544483952647697, "ump_bb9_10": 3.1138149704326175, "temperature_f": 74.8, "wind_speed_mph": 7.1, "wind_sin": -0.19080899537654467, "wind_cos": -0.2756373558169989, "precip_prob_pct": 0.0, "is_dome": 0.0, "home_lineup_avg_avg_10": 0.2375, "home_lineup_slg_avg_10": 0.394123852190827, "home_lineup_iso_avg_10": 0.14833333333333334, "home_top4_slg_avg_10": 0.4349014463981849, "home_lineup_completeness": 1.1111111111111112, "away_lineup_avg_avg_10": 0.2368333333333333, "away_lineup_slg_avg_10": 0.3939761404620198, "away_lineup_iso_avg_10": 0.14814814814814814, "away_top4_slg_avg_10": 0.43821433887988354, "away_lineup_completeness": 1.1111111111111112, "lineup_avg_edge": 0.0, "lineup_slg_edge": 0.0, "home_bullpen_ip_last_7": 21.67, "home_bp_era_7d": 3.7378864790032305, "home_sp_short_last": 0.0, "away_bullpen_ip_last_7": 21.66, "away_bp_era_7d": 3.7974683544303796, "away_sp_short_last": 0.0, "bullpen_fatigue_7d_edge": -0.32, "series_game_number": 2.0, "home_sp_k_pct_10": 0.2154065419885892, "away_sp_k_pct_10": 0.21520420607068796, "home_sp_venue_starts": 6.0, "home_sp_venue_era": 4.022532464229249, "home_sp_venue_k9": 8.72054740560567, "home_sp_venue_fip": 3.917132142859481, "away_sp_venue_starts": 0.0, "away_sp_venue_era": 3.6, "away_sp_venue_k9": 7.7115325787702655, "away_sp_venue_fip": 3.8592785745328118, "home_sp_pitch_hand_l": 0.0, "away_sp_pitch_hand_l": 0.0, "home_team_avg_vs_lhp": NaN, "home_team_avg_vs_rhp": NaN, "home_team_obp_vs_lhp": NaN, "home_team_obp_vs_rhp": NaN, "home_team_slg_vs_lhp": NaN, "home_team_slg_vs_rhp": NaN,