{
  "home_lineup_completeness": 0.02521,
  "away_lineup_completeness": 0.016627,
  "home_bullpen_exposure": 0.012487,
  "run_diff_per_game_edge": 0.011111,
  "away_is_b2b": 0.010293,
  "home_team_abbr_TEX": 0.010143,
  "away_team_abbr_MIL": 0.009932,
  "away_bullpen_exposure": 0.008422,
  "away_team_abbr_ARI": 0.008127,
  "away_team_abbr_NYY": 0.007959,
  "home_team_abbr_DET": 0.006653,
  "home_losses": 0.006453,
  "sp_era_edge_5": 0.0064,
  "away_era_trend_5v10": 0.006199,
  "away_pen_exposure_x_era": 0.00581,
  "home_bp_whip_10": 0.00577,
  "away_hr9_10": 0.005726,
  "home_lineup_slg_avg_10": 0.005682,
  "home_runs_allowed_avg_10": 0.005667,
  "away_team_abbr_SEA": 0.005522,
  "home_hr_avg_10": 0.005457,
  "batting_hr_avg_10_diff": 0.005378,
  "whip_edge_10": 0.005337,
  "home_win_pct_last_10": 0.00532,
  "home_run_diff": 0.00522,
  "away_pythag_vs_record": 0.005057,
  "away_team_abbr_SD": 0.005054,
  "park_adj_implied_total": 0.005014,
  "era_edge_10": 0.004973,
  "away_team_sp_k9_10": 0.004926,
  "away_team_abbr_CWS": 0.004914,
  "team_whip_5_diff": 0.004902,
  "home_sp_bb9_5": 0.004896,
  "home_era_10": 0.004873,
  "home_ops_10": 0.004868,
  "away_wins_last_10": 0.004785,
  "away_sp_era_5": 0.004743,
  "away_park_adj_runs_10": 0.004691,
  "home_team_abbr_KC": 0.004648,
  "slg_edge_10": 0.00463,
  "home_sp_k9_5": 0.004622,
  "away_runs_trend_5v20": 0.00461,
  "away_top4_slg_avg_10": 0.004518,
  "home_pythag_x_opp_sp_fip": 0.004467,
  "temperature_f": 0.004405,
  "lineup_slg_edge": 0.004399,
  "home_rest_days": 0.004324,
  "away_sp_k9_home_10": 0.004294,
  "away_bb_pct_avg_10": 0.00426,
  "home_team_abbr_SF": 0.004239,
  "home_bp_era_10": 0.004222,
  "away_team_abbr_CHC": 0.004196,
  "away_sp_k_pct_5": 0.004189,
  "away_team_k_bb_ratio_5": 0.004171,
  "pen_exposure_era_diff": 0.004165,
  "away_sp_era_away_10": 0.004151,
  "venue_name_UNIQLO Field at Dodger Stadium": 0.004142,
  "sp_composite_edge": 0.004137,
  "home_sp_k_pct_5": 0.004116,
  "away_win_pct": 0.004104,
  "home_sp_home_away_era_split": 0.004087,
  "away_sp_whip_5": 0.004085,
  "home_sp_career_era_10": 0.004063,
  "away_ops_5": 0.004056,
  "away_obp_avg_5": 0.004039,
  "away_runs_allowed_avg_5": 0.004029,
  "away_sp_fip_10": 0.004014,
  "home_sp_ip_avg_5": 0.004005,
  "away_bb9_10": 0.003997,
  "home_sp_era_home_10": 0.003976,
  "home_team_abbr_BAL": 0.003974,
  "home_sp_fip_away_10": 0.00393,
  "batting_hr_avg_5_diff": 0.003884,
  "away_sp_career_era_10": 0.003879,
  "away_run_diff_per_game": 0.003876,
  "away_sp_k_bb_ratio_5": 0.003863,
  "home_form_vs_season": 0.00385,
  "start_dow_utc": 0.003814,
  "away_bp_era_5": 0.003802,
  "away_sp_fip_away_10": 0.003794,
  "home_runs_sd_10": 0.00376,
  "runs_trend_diff": 0.003748,
  "away_lineup_avg_avg_10": 0.003728,
  "home_bb9_5": 0.003712,
  "away_k_pct_avg_10": 0.003706,
  "away_team_abbr_CLE": 0.003703,
  "ump_rpg_10": 0.003693,
  "home_ops_5": 0.003688,
  "away_k9_10": 0.003684,
  "away_bp_whip_10": 0.003678,
  "away_form_vs_season": 0.003676,
  "home_sp_fip_10": 0.003666,
  "bullpen_fatigue_edge": 0.003645,
  "form_momentum_diff": 0.00359,
  "away_sp_ip_avg_5": 0.003589,
  "away_k9_5": 0.003587,
  "pythag_record_edge": 0.003583,
  "home_pen_exposure_x_era": 0.003579,
  "home_hr9_5": 0.003571,
  "sp_k_pct_5_diff": 0.003565,
  "away_sp_era_10": 0.003563,
  "away_team_abbr_MIA": 0.003552,
  "home_team_sp_k9_10": 0.003533,
  "home_sp_era_away_10": 0.003519,
  "batting_avg_avg_10_diff": 0.003511,
  "away_era_5": 0.00351,
  "away_lineup_slg_avg_10": 0.003508,
  "sp_whip_5_diff": 0.003506,
  "home_sp_k_bb_ratio_5": 0.003493,
  "batting_runs_avg_5_diff": 0.003478,
  "home_sp_k9_away_10": 0.003477,
  "batting_avg_avg_5_diff": 0.003462,
  "away_rest_days": 0.003445,
  "away_k_pct_avg_5": 0.003442,
  "home_bp_whip_5": 0.003439,
  "home_k9_10": 0.003433,
  "home_sp_starts_in_window": 0.003429,
  "home_sp_k9_home_10": 0.003423,
  "away_lineup_iso_avg_10": 0.003413,
  "wind_sin": 0.003407,
  "away_sp_starts_in_window": 0.003405,
  "home_runs_allowed_avg_5": 0.003396,
  "away_runs_sd_10": 0.003383,
  "away_wins": 0.00337,
  "home_team_k_bb_ratio_5": 0.003363,
  "sp_home_away_split_edge": 0.00335,
  "away_era_10": 0.003346,
  "home_win_pct_last_5": 0.003335,
  "home_top4_slg_avg_10": 0.003328,
  "away_sp_bb9_5": 0.003325,
  "away_obp_avg_10": 0.003318,
  "away_sp_k9_away_10": 0.003293,
  "home_lineup_iso_avg_10": 0.003281,
  "run_diff_avg_last_5_edge": 0.003267,
  "home_sp_hr9_5": 0.003261,
  "home_lineup_avg_avg_10": 0.003248,
  "away_losses": 0.003246,
  "away_ops_10": 0.003241,
  "away_slg_avg_10": 0.003238,
  "ump_k9_10": 0.003233,
  "home_whip_10": 0.003208,
  "away_sp_hr9_5": 0.003185,
  "home_run_diff_per_game": 0.003184,
  "batting_iso_avg_10_diff": 0.003183,
  "home_sp_era_10": 0.003175,
  "park_adj_runs_diff": 0.003156,
  "home_team_abbr_ARI": 0.003153,
  "home_runs_trend_5v20": 0.003144,
  "away_sp_whip_10": 0.003144,
  "away_hr9_5": 0.003133,
  "team_k_bb_ratio_diff": 0.003107,
  "away_team_sp_k9_5": 0.003099,
  "home_sp_career_era_5": 0.003087,
  "home_whip_5": 0.003039,
  "team_era_5_diff": 0.003039,
  "home_win_pct": 0.003029,
  "wind_speed_mph": 0.003009,
  "away_sp_fip_5": 0.003003,
  "away_bp_whip_5": 0.003001,
  "wind_cos": 0.00298,
  "season_2026-regular": 0.002979,
  "away_bullpen_ip_last_3": 0.002965,
  "away_slg_avg_5": 0.002949,
  "home_hr9_10": 0.002947,
  "home_sp_bb_pct_5": 0.002945,
  "away_sp_bb_pct_5": 0.002938,
  "away_games_played": 0.002922,
  "sp_fip_edge_5": 0.002914,
  "win_pct_last_10_diff": 0.002907,
  "win_pct_edge": 0.002901,
  "h2h_home_win_pct_ytd": 0.002852,
  "away_whip_5": 0.002851,
  "away_sp_career_era_5": 0.002847,
  "away_sp_era_home_10": 0.002845,
  "home_runs_avg_10": 0.002841,
  "home_wins": 0.002829,
  "home_bullpen_ip_last_3": 0.002821,
  "ump_rpg_5": 0.002813,
  "away_team_abbr_TEX": 0.002805,
  "away_bb_pct_avg_5": 0.002784,
  "home_iso_avg_5": 0.002783,
  "h2h_games_ytd": 0.002779,
  "away_iso_avg_10": 0.002778,
  "lineup_avg_edge": 0.002766,
  "away_whip_10": 0.002763,
  "home_bb9_10": 0.002718,
  "away_team_abbr_NYM": 0.002714,
  "away_team_abbr_COL": 0.002713,
  "away_bp_era_10": 0.002702,
  "away_sp_fip_home_10": 0.0027,
  "home_obp_avg_10": 0.002699,
  "home_runs_avg_20": 0.002698,
  "bp_era_diff_5": 0.002693,
  "ump_bb9_10": 0.002691,
  "away_avg_avg_5": 0.002686,
  "home_sp_days_rest": 0.002666,
  "home_bb_pct_avg_10": 0.00265,
  "home_sp_whip_5": 0.002598,
  "start_hour_utc": 0.002575,
  "home_sp_whip_10": 0.002567,
  "home_park_adj_runs_10": 0.002564,
  "sp_days_rest_diff": 0.002557,
  "ump_bb9_5": 0.002532,
  "home_pythag": 0.002494,
  "away_runs_allowed_avg_10": 0.002484,
  "era_trend_diff": 0.002472,
  "away_bb9_5": 0.002469,
  "home_era_trend_5v10": 0.002468,
  "b2b_asymmetry": 0.002438,
  "ops_diff_5": 0.002418,
  "home_k9_5": 0.002418,
  "away_run_diff": 0.002412,
  "away_run_diff_avg_last_5": 0.002402,
  "home_pythag_vs_record": 0.002401,
  "home_sp_fip_5": 0.002357,
  "home_team_abbr_CIN": 0.00235,
  "ump_k9_5": 0.002341,
  "home_games_played": 0.00234,
  "home_avg_avg_10": 0.002327,
  "away_runs_avg_10": 0.002311,
  "home_sp_career_whip_5": 0.002309,
  "home_k_pct_avg_10": 0.002297,
  "away_iso_avg_5": 0.002296,
  "away_sp_home_away_era_split": 0.002288,
  "away_runs_avg_20": 0.002274,
  "away_implied_runs": 0.002246,
  "sp_k_bb_ratio_diff": 0.002239,
  "away_runs_avg_5": 0.002161,
  "away_sp_career_whip_5": 0.002158,
  "away_hr_avg_10": 0.002121,
  "runs_scored_edge_10": 0.002121,
  "bp_era_diff_10": 0.00209,
  "home_bb_pct_avg_5": 0.002072,
  "home_slg_avg_10": 0.002066,
  "home_sp_fip_home_10": 0.002062,
  "away_team_abbr_CIN": 0.002059,
  "home_era_5": 0.002037,
  "home_team_sp_k9_5": 0.002012,
  "away_hr_avg_5": 0.002009,
  "away_team_abbr_PHI": 0.002009,
  "home_team_abbr_WAS": 0.002004,
  "away_sp_days_rest": 0.002002,
  "away_team_abbr_PIT": 0.001983,
  "away_sp_k9_5": 0.001969,
  "home_bp_era_5": 0.001956,
  "ops_diff_10": 0.001954,
  "away_team_abbr_MIN": 0.001932,