{"venue_id": 2392.0, "venue_name": NaN, "run_line_home": -1.5, "run_line_home_price": 108.5, "run_line_away_price": -130.0, "total_line": 7.75, "over_price": -109.0, "under_price": -111.0, "open_run_line_home": -1.5, "open_total_line": 7.75, "total_line_move": 0.0, "run_line_move": 0.0, "park_run_factor": 1.006, "park_hr_factor": 1.012, "home_runs_avg_5": 4.2, "home_hr_avg_5": 1.0, "home_avg_avg_5": 0.23744013734526068, "home_obp_avg_5": 0.30116562754133913, "home_slg_avg_5": 0.3883653707183119, "home_iso_avg_5": 0.14876220758573697, "home_k_pct_avg_5": 0.25109847779377387, "home_bb_pct_avg_5": 0.08124845277303179, "home_runs_avg_10": 4.4, "home_hr_avg_10": 1.1, "home_avg_avg_10": 0.23824067628028728, "home_obp_avg_10": 0.30083132994897704, "home_slg_avg_10": 0.38852843122619996, "home_iso_avg_10": 0.15, "home_k_pct_avg_10": 0.25079992619971714, "home_bb_pct_avg_10": 0.08183994595759302, "home_runs_avg_20": 4.4, "home_runs_sd_10": 2.9078437983419185, "away_runs_avg_5": 4.4, "away_hr_avg_5": 1.0, "away_avg_avg_5": 0.2382123758594347, "away_obp_avg_5": 0.3016175062237133, "away_slg_avg_5": 0.3878156565656566, "away_iso_avg_5": 0.14831709956709957, "away_k_pct_avg_5": 0.25049686003433635, "away_bb_pct_avg_5": 0.08094376212023272, "away_runs_avg_10": 4.4, "away_hr_avg_10": 1.1, "away_avg_avg_10": 0.23911093034645345, "away_obp_avg_10": 0.30199842612680194, "away_slg_avg_10": 0.390314269064269, "away_iso_avg_10": 0.15107467751991077, "away_k_pct_avg_10": 0.2513045861326222, "away_bb_pct_avg_10": 0.08188408067269623, "away_runs_avg_20": 4.4, "away_runs_sd_10": 2.9059326290271157, "home_runs_allowed_avg_5": 4.4, "home_era_5": 4.035, "home_whip_5": 1.279808393210455, "home_k9_5": 8.5, "home_bb9_5": 3.12, "home_hr9_5": 1.100222469410456, "home_sp_era_5": 4.624324324324324, "home_sp_whip_5": 1.3673958738808873, "home_team_sp_k9_5": 8.353252971033227, "home_bp_era_5": 3.6406739702725623, "home_bp_whip_5": 1.2735735735735736, "home_runs_allowed_avg_10": 4.4, "home_era_10": 4.160778642936596, "home_whip_10": 1.286906004009971, "home_k9_10": 8.4875, "home_bb9_10": 3.147167036625971, "home_hr9_10": 1.1498890122086571, "home_sp_era_10": 4.765721122122922, "home_sp_whip_10": 1.390779652167121, "home_team_sp_k9_10": 8.322730486739271, "home_bp_era_10": 3.949242708342584, "home_bp_whip_10": 1.2974109976446762, "home_bullpen_ip_last_3": 9.33, "away_runs_allowed_avg_5": 4.2, "away_era_5": 4.031654676258992, "away_whip_5": 1.2762525765022992, "away_k9_5": 8.45, "away_bb9_5": 3.1, "away_hr9_5": 1.075, "away_sp_era_5": 4.44, "away_sp_whip_5": 1.3523809523809525, "away_team_sp_k9_5": 8.247473491156692, "away_bp_era_5": 3.802920453067616, "away_bp_whip_5": 1.2816421090078682, "away_runs_allowed_avg_10": 4.3, "away_era_10": 4.063543441120353, "away_whip_10": 1.2791666666666668, "away_k9_10": 8.487521131951922, "away_bb9_10": 3.119630484988453, "away_hr9_10": 1.1126408010012516, "away_sp_era_10": 4.6473234125310166, "away_sp_whip_10": 1.3705463953153472, "away_team_sp_k9_10": 8.357565684375107, "away_bp_era_10": 3.9083283520561705, "away_bp_whip_10": 1.2902431289720995, "away_bullpen_ip_last_3": 9.0, "home_sp_career_era_5": 4.285250480933282, "home_sp_career_whip_5": 1.3352007598328521, "home_sp_k_pct_5": 0.21362004415750857, "home_sp_bb_pct_5": 0.07489291997207433, "home_sp_fip_5": 4.155107066381156, "home_sp_k9_5": 8.240741193202298, "home_sp_bb9_5": 3.025301315386969, "home_sp_hr9_5": 1.2138932070639388, "home_sp_ip_avg_5": 5.4, "home_sp_career_era_10": 4.395067024845936, "home_sp_fip_10": 4.218154755872587, "home_sp_starts_in_window": 5.0, "away_sp_career_era_5": 4.258891454965358, "away_sp_career_whip_5": 1.321087153284541, "away_sp_k_pct_5": 0.213922526669109, "away_sp_bb_pct_5": 0.07376498501156883, "away_sp_fip_5": 4.1467230225932035, "away_sp_k9_5": 8.236403827119762, "away_sp_bb9_5": 2.9996158506535715, "away_sp_hr9_5": 1.2, "away_sp_ip_avg_5": 5.4, "away_sp_career_era_10": 4.343949258696396, "away_sp_fip_10": 4.177008469098562, "away_sp_starts_in_window": 5.0, "home_wins": 39.0, "home_losses": 40.0, "home_win_pct": 0.5042375924728866, "home_run_diff": 5.0, "home_run_diff_per_game": 0.10344827586206896, "home_division_rank": NaN, "home_rest_days": 1.0, "home_is_b2b": 1.0, "home_games_played": 80.0, "away_wins": 39.0, "away_losses": 40.0, "away_win_pct": 0.5050505050505051, "away_run_diff": 7.0, "away_run_diff_per_game": 0.1234498730016435, "away_division_rank": NaN, "away_rest_days": 1.0, "away_is_b2b": 1.0, "away_games_played": 81.0, "runs_scored_edge_10": 0.0, "obp_edge_10": -0.0019825906468293186, "slg_edge_10": -0.002780952272595283, "era_edge_10": -0.08, "whip_edge_10": -0.006794789540546686, "sp_fip_edge_5": -0.011420814925830709, "sp_era_edge_5": -0.009216495635213524, "bullpen_fatigue_edge": -0.33, "rest_days_advantage": 0.0, "win_pct_edge": 0.0, "run_diff_per_game_edge": -0.003833752824677128, "division_rank_edge": 0.0, "home_implied_runs": 4.35, "away_implied_runs": 4.4, "park_adj_implied_total": 8.829, "season_days_elapsed": 86.0, "start_hour_utc": 19.0, "start_dow_utc": 4.0, "season_2024-regular": 0.0, "season_2025-regular": 0.0, "season_2026-regular": 0.0, "home_team_abbr_ARI": 0.0, "home_team_abbr_ATH": 0.0, "home_team_abbr_ATL": 0.0, "home_team_abbr_BAL": 0.0, "home_team_abbr_BOS": 0.0, "home_team_abbr_CHC": 0.0, "home_team_abbr_CIN": 0.0, "home_team_abbr_CLE": 0.0, "home_team_abbr_COL": 0.0, "home_team_abbr_CWS": 0.0, "home_team_abbr_DET": 0.0, "home_team_abbr_HOU": 0.0, "home_team_abbr_KC": 0.0, "home_team_abbr_LAA": 0.0, "home_team_abbr_LAD": 0.0, "home_team_abbr_MIA": 0.0, "home_team_abbr_MIL": 0.0, "home_team_abbr_MIN": 0.0, "home_team_abbr_NYM": 0.0, "home_team_abbr_NYY": 0.0, "home_team_abbr_OAK": 0.0, "home_team_abbr_PHI": 0.0, "home_team_abbr_PIT": 0.0, "home_team_abbr_SD": 0.0, "home_team_abbr_SEA": 0.0, "home_team_abbr_SF": 0.0, "home_team_abbr_STL": 0.0, "home_team_abbr_TB": 0.0, "home_team_abbr_TEX": 0.0, "home_team_abbr_TOR": 0.0, "home_team_abbr_WAS": 0.0, "home_team_abbr_nan": 0.0, "away_team_abbr_ARI": 0.0, "away_team_abbr_ATH": 0.0, "away_team_abbr_ATL": 0.0, "away_team_abbr_BAL": 0.0, "away_team_abbr_BOS": 0.0, "away_team_abbr_CHC": 0.0, "away_team_abbr_CIN": 0.0, "away_team_abbr_CLE": 0.0, "away_team_abbr_COL": 0.0, "away_team_abbr_CWS": 0.0, "away_team_abbr_DET": 0.0, "away_team_abbr_HOU": 0.0, "away_team_abbr_KC": 0.0, "away_team_abbr_LAA": 0.0, "away_team_abbr_LAD": 0.0, "away_team_abbr_MIA": 0.0, "away_team_abbr_MIL": 0.0, "away_team_abbr_MIN": 0.0, "away_team_abbr_NYM": 0.0, "away_team_abbr_NYY": 0.0, "away_team_abbr_OAK": 0.0, "away_team_abbr_PHI": 0.0, "away_team_abbr_PIT": 0.0, "away_team_abbr_SD": 0.0, "away_team_abbr_SEA": 0.0, "away_team_abbr_SF": 0.0, "away_team_abbr_STL": 0.0, "away_team_abbr_TB": 0.0, "away_team_abbr_TEX": 0.0, "away_team_abbr_TOR": 0.0, "away_team_abbr_WAS": 0.0, "away_team_abbr_nan": 0.0, "home_pythag": 0.5, "away_pythag": 0.5, "pythag_diff": 0.0, "home_pythag_vs_record": -0.0030100178916559472, "away_pythag_vs_record": -0.0015267677443464578, "pythag_record_edge": -0.0005537087248093098, "sp_era_5_diff": -0.20043404371027496, "sp_whip_5_diff": -0.018560045563849714, "sp_fip_5_diff": -0.01142081492583058, "sp_k_pct_5_diff": 0.00017484406531810548, "sp_composite_edge": -0.07571036414667476, "batting_runs_avg_10_diff": 0.0, "batting_hr_avg_10_diff": 0.0, "batting_avg_avg_10_diff": -0.000939697901838954, "batting_iso_avg_10_diff": -0.0013405455950944445, "batting_runs_avg_5_diff": 0.0, "batting_hr_avg_5_diff": 0.0, "batting_avg_avg_5_diff": -0.0010645626801520647, "team_era_10_diff": -0.08000000000000007, "team_era_5_diff": 0.0, "team_whip_10_diff": -0.006794789540546686, "team_whip_5_diff": 0.0, "win_pct_diff": 0.0, "rest_diff": 0.0, "b2b_asymmetry": 0.0, "market_total": 7.75, "market_run_line": -1.5}