{"venue_id": 680.0, "run_line_home": -1.5, "run_line_home_price": -110.0, "run_line_away_price": -113.0, "total_line": 8.5, "over_price": -110.0, "under_price": -110.0, "open_run_line_home": -1.5, "open_total_line": 8.5, "total_line_move": 0.0, "run_line_move": 0.0, "park_run_factor": 1.006, "park_hr_factor": 1.012, "home_runs_avg_5": 4.2, "home_hr_avg_5": 1.0, "home_avg_avg_5": 0.2368398268398268, "home_obp_avg_5": 0.30163960752196045, "home_slg_avg_5": 0.38694880841432566, "home_iso_avg_5": 0.14837121212121213, "home_k_pct_avg_5": 0.25142340210251923, "home_bb_pct_avg_5": 0.08227994227994229, "home_runs_avg_10": 4.4, "home_hr_avg_10": 1.1, "home_avg_avg_10": 0.23759532594956304, "home_obp_avg_10": 0.30117413417080174, "home_slg_avg_10": 0.38733819026501953, "home_iso_avg_10": 0.14943393732886143, "home_k_pct_avg_10": 0.25122671426294096, "home_bb_pct_avg_10": 0.08274605529499625, "home_runs_avg_20": 4.4, "home_runs_sd_10": 2.913569784454954, "away_runs_avg_5": 4.4, "away_hr_avg_5": 1.0, "away_avg_avg_5": 0.23809550758616976, "away_obp_avg_5": 0.30214875940682395, "away_slg_avg_5": 0.3867397477074896, "away_iso_avg_5": 0.1476515999286398, "away_k_pct_avg_5": 0.2504778972520908, "away_bb_pct_avg_5": 0.08166666666666667, "away_runs_avg_10": 4.4, "away_hr_avg_10": 1.1, "away_avg_avg_10": 0.23884169861773677, "away_obp_avg_10": 0.3021571633103517, "away_slg_avg_10": 0.38908918955502153, "away_iso_avg_10": 0.14987343627049507, "away_k_pct_avg_10": 0.2514852518201268, "away_bb_pct_avg_10": 0.08275507879256086, "away_runs_avg_20": 4.4, "away_runs_sd_10": 2.9078437983419185, "home_runs_allowed_avg_5": 4.4, "home_era_5": 4.05, "home_whip_5": 1.2833333333333334, "home_k9_5": 8.5, "home_bb9_5": 3.15, "home_hr9_5": 1.1, "home_sp_era_5": 4.624324324324324, "home_sp_whip_5": 1.3676001806727247, "home_team_sp_k9_5": 8.378039138487251, "home_bp_era_5": 3.67984555984556, "home_bp_whip_5": 1.2787881945047377, "home_bp_k9_5": 8.862411574247893, "home_runs_allowed_avg_10": 4.4, "home_era_10": 4.1625, "home_whip_10": 1.289002049705355, "home_k9_10": 8.49639012208657, "home_bb9_10": 3.172131456924673, "home_hr9_10": 1.140333704115684, "home_sp_era_10": 4.7625059463757475, "home_sp_whip_10": 1.3895740979074311, "home_team_sp_k9_10": 8.344645473300359, "home_bp_era_10": 3.96688108645124, "home_bp_whip_10": 1.3009964361299742, "home_bp_k9_10": 8.881389645776567, "home_bullpen_ip_last_3": 9.33, "away_runs_allowed_avg_5": 4.2, "away_era_5": 4.025, "away_whip_5": 1.277777777777778, "away_k9_5": 8.493408360128617, "away_bb9_5": 3.1310918462980317, "away_hr9_5": 1.075, "away_sp_era_5": 4.41, "away_sp_whip_5": 1.3520306763106669, "away_team_sp_k9_5": 8.270877944325482, "away_bp_era_5": 3.81, "away_bp_whip_5": 1.2879728765167737, "away_bp_k9_5": 8.927413363827656, "away_runs_allowed_avg_10": 4.3, "away_era_10": 4.063168201819344, "away_whip_10": 1.2819444444444446, "away_k9_10": 8.502482678983833, "away_bb9_10": 3.1503337041156843, "away_hr9_10": 1.112278024417314, "away_sp_era_10": 4.629653044499583, "away_sp_whip_10": 1.3708103251883759, "away_team_sp_k9_10": 8.374017850307222, "away_bp_era_10": 3.9114497335796075, "away_bp_whip_10": 1.2956584922797458, "away_bp_k9_10": 8.900620415007335, "away_bullpen_ip_last_3": 9.0, "home_sp_career_era_5": 4.261929470785573, "home_sp_career_whip_5": 1.3333333333333333, "home_sp_k_pct_5": 0.21413007724314442, "home_sp_bb_pct_5": 0.07501149509133782, "home_sp_fip_5": 4.134251583336166, "home_sp_k9_5": 8.25, "home_sp_bb9_5": 3.02579850515494, "home_sp_hr9_5": 1.2, "home_sp_ip_avg_5": 5.335, "home_sp_career_era_10": 4.368432145964338, "home_sp_fip_10": 4.2, "home_sp_starts_in_window": 5.0, "home_sp_days_rest": 6.0, "home_sp_is_short_rest": 0.0, "home_sp_era_home_10": 3.777832398548334, "home_sp_era_away_10": 4.392853673056223, "home_sp_k9_home_10": 8.515832653546786, "home_sp_k9_away_10": 8.001464267866066, "home_sp_fip_home_10": 3.8666666666666667, "home_sp_fip_away_10": 4.216666666666667, "home_sp_era_20": 4.341505171219792, "home_sp_fip_20": 4.179701116543381, "home_sp_last_k": 5.0, "home_sp_last_bb": 2.0, "home_sp_last_fip": 3.7714285714285714, "away_sp_career_era_5": 4.184555451323744, "away_sp_career_whip_5": 1.3176687887319722, "away_sp_k_pct_5": 0.21473015873015874, "away_sp_bb_pct_5": 0.07434500859765072, "away_sp_fip_5": 4.1356892230576445, "away_sp_k9_5": 8.25140712945591, "away_sp_bb9_5": 3.0, "away_sp_hr9_5": 1.192063492063492, "away_sp_ip_avg_5": 5.4, "away_sp_career_era_10": 4.3, "away_sp_fip_10": 4.157310405643739, "away_sp_starts_in_window": 5.0, "away_sp_days_rest": 6.0, "away_sp_is_short_rest": 0.0, "away_sp_era_home_10": 3.8145527721357104, "away_sp_era_away_10": 4.314285714285714, "away_sp_k9_home_10": 8.424729741802913, "away_sp_k9_away_10": 8.016186219686364, "away_sp_fip_home_10": 3.905467372134039, "away_sp_fip_away_10": 4.2, "away_sp_era_20": 4.292782333057082, "away_sp_fip_20": 4.164210023494913, "away_sp_last_k": 5.0, "away_sp_last_bb": 2.0, "away_sp_last_fip": 3.7, "home_wins": 36.0, "home_losses": 37.0, "home_win_pct": 0.503448275862069, "home_run_diff": 3.0, "home_run_diff_per_game": 0.08922056384742952, "home_division_rank": NaN, "home_rest_days": 1.0, "home_is_b2b": 1.0, "home_games_played": 74.0, "home_wins_last_5": 2.0, "home_win_pct_last_5": 0.4, "home_wins_last_10": 5.0, "home_win_pct_last_10": 0.5, "home_run_diff_avg_last_5": 0.0, "away_wins": 37.0, "away_losses": 37.0, "away_win_pct": 0.5038759689922481, "away_run_diff": 5.0, "away_run_diff_per_game": 0.10249099639855942, "away_division_rank": NaN, "away_rest_days": 1.0, "away_is_b2b": 1.0, "away_games_played": 74.0, "away_wins_last_5": 3.0, "away_win_pct_last_5": 0.6, "away_wins_last_10": 5.0, "away_win_pct_last_10": 0.5, "away_run_diff_avg_last_5": 0.0, "h2h_games_ytd": 2.0, "h2h_home_win_pct_ytd": 0.5, "runs_scored_edge_10": 0.0, "obp_edge_10": -0.001760962479473882, "slg_edge_10": -0.0025659372518714307, "era_edge_10": -0.08410059981982115, "whip_edge_10": -0.009561839028238817, "sp_fip_edge_5": -0.018192941223820317, "sp_era_edge_5": -0.03026986506746627, "bullpen_fatigue_edge": -0.33, "rest_days_advantage": 0.0, "win_pct_edge": 0.0, "run_diff_per_game_edge": -0.0031858436868351103, "division_rank_edge": 0.0, "home_implied_runs": 4.35, "away_implied_runs": 4.4, "park_adj_implied_total": 8.8443, "n_ump_games_prev_5": 5.0, "ump_rpg_5": 8.8, "ump_k9_5": 8.517647058823531, "ump_bb9_5": 3.1085620720615443, "ump_rpg_10": 8.8, "ump_k9_10": 8.547941176470589, "ump_bb9_10": 3.115645294919422, "temperature_f": 74.8, "wind_speed_mph": 7.2, "wind_sin": -0.19080899537654467, "wind_cos": -0.25881904510252085, "precip_prob_pct": 0.0, "is_dome": 0.0, "home_lineup_avg_avg_10": 0.23759259259259258, "home_lineup_slg_avg_10": 0.3939354395801602, "home_lineup_iso_avg_10": 0.14816666666666664, "home_top4_slg_avg_10": 0.4343264578558696, "home_lineup_completeness": 1.1111111111111112, "away_lineup_avg_avg_10": 0.23680555555555557, "away_lineup_slg_avg_10": 0.3939761404620198, "away_lineup_iso_avg_10": 0.14814814814814817, "away_top4_slg_avg_10": 0.43852936834289336, "away_lineup_completeness": 1.1111111111111112, "lineup_avg_edge": 0.0, "lineup_slg_edge": 0.0, "home_bullpen_ip_last_7": 21.68, "home_bp_era_7d": 3.75, "home_sp_short_last": 0.0, "away_bullpen_ip_last_7": 21.66, "away_bp_era_7d": 3.802281368821293, "away_sp_short_last": 0.0, "bullpen_fatigue_7d_edge": -0.32, "series_game_number": 2.0, "home_sp_k_pct_10": 0.21539314718805322, "away_sp_k_pct_10": 0.21520420607068796, "home_sp_venue_starts": 6.0, "home_sp_venue_era": 4.019348351719218, "home_sp_venue_k9": 8.718700396825398, "home_sp_venue_fip": 3.9113632158917055, "away_sp_venue_starts": 0.0, "away_sp_venue_era": 3.6, "away_sp_venue_k9": 7.7115325787702655, "away_sp_venue_fip": 3.8592785745328118, "home_sp_pitch_hand_l": 0.0, "away_sp_pitch_hand_l": 0.0, "home_team_avg_vs_lhp": NaN, "home_team_avg_vs_rhp": NaN, "home_team_obp_vs_lhp": NaN, "home_team_obp_vs_rhp": NaN, "home_team_slg_vs_lhp": NaN,