{"venue_id": 680.0, "run_line_home": -1.5, "run_line_home_price": -110.0, "run_line_away_price": -113.0, "total_line": 8.5, "over_price": -110.0, "under_price": -110.0, "open_run_line_home": -1.5, "open_total_line": 8.5, "total_line_move": 0.0, "run_line_move": 0.0, "park_run_factor": 1.006, "park_hr_factor": 1.012, "home_runs_avg_5": 4.2, "home_hr_avg_5": 1.0, "home_avg_avg_5": 0.23680145104293712, "home_obp_avg_5": 0.30119594964422547, "home_slg_avg_5": 0.38705876330876327, "home_iso_avg_5": 0.14837885154061625, "home_k_pct_avg_5": 0.25142340210251923, "home_bb_pct_avg_5": 0.0818975591471347, "home_runs_avg_10": 4.4, "home_hr_avg_10": 1.1, "home_avg_avg_10": 0.23752961687976692, "home_obp_avg_10": 0.3009707986372073, "home_slg_avg_10": 0.3874390734918467, "home_iso_avg_10": 0.1494924075329319, "home_k_pct_avg_10": 0.25129226682856964, "home_bb_pct_avg_10": 0.08244830636026959, "home_runs_avg_20": 4.4, "home_runs_sd_10": 2.913569784454954, "away_runs_avg_5": 4.4, "away_hr_avg_5": 1.0, "away_avg_avg_5": 0.23799591380236543, "away_obp_avg_5": 0.3017671358629131, "away_slg_avg_5": 0.3867079312850741, "away_iso_avg_5": 0.14764045989852442, "away_k_pct_avg_5": 0.250753859063677, "away_bb_pct_avg_5": 0.08145713935187619, "away_runs_avg_10": 4.4, "away_hr_avg_10": 1.1, "away_avg_avg_10": 0.23878476092899065, "away_obp_avg_10": 0.3019249530011006, "away_slg_avg_10": 0.3890126050420168, "away_iso_avg_10": 0.14983217931493795, "away_k_pct_avg_10": 0.2517376073050679, "away_bb_pct_avg_10": 0.08250514270675562, "away_runs_avg_20": 4.4, "away_runs_sd_10": 2.9078437983419185, "home_runs_allowed_avg_5": 4.4, "home_era_5": 4.0286735266972995, "home_whip_5": 1.2805555555555554, "home_k9_5": 8.508259303721488, "home_bb9_5": 3.137394564198688, "home_hr9_5": 1.0997502081598667, "home_sp_era_5": 4.62, "home_sp_whip_5": 1.3670194003527338, "home_team_sp_k9_5": 8.375950760218208, "home_bp_era_5": 3.6557043879907622, "home_bp_whip_5": 1.2758369098712445, "home_bp_k9_5": 8.878053909101094, "home_runs_allowed_avg_10": 4.4, "home_era_10": 4.1538062283737025, "home_whip_10": 1.2875, "home_k9_10": 8.5, "home_bb9_10": 3.1625, "home_hr9_10": 1.137722469410456, "home_sp_era_10": 4.758624524718763, "home_sp_whip_10": 1.3877504369508367, "home_team_sp_k9_10": 8.342333769219804, "home_bp_era_10": 3.9487777102945643, "home_bp_whip_10": 1.2994119459227045, "home_bp_k9_10": 8.888683319135803, "home_bullpen_ip_last_3": 9.33, "away_runs_allowed_avg_5": 4.2, "away_era_5": 4.026689612015018, "away_whip_5": 1.277777777777778, "away_k9_5": 8.479814522494081, "away_bb9_5": 3.125, "away_hr9_5": 1.075, "away_sp_era_5": 4.432316076294278, "away_sp_whip_5": 1.3527336860670196, "away_team_sp_k9_5": 8.270877944325482, "away_bp_era_5": 3.7917558886509637, "away_bp_whip_5": 1.2834742219505169, "away_bp_k9_5": 8.929238827405593, "away_runs_allowed_avg_10": 4.3, "away_era_10": 4.063168201819344, "away_whip_10": 1.2805555555555557, "away_k9_10": 8.502482678983833, "away_bb9_10": 3.14, "away_hr9_10": 1.112389012208657, "away_sp_era_10": 4.638308707164809, "away_sp_whip_10": 1.3709735343968228, "away_team_sp_k9_10": 8.37582418317373, "away_bp_era_10": 3.9039971448965023, "away_bp_whip_10": 1.291995784575994, "away_bp_k9_10": 8.905423440696246, "away_bullpen_ip_last_3": 9.0, "home_sp_career_era_5": 4.261929470785573, "home_sp_career_whip_5": 1.3333333333333333, "home_sp_k_pct_5": 0.21412470559947006, "home_sp_bb_pct_5": 0.07490534483048127, "home_sp_fip_5": 4.13343147751606, "home_sp_k9_5": 8.25, "home_sp_bb9_5": 3.019331725185384, "home_sp_hr9_5": 1.2, "home_sp_ip_avg_5": 5.335, "home_sp_career_era_10": 4.372407388588755, "home_sp_fip_10": 4.2, "home_sp_starts_in_window": 5.0, "home_sp_days_rest": 6.0, "home_sp_is_short_rest": 0.0, "home_sp_era_home_10": 3.788027673545966, "home_sp_era_away_10": 4.4025155381982, "home_sp_k9_home_10": 8.503187658032866, "home_sp_k9_away_10": 8.020494363384216, "home_sp_fip_home_10": 3.870209745202129, "home_sp_fip_away_10": 4.211411863913952, "home_sp_era_20": 4.344506910362476, "home_sp_fip_20": 4.177548532081465, "home_sp_last_k": 5.0, "home_sp_last_bb": 2.0, "home_sp_last_fip": 3.7714285714285714, "away_sp_career_era_5": 4.2, "away_sp_career_whip_5": 1.3175645530961448, "away_sp_k_pct_5": 0.21470626253819686, "away_sp_bb_pct_5": 0.07415732168248472, "away_sp_fip_5": 4.13695028555446, "away_sp_k9_5": 8.250460108996695, "away_sp_bb9_5": 3.0, "away_sp_hr9_5": 1.1998623432242277, "away_sp_ip_avg_5": 5.4, "away_sp_career_era_10": 4.309932059565047, "away_sp_fip_10": 4.1584780556940455, "away_sp_starts_in_window": 5.0, "away_sp_days_rest": 6.0, "away_sp_is_short_rest": 0.0, "away_sp_era_home_10": 3.8173469387755103, "away_sp_era_away_10": 4.331817500190848, "away_sp_k9_home_10": 8.424729741802913, "away_sp_k9_away_10": 8.004974631772585, "away_sp_fip_home_10": 3.905810135617416, "away_sp_fip_away_10": 4.204133090088328, "away_sp_era_20": 4.298378334961077, "away_sp_fip_20": 4.166403537174061, "away_sp_last_k": 5.0, "away_sp_last_bb": 2.0, "away_sp_last_fip": 3.7, "home_wins": 37.0, "home_losses": 38.0, "home_win_pct": 0.5037593984962406, "home_run_diff": 4.0, "home_run_diff_per_game": 0.09523809523809523, "home_division_rank": NaN, "home_rest_days": 1.0, "home_is_b2b": 1.0, "home_games_played": 76.0, "home_wins_last_5": 2.0, "home_win_pct_last_5": 0.4, "home_wins_last_10": 5.0, "home_win_pct_last_10": 0.5, "home_run_diff_avg_last_5": 0.0, "away_wins": 37.0, "away_losses": 37.0, "away_win_pct": 0.5038463814426889, "away_run_diff": 5.0, "away_run_diff_per_game": 0.1111111111111111, "away_division_rank": NaN, "away_rest_days": 1.0, "away_is_b2b": 1.0, "away_games_played": 76.0, "away_wins_last_5": 3.0, "away_win_pct_last_5": 0.6, "away_wins_last_10": 5.0, "away_win_pct_last_10": 0.5, "away_run_diff_avg_last_5": 0.0, "h2h_games_ytd": 2.0, "h2h_home_win_pct_ytd": 0.5, "runs_scored_edge_10": 0.0, "obp_edge_10": -0.0018910124827344887, "slg_edge_10": -0.0024933186285230335, "era_edge_10": -0.08, "whip_edge_10": -0.007520187039096848, "sp_fip_edge_5": -0.021039931991548567, "sp_era_edge_5": -0.027993154434125384, "bullpen_fatigue_edge": -0.33, "rest_days_advantage": 0.0, "win_pct_edge": 0.0, "run_diff_per_game_edge": 0.0, "division_rank_edge": 0.0, "home_implied_runs": 4.35, "away_implied_runs": 4.4, "park_adj_implied_total": 8.8179, "n_ump_games_prev_5": 5.0, "ump_rpg_5": 8.8, "ump_k9_5": 8.51280876061826, "ump_bb9_5": 3.1012793597974007, "ump_rpg_10": 8.8, "ump_k9_10": 8.544231373293808, "ump_bb9_10": 3.112022937579701, "temperature_f": 74.8, "wind_speed_mph": 7.1, "wind_sin": -0.19080899537654467, "wind_cos": -0.2756373558169989, "precip_prob_pct": 0.0, "is_dome": 0.0, "home_lineup_avg_avg_10": 0.23750000000000002, "home_lineup_slg_avg_10": 0.3941898119903985, "home_lineup_iso_avg_10": 0.14848484848484847, "home_top4_slg_avg_10": 0.4349919113819793, "home_lineup_completeness": 1.1111111111111112, "away_lineup_avg_avg_10": 0.2368333333333333, "away_lineup_slg_avg_10": 0.3941246776312699, "away_lineup_iso_avg_10": 0.14816666666666664, "away_top4_slg_avg_10": 0.4384800524506407, "away_lineup_completeness": 1.1111111111111112, "lineup_avg_edge": 0.0, "lineup_slg_edge": 0.0, "home_bullpen_ip_last_7": 21.67, "home_bp_era_7d": 3.7247801345059495, "home_sp_short_last": 0.0, "away_bullpen_ip_last_7": 21.66, "away_bp_era_7d": 3.795688847235239, "away_sp_short_last": 0.0, "bullpen_fatigue_7d_edge": -0.32, "series_game_number": 2.0, "home_sp_k_pct_10": 0.21540936058430254, "away_sp_k_pct_10": 0.21515461941585173, "home_sp_venue_starts": 6.0, "home_sp_venue_era": 4.023278786458283, "home_sp_venue_k9": 8.718700396825398, "home_sp_venue_fip": 3.9190889496424686, "away_sp_venue_starts": 0.0, "away_sp_venue_era": 3.6, "away_sp_venue_k9": 7.7115325787702655, "away_sp_venue_fip": 3.8592785745328118, "home_sp_pitch_hand_l": 0.0, "away_sp_pitch_hand_l": 0.0, "home_team_avg_vs_lhp": NaN, "home_team_avg_vs_rhp": NaN, "home_team_obp_vs_lhp": NaN, "home_team_obp_vs_rhp": NaN, "home_team_slg_vs_lhp": NaN,