{
  "home_lineup_completeness": 0.018127,
  "away_lineup_completeness": 0.01636,
  "diff_sp_sc_xwoba": 0.011986,
  "home_wins_last_5": 0.010974,
  "combined_sp_sc_xwoba": 0.009483,
  "away_sp_venue_starts": 0.006806,
  "sp_composite_edge": 0.006233,
  "bp_relievers_edge_3d": 0.005769,
  "team_whip_5_diff": 0.005613,
  "away_sp_venue_k9": 0.005551,
  "away_win_pct": 0.005327,
  "away_losses": 0.005318,
  "elo_diff": 0.005209,
  "combined_slg_avg_10": 0.005193,
  "away_lineup_slg_avg_10": 0.005038,
  "combined_runs_avg_5": 0.004995,
  "away_sp_era_20": 0.004767,
  "away_implied_runs": 0.004601,
  "away_bp_relievers_last_3d": 0.004599,
  "away_bp_ip_last_1d": 0.004396,
  "lineup_slg_edge": 0.004365,
  "diff_sp_sc_exit_velo": 0.00425,
  "away_bp_usage_per_rest": 0.004224,
  "away_era_trend_5v10": 0.004208,
  "away_elo_x_sp_quality": 0.004165,
  "away_elo": 0.004159,
  "whip_edge_10": 0.004138,
  "lineup_avg_edge": 0.004121,
  "away_sp_k_pct_10": 0.004107,
  "era_trend_diff": 0.004088,
  "away_sp_last_k": 0.004051,
  "away_sp_days_rest": 0.00403,
  "away_sp_sc_xwoba": 0.004009,
  "home_bp_whip_10": 0.00398,
  "combined_sp_sc_barrel_rate": 0.003944,
  "ump_k9_x_home_sp_k": 0.003842,
  "away_sp_venue_advantage": 0.003825,
  "sp_venue_familiarity_diff": 0.003825,
  "home_elo": 0.003817,
  "runs_trend_diff": 0.003779,
  "total_k_suppression": 0.003761,
  "away_sp_venue_fip": 0.00376,
  "home_pythag_vs_record": 0.003705,
  "home_runs_allowed_avg_10": 0.003704,
  "sp_form_edge": 0.00368,
  "home_sp_last_bb": 0.003678,
  "home_sp_fip_20": 0.003676,
  "home_sp_venue_starts": 0.003671,
  "away_lineup_avg_avg_10": 0.003664,
  "away_sp_last_fip": 0.003566,
  "combined_bp_k9": 0.003542,
  "away_bp_era7_x_ip7": 0.003538,
  "away_pythag": 0.003531,
  "home_ops_10": 0.003522,
  "home_losses": 0.003516,
  "home_k9_10": 0.003514,
  "away_sp_fip_20": 0.003472,
  "away_sp_fip_10": 0.003414,
  "home_wins": 0.003411,
  "ops_diff_10": 0.003395,
  "away_team_k_bb_ratio_5": 0.003391,
  "home_sp_bb9_5": 0.003391,
  "home_pen_depletion": 0.003387,
  "home_slg_avg_10": 0.003376,
  "pythag_diff": 0.003375,
  "away_sp_ch_whiff_pct": 0.003372,
  "away_run_diff": 0.003369,
  "combined_sp_era_5": 0.00334,
  "away_sp_fip_trend_5v10": 0.003327,
  "away_sp_k9_home_10": 0.00332,
  "pen_depletion_edge": 0.003318,
  "home_sp_sc_xwoba": 0.003315,
  "run_diff_per_game_edge": 0.003312,
  "home_sp_home_away_era_split": 0.003312,
  "series_game_number": 0.003302,
  "away_ops_5": 0.003302,
  "away_bp_k9_10": 0.003299,
  "ump_k9_x_away_sp_k": 0.003284,
  "home_pen_exposure_x_era": 0.003263,
  "park_adj_runs_diff": 0.003263,
  "home_sp_starts_in_window": 0.003236,
  "bp_era_diff_10": 0.003222,
  "away_sp_home_away_era_split": 0.003214,
  "combined_sp_era_10": 0.003178,
  "away_hr9_10": 0.003175,
  "home_sp_career_era_5": 0.003166,
  "temperature_f": 0.003157,
  "away_top4_slg_avg_10": 0.003155,
  "obp_edge_10": 0.003145,
  "sp_era_trend_diff": 0.003138,
  "home_bp_era_5": 0.003124,
  "home_sp_fip_10": 0.003119,
  "home_lineup_avg_avg_10": 0.003117,
  "away_iso_avg_5": 0.003116,
  "era_edge_10": 0.003115,
  "home_win_pct": 0.003114,
  "pythag_record_edge": 0.003112,
  "home_games_played": 0.003059,
  "away_pen_exposure_x_era": 0.003048,
  "park_adj_total_env": 0.003048,
  "home_park_adj_runs_10": 0.003016,
  "combined_ops_10": 0.003015,
  "combined_fb_put_away": 0.003012,
  "away_sp_era_5": 0.002998,
  "sp_last_quality_diff": 0.002988,
  "away_wins": 0.002974,
  "home_hr9_5": 0.002959,
  "home_bp_era7_x_ip7": 0.002954,
  "batting_hr_avg_10_diff": 0.002946,
  "home_elo_x_sp_quality": 0.002943,
  "away_sp_sc_barrel_rate": 0.002939,
  "away_era_5": 0.002931,
  "home_sp_k9_5": 0.002928,
  "ump_bb9_10": 0.002924,
  "is_day_game": 0.002905,
  "away_era_10": 0.002903,
  "away_games_played": 0.00289,
  "season_2024-regular": 0.002878,
  "home_top4_slg_avg_10": 0.00287,
  "away_sp_era_away_10": 0.002867,
  "wind_scoring_boost": 0.002862,
  "away_pen_depletion": 0.002856,
  "sp_k_pct_5_diff": 0.002853,
  "pen_exposure_era_diff": 0.002853,
  "away_bullpen_ip_last_3": 0.002844,
  "home_run_diff": 0.002814,
  "home_sp_sc_exit_velo": 0.002794,
  "away_sp_era_x_opp_avg": 0.002772,
  "away_sp_sc_exit_velo": 0.002768,
  "away_sp_ip_per_rest": 0.002756,
  "away_run_diff_avg_last_5": 0.002741,
  "sp_era_5_diff": 0.002736,
  "away_sp_era_home_10": 0.002734,
  "sp_days_rest_diff": 0.002697,
  "bp_era_diff_5": 0.002695,
  "away_whip_5": 0.002694,
  "home_sp_k_bb_ratio_5": 0.002689,
  "home_iso_avg_10": 0.002687,
  "park_hr_factor": 0.002679,
  "away_bp_era_5": 0.002678,
  "sp_whip_5_diff": 0.002676,
  "away_bb9_10": 0.002675,
  "combined_sp_sc_hard_hit_pct": 0.00266,
  "away_sp_whip_10": 0.002656,
  "home_sp_venue_era": 0.002648,
  "away_sp_last_ip": 0.002627,
  "batting_hr_avg_5_diff": 0.002625,
  "home_sp_era_5": 0.002624,
  "away_sp_venue_era": 0.002613,
  "ump_sp_k_environment": 0.002599,
  "bp_k9_edge": 0.002593,
  "home_sp_venue_k9": 0.00259,
  "away_sp_fb_put_away": 0.002581,
  "sp_fip_trend_diff": 0.002579,
  "home_rest_days": 0.002576,
  "away_bp_whip_10": 0.002574,
  "home_bp_relievers_last_3d": 0.002572,
  "away_sp_fip_5v20": 0.002567,
  "away_runs_sd_10": 0.002564,
  "combined_runs_avg_10": 0.002563,
  "home_lineup_slg_avg_10": 0.002563,
  "home_sp_era_trend_5v10": 0.00255,
  "diff_sp_sc_barrel_rate": 0.002543,
  "home_sp_ch_whiff_pct": 0.002543,
  "team_era_5_diff": 0.002524,
  "open_total_line": 0.002522,
  "away_bp_era_10": 0.002521,
  "home_bp_k9_5": 0.002514,
  "home_hr9_10": 0.002509,
  "home_runs_avg_20": 0.002502,
  "ump_bb9_x_away_team_bb": 0.002499,
  "away_bp_relievers_last_2d": 0.002499,
  "ops_diff_5": 0.002496,
  "away_sp_k9_away_10": 0.002494,
  "away_sp_k_pct_5": 0.002486,
  "away_bb9_5": 0.002476,
  "away_k9_5": 0.002474,
  "away_runs_trend_5v20": 0.002466,
  "pythag_sp_quality_diff": 0.002451,
  "away_sp_k_trend_5v10": 0.002445,
  "home_sp_fip_trend_5v10": 0.002428,
  "home_sp_fip_5": 0.002419,
  "home_sp_venue_fip": 0.002414,
  "away_sp_era_10": 0.002407,
  "start_dow_utc": 0.002396,
  "home_sp_era_away_10": 0.002392,
  "home_sp_whip_10": 0.002391,
  "home_sp_era_5v20": 0.002383,
  "home_sp_fip_away_10": 0.002382,
  "ump_rpg_x_park": 0.002377,
  "batting_runs_avg_5_diff": 0.002368,
  "home_sp_career_era_10": 0.002362,
  "home_runs_trend_5v20": 0.00235,
  "away_park_adj_runs_10": 0.002344,
  "home_obp_avg_10": 0.002339,
  "h2h_games_ytd": 0.002329,
  "home_sp_bb_pct_5": 0.002325,
  "away_sp_fip_5": 0.002322,
  "home_bp_whip_5": 0.002321,
  "home_pythag": 0.002321,
  "home_sp_career_whip_5": 0.00232,
  "form_momentum_diff": 0.002301,
  "home_lineup_iso_avg_10": 0.002299,
  "home_sp_era_20": 0.002296,
  "bp_relievers_edge_2d": 0.002291,
  "home_runs_sd_10": 0.002278,
  "away_sp_career_era_5": 0.002272,
  "temp_cold_penalty": 0.00227,
  "away_form_vs_season": 0.002265,
  "home_bp_era_7d": 0.00226,
  "home_sp_fip_5v20": 0.002257,
  "home_team_sp_k9_10": 0.002253,
  "away_hr9_5": 0.002249,
  "away_sp_career_whip_5": 0.002243,
  "away_slg_avg_5": 0.00224,
  "home_bp_usage_per_rest": 0.002231,
  "home_form_vs_season": 0.00222,
  "home_sp_last_ip": 0.00222,
  "bullpen_fatigue_7d_edge": 0.002217,
  "wind_cos": 0.002213,
  "away_bp_whip_5": 0.00221,
  "bp_relievers_edge_1d": 0.002193,
  "home_era_10": 0.002176,
  "home_wins_last_10": 0.002174,
  "runs_scored_edge_10": 0.002172,
  "wind_sin": 0.002149,
  "park_adj_implied_total": 0.002144,
  "away_bp_hot_1d": 0.002143,
  "diff_sp_sc_hard_hit_pct": 0.002131,
  "home_sp_last_fip": 0.002126,
  "away_sp_sl_whiff_pct": 0.002124,
  "home_bullpen_ip_last_7": 0.002117,
  "home_sp_venue_advantage": 0.00211,
  "away_bb_pct_avg_5": 0.002107,
  "away_sp_k_bb_ratio_5": 0.002104,
  "home_sp_fb_put_away": 0.0021,