{"run_line_away_price": -114.0, "total_line": 8.5, "under_price": -110.0, "open_run_line_home": -1.5, "open_total_line": 8.5, "park_run_factor": 1.006, "home_hr_avg_5": 1.0, "home_avg_avg_5": 0.23672159486865885, "home_obp_avg_5": 0.30181503950633737, "home_slg_avg_5": 0.3861033174735534, "home_iso_avg_5": 0.1478171070358468, "home_k_pct_avg_5": 0.2509430252444958, "home_bb_pct_avg_5": 0.0828408516334213, "home_runs_avg_10": 4.4, "home_hr_avg_10": 1.1, "home_avg_avg_10": 0.23750819745397056, "home_obp_avg_10": 0.3015431266449594, "home_slg_avg_10": 0.3864458295117544, "home_iso_avg_10": 0.14887726497550877, "home_k_pct_avg_10": 0.25105976521258744, "home_bb_pct_avg_10": 0.08326147125173025, "home_runs_avg_20": 4.4, "home_runs_sd_10": 2.913569784454954, "home_sb_avg_5": 0.6, "home_sb_avg_10": 0.6, "home_sb_pct_10": 0.018633540372670808, "away_runs_avg_5": 4.4, "away_hr_avg_5": 1.0, "away_avg_avg_5": 0.23808015016412853, "away_obp_avg_5": 0.3022750082522263, "away_slg_avg_5": 0.3867121044658608, "away_iso_avg_5": 0.14771094871620002, "away_k_pct_avg_5": 0.2498547788775493, "away_bb_pct_avg_5": 0.0821558191422368, "away_runs_avg_10": 4.4, "away_hr_avg_10": 1.1, "away_avg_avg_10": 0.23877842117110054, "away_obp_avg_10": 0.3025193288467518, "away_slg_avg_10": 0.3886869813115069, "away_iso_avg_10": 0.1496766224797812, "away_k_pct_avg_10": 0.25058469026243546, "away_bb_pct_avg_10": 0.08327732906847969, "away_runs_avg_20": 4.4, "away_runs_sd_10": 2.913569784454954, "away_sb_avg_5": 0.6, "away_sb_avg_10": 0.6, "away_sb_pct_10": 0.01849002849002849, "home_runs_allowed_avg_5": 4.4, "home_era_5": 4.03522491349481, "home_whip_5": 1.2836931581143096, "home_k9_5": 8.465744052712761, "home_bb9_5": 3.175, "home_hr9_5": 1.0758769484583002, "home_sp_era_5": 4.626324129158862, "home_sp_whip_5": 1.3666666666666667, "home_team_sp_k9_5": 8.364823145411833, "home_bp_era_5": 3.6498114082409696, "home_bp_whip_5": 1.2772688474414944, "home_bp_k9_5": 8.821771479646504, "home_runs_allowed_avg_10": 4.4, "home_era_10": 4.1625, "home_whip_10": 1.2898238164823244, "home_k9_10": 8.47044580301951, "home_bb9_10": 3.1978125678538865, "home_hr9_10": 1.14, "home_sp_era_10": 4.768878831039277, "home_sp_whip_10": 1.3913347946635861, "home_team_sp_k9_10": 8.32847591856157, "home_bp_era_10": 3.955994285588508, "home_bp_whip_10": 1.3016232300034263, "home_bp_k9_10": 8.852166527543888, "home_bullpen_ip_last_3": 9.33, "away_runs_allowed_avg_5": 4.2, "away_era_5": 4.025, "away_whip_5": 1.2805555555555554, "away_k9_5": 8.47639012208657, "away_bb9_5": 3.150985607008761, "away_hr9_5": 1.075, "away_sp_era_5": 4.417102965192933, "away_sp_whip_5": 1.3528111162392364, "away_team_sp_k9_5": 8.271811716121139, "away_bp_era_5": 3.791779583669744, "away_bp_whip_5": 1.2868811318130118, "away_bp_k9_5": 8.914864864864866, "away_runs_allowed_avg_10": 4.3, "away_era_10": 4.0625, "away_whip_10": 1.282098466265071, "away_k9_10": 8.494258667939842, "away_bb9_10": 3.1725, "away_hr9_10": 1.1078272259960715, "away_sp_era_10": 4.6281238162117795, "away_sp_whip_10": 1.3725283733904967, "away_team_sp_k9_10": 8.380873228618096, "away_bp_era_10": 3.8986465674762787, "away_bp_whip_10": 1.2954749935743668, "away_bp_k9_10": 8.876538931338953, "away_bullpen_ip_last_3": 9.0, "home_sp_career_era_5": 4.259595202398801, "home_sp_career_whip_5": 1.3333333333333333, "home_sp_k_pct_5": 0.21419111251034853, "home_sp_bb_pct_5": 0.07549733887145182, "home_sp_fip_5": 4.135273368606702, "home_sp_k9_5": 8.272698412698412, "home_sp_bb9_5": 3.0461819839544897, "home_sp_hr9_5": 1.1914087759815242, "home_sp_ip_avg_5": 5.335, "home_sp_career_era_10": 4.347418922540874, "home_sp_fip_10": 4.192471309043189, "home_sp_starts_in_window": 5.0, "home_sp_days_rest": 6.0, "home_sp_era_home_10": 3.75, "home_sp_era_away_10": 4.370753908759906, "home_sp_k9_home_10": 8.524174584029357, "home_sp_k9_away_10": 8.028676795486218, "home_sp_fip_home_10": 3.8419663392361465, "home_sp_fip_away_10": 4.21068953796352, "home_sp_era_20": 4.324405659436798, "home_sp_fip_20": 4.165222609444085, "home_sp_last_k": 5.0, "home_sp_last_bb": 2.0, "home_sp_last_fip": 3.7714285714285714, "away_sp_career_era_5": 4.184555451323744, "away_sp_career_whip_5": 1.3184307044209373, "away_sp_k_pct_5": 0.21422324552009708, "away_sp_bb_pct_5": 0.07505720823798627, "away_sp_fip_5": 4.1380863039399625, "away_sp_k9_5": 8.25, "away_sp_bb9_5": 3.0174603174603174, "away_sp_hr9_5": 1.1914087759815242, "away_sp_ip_avg_5": 5.4, "away_sp_career_era_10": 4.297380952380952, "away_sp_fip_10": 4.15152034261242, "away_sp_starts_in_window": 5.0, "away_sp_days_rest": 6.0, "away_sp_era_home_10": 3.8164021164021165, "away_sp_era_away_10": 4.312974485624412, "away_sp_k9_home_10": 8.438555347091933, "away_sp_k9_away_10": 8.004974631772585, "away_sp_fip_home_10": 3.90135214579659, "away_sp_fip_away_10": 4.202161090257116, "away_sp_era_20": 4.284840685461148, "away_sp_fip_20": 4.153130463894846, "away_sp_last_k": 5.0, "away_sp_last_bb": 2.0, "away_sp_last_fip": 3.7, "home_wins": 33.0, "home_losses": 34.0, "home_win_pct": 0.5, "home_run_diff": 2.0, "home_run_diff_per_game": 0.058333333333333334, "home_rest_days": 1.0, "home_games_played": 69.0, "home_wins_last_5": 2.0, "home_wins_last_10": 5.0, "home_win_pct_last_10": 0.5, "home_run_diff_avg_last_5": 0.0, "away_wins": 33.0, "away_losses": 34.0, "away_win_pct": 0.5, "away_run_diff": 3.0, "away_run_diff_per_game": 0.07894736842105263, "away_rest_days": 1.0, "away_games_played": 69.0, "away_win_pct_last_5": 0.6, "away_wins_last_10": 5.0, "away_win_pct_last_10": 0.5, "away_run_diff_avg_last_5": 0.0, "h2h_games_ytd": 2.0, "runs_scored_edge_10": 0.0, "obp_edge_10": -0.0018291545827166245, "slg_edge_10": -0.0027069745284395985, "era_edge_10": -0.0825, "whip_edge_10": -0.009519588393380851, "sp_fip_edge_5": -0.02540847923273911, "sp_era_edge_5": -0.026489187219607434, "bullpen_fatigue_edge": -0.33, "win_pct_edge": 0.0, "run_diff_per_game_edge": -0.008832565284178188, "home_implied_runs": 4.35, "away_implied_runs": 4.4, "park_adj_implied_total": 8.8257, "ump_rpg_5": 8.8, "ump_k9_5": 8.524823457672609, "ump_bb9_5": 3.1363355435245452, "ump_rpg_10": 8.8, "ump_k9_10": 8.558236456788986, "ump_bb9_10": 3.132161602180587, "temperature_f": 74.3, "wind_speed_mph": 7.3, "wind_sin": -0.22495105434386498, "wind_cos": -0.25881904510252063, "precip_prob_pct": 0.0, "home_lineup_avg_avg_10": 0.2375925925925926, "home_lineup_slg_avg_10": 0.3935468073444618, "home_lineup_iso_avg_10": 0.14783333333333334, "home_top4_slg_avg_10": 0.4337029113653378, "away_lineup_avg_avg_10": 0.23685185185185187, "away_lineup_slg_avg_10": 0.3935406563437709, "away_lineup_iso_avg_10": 0.14814814814814814, "away_top4_slg_avg_10": 0.4381566471376753, "lineup_avg_edge": 0.0, "lineup_slg_edge": 0.0, "home_bullpen_ip_last_7": 21.99, "home_bp_era_7d": 3.7247801345059495, "away_bullpen_ip_last_7": 21.67, "away_bp_era_7d": 3.7914691943127963, "bullpen_fatigue_7d_edge": -0.32, "series_game_number": 2.0, "home_sp_k_pct_10": 0.21546921996171053, "away_sp_k_pct_10": 0.21509281196972835, "home_sp_venue_starts": 5.0, "home_sp_venue_era": 3.9923613932144737, "home_sp_venue_k9": 8.7, "home_sp_venue_fip": 3.8972538640221566, "away_sp_venue_starts": 0.0, "away_sp_venue_era": 3.6, "away_sp_venue_k9": 7.714285714285714, "away_sp_venue_fip": 3.8666666666666667, "home_bp_relievers_last_1d": 3.0, "home_bp_relievers_last_2d": 5.0, "home_bp_relievers_last_3d": 7.0, "home_bp_ip_last_1d": 3.33, "home_bp_avg_era_last_3d": 3.36850829562626, "away_bp_relievers_last_1d": 3.0, "away_bp_relievers_last_2d": 5.0, "away_bp_relievers_last_3d": 7.0, "away_bp_ip_last_1d": 3.0, "away_bp_avg_era_last_3d": 3.347711155638696, "home_sp_last_ip": 5.33, "away_sp_last_ip": 5.33, "home_sp_sc_barrel_rate": 8.5, "home_sp_sc_hard_hit_pct": 40.4, "home_sp_sc_xwoba": 0.319, "home_sp_sc_exit_velo": 89.3, "home_sp_sl_whiff_pct": 31.4, "home_sp_ch_whiff_pct": 30.0, "home_sp_fb_put_away": 17.5, "away_sp_sc_barrel_rate": 8.3, "away_sp_sc_hard_hit_pct": 40.4,