{"total_line": 8.5, "open_run_line_home": 1.5, "open_total_line": 8.5, "away_iso_avg_5": 0.14816706107028688, "home_bp_whip_5": 1.276541005847028, "home_team_sp_k9_10": 8.32534839060535, "away_whip_10": 1.2822222222222224, "away_k9_10": 8.493167202572348, "away_sp_era_10": 4.641232616895389, "home_sp_k_pct_5": 0.21413285096365375, "home_sp_bb9_5": 3.052380952380952, "home_sp_ip_avg_5": 5.335, "home_sp_era_away_10": 4.3671214827662315, "home_sp_k9_home_10": 8.521992795034627, "home_sp_fip_away_10": 4.210111699000588, "away_sp_k_pct_5": 0.21422324552009708, "away_sp_starts_in_window": 5.0, "away_sp_era_away_10": 4.311585847293896, "away_sp_k9_away_10": 8.01830529989797, "away_sp_era_20": 4.287851979223859, "away_sp_fip_20": 4.150961155983774, "home_losses": 33.0, "home_run_diff": 2.0, "away_rest_days": 1.0, "away_wins_last_10": 5.0, "slg_edge_10": -0.0029682630080500316, "era_edge_10": -0.08662900457155502, "whip_edge_10": -0.009561839028238817, "sp_fip_edge_5": -0.03369396349235165, "home_implied_runs": 4.35, "temperature_f": 74.4, "precip_prob_pct": 0.0, "home_top4_slg_avg_10": 0.43416353383458645, "away_top4_slg_avg_10": 0.43829298720603066, "away_sp_venue_k9": 7.714285714285714, "away_sp_venue_fip": 3.788067299931707, "away_sp_last_ip": 5.33, "home_sp_sc_barrel_rate": 8.5, "home_sp_sc_xwoba": 0.319, "home_sp_sl_whiff_pct": 31.4, "home_sp_ch_whiff_pct": 29.6, "away_sp_sc_barrel_rate": 8.3, "away_sp_sc_xwoba": 0.32, "away_sp_sc_k_pct": 21.7, "away_sp_sc_bb_pct": 7.6, "away_sp_sc_whiff_pct": 24.1, "home_h2h_ba": 0.252020202020202, "home_h2h_slg": 0.4, "home_lineup_xwoba_avg": 0.31236363636363634, "home_lineup_barrel_avg": 8.122222222222222, "away_lineup_xwoba_avg": 0.31179999999999997, "away_lineup_xslg_avg": 0.3984444444444445, "home_catcher_framing_rv": 0.156834470147432, "home_fb_velo_trend_5": -0.019367218212778425, "away_fb_velo_trend_5": -0.003015151515164405, "away_fb_velo_avg_5": 93.92542857142857, "home_elo": 1503.6771843350637, "elo_diff": 0.7616968048262152, "season_days_elapsed": 69.0, "season_2024-regular": 0.0, "season_2025-regular": 0.0, "away_pythag": 0.5, "home_pythag_vs_record": 0.0, "sp_composite_edge": -0.08281875349627099, "batting_hr_avg_10_diff": 0.0, "total_line_move_direction": 0.0, "away_ops_5": 0.6899465365592401, "away_ops_10": 0.6928997007151032, "ops_diff_10": -0.005947370999663915, "runs_trend_diff": 0.0, "home_era_trend_5v10": 0.0, "home_sp_era_opp_adj_5": 4.6227033411508796, "sp_era_opp_adj_diff": 0.14465266322079184, "away_sp_k_pct_trend": 0.0, "sp_k_pct_trend_diff": 0.0, "home_sp_k_bb_ratio_5": 2.841588569430577, "sp_k_bb_ratio_diff": -0.04515436672674311, "home_team_k_bb_ratio_5": 2.661654135338346, "away_team_k_bb_ratio_5": 2.678082191780822, "team_k_bb_ratio_diff": 0.00997899159663751, "away_bullpen_exposure": 0.3999999999999999, "home_pen_exposure_x_era": 1.4750349206334756, "pen_exposure_era_diff": 0.04250652213184902, "bp_era_diff_5": 0.12037462366263973, "park_adj_runs_diff": 0.0, "home_sp_era_park_adj_5": 4.62, "away_sp_era_park_adj_5": 4.438507845274171, "pen_depletion_edge": 0.0, "bp_avg_era_last_3d_diff": 0.0, "away_bp_era7_x_ip7": 81.0, "away_bp_usage_per_rest": 21.01, "bp_relievers_edge_1d": 0.0, "bp_relievers_edge_3d": 0.0, "home_sp_era_x_opp_avg": 10.098300962821847, "home_elo_x_sp_quality": 0.1744292864713725, "away_elo_x_sp_quality": -0.17061783802920172, "away_sp_fip_trend_5v10": 0.0, "sp_form_edge": 0.0, "away_sp_ip_per_rest": 1.0, "away_sp_era_5v20": 0.0, "sp_era_regression_diff": 0.0, "sp_last_quality_diff": 0.0, "ump_sp_k_environment": 1.8373711305971065, "ump_rpg_x_park": 8.797799999999999, "total_k_env": 1.9100780111671982, "combined_runs_avg_5": 8.666666666666668, "combined_slg_avg_10": 0.7802327613094242, "combined_ops_10": 1.3861623968536991, "away_sb_trend": 0.0, "combined_sp_era_10": 9.77442001023186, "home_top4_x_opp_bp": 0.4547217415026618, "away_top4_x_opp_bp": 0.4745244717408948, "top4_bp_matchup_diff": -0.006336943697075825, "combined_sp_sc_xwoba": 0.639, "diff_sp_sc_xwoba": 0.0, "combined_sp_sc_hard_hit_pct": 80.5, "diff_sp_sc_hard_hit_pct": -0.09999999999999432, "diff_sp_sc_exit_velo": 0.0, "combined_sp_sc_oz_swing_pct": 57.8, "home_sp_sc_k_bb_ratio": 2.75, "away_sp_sc_k_bb_ratio": 2.75, "diff_lineup_xwoba": 0.00046363636363633276, "diff_lineup_barrel": 0.01818181818181941, "home_h2h_slg_wtd": 0.0, "h2h_slg_edge_wtd": 0.0, "fb_velo_trend_diff": -0.021995306838618944}