{"run_line_away_price": -113.0, "total_line": 8.5, "under_price": -110.0, "open_run_line_home": -1.5, "open_total_line": 8.5, "park_run_factor": 1.006, "home_hr_avg_5": 1.0, "home_avg_avg_5": 0.23669837331127652, "home_obp_avg_5": 0.30181503950633737, "home_slg_avg_5": 0.3859020921611429, "home_iso_avg_5": 0.14790546818772626, "home_k_pct_avg_5": 0.2509430252444958, "home_bb_pct_avg_5": 0.08291272906142802, "home_runs_avg_10": 4.4, "home_hr_avg_10": 1.1, "home_avg_avg_10": 0.237309157526159, "home_obp_avg_10": 0.30146215795859843, "home_slg_avg_10": 0.38638472328027734, "home_iso_avg_10": 0.1488582027451809, "home_k_pct_avg_10": 0.2509417366888086, "home_bb_pct_avg_10": 0.08326147125173025, "home_runs_avg_20": 4.4, "home_runs_sd_10": 2.913569784454954, "home_sb_avg_5": 0.6, "home_sb_avg_10": 0.6, "home_sb_pct_10": 0.018633540372670808, "away_runs_avg_5": 4.4, "away_hr_avg_5": 1.0, "away_avg_avg_5": 0.23776487882839875, "away_obp_avg_5": 0.3020909000244082, "away_slg_avg_5": 0.38629967320563297, "away_iso_avg_5": 0.14757878686571385, "away_k_pct_avg_5": 0.24960526544436204, "away_bb_pct_avg_5": 0.08211431687330409, "away_runs_avg_10": 4.4, "away_hr_avg_10": 1.1, "away_avg_avg_10": 0.23871194448083072, "away_obp_avg_10": 0.3023582943781973, "away_slg_avg_10": 0.3886148291731497, "away_iso_avg_10": 0.14962491668784694, "away_k_pct_avg_10": 0.25047606528266986, "away_bb_pct_avg_10": 0.08330783979070724, "away_runs_avg_20": 4.4, "away_runs_sd_10": 2.913569784454954, "away_sb_avg_5": 0.6, "away_sb_avg_10": 0.6, "away_sb_pct_10": 0.01849002849002849, "home_runs_allowed_avg_5": 4.4, "home_era_5": 4.030099773299646, "home_whip_5": 1.2839221978127708, "home_k9_5": 8.460899653979238, "home_bb9_5": 3.175, "home_hr9_5": 1.075222469410456, "home_sp_era_5": 4.62, "home_sp_whip_5": 1.3666666666666667, "home_team_sp_k9_5": 8.363517649150035, "home_bp_era_5": 3.645955327757581, "home_bp_whip_5": 1.2769518109877982, "home_bp_k9_5": 8.814113014130118, "home_runs_allowed_avg_10": 4.4, "home_era_10": 4.160389321468298, "home_whip_10": 1.2888888888888892, "home_k9_10": 8.46785677352637, "home_bb9_10": 3.198198748342628, "home_hr9_10": 1.1375, "home_sp_era_10": 4.768282225922121, "home_sp_whip_10": 1.3912210899844282, "home_team_sp_k9_10": 8.324952674377744, "home_bp_era_10": 3.948615681938346, "home_bp_whip_10": 1.3004954303684448, "home_bp_k9_10": 8.841851544275604, "home_bullpen_ip_last_3": 9.33, "away_runs_allowed_avg_5": 4.2, "away_era_5": 4.025, "away_whip_5": 1.277777777777778, "away_k9_5": 8.473557158712541, "away_bb9_5": 3.15, "away_hr9_5": 1.075, "away_sp_era_5": 4.414285714285715, "away_sp_whip_5": 1.3493553499033784, "away_team_sp_k9_5": 8.269414086625206, "away_bp_era_5": 3.770877944325482, "away_bp_whip_5": 1.2844927599547398, "away_bp_k9_5": 8.90066769108402, "away_runs_allowed_avg_10": 4.3, "away_era_10": 4.059642857142856, "away_whip_10": 1.2807832530175192, "away_k9_10": 8.490441747332971, "away_bb9_10": 3.175, "away_hr9_10": 1.1072703256143188, "away_sp_era_10": 4.623840231823882, "away_sp_whip_10": 1.3703402099313928, "away_team_sp_k9_10": 8.375132151737565, "away_bp_era_10": 3.8782859987453984, "away_bp_whip_10": 1.2942463419718586, "away_bp_k9_10": 8.864863524827452, "away_bullpen_ip_last_3": 9.0, "home_sp_career_era_5": 4.263223938223938, "home_sp_career_whip_5": 1.3333333333333335, "home_sp_k_pct_5": 0.21420921099607282, "home_sp_bb_pct_5": 0.07571302210301109, "home_sp_fip_5": 4.135123456790124, "home_sp_k9_5": 8.272234560444835, "home_sp_bb9_5": 3.053180229501846, "home_sp_hr9_5": 1.1870347253268505, "home_sp_ip_avg_5": 5.335, "home_sp_career_era_10": 4.353500754515968, "home_sp_fip_10": 4.189941759351861, "home_sp_starts_in_window": 5.0, "home_sp_days_rest": 6.0, "home_sp_era_home_10": 3.7683379802419337, "home_sp_era_away_10": 4.38256499597963, "home_sp_k9_home_10": 8.524581089903553, "home_sp_k9_away_10": 8.030135672258197, "home_sp_fip_home_10": 3.835981825780779, "home_sp_fip_away_10": 4.2084065110302, "home_sp_era_20": 4.330531187950713, "home_sp_fip_20": 4.1648824632493735, "home_sp_last_k": 5.0, "home_sp_last_bb": 2.0, "home_sp_last_fip": 3.7628517823639775, "away_sp_career_era_5": 4.183492063492063, "away_sp_career_whip_5": 1.3174386920980927, "away_sp_k_pct_5": 0.21422324552009708, "away_sp_bb_pct_5": 0.07515681175207096, "away_sp_fip_5": 4.136588151320486, "away_sp_k9_5": 8.25, "away_sp_bb9_5": 3.0261581863294924, "away_sp_hr9_5": 1.187007924609124, "away_sp_ip_avg_5": 5.4, "away_sp_career_era_10": 4.287281196253102, "away_sp_fip_10": 4.150281750055761, "away_sp_starts_in_window": 5.0, "away_sp_days_rest": 6.0, "away_sp_era_home_10": 3.8173469387755103, "away_sp_era_away_10": 4.311365610450976, "away_sp_k9_home_10": 8.440245168222642, "away_sp_k9_away_10": 8.01830529989797, "away_sp_fip_home_10": 3.8953134960000373, "away_sp_fip_away_10": 4.2, "away_sp_era_20": 4.276149191408047, "away_sp_fip_20": 4.150961155983774, "away_sp_last_k": 5.0, "away_sp_last_bb": 2.0, "away_sp_last_fip": 3.7, "home_wins": 32.0, "home_losses": 33.0, "home_win_pct": 0.5, "home_run_diff": 2.0, "home_run_diff_per_game": 0.050505050505050504, "home_rest_days": 1.0, "home_games_played": 66.0, "home_wins_last_5": 2.0, "home_wins_last_10": 5.0, "home_win_pct_last_10": 0.5, "home_run_diff_avg_last_5": 0.0, "away_wins": 33.0, "away_losses": 33.0, "away_win_pct": 0.5, "away_run_diff": 3.0, "away_run_diff_per_game": 0.07462686567164178, "away_rest_days": 1.0, "away_games_played": 66.0, "away_win_pct_last_5": 0.6, "away_wins_last_10": 5.0, "away_win_pct_last_10": 0.5, "away_run_diff_avg_last_5": 0.0, "h2h_games_ytd": 2.0, "runs_scored_edge_10": 0.0, "obp_edge_10": -0.001812793828190301, "slg_edge_10": -0.0027848015521365066, "era_edge_10": -0.08810155418308, "whip_edge_10": -0.009682711543348876, "sp_fip_edge_5": -0.0333333333333333, "sp_era_edge_5": -0.03764693676426904, "bullpen_fatigue_edge": -0.33, "win_pct_edge": 0.0, "run_diff_per_game_edge": -0.011290322580645329, "home_implied_runs": 4.35, "away_implied_runs": 4.4, "park_adj_implied_total": 8.812275, "ump_rpg_5": 8.8, "ump_k9_5": 8.518069520218184, "ump_bb9_5": 3.1470588235294117, "ump_rpg_10": 8.8, "ump_k9_10": 8.556325590459728, "ump_bb9_10": 3.139486403660384, "temperature_f": 74.2, "wind_speed_mph": 7.3, "wind_sin": -0.22495105434386498, "wind_cos": -0.24192189559966779, "precip_prob_pct": 0.0, "home_lineup_avg_avg_10": 0.23740740740740737, "home_lineup_slg_avg_10": 0.3934505936983559, "home_lineup_iso_avg_10": 0.14780555555555555, "home_top4_slg_avg_10": 0.4334905727347588, "away_lineup_avg_avg_10": 0.23683333333333334, "away_lineup_slg_avg_10": 0.39337975935455793, "away_lineup_iso_avg_10": 0.14796296296296296, "away_top4_slg_avg_10": 0.4380041875965789, "lineup_avg_edge": 0.0, "lineup_slg_edge": 0.0, "home_bullpen_ip_last_7": 21.99, "home_bp_era_7d": 3.722854188210962, "away_bullpen_ip_last_7": 21.67, "away_bp_era_7d": 3.788476978875384, "bullpen_fatigue_7d_edge": -0.32, "series_game_number": 2.0, "home_sp_k_pct_10": 0.21541830312480018, "away_sp_k_pct_10": 0.21521120666697846, "home_sp_venue_starts": 5.0, "home_sp_venue_era": 3.9930060934326335, "home_sp_venue_k9": 8.700170931018008, "home_sp_venue_fip": 3.895305876479676, "away_sp_venue_starts": 0.0, "away_sp_venue_era": 3.6, "away_sp_venue_k9": 7.7115325787702655, "away_sp_venue_fip": 3.8666666666666667, "home_bp_relievers_last_1d": 3.0, "home_bp_relievers_last_2d": 5.0, "home_bp_relievers_last_3d": 7.0, "home_bp_ip_last_1d": 3.33, "home_bp_avg_era_last_3d": 3.366570999548011, "away_bp_relievers_last_1d": 3.0, "away_bp_relievers_last_2d": 5.0, "away_bp_relievers_last_3d": 7.0, "away_bp_ip_last_1d": 3.0, "away_bp_avg_era_last_3d": 3.3444737351430525, "home_sp_last_ip": 5.33, "away_sp_last_ip": 5.33, "home_sp_sc_barrel_rate": 8.5, "home_sp_sc_hard_hit_pct": 40.4, "home_sp_sc_xwoba": 0.318, "home_sp_sc_exit_velo": 89.3, "home_sp_sl_whiff_pct": 31.4, "home_sp_ch_whiff_pct": 30.0, "home_sp_fb_put_away": 17.6, "away_sp_sc_barrel_rate": 8.4,