{
  "generated_at_utc": "2026-06-03T02:31:01Z",
  "lookback_days": 365,
  "holdout_days": 28,
  "rows": 746,
  "calibrators": {
    "game_total|over|total 8-9|missing_price|edge_sigma": {
      "method": "platt",
      "a": -1.4875733015171975,
      "b": 0.035597372018691974,
      "blend_weight": 0.4174757281553398,
      "train_rows": 160,
      "holdout_rows": 86,
      "actual_rate_holdout": 0.37209302325581395,
      "avg_raw_holdout": 0.542443488874407,
      "avg_cal_holdout": 0.4859394645986238,
      "brier_raw_holdout": 0.26600178964074667,
      "brier_cal_holdout": 0.24551209601614757,
      "log_loss_raw_holdout": 0.7256436354821288,
      "log_loss_cal_holdout": 0.6838730820651356,
      "auc_raw_holdout": 0.4623842592592593,
      "auc_cal_holdout": 0.5376157407407407,
      "key": "game_total|over|total 8-9|missing_price|edge_sigma",
      "group_columns": [
        "market",
        "side",
        "line_bucket",
        "price_bucket",
        "model_family"
      ]
    },
    "game_total|over|total <8|missing_price|edge_sigma": {
      "method": "platt",
      "a": 0.38365097965730366,
      "b": -0.0031731648152612257,
      "blend_weight": 0.1721311475409836,
      "train_rows": 117,
      "holdout_rows": 63,
      "actual_rate_holdout": 0.4444444444444444,
      "avg_raw_holdout": 0.5526949871191993,
      "avg_cal_holdout": 0.560001957259508,
      "brier_raw_holdout": 0.25732071479191837,
      "brier_cal_holdout": 0.25945148789000844,
      "log_loss_raw_holdout": 0.7077123345778294,
      "log_loss_cal_holdout": 0.7121298462038564,
      "auc_raw_holdout": 0.5040816326530612,
      "auc_cal_holdout": 0.5040816326530612,
      "key": "game_total|over|total <8|missing_price|edge_sigma",
      "group_columns": [
        "market",
        "side",
        "line_bucket",
        "price_bucket",
        "model_family"
      ]
    },
    "game_total|over|total 8-9|*|edge_sigma": {
      "method": "platt",
      "a": -1.60110840244986,
      "b": 0.06943224607005556,
      "blend_weight": 0.44954128440366975,
      "train_rows": 176,
      "holdout_rows": 98,
      "actual_rate_holdout": 0.35714285714285715,
      "avg_raw_holdout": 0.5500728575836635,
      "avg_cal_holdout": 0.4834557782649895,
      "brier_raw_holdout": 0.27226025417453276,
      "brier_cal_holdout": 0.24257827732745185,
      "log_loss_raw_holdout": 0.7384297115048368,
      "log_loss_cal_holdout": 0.6778935482032272,
      "auc_raw_holdout": 0.4403628117913832,
      "auc_cal_holdout": 0.5596371882086169,
      "key": "game_total|over|total 8-9|*|edge_sigma",
      "group_columns": [
        "market",
        "side",
        "line_bucket",
        "model_family"
      ]
    },
    "game_total|over|total <8|*|edge_sigma": {
      "method": "platt",
      "a": 0.907893634280467,
      "b": -0.07597929182621707,
      "blend_weight": 0.19387755102040816,
      "train_rows": 131,
      "holdout_rows": 76,
      "actual_rate_holdout": 0.5,
      "avg_raw_holdout": 0.5647471603751256,
      "avg_cal_holdout": 0.5580968092553157,
      "brier_raw_holdout": 0.24730971094593238,
      "brier_cal_holdout": 0.24902786556107823,
      "log_loss_raw_holdout": 0.6872824762170265,
      "log_loss_cal_holdout": 0.6910428325273985,
      "auc_raw_holdout": 0.5934903047091412,
      "auc_cal_holdout": 0.5934903047091412,
      "key": "game_total|over|total <8|*|edge_sigma",
      "group_columns": [
        "market",
        "side",
        "line_bucket",
        "model_family"
      ]
    },
    "game_total|over|total 8-9|*|*": {
      "method": "platt",
      "a": -1.60110840244986,
      "b": 0.06943224607005556,
      "blend_weight": 0.44954128440366975,
      "train_rows": 176,
      "holdout_rows": 98,
      "actual_rate_holdout": 0.35714285714285715,
      "avg_raw_holdout": 0.5500728575836635,
      "avg_cal_holdout": 0.4834557782649895,
      "brier_raw_holdout": 0.27226025417453276,
      "brier_cal_holdout": 0.24257827732745185,
      "log_loss_raw_holdout": 0.7384297115048368,
      "log_loss_cal_holdout": 0.6778935482032272,
      "auc_raw_holdout": 0.4403628117913832,
      "auc_cal_holdout": 0.5596371882086169,
      "key": "game_total|over|total 8-9|*|*",
      "group_columns": [
        "market",
        "side",
        "line_bucket"
      ]
    },
    "game_total|over|total <8|*|*": {
      "method": "platt",
      "a": 0.907893634280467,
      "b": -0.07597929182621707,
      "blend_weight": 0.19387755102040816,
      "train_rows": 131,
      "holdout_rows": 76,
      "actual_rate_holdout": 0.5,
      "avg_raw_holdout": 0.5647471603751256,
      "avg_cal_holdout": 0.5580968092553157,
      "brier_raw_holdout": 0.24730971094593238,
      "brier_cal_holdout": 0.24902786556107823,
      "log_loss_raw_holdout": 0.6872824762170265,
      "log_loss_cal_holdout": 0.6910428325273985,
      "auc_raw_holdout": 0.5934903047091412,
      "auc_cal_holdout": 0.5934903047091412,
      "key": "game_total|over|total <8|*|*",
      "group_columns": [
        "market",
        "side",
        "line_bucket"
      ]
    },
    "game_total|over|*|*|edge_sigma": {
      "method": "platt",
      "a": -0.26233768927562784,
      "b": -0.011981322085838634,
      "blend_weight": 0.6039603960396039,
      "train_rows": 321,
      "holdout_rows": 183,
      "actual_rate_holdout": 0.43169398907103823,
      "avg_raw_holdout": 0.5553446098583558,
      "avg_cal_holdout": 0.5088044192114086,
      "brier_raw_holdout": 0.2601507080191727,
      "brier_cal_holdout": 0.25281247647378774,
      "log_loss_raw_holdout": 0.7136514209425789,
      "log_loss_cal_holdout": 0.698784451010609,
      "auc_raw_holdout": 0.5167964946445959,
      "auc_cal_holdout": 0.4832035053554042,
      "key": "game_total|over|*|*|edge_sigma",
      "group_columns": [
        "market",
        "side",
        "model_family"
      ]
    },
    "game_total|over|*|*|*": {
      "method": "platt",
      "a": -0.26233768927562784,
      "b": -0.011981322085838634,
      "blend_weight": 0.6039603960396039,
      "train_rows": 321,
      "holdout_rows": 183,
      "actual_rate_holdout": 0.43169398907103823,
      "avg_raw_holdout": 0.5553446098583558,
      "avg_cal_holdout": 0.5088044192114086,
      "brier_raw_holdout": 0.2601507080191727,
      "brier_cal_holdout": 0.25281247647378774,
      "log_loss_raw_holdout": 0.7136514209425789,
      "log_loss_cal_holdout": 0.698784451010609,
      "auc_raw_holdout": 0.5167964946445959,
      "auc_cal_holdout": 0.4832035053554042,
      "key": "game_total|over|*|*|*",
      "group_columns": [
        "market",
        "side"
      ]
    }
  },
  "backtest": [
    {
      "key": "game_total|over|*|*|*",
      "train_rows": 321,
      "holdout_rows": 183,
      "actual_rate_holdout": 0.43169398907103823,
      "avg_raw_holdout": 0.5553446098583558,
      "avg_cal_holdout": 0.5088044192114086,
      "brier_raw_holdout": 0.2601507080191727,
      "brier_cal_holdout": 0.25281247647378774,
      "blend_weight": 0.6039603960396039
    },
    {
      "key": "game_total|over|*|*|edge_sigma",
      "train_rows": 321,
      "holdout_rows": 183,
      "actual_rate_holdout": 0.43169398907103823,
      "avg_raw_holdout": 0.5553446098583558,
      "avg_cal_holdout": 0.5088044192114086,
      "brier_raw_holdout": 0.2601507080191727,
      "brier_cal_holdout": 0.25281247647378774,
      "blend_weight": 0.6039603960396039
    },
    {
      "key": "game_total|over|total 8-9|*|*",
      "train_rows": 176,
      "holdout_rows": 98,
      "actual_rate_holdout": 0.35714285714285715,
      "avg_raw_holdout": 0.5500728575836635,
      "avg_cal_holdout": 0.4834557782649895,
      "brier_raw_holdout": 0.27226025417453276,
      "brier_cal_holdout": 0.24257827732745185,
      "blend_weight": 0.44954128440366975
    },
    {
      "key": "game_total|over|total 8-9|*|edge_sigma",
      "train_rows": 176,
      "holdout_rows": 98,
      "actual_rate_holdout": 0.35714285714285715,