{
  "run_line_params": {
    "max_depth": 12,
    "learning_rate": 0.07250693533552996,
    "subsample": 0.646444165233995,
    "colsample_bytree": 0.8510112249426405,
    "min_child_weight": 6,
    "gamma": 0.9618293735126543,
    "reg_alpha": 0.9868470226047609,
    "reg_lambda": 5.286918843702439,
    "huber_slope": 2.1733635113475644
  },
  "total_params": {
    "max_depth": 9,
    "learning_rate": 0.015820939696688685,
    "subsample": 0.932211686819247,
    "colsample_bytree": 0.6590342802300717,
    "min_child_weight": 13,
    "gamma": 0.7100455482526414,
    "reg_alpha": 0.9476284263603293,
    "reg_lambda": 3.68850982005619
  }
}