{
  "run_line_params": {
    "max_depth": 7,
    "learning_rate": 0.019345679809089897,
    "subsample": 0.944661925317546,
    "colsample_bytree": 0.8754609482090172,
    "min_child_weight": 11,
    "gamma": 0.47950171836216005,
    "reg_alpha": 0.36716710304912453,
    "reg_lambda": 0.5097189098667868,
    "huber_slope": 4.278003880506657
  },
  "total_params": {
    "max_depth": 4,
    "learning_rate": 0.02950199274745131,
    "subsample": 0.898469247812418,
    "colsample_bytree": 0.8603934086920317,
    "min_child_weight": 10,
    "gamma": 0.26758545042911486,
    "reg_alpha": 0.5236529062186093,
    "reg_lambda": 4.153865704415352
  }
}