{
  "run_line_params": {
    "max_depth": 8,
    "learning_rate": 0.09470700122495923,
    "subsample": 0.8355258208732907,
    "colsample_bytree": 0.9405978875553562,
    "min_child_weight": 13,
    "gamma": 0.7025615594095047,
    "reg_alpha": 0.4594077438912306,
    "reg_lambda": 3.8040728195409077,
    "huber_slope": 4.221831226946611
  },
  "total_params": {
    "max_depth": 6,
    "learning_rate": 0.02180651084518127,
    "subsample": 0.6832685042712637,
    "colsample_bytree": 0.9908735997269019,
    "min_child_weight": 8,
    "gamma": 0.7081814312632873,
    "reg_alpha": 0.1015419057529442,
    "reg_lambda": 9.786284946629467
  }
}