{
  "run_line_params": {
    "max_depth": 6,
    "learning_rate": 0.09149515965730108,
    "subsample": 0.7615665044681244,
    "colsample_bytree": 0.5945425456101908,
    "min_child_weight": 9,
    "gamma": 0.12179915038643899,
    "reg_alpha": 0.9079126408887115,
    "reg_lambda": 9.627815807767568,
    "huber_slope": 5.980715495611629
  },
  "total_params": {
    "max_depth": 6,
    "learning_rate": 0.07369694020383344,
    "subsample": 0.9992513021100181,
    "colsample_bytree": 0.5625182753188708,
    "min_child_weight": 11,
    "gamma": 0.7654077364109861,
    "reg_alpha": 0.10689876939433805,
    "reg_lambda": 9.516666333301984
  }
}