{
  "run_line_params": {
    "max_depth": 6,
    "learning_rate": 0.06315121009330543,
    "subsample": 0.9487473617530303,
    "colsample_bytree": 0.7953295272157125,
    "min_child_weight": 8,
    "gamma": 0.5480212783775714,
    "reg_alpha": 1.3537532031362187,
    "reg_lambda": 4.85889956882023,
    "huber_slope": 3.5751895248433185
  },
  "total_params": {
    "max_depth": 4,
    "learning_rate": 0.029173840533400212,
    "subsample": 0.6383761561403274,
    "colsample_bytree": 0.7274279158228272,
    "min_child_weight": 12,
    "gamma": 0.2522800521261943,
    "reg_alpha": 0.030243828023369942,
    "reg_lambda": 0.6948931986391292
  }
}