{
  "run_line_params": {
    "max_depth": 11,
    "learning_rate": 0.019823017641355682,
    "subsample": 0.6374126293250533,
    "colsample_bytree": 0.5167698702743276,
    "min_child_weight": 5,
    "gamma": 0.3011107831028336,
    "reg_alpha": 0.050829130891993,
    "reg_lambda": 5.569128507410326,
    "huber_slope": 4.861420906188278
  },
  "total_params": {
    "max_depth": 12,
    "learning_rate": 0.04526981412921018,
    "subsample": 0.8845707647659257,
    "colsample_bytree": 0.864509724292803,
    "min_child_weight": 11,
    "gamma": 0.6034821789132729,
    "reg_alpha": 1.2848232732007696,
    "reg_lambda": 5.400526059802544
  }
}