{
  "run_line_params": {
    "max_depth": 7,
    "learning_rate": 0.013022637420355868,
    "subsample": 0.7943545497041066,
    "colsample_bytree": 0.5173601402855801,
    "min_child_weight": 8,
    "gamma": 0.10768452172921006,
    "reg_alpha": 0.07655175355705246,
    "reg_lambda": 0.5919408112536283,
    "huber_slope": 5.12613144100385
  },
  "total_params": {
    "max_depth": 11,
    "learning_rate": 0.015494498762386386,
    "subsample": 0.9036837743391598,
    "colsample_bytree": 0.544840634382668,
    "min_child_weight": 11,
    "gamma": 0.5021809451349305,
    "reg_alpha": 0.4872566387313295,
    "reg_lambda": 4.397143000471081
  }
}