{
  "run_line_params": {
    "max_depth": 12,
    "learning_rate": 0.05812696963356729,
    "subsample": 0.918188612799691,
    "colsample_bytree": 0.5479785124644456,
    "min_child_weight": 6,
    "gamma": 0.2661477125885501,
    "reg_alpha": 0.4698881119426424,
    "reg_lambda": 2.1404041406756167,
    "huber_slope": 5.9628281611448495
  },
  "total_params": {
    "max_depth": 7,
    "learning_rate": 0.07186590168702937,
    "subsample": 0.800050749503839,
    "colsample_bytree": 0.7746258568040314,
    "min_child_weight": 10,
    "gamma": 0.6753169004947321,
    "reg_alpha": 0.20426501156574198,
    "reg_lambda": 4.6701166491469355
  }
}