{
  "run_line_params": {
    "max_depth": 11,
    "learning_rate": 0.05302856511132526,
    "subsample": 0.7354225245188692,
    "colsample_bytree": 0.6288753557847658,
    "min_child_weight": 7,
    "gamma": 0.3037871969967975,
    "reg_alpha": 0.0690227403588286,
    "reg_lambda": 2.5878110010751207,
    "huber_slope": 4.5340581363823365
  },
  "total_params": {
    "max_depth": 4,
    "learning_rate": 0.015405919788673688,
    "subsample": 0.8971274380199626,
    "colsample_bytree": 0.9651846982988906,
    "min_child_weight": 7,
    "gamma": 0.26320929350709665,
    "reg_alpha": 0.015744164169505578,
    "reg_lambda": 8.828545032608568
  }
}