{
  "run_line_params": {
    "max_depth": 12,
    "learning_rate": 0.01620816909741344,
    "subsample": 0.6840558338308245,
    "colsample_bytree": 0.7305810025785612,
    "min_child_weight": 4,
    "gamma": 0.7592127702284541,
    "reg_alpha": 0.043899245306748304,
    "reg_lambda": 8.5912017081325,
    "huber_slope": 3.3869947906464666
  },
  "total_params": {
    "max_depth": 8,
    "learning_rate": 0.056917110886546995,
    "subsample": 0.632559574919015,
    "colsample_bytree": 0.7527914185415517,
    "min_child_weight": 14,
    "gamma": 0.8420459065490592,
    "reg_alpha": 1.5920284216214236,
    "reg_lambda": 8.94418549576451
  }
}