{
  "run_line_params": {
    "max_depth": 4,
    "learning_rate": 0.02093248167558574,
    "subsample": 0.674261453246485,
    "colsample_bytree": 0.5950740329816041,
    "min_child_weight": 4,
    "gamma": 0.13391050233479707,
    "reg_alpha": 0.015618191130643926,
    "reg_lambda": 1.26746526149462,
    "huber_slope": 3.3860605339825587
  },
  "total_params": {
    "max_depth": 7,
    "learning_rate": 0.07125210457658986,
    "subsample": 0.9126033557364475,
    "colsample_bytree": 0.7919974059031332,
    "min_child_weight": 10,
    "gamma": 0.1598189505413894,
    "reg_alpha": 0.6279918182829298,
    "reg_lambda": 0.838334698939067
  }
}