{
  "run_line_params": {
    "max_depth": 11,
    "learning_rate": 0.07838213132388656,
    "subsample": 0.8436191264623747,
    "colsample_bytree": 0.9929140665228698,
    "min_child_weight": 5,
    "gamma": 0.5980044232674941,
    "reg_alpha": 0.8321669891441266,
    "reg_lambda": 1.312175109716425,
    "huber_slope": 4.188911158833837
  },
  "total_params": {
    "max_depth": 5,
    "learning_rate": 0.07573417705985538,
    "subsample": 0.6002775521989325,
    "colsample_bytree": 0.9635907353388629,
    "min_child_weight": 10,
    "gamma": 0.020952903464148825,
    "reg_alpha": 0.07446652017122696,
    "reg_lambda": 7.720361587938193
  }
}