{
  "run_line_params": {
    "max_depth": 7,
    "learning_rate": 0.07693878483980957,
    "subsample": 0.9423333070079847,
    "colsample_bytree": 0.6348982096144234,
    "min_child_weight": 8,
    "gamma": 0.7009003859621242,
    "reg_alpha": 0.10220685686271622,
    "reg_lambda": 2.3493165430053367,
    "huber_slope": 2.0167315762768947
  },
  "total_params": {
    "max_depth": 3,
    "learning_rate": 0.01648026636503948,
    "subsample": 0.7056101218618909,
    "colsample_bytree": 0.6760470333664965,
    "min_child_weight": 13,
    "gamma": 0.22993383671684908,
    "reg_alpha": 0.20857230537274876,
    "reg_lambda": 9.342357159712058
  }
}