{
  "run_line_params": {
    "max_depth": 8,
    "learning_rate": 0.05317458966862826,
    "subsample": 0.8774092331441189,
    "colsample_bytree": 0.883750532980974,
    "min_child_weight": 12,
    "gamma": 0.44903076785509655,
    "reg_alpha": 0.4551031652144934,
    "reg_lambda": 9.965932444165961,
    "huber_slope": 5.994835935368198
  },
  "total_params": {
    "max_depth": 4,
    "learning_rate": 0.02761931479738046,
    "subsample": 0.999064914076778,
    "colsample_bytree": 0.7627456562335349,
    "min_child_weight": 8,
    "gamma": 0.11212895402785655,
    "reg_alpha": 0.3485805968058372,
    "reg_lambda": 2.4370780675698103
  }
}