{
  "run_line_params": {
    "max_depth": 7,
    "learning_rate": 0.015639879040093497,
    "subsample": 0.9429758355236063,
    "colsample_bytree": 0.6317704401260013,
    "min_child_weight": 5,
    "gamma": 0.30778120907734846,
    "reg_alpha": 0.020498785631282355,
    "reg_lambda": 5.159634136365902,
    "huber_slope": 3.385943292857214
  },
  "total_params": {
    "max_depth": 4,
    "learning_rate": 0.05089536223943823,
    "subsample": 0.9237572279227962,
    "colsample_bytree": 0.5652305041937453,
    "min_child_weight": 10,
    "gamma": 0.7151684014375819,
    "reg_alpha": 0.024583622130120098,
    "reg_lambda": 2.9415866763383485
  }
}