{
  "run_line_params": {
    "max_depth": 7,
    "learning_rate": 0.019282998626509902,
    "subsample": 0.6490525457472164,
    "colsample_bytree": 0.9889731276143517,
    "min_child_weight": 7,
    "gamma": 0.6952832399909901,
    "reg_alpha": 0.8390194685299811,
    "reg_lambda": 0.5847748618051074,
    "huber_slope": 3.788029543669115
  },
  "total_params": {
    "max_depth": 3,
    "learning_rate": 0.05130905669239816,
    "subsample": 0.912814254263613,
    "colsample_bytree": 0.9162373323292197,
    "min_child_weight": 5,
    "gamma": 0.9281171030255685,
    "reg_alpha": 0.0737855150308382,
    "reg_lambda": 0.6959165498778066
  }
}