{
  "run_line_params": {
    "max_depth": 6,
    "learning_rate": 0.05629995731133306,
    "subsample": 0.7803964428595692,
    "colsample_bytree": 0.5013483656309559,
    "min_child_weight": 4,
    "gamma": 0.9063307837929044,
    "reg_alpha": 0.2623921320693764,
    "reg_lambda": 8.907867746155215,
    "huber_slope": 3.7063742205510626
  },
  "total_params": {
    "max_depth": 3,
    "learning_rate": 0.02046082928454579,
    "subsample": 0.8712401613724426,
    "colsample_bytree": 0.6787415829403564,
    "min_child_weight": 4,
    "gamma": 0.6276455448775683,
    "reg_alpha": 0.015703942467008496,
    "reg_lambda": 0.7245263323609509
  }
}