{
  "run_line_params": {
    "max_depth": 5,
    "learning_rate": 0.07296814044026503,
    "subsample": 0.6191029025888448,
    "colsample_bytree": 0.7994742646118687,
    "min_child_weight": 6,
    "gamma": 0.17176749477179998,
    "reg_alpha": 0.017318574966628277,
    "reg_lambda": 4.230245580995538,
    "huber_slope": 5.480847850724011
  },
  "total_params": {
    "max_depth": 4,
    "learning_rate": 0.04874020785901465,
    "subsample": 0.9825523255540052,
    "colsample_bytree": 0.6938238779904544,
    "min_child_weight": 12,
    "gamma": 0.9576600600255754,
    "reg_alpha": 0.6049398571595129,
    "reg_lambda": 4.0033422892620205
  }
}