{
  "run_line_params": {
    "max_depth": 7,
    "learning_rate": 0.04011473153583494,
    "subsample": 0.7864277282637153,
    "colsample_bytree": 0.5447839920847881,
    "min_child_weight": 6,
    "gamma": 0.20666373982630537,
    "reg_alpha": 0.5458332784355775,
    "reg_lambda": 4.450825180847041,
    "huber_slope": 4.611778767088907
  },
  "total_params": {
    "max_depth": 3,
    "learning_rate": 0.024071870710609657,
    "subsample": 0.7521184630576424,
    "colsample_bytree": 0.8699200987716885,
    "min_child_weight": 3,
    "gamma": 0.23587973095825096,
    "reg_alpha": 0.23381889052273513,
    "reg_lambda": 7.819567469767785
  }
}