{
  "run_line_params": {
    "max_depth": 9,
    "learning_rate": 0.011888600424065915,
    "subsample": 0.8244935541459288,
    "colsample_bytree": 0.7741194084040333,
    "min_child_weight": 3,
    "gamma": 0.4552641447979094,
    "reg_alpha": 0.036003324338890676,
    "reg_lambda": 8.24820523676921,
    "huber_slope": 4.421937736045504
  },
  "total_params": {
    "max_depth": 8,
    "learning_rate": 0.04208176409725939,
    "subsample": 0.8453828078890911,
    "colsample_bytree": 0.655007546604091,
    "min_child_weight": 7,
    "gamma": 0.9493803196529608,
    "reg_alpha": 0.055132743376915615,
    "reg_lambda": 7.738148252372615
  }
}