{
  "pts": 4.655405630079247,
  "reb": 1.9366776976594386,
  "ast": 1.3992062352011527,
  "ci_p68_pts": 5.605423355102539,
  "ci_p90_pts": 9.85806283950806,
  "ci_p68_reb": 2.2892167472839358,
  "ci_p90_reb": 4.052544448524715,
  "ci_p68_ast": 1.5864373207092286,
  "ci_p90_ast": 2.998623490333558
}