{
  "pts": 4.620336594506181,
  "reb": 1.9148411807237156,
  "ast": 1.3842396953580316,
  "ci_p68_pts": 5.541135368347168,
  "ci_p90_pts": 9.735712432861332,
  "ci_p68_reb": 2.2481887626647947,
  "ci_p90_reb": 4.036257815361024,
  "ci_p68_ast": 1.5610872030258178,
  "ci_p90_ast": 2.983136963844301,
  "direct_market_mae_pts": 4.7723,
  "book_line_mae_pts": 5.3841,
  "direct_market_mae_reb": 2.0022,
  "book_line_mae_reb": 2.292,
  "direct_market_mae_ast": 1.6867,
  "book_line_mae_ast": 1.9057,
  "multi_output_mae_pts": 4.612,
  "multi_output_mae_reb": 1.9121,
  "multi_output_mae_ast": 1.3786,
  "use_multioutput_ensemble": true,
  "resid_quality": {
    "PTS": false,
    "REB": false,
    "AST": false
  }
}