{
  "pts": 4.656963778206608,
  "reb": 1.9512393454161236,
  "ast": 1.4017103899503973,
  "ci_p68_pts": 5.5688080215454105,
  "ci_p90_pts": 9.804518699645996,
  "ci_p68_reb": 2.309541759490967,
  "ci_p90_reb": 4.071334695816041,
  "ci_p68_ast": 1.5993065452575683,
  "ci_p90_ast": 2.9825847148895264
}