{
  "pts": 4.631318087005996,
  "reb": 1.9244114199330369,
  "ast": 1.4004814717559724,
  "ci_p68_pts": 5.576153793334962,
  "ci_p90_pts": 9.759448051452633,
  "ci_p68_reb": 2.264608879089356,
  "ci_p90_reb": 4.049258136749268,
  "ci_p68_ast": 1.600969877243042,
  "ci_p90_ast": 2.9885233163833615,
  "direct_market_mae_pts": 4.7737,
  "book_line_mae_pts": 5.3807,
  "direct_market_mae_reb": 2.0031,
  "book_line_mae_reb": 2.2942,
  "direct_market_mae_ast": 1.6949,
  "book_line_mae_ast": 1.902,
  "resid_quality": {
    "PTS": false,
    "REB": false,
    "AST": false
  }
}