{
  "pts": 4.680681879022206,
  "reb": 1.9367166424909408,
  "ast": 1.3934982570235046,
  "ci_p68_pts": 5.596475143432618,
  "ci_p90_pts": 9.808711242675782,
  "ci_p68_reb": 2.274657802581787,
  "ci_p90_reb": 4.049654722213746,
  "ci_p68_ast": 1.573026251792908,
  "ci_p90_ast": 3.006584489345551
}