{
  "pts": 4.635320479234857,
  "reb": 1.9247093112680898,
  "ast": 1.3918661017907807,
  "ci_p68_pts": 5.5625442123413125,
  "ci_p90_pts": 9.771902084350591,
  "ci_p68_reb": 2.263325271606446,
  "ci_p90_reb": 4.059956264495851,
  "ci_p68_ast": 1.582733144760132,
  "ci_p90_ast": 2.99171895980835,
  "direct_market_mae_pts": 4.7783,
  "book_line_mae_pts": 5.3807,
  "direct_market_mae_reb": 2.0055,
  "book_line_mae_reb": 2.2934,
  "direct_market_mae_ast": 1.6903,
  "book_line_mae_ast": 1.9046,
  "multi_output_mae_pts": 4.6212,
  "multi_output_mae_reb": 1.924,
  "multi_output_mae_ast": 1.3816,
  "use_multioutput_ensemble": true,
  "resid_quality": {
    "PTS": false,
    "REB": false,
    "AST": false
  }
}