{
  "pts": 4.734823967564143,
  "reb": 1.939788324537738,
  "ast": 1.3957417939021293,
  "ci_p68_pts": 5.684694976806646,
  "ci_p90_pts": 9.91834354400635,
  "ci_p68_reb": 2.2762432861328135,
  "ci_p90_reb": 4.033358383178711,
  "ci_p68_ast": 1.5770247650146494,
  "ci_p90_ast": 3.014409112930298
}