{
  "pts": 4.721706682656071,
  "reb": 1.9374659042609832,
  "ast": 1.3900688712361389
}