{
  "pts": 4.724286060682972,
  "reb": 1.9443455654502468,
  "ast": 1.3912284697337522
}