{
  "pts": 4.681973130659311,
  "reb": 1.9398225432977247,
  "ast": 1.3931385057427197,
  "ci_p68_pts": 5.616846866607666,
  "ci_p90_pts": 9.793281698226929,
  "ci_p68_reb": 2.2858106899261474,
  "ci_p90_reb": 4.0663587093353275,
  "ci_p68_ast": 1.580658826828003,
  "ci_p90_ast": 2.997758960723877
}