{
  "pts": 4.719795791648875,
  "reb": 1.946182290725836,
  "ast": 1.3889812633449319
}