{
  "pts": 4.574198266192534,
  "reb": 1.9241405267688436,
  "ast": 1.384043686748787,
  "ci_p68_pts": 5.464309997558594,
  "ci_p90_pts": 9.649772930145263,
  "ci_p68_reb": 2.2516419219970705,
  "ci_p90_reb": 4.071771240234375,
  "ci_p68_ast": 1.5600558757781986,
  "ci_p90_ast": 3.0009537935256954,
  "direct_market_mae_pts": 4.7253,
  "book_line_mae_pts": 5.4132,
  "direct_market_mae_reb": 2.0106,
  "book_line_mae_reb": 2.3058,
  "direct_market_mae_ast": 1.6895,
  "book_line_mae_ast": 1.9176,
  "multi_output_mae_pts": 4.5654,
  "multi_output_mae_reb": 1.9276,
  "multi_output_mae_ast": 1.374,
  "use_multioutput_ensemble": true,
  "resid_quality": {
    "PTS": false,
    "REB": false,
    "AST": false
  }
}