{
  "pts": 4.6355420811971175,
  "reb": 1.9386817342417493,
  "ast": 1.398955931486518,
  "ci_p68_pts": 5.567721557617188,
  "ci_p90_pts": 9.792690467834472,
  "ci_p68_reb": 2.2887067222595223,
  "ci_p90_reb": 4.04550952911377,
  "ci_p68_ast": 1.591132097244263,
  "ci_p90_ast": 2.9920815944671624
}