{
  "pts": 4.667848527371666,
  "reb": 1.9431064671142164,
  "ast": 1.4058607787572563,
  "ci_p68_pts": 5.590786895751953,
  "ci_p90_pts": 9.781431484222413,
  "ci_p68_reb": 2.2764508533477783,
  "ci_p90_reb": 4.089805471897126,
  "ci_p68_ast": 1.6056968212127687,
  "ci_p90_ast": 2.995937275886537
}