{
  "pts": 4.637893238435458,
  "reb": 1.926591918559185,
  "ast": 1.3904122602302293,
  "ci_p68_pts": 5.571992988586426,
  "ci_p90_pts": 9.78670816421509,
  "ci_p68_reb": 2.2721140480041506,
  "ci_p90_reb": 4.041540718078614,
  "ci_p68_ast": 1.5741407585144045,
  "ci_p90_ast": 2.982462310791016,
  "direct_market_mae_pts": 4.7795,
  "book_line_mae_pts": 5.3807,
  "direct_market_mae_reb": 2.0088,
  "book_line_mae_reb": 2.2934,
  "direct_market_mae_ast": 1.6879,
  "book_line_mae_ast": 1.9046,
  "multi_output_mae_pts": 4.6217,
  "multi_output_mae_reb": 1.9232,
  "multi_output_mae_ast": 1.3826,
  "use_multioutput_ensemble": true,
  "resid_quality": {
    "PTS": false,
    "REB": false,
    "AST": false
  }
}