{
  "pts": 4.641787515615616,
  "reb": 1.940657316136892,
  "ast": 1.3961073324329818,
  "ci_p68_pts": 5.559348678588869,
  "ci_p90_pts": 9.786573791503905,
  "ci_p68_reb": 2.289252872467041,
  "ci_p90_reb": 4.065112590789795,
  "ci_p68_ast": 1.5814187908172608,
  "ci_p90_ast": 2.9757164955139155
}