{
  "pts": 4.674636517124554,
  "reb": 1.9341389688627182,
  "ast": 1.4043585854382157,
  "ci_p68_pts": 5.612733840942383,
  "ci_p90_pts": 9.888319206237794,
  "ci_p68_reb": 2.272202730178833,
  "ci_p90_reb": 4.064170289039612,
  "ci_p68_ast": 1.6021465587615966,
  "ci_p90_ast": 2.979303097724916
}