{
  "pts": 4.619387577675346,
  "reb": 1.9231285191123009,
  "ast": 1.381333691590605,
  "ci_p68_pts": 5.544116439819335,
  "ci_p90_pts": 9.675412273406984,
  "ci_p68_reb": 2.256395101547241,
  "ci_p90_reb": 4.03802855014801,
  "ci_p68_ast": 1.5597715377807617,
  "ci_p90_ast": 2.9791682481765758,
  "direct_market_mae_pts": 4.7728,
  "book_line_mae_pts": 5.3841,
  "direct_market_mae_reb": 2.0118,
  "book_line_mae_reb": 2.292,
  "direct_market_mae_ast": 1.6821,
  "book_line_mae_ast": 1.9057,
  "multi_output_mae_pts": 4.6129,
  "multi_output_mae_reb": 1.9151,
  "multi_output_mae_ast": 1.3794,
  "use_multioutput_ensemble": true,
  "resid_quality": {
    "PTS": false,
    "REB": false,
    "AST": false
  }
}