{
  "pts": 4.634396633737926,
  "reb": 1.9342851020554128,
  "ast": 1.3975663517981118,
  "ci_p68_pts": 5.563000183105469,
  "ci_p90_pts": 9.765104961395263,
  "ci_p68_reb": 2.283550872802735,
  "ci_p90_reb": 4.055715560913086,
  "ci_p68_ast": 1.5857596015930175,
  "ci_p90_ast": 2.9897242069244383,
  "direct_market_mae_pts": 4.7763,
  "book_line_mae_pts": 5.3819,
  "direct_market_mae_reb": 2.0165,
  "book_line_mae_reb": 2.2939,
  "direct_market_mae_ast": 1.6944,
  "book_line_mae_ast": 1.9064,
  "multi_output_mae_pts": 4.6244,
  "multi_output_mae_reb": 1.922,
  "multi_output_mae_ast": 1.3835,
  "use_multioutput_ensemble": true,
  "resid_quality": {
    "PTS": false,
    "REB": false,
    "AST": false
  }
}