{
  "pts": 4.650766845890043,
  "reb": 1.9304830519311542,
  "ast": 1.3995525302248621,
  "ci_p68_pts": 5.559291152954102,
  "ci_p90_pts": 9.783738708496093,
  "ci_p68_reb": 2.2746097946166994,
  "ci_p90_reb": 4.035418891906739,
  "ci_p68_ast": 1.5901376342773437,
  "ci_p90_ast": 2.980332279205322
}