{
  "pts": 4.759062029587469,
  "reb": 1.9512283066861955,
  "ast": 1.395462044980559
}