{"is_home": 1.0, "n_games_prev_10": 10.0, "min_avg_3": 25.233333333333334, "min_avg_5": 25.116666666666667, "min_avg_10": 24.975, "pts_avg_3": 10.666666666666666, "pts_avg_5": 10.4, "pts_avg_10": 10.3, "pts_sd_10": 5.40473043833928, "reb_avg_3": 4.0, "reb_avg_5": 4.0, "reb_avg_10": 3.9, "reb_sd_10": 2.1705094128132942, "ast_avg_3": 2.0, "ast_avg_5": 2.2, "ast_avg_10": 2.1, "ast_sd_10": 1.505545305418162, "min_sd_10": 5.23249580464992, "fga_avg_10": 8.2, "fta_avg_10": 1.7, "threes_avg_10": 1.3, "player_rest_days": 2.0, "usage_proxy_avg_5": 0.37999445973052226, "usage_proxy_avg_10": 0.37839809673911573, "opp_def_rtg_10": 112.70318184408733, "opp_off_rtg_10": 112.74777975172468, "opp_pace_avg_5": 101.384, "opp_pace_avg_10": 101.632, "team_implied_total": 114.5, "game_market_total": 229.0, "game_market_spread": -2.5, "game_pace_est_5": 101.508, "stl_avg_5": 0.8, "stl_avg_10": 0.8, "blk_avg_5": 0.4, "blk_avg_10": 0.4, "tov_avg_5": 1.2, "tov_avg_10": 1.2, "stl_plus_blk_avg_10": 1.2, "off_reb_avg_10": 0.9, "def_reb_avg_10": 3.0, "fg_pct_avg_10": 0.4561868686868687, "fg3_pct_avg_10": 0.3358531746031746, "ft_pct_avg_10": 0.7857488344988345, "plus_minus_avg_5": -0.2, "plus_minus_avg_10": -0.1, "fouls_avg_5": 2.0, "fouls_avg_10": 1.9, "ast_to_tov_ratio_avg_10": 1.5416666666666667, "avg_foul_uplift_crew": -0.01, "avg_foul_per_36_uplift_crew": -0.06, "max_foul_uplift_crew": 0.39, "ref_games_with_crew": 17.0, "opp_fouls_avg_10": 19.8, "opp_stl_avg_10": 8.2, "opp_blk_avg_10": 4.8, "opp_pts_paint_avg_10": NaN, "opp_fast_break_pct_10": NaN, "teammate_pts_out": 47.84, "teammate_out_count": 2.0, "opp_pts_allowed_role_10": 111.1, "opp_reb_allowed_role_10": 41.3, "opp_ast_allowed_role_10": 25.7, "pts_avg_10_home": 10.5, "pts_avg_10_away": 10.25, "reb_avg_10_home": 3.857142857142857, "reb_avg_10_away": 4.0, "min_avg_10_home": 25.028174603174605, "min_avg_10_away": 25.02, "team_off_rtg_10": 112.66746888952083, "prev_book_line_pts": 11.5, "prev_book_line_reb": 4.5, "prev_book_line_ast": 3.5, "paint_shot_rate_avg_10": 0.3054525883473252, "pullup_shot_rate_avg_10": 0.17139927023440954, "driving_shot_rate_avg_10": 0.18423913504795858, "catch_and_shoot_rate_avg_10": 0.30840512559018585, "three_pt_rate_pbp_avg_10": 0.4430792599213652, "blocked_rate_avg_10": 0.05, "paint_shot_rate_avg_5": 0.3026878911086072, "catch_and_shoot_rate_avg_5": 0.30420706744236153, "opp_paint_allowed_avg_10": 0.3276330411161872, "opp_pullup_allowed_avg_10": 0.2319828868215965, "opp_driving_allowed_avg_10": 0.21698212120765528, "opp_catch_shoot_allowed_avg_10": 0.29870937514534346, "opp_3pt_allowed_avg_10": 0.4175706554872271, "opp_blocked_rate_avg_10": 0.05354566147277917, "opp_paint_allowed_avg_5": 0.3269484814427148, "opp_3pt_allowed_avg_5": 0.4177380133194717, "on_net_per36_avg_10": -0.7903328503378924, "on_net_per36_avg_5": -0.7746085196665821, "on_off_diff_avg_10": 0.2860072516808268, "on_off_diff_avg_5": 0.30982649900435055, "home_rest_days": 2.0, "away_rest_days": 2.0, "home_is_b2b": 0.0, "away_is_b2b": 0.0, "season_days_elapsed": 95.0, "season_2024-2025-regular": 1.0, "season_2025-2026-regular": 0.0, "primary_position_C": 0.0, "primary_position_PF": 0.0, "primary_position_PG": 0.0, "primary_position_SF": 0.0, "primary_position_SG": 0.0, "primary_position_UNK": 0.0, "team_abbr_ATL": 0.0, "team_abbr_BOS": 0.0, "team_abbr_CHA": 0.0, "team_abbr_CHI": 0.0, "team_abbr_CLE": 0.0, "team_abbr_DAL": 0.0, "team_abbr_DEN": 0.0, "team_abbr_DET": 0.0, "team_abbr_GSW": 0.0, "team_abbr_HOU": 0.0, "team_abbr_IND": 0.0, "team_abbr_LAC": 0.0, "team_abbr_LAL": 0.0, "team_abbr_MEM": 0.0, "team_abbr_MIA": 0.0, "team_abbr_MIL": 0.0, "team_abbr_MIN": 0.0, "team_abbr_NOP": 0.0, "team_abbr_NYK": 0.0, "team_abbr_ORL": 0.0, "team_abbr_PHI": 0.0, "team_abbr_PHX": 0.0, "team_abbr_POR": 0.0, "team_abbr_SAC": 0.0, "team_abbr_SAS": 0.0, "team_abbr_TOR": 0.0, "team_abbr_UTA": 0.0, "team_abbr_WAS": 0.0, "team_abbr_nan": 0.0, "opponent_abbr_ATL": 0.0, "opponent_abbr_BOS": 0.0, "opponent_abbr_BRO": 0.0, "opponent_abbr_CHA": 0.0, "opponent_abbr_CHI": 0.0, "opponent_abbr_CLE": 0.0, "opponent_abbr_DAL": 0.0, "opponent_abbr_DEN": 0.0, "opponent_abbr_DET": 0.0, "opponent_abbr_GSW": 0.0, "opponent_abbr_HOU": 0.0, "opponent_abbr_IND": 0.0, "opponent_abbr_LAC": 0.0, "opponent_abbr_LAL": 0.0, "opponent_abbr_MEM": 0.0, "opponent_abbr_MIA": 0.0, "opponent_abbr_MIL": 0.0, "opponent_abbr_MIN": 0.0, "opponent_abbr_NOP": 0.0, "opponent_abbr_NYK": 0.0, "opponent_abbr_OKL": 0.0, "opponent_abbr_ORL": 0.0, "opponent_abbr_PHI": 0.0, "opponent_abbr_PHX": 0.0, "opponent_abbr_POR": 0.0, "opponent_abbr_SAC": 0.0, "opponent_abbr_SAS": 0.0, "opponent_abbr_TOR": 0.0, "opponent_abbr_UTA": 0.0, "opponent_abbr_WAS": 0.0, "opponent_abbr_nan": 0.0, "pts_per_min_10": 0.43631555751432344, "reb_per_min_10": 0.16212564737671695, "ast_per_min_10": 0.09011715229798739, "pts_trend_5v10": 0.0, "reb_trend_5v10": 0.0, "ast_trend_5v10": 0.0, "min_trend_5v10": 0.0, "min_trend_3v5": 0.0, "pts_trend_3v10": 0.0, "reb_trend_3v10": 0.0, "ast_trend_3v10": 0.0, "pts_hot_ratio": 1.0, "reb_hot_ratio": 1.0, "ast_hot_ratio": 0.9941520467836258, "min_hot_ratio": 1.0017252533965926, "pts_trend_sig": 0.0, "reb_trend_sig": 0.0, "ast_trend_sig": 0.0, "pts_hot_x_pace": 1.0112136752136751, "ast_hot_x_pace": 1.0012579310344827, "usage_trend_5v10": 0.0, "pts_ema_10": 10.388055659320134, "pts_ema_vs_avg": 0.00018677624206198118, "reb_ema_10": 3.9460123272319763, "reb_ema_vs_avg": 6.225874735399373e-05, "ast_ema_10": 2.098729921553978, "ast_ema_vs_avg": 3.735524841230742e-05, "min_ema_10": 25.028002895031754, "min_ema_vs_avg": 0.013783152782970376, "pts_cv_10": 0.5270462766947298, "reb_cv_10": 0.5573606440842092, "ast_cv_10": 0.7158712561129956, "min_cv_10": 0.21408017400694546, "pts_pace_interaction": 44.21239378238342, "reb_pace_interaction": 16.503624965347285, "ast_pace_interaction": 9.11225601692674, "team_pace_derived": 101.56, "pace_mismatch": 0.15200000000001523, "implied_pts_share": 0.09106382978723404, "stocks_pace_interaction": 1.250688, "off_reb_pct_10": 0.2368421052631579, "tov_vs_opp_stl": 0.96, "fouls_trend_5v10": 0.0, "pm_trend_5v10": 0.0, "fg_pct_vs_opp_blk": -0.025191752691752722, "ref_adjusted_fouls": 1.9300000000000002, "ref_foul_min_risk": -0.03618287037037037, "teammate_pts_share_lost": 0.41782178217821786, "potential_usage_bump": 4.389622641509434, "injury_boost_confirmed": 0.0, "pts_vs_opp_role_edge": -99.3, "reb_vs_opp_role_edge": -36.9, "ast_vs_opp_role_edge": -23.0, "pts_home_adv": 0.1428571428571428, "reb_home_adv": 0.0, "pts_venue_split": 10.4, "reb_venue_split": 4.0, "min_venue_split": 25.064285714285713, "team_implied_total_synth": 110.93486462064487, "team_implied_total_filled": 114.5, "book_line_vs_pts_avg": 0.09999999999999964, "book_line_vs_reb_avg": 0.09999999999999964, "book_line_vs_ast_avg": 0.0, "book_pts_share": 0.09871244635193133, "book_line_vs_pts_hot": 0.16666666666666785, "matchup_paint_opp_paint": -0.021145716887006172, "matchup_drivi_opp_drivi": -0.0316447796916991, "matchup_catch_opp_catch": 0.009864107235146469, "on_off_x_pace": 0.20515849869411487, "on_off_trend_5v10": 0.0, "player_is_b2b": 0.0, "opp_is_b2b": 0.0, "team_rest_days": 2.0, "opp_rest_days": 2.0, "rest_advantage": 0.0, "b2b_pts_impact": 0.0, "b2b_min_impact": 0.0, "b2b_usage_impact": 0.0, "opp_b2b_pts_bonus": 0.0, "usage_rate_full_avg_10": 0.4276976194074681, "usage_rate_full_avg_5": 0.4310156959852238, "usage_rate_trend_5v10": 0.0, "usage_x_b2b": 0.0, "usage_x_teammate_out": 0.8311855863036608, "usage_x_pace": 0.43374440587047103, "pred_minutes": 25.22233772277832, "pred_min_vs_avg": 0.09088694254557339}