{"is_home": 1.0, "n_games_prev_10": 10.0, "min_avg_3": 25.22222222222222, "min_avg_5": 25.11, "min_avg_10": 24.968333333333334, "pts_avg_3": 10.666666666666666, "pts_avg_5": 10.4, "pts_avg_10": 10.3, "pts_sd_10": 5.40473043833928, "reb_avg_3": 4.0, "reb_avg_5": 4.0, "reb_avg_10": 3.9, "reb_sd_10": 2.1705094128132942, "ast_avg_3": 2.0, "ast_avg_5": 2.2, "ast_avg_10": 2.1, "ast_sd_10": 1.505545305418162, "min_sd_10": 5.232922841655428, "fga_avg_10": 8.2, "fta_avg_10": 1.7, "threes_avg_10": 1.3, "player_rest_days": 2.0, "usage_proxy_avg_5": 0.3799405317978904, "usage_proxy_avg_10": 0.37843017186093075, "opp_def_rtg_10": 112.74126383795824, "opp_off_rtg_10": 112.76121968837437, "opp_pace_avg_5": 101.384, "opp_pace_avg_10": 101.624, "team_implied_total": 114.5, "game_market_total": 229.0, "game_market_spread": -2.5, "game_pace_est_5": 101.52, "stl_avg_5": 0.8, "stl_avg_10": 0.8, "blk_avg_5": 0.4, "blk_avg_10": 0.4, "tov_avg_5": 1.2, "tov_avg_10": 1.2, "stl_plus_blk_avg_10": 1.2, "off_reb_avg_10": 0.9, "def_reb_avg_10": 3.0, "fg_pct_avg_10": 0.4562820753378029, "fg3_pct_avg_10": 0.3358531746031746, "ft_pct_avg_10": 0.7857142857142857, "plus_minus_avg_5": -0.2, "plus_minus_avg_10": -0.1, "fouls_avg_5": 2.0, "fouls_avg_10": 1.9, "ast_to_tov_ratio_avg_10": 1.5416666666666667, "avg_foul_uplift_crew": -0.01, "avg_foul_per_36_uplift_crew": -0.06, "max_foul_uplift_crew": 0.39, "ref_games_with_crew": 17.0, "opp_fouls_avg_10": 19.8, "opp_stl_avg_10": 8.2, "opp_blk_avg_10": 4.8, "opp_pts_paint_avg_10": NaN, "opp_fast_break_pct_10": NaN, "teammate_pts_out": 54.42, "teammate_out_count": 3.0, "opp_pts_allowed_role_10": 111.4, "opp_reb_allowed_role_10": 41.7, "opp_ast_allowed_role_10": 25.8, "pts_avg_10_home": 10.5, "pts_avg_10_away": 10.25, "reb_avg_10_home": 3.857142857142857, "reb_avg_10_away": 4.0, "min_avg_10_home": 25.01, "min_avg_10_away": 25.01388888888889, "team_off_rtg_10": 112.68185250189013, "prev_book_line_pts": 11.5, "prev_book_line_reb": 4.5, "prev_book_line_ast": 3.5, "paint_shot_rate_avg_10": 0.3055133851655591, "pullup_shot_rate_avg_10": 0.17142857142857143, "driving_shot_rate_avg_10": 0.18425324675324675, "catch_and_shoot_rate_avg_10": 0.30858599733599734, "three_pt_rate_pbp_avg_10": 0.4432142857142857, "blocked_rate_avg_10": 0.05, "paint_shot_rate_avg_5": 0.3026951995373048, "catch_and_shoot_rate_avg_5": 0.30428571428571427, "opp_paint_allowed_avg_10": 0.3276214373508339, "opp_pullup_allowed_avg_10": 0.23198625140031665, "opp_driving_allowed_avg_10": 0.2170368947587032, "opp_catch_shoot_allowed_avg_10": 0.29880176176333295, "opp_3pt_allowed_avg_10": 0.4173968712527753, "opp_blocked_rate_avg_10": 0.0535566710928934, "opp_paint_allowed_avg_5": 0.32707599374969576, "opp_3pt_allowed_avg_5": 0.4175298113692111, "on_net_per36_avg_10": -0.7877479486432084, "on_net_per36_avg_5": -0.7702558147901459, "on_off_diff_avg_10": 0.2887763416512652, "on_off_diff_avg_5": 0.3235798548489571, "home_rest_days": 2.0, "away_rest_days": 2.0, "home_is_b2b": 0.0, "away_is_b2b": 0.0, "season_days_elapsed": 96.0, "season_2024-2025-regular": 1.0, "season_2025-2026-regular": 0.0, "primary_position_C": 0.0, "primary_position_PF": 0.0, "primary_position_PG": 0.0, "primary_position_SF": 0.0, "primary_position_SG": 0.0, "primary_position_UNK": 0.0, "team_abbr_ATL": 0.0, "team_abbr_BOS": 0.0, "team_abbr_CHA": 0.0, "team_abbr_CHI": 0.0, "team_abbr_CLE": 0.0, "team_abbr_DAL": 0.0, "team_abbr_DEN": 0.0, "team_abbr_DET": 0.0, "team_abbr_GSW": 0.0, "team_abbr_HOU": 0.0, "team_abbr_IND": 0.0, "team_abbr_LAC": 0.0, "team_abbr_LAL": 0.0, "team_abbr_MEM": 0.0, "team_abbr_MIA": 0.0, "team_abbr_MIL": 0.0, "team_abbr_MIN": 0.0, "team_abbr_NOP": 0.0, "team_abbr_NYK": 0.0, "team_abbr_ORL": 0.0, "team_abbr_PHI": 0.0, "team_abbr_PHX": 0.0, "team_abbr_POR": 0.0, "team_abbr_SAC": 0.0, "team_abbr_SAS": 0.0, "team_abbr_TOR": 0.0, "team_abbr_UTA": 0.0, "team_abbr_WAS": 0.0, "team_abbr_nan": 0.0, "opponent_abbr_ATL": 0.0, "opponent_abbr_BOS": 0.0, "opponent_abbr_BRO": 0.0, "opponent_abbr_CHA": 0.0, "opponent_abbr_CHI": 0.0, "opponent_abbr_CLE": 0.0, "opponent_abbr_DAL": 0.0, "opponent_abbr_DEN": 0.0, "opponent_abbr_DET": 0.0, "opponent_abbr_GSW": 0.0, "opponent_abbr_HOU": 0.0, "opponent_abbr_IND": 0.0, "opponent_abbr_LAC": 0.0, "opponent_abbr_LAL": 0.0, "opponent_abbr_MEM": 0.0, "opponent_abbr_MIA": 0.0, "opponent_abbr_MIL": 0.0, "opponent_abbr_MIN": 0.0, "opponent_abbr_NOP": 0.0, "opponent_abbr_NYK": 0.0, "opponent_abbr_OKL": 0.0, "opponent_abbr_ORL": 0.0, "opponent_abbr_PHI": 0.0, "opponent_abbr_PHX": 0.0, "opponent_abbr_POR": 0.0, "opponent_abbr_SAC": 0.0, "opponent_abbr_SAS": 0.0, "opponent_abbr_TOR": 0.0, "opponent_abbr_UTA": 0.0, "opponent_abbr_WAS": 0.0, "opponent_abbr_nan": 0.0, "pts_per_min_10": 0.43644070460694473, "reb_per_min_10": 0.1621780711415377, "ast_per_min_10": 0.09015095660215305, "pts_trend_5v10": 0.0, "reb_trend_5v10": 0.0, "ast_trend_5v10": 0.0, "min_trend_5v10": 0.0, "min_trend_3v5": 0.0, "pts_trend_3v10": 0.0, "reb_trend_3v10": 0.0, "ast_trend_3v10": 0.0, "pts_hot_ratio": 1.0, "reb_hot_ratio": 1.0, "ast_hot_ratio": 0.9941520467836258, "min_hot_ratio": 1.0017226039703253, "pts_trend_sig": 0.0, "reb_trend_sig": 0.0, "ast_trend_sig": 0.0, "pts_hot_x_pace": 1.011022532051282, "ast_hot_x_pace": 1.0013105820105819, "usage_trend_5v10": 0.0, "pts_ema_10": 10.389844041837877, "pts_ema_vs_avg": 0.00018677624206198118, "reb_ema_10": 3.9460123272319763, "reb_ema_vs_avg": 6.225874735399373e-05, "ast_ema_10": 2.098729921553978, "ast_ema_vs_avg": 3.735524841230742e-05, "min_ema_10": 25.01779502863902, "min_ema_vs_avg": 0.013912728800896446, "pts_cv_10": 0.5270462766947299, "reb_cv_10": 0.5573606440842092, "ast_cv_10": 0.7168604389202189, "min_cv_10": 0.21418577165636707, "pts_pace_interaction": 44.23492997669074, "reb_pace_interaction": 16.506987227648384, "ast_pace_interaction": 9.115575762744974, "team_pace_derived": 101.568, "pace_mismatch": 0.15200000000001523, "implied_pts_share": 0.09106382978723404, "stocks_pace_interaction": 1.252, "off_reb_pct_10": 0.23697775366250678, "tov_vs_opp_stl": 0.96, "fouls_trend_5v10": 0.0, "pm_trend_5v10": 0.0, "fg_pct_vs_opp_blk": -0.02503968253968253, "ref_adjusted_fouls": 1.9300000000000002, "ref_foul_min_risk": -0.03580648148148148, "teammate_pts_share_lost": 0.48373333333333335, "potential_usage_bump": 4.7964722222222225, "injury_boost_confirmed": 0.0, "pts_vs_opp_role_edge": -99.61805555555556, "reb_vs_opp_role_edge": -37.3, "ast_vs_opp_role_edge": -23.0, "pts_home_adv": 0.14285714285714235, "reb_home_adv": 0.0, "pts_venue_split": 10.4, "reb_venue_split": 4.0, "min_venue_split": 25.05, "team_implied_total_synth": 110.93549636018335, "team_implied_total_filled": 114.5, "book_line_vs_pts_avg": 0.09999999999999964, "book_line_vs_reb_avg": 0.09999999999999964, "book_line_vs_ast_avg": 0.0, "book_pts_share": 0.09871244635193133, "book_line_vs_pts_hot": 0.16666666666666785, "matchup_paint_opp_paint": -0.021076575005095896, "matchup_drivi_opp_drivi": -0.03165872523711713, "matchup_catch_opp_catch": 0.009897402504343566, "on_off_x_pace": 0.20899453801569817, "on_off_trend_5v10": 0.0, "player_is_b2b": 0.0, "opp_is_b2b": 0.0, "team_rest_days": 2.0, "opp_rest_days": 2.0, "rest_advantage": 0.0, "b2b_pts_impact": 0.0, "b2b_min_impact": 0.0, "b2b_usage_impact": 0.0, "opp_b2b_pts_bonus": 0.0, "usage_rate_full_avg_10": 0.4277369121841261, "usage_rate_full_avg_5": 0.43100664526730914, "usage_rate_trend_5v10": 0.0, "usage_x_b2b": 0.0, "usage_x_teammate_out": 0.9297191446355921, "usage_x_pace": 0.43374555376385593}