{"is_home": 1.0, "n_games_prev_10": 10.0, "min_avg_3": 25.133333333333333, "min_avg_5": 25.02, "min_avg_10": 24.905, "pts_avg_3": 10.333333333333334, "pts_avg_5": 10.4, "pts_avg_10": 10.3, "pts_sd_10": 5.391351098441527, "reb_avg_3": 4.0, "reb_avg_5": 4.0, "reb_avg_10": 3.9, "reb_sd_10": 2.1671244937540095, "ast_avg_3": 2.0, "ast_avg_5": 2.2, "ast_avg_10": 2.1, "ast_sd_10": 1.505545305418162, "min_sd_10": 5.227911794243956, "fga_avg_10": 8.1, "fta_avg_10": 1.7, "threes_avg_10": 1.3, "player_rest_days": 2.0, "usage_proxy_avg_5": 0.3788075926097073, "usage_proxy_avg_10": 0.3769460838105494, "opp_def_rtg_10": 112.69993069937023, "opp_off_rtg_10": 112.75728568053661, "opp_pace_avg_5": 101.392, "opp_pace_avg_10": 101.632, "team_implied_total": 114.5, "game_market_total": 228.5, "game_market_spread": -2.5, "game_pace_est_5": 101.464, "stl_avg_5": 0.8, "stl_avg_10": 0.8, "blk_avg_5": 0.4, "blk_avg_10": 0.4, "tov_avg_5": 1.2, "tov_avg_10": 1.2, "stl_plus_blk_avg_10": 1.2, "off_reb_avg_10": 0.9, "def_reb_avg_10": 2.9, "fg_pct_avg_10": 0.4555089355089355, "fg3_pct_avg_10": 0.3355952380952381, "ft_pct_avg_10": 0.7875, "plus_minus_avg_5": -0.2, "plus_minus_avg_10": 0.0, "fouls_avg_5": 2.0, "fouls_avg_10": 1.9, "ast_to_tov_ratio_avg_10": 1.5416666666666667, "avg_foul_uplift_crew": -0.01, "avg_foul_per_36_uplift_crew": -0.06, "max_foul_uplift_crew": 0.38, "ref_games_with_crew": 17.0, "opp_fouls_avg_10": 19.8, "opp_stl_avg_10": 8.2, "opp_blk_avg_10": 4.8, "opp_pts_paint_avg_10": NaN, "opp_fast_break_pct_10": NaN, "teammate_pts_out": 56.18, "teammate_out_count": 3.0, "opp_pts_allowed_role_10": 111.4, "opp_reb_allowed_role_10": 41.7, "opp_ast_allowed_role_10": 25.7, "pts_avg_10_home": 10.4, "pts_avg_10_away": 10.2, "reb_avg_10_home": 3.8333333333333335, "reb_avg_10_away": 4.0, "min_avg_10_home": 24.900000000000002, "min_avg_10_away": 24.970416666666665, "team_off_rtg_10": 112.64457557770936, "prev_book_line_pts": 11.5, "prev_book_line_reb": 4.5, "prev_book_line_ast": 3.5, "paint_shot_rate_avg_10": 0.3055555555555556, "pullup_shot_rate_avg_10": 0.1681657848324515, "driving_shot_rate_avg_10": 0.18373015873015874, "catch_and_shoot_rate_avg_10": 0.3088095238095238, "three_pt_rate_pbp_avg_10": 0.44665586864116275, "blocked_rate_avg_10": 0.05, "paint_shot_rate_avg_5": 0.3022222222222222, "catch_and_shoot_rate_avg_5": 0.30424242424242426, "opp_paint_allowed_avg_10": 0.32720139359884254, "opp_pullup_allowed_avg_10": 0.23107590489780463, "opp_driving_allowed_avg_10": 0.2167429907012195, "opp_catch_shoot_allowed_avg_10": 0.2984715258205316, "opp_3pt_allowed_avg_10": 0.4187924637140563, "opp_blocked_rate_avg_10": 0.053847029826734914, "opp_paint_allowed_avg_5": 0.32729785174689086, "opp_3pt_allowed_avg_5": 0.41887577529064923, "on_net_per36_avg_10": -0.7083887781779065, "on_net_per36_avg_5": -0.6727070958524118, "on_off_diff_avg_10": 0.30678879684098015, "on_off_diff_avg_5": 0.32790714766920787, "home_rest_days": 2.0, "away_rest_days": 2.0, "home_is_b2b": 0.0, "away_is_b2b": 0.0, "line_move_pts": NaN, "line_move_reb": NaN, "line_move_ast": NaN, "day_over_day_move_pts": 0.0, "day_over_day_move_reb": 0.0, "day_over_day_move_ast": 0.0, "season_days_elapsed": 96.0, "season_2024-2025-regular": 1.0, "season_2025-2026-regular": 0.0, "primary_position_C": 0.0, "primary_position_PF": 0.0, "primary_position_PG": 0.0, "primary_position_SF": 0.0, "primary_position_SG": 0.0, "primary_position_UNK": 0.0, "team_abbr_ATL": 0.0, "team_abbr_BOS": 0.0, "team_abbr_BRO": 0.0, "team_abbr_CHA": 0.0, "team_abbr_CHI": 0.0, "team_abbr_CLE": 0.0, "team_abbr_DAL": 0.0, "team_abbr_DEN": 0.0, "team_abbr_DET": 0.0, "team_abbr_GSW": 0.0, "team_abbr_HOU": 0.0, "team_abbr_IND": 0.0, "team_abbr_LAC": 0.0, "team_abbr_LAL": 0.0, "team_abbr_MEM": 0.0, "team_abbr_MIA": 0.0, "team_abbr_MIL": 0.0, "team_abbr_MIN": 0.0, "team_abbr_NOP": 0.0, "team_abbr_NYK": 0.0, "team_abbr_OKL": 0.0, "team_abbr_ORL": 0.0, "team_abbr_PHI": 0.0, "team_abbr_PHX": 0.0, "team_abbr_POR": 0.0, "team_abbr_SAC": 0.0, "team_abbr_SAS": 0.0, "team_abbr_TOR": 0.0, "team_abbr_UTA": 0.0, "team_abbr_WAS": 0.0, "team_abbr_nan": 0.0, "opponent_abbr_ATL": 0.0, "opponent_abbr_BOS": 0.0, "opponent_abbr_BRO": 0.0, "opponent_abbr_CHA": 0.0, "opponent_abbr_CHI": 0.0, "opponent_abbr_CLE": 0.0, "opponent_abbr_DAL": 0.0, "opponent_abbr_DEN": 0.0, "opponent_abbr_DET": 0.0, "opponent_abbr_GSW": 0.0, "opponent_abbr_HOU": 0.0, "opponent_abbr_IND": 0.0, "opponent_abbr_LAC": 0.0, "opponent_abbr_LAL": 0.0, "opponent_abbr_MEM": 0.0, "opponent_abbr_MIA": 0.0, "opponent_abbr_MIL": 0.0, "opponent_abbr_MIN": 0.0, "opponent_abbr_NOP": 0.0, "opponent_abbr_NYK": 0.0, "opponent_abbr_OKL": 0.0, "opponent_abbr_ORL": 0.0, "opponent_abbr_PHI": 0.0, "opponent_abbr_PHX": 0.0, "opponent_abbr_POR": 0.0, "opponent_abbr_SAC": 0.0, "opponent_abbr_SAS": 0.0, "opponent_abbr_TOR": 0.0, "opponent_abbr_UTA": 0.0, "opponent_abbr_WAS": 0.0, "opponent_abbr_nan": 0.0, "pts_per_min_10": 0.4348107408605629, "reb_per_min_10": 0.1615400148078347, "ast_per_min_10": 0.09065311448389533, "pts_trend_5v10": 0.0, "reb_trend_5v10": 0.0, "ast_trend_5v10": 0.0, "min_trend_5v10": 0.0, "min_trend_3v5": 0.0, "pts_trend_3v10": 0.0, "reb_trend_3v10": 0.0, "ast_trend_3v10": 0.0, "pts_hot_ratio": 1.0, "reb_hot_ratio": 1.0, "ast_hot_ratio": 1.0, "min_hot_ratio": 1.0016802378182759, "pts_trend_sig": 0.0, "reb_trend_sig": 0.0, "ast_trend_sig": 0.0, "pts_hot_x_pace": 1.010871794871795, "ast_hot_x_pace": 1.0021200000000001, "usage_trend_5v10": 0.0, "pts_ema_10": 10.30051363466567, "pts_ema_vs_avg": 0.00017432449259224825, "reb_ema_10": 3.923599178184535, "reb_ema_vs_avg": 5.603287261868317e-05, "ast_ema_10": 2.104613373178932, "ast_ema_vs_avg": 4.358112314806206e-05, "min_ema_10": 24.93888525712862, "min_ema_vs_avg": 0.013087722575022553, "pts_cv_10": 0.5298951292879245, "reb_cv_10": 0.557773351022717, "ast_cv_10": 0.7122823802147369, "min_cv_10": 0.21419774024740107, "pts_pace_interaction": 44.01203223872644, "reb_pace_interaction": 16.42992552688896, "ast_pace_interaction": 9.155297267813756, "team_pace_derived": 101.44, "pace_mismatch": 0.03999999999999204, "implied_pts_share": 0.09058295964125561, "stocks_pace_interaction": 1.254296, "off_reb_pct_10": 0.23529411764705882, "tov_vs_opp_stl": 0.96, "fouls_trend_5v10": 0.0, "pm_trend_5v10": 0.0, "fg_pct_vs_opp_blk": -0.026194930800194027, "ref_adjusted_fouls": 1.94, "ref_foul_min_risk": -0.03943333333333334, "teammate_pts_share_lost": 0.4830088495575221, "potential_usage_bump": 4.774153846153847, "injury_boost_confirmed": 0.0, "pts_vs_opp_role_edge": -99.7, "reb_vs_opp_role_edge": -37.3, "ast_vs_opp_role_edge": -23.0, "pts_home_adv": 0.16666666666666607, "reb_home_adv": 0.0, "pts_venue_split": 10.285714285714286, "reb_venue_split": 4.0, "min_venue_split": 24.969444444444445, "team_implied_total_synth": 110.94633132981738, "team_implied_total_filled": 114.5, "book_line_vs_pts_avg": 0.09999999999999964, "book_line_vs_reb_avg": 0.09999999999999964, "book_line_vs_ast_avg": 0.0, "book_pts_share": 0.09871244635193133, "book_line_vs_pts_hot": 0.16666666666666785, "book_pts_move_vs_sd": 0.0, "book_pts_dod_direction": 0.0, "book_pts_dod_vs_sd": 0.0, "book_reb_move_vs_sd": 0.0, "book_reb_dod_direction": 0.0, "book_reb_dod_vs_sd": 0.0, "book_ast_move_vs_sd": 0.0, "book_ast_dod_direction": 0.0, "book_ast_dod_vs_sd": 0.0, "matchup_paint_opp_paint": -0.02088409409194228, "matchup_drivi_opp_drivi": -0.03183345867219663, "matchup_catch_opp_catch": 0.010163571878553851, "on_off_x_pace": 0.22276609674235665, "on_off_trend_5v10": 0.0, "player_is_b2b": 0.0, "opp_is_b2b": 0.0, "team_rest_days": 2.0, "opp_rest_days": 2.0, "rest_advantage": 0.0, "b2b_pts_impact": 0.0, "b2b_min_impact": 0.0, "b2b_usage_impact": 0.0, "opp_b2b_pts_bonus": 0.0, "usage_rate_full_avg_10": 0.4264577688997585, "usage_rate_full_avg_5": 0.429529212161045, "usage_rate_trend_5v10": 0.0, "usage_x_b2b": 0.0, "usage_x_teammate_out": 0.9286669786459885, "usage_x_pace": 0.43189907948129813,