{"is_home": 1.0, "n_games_prev_10": 10.0, "min_avg_3": 25.18888888888889, "min_avg_5": 25.076666666666668, "min_avg_10": 24.93125, "pts_avg_3": 10.333333333333334, "pts_avg_5": 10.4, "pts_avg_10": 10.3, "pts_sd_10": 5.399588461684424, "reb_avg_3": 4.0, "reb_avg_5": 4.0, "reb_avg_10": 3.9, "reb_sd_10": 2.16794833886788, "ast_avg_3": 2.0, "ast_avg_5": 2.2, "ast_avg_10": 2.1, "ast_sd_10": 1.505545305418162, "min_sd_10": 5.225743788988143, "fga_avg_10": 8.11111111111111, "fta_avg_10": 1.7, "threes_avg_10": 1.3, "player_rest_days": 2.0, "usage_proxy_avg_5": 0.37948280300042314, "usage_proxy_avg_10": 0.3777842441926273, "opp_def_rtg_10": 112.68967638946324, "opp_off_rtg_10": 112.73047594196292, "opp_pace_avg_5": 101.376, "opp_pace_avg_10": 101.62, "team_implied_total": 114.5, "game_market_total": 228.5, "game_market_spread": -2.5, "game_pace_est_5": 101.5, "stl_avg_5": 0.8, "stl_avg_10": 0.8, "blk_avg_5": 0.4, "blk_avg_10": 0.4, "tov_avg_5": 1.2, "tov_avg_10": 1.2, "stl_plus_blk_avg_10": 1.2, "off_reb_avg_10": 0.9, "def_reb_avg_10": 3.0, "fg_pct_avg_10": 0.45607448107448106, "fg3_pct_avg_10": 0.3358874458874459, "ft_pct_avg_10": 0.7882253911665676, "plus_minus_avg_5": -0.2, "plus_minus_avg_10": 0.0, "fouls_avg_5": 2.0, "fouls_avg_10": 1.9, "ast_to_tov_ratio_avg_10": 1.537037037037037, "avg_foul_uplift_crew": -0.01, "avg_foul_per_36_uplift_crew": -0.06, "max_foul_uplift_crew": 0.39, "ref_games_with_crew": 17.0, "opp_fouls_avg_10": 19.8, "opp_stl_avg_10": 8.2, "opp_blk_avg_10": 4.8, "opp_pts_paint_avg_10": NaN, "opp_fast_break_pct_10": NaN, "teammate_pts_out": 53.42, "teammate_out_count": 2.0, "opp_pts_allowed_role_10": 111.3, "opp_reb_allowed_role_10": 41.7, "opp_ast_allowed_role_10": 25.7, "pts_avg_10_home": 10.5, "pts_avg_10_away": 10.2, "reb_avg_10_home": 3.8333333333333335, "reb_avg_10_away": 4.0, "min_avg_10_home": 24.96805555555556, "min_avg_10_away": 24.977777777777778, "team_off_rtg_10": 112.65884386072477, "prev_book_line_pts": 11.5, "prev_book_line_reb": 4.5, "prev_book_line_ast": 3.5, "paint_shot_rate_avg_10": 0.30551462909071603, "pullup_shot_rate_avg_10": 0.17037545787545788, "driving_shot_rate_avg_10": 0.18412698412698414, "catch_and_shoot_rate_avg_10": 0.30833333333333335, "three_pt_rate_pbp_avg_10": 0.44420054618584026, "blocked_rate_avg_10": 0.05, "paint_shot_rate_avg_5": 0.3026878911086072, "catch_and_shoot_rate_avg_5": 0.3040967365967366, "opp_paint_allowed_avg_10": 0.3272825479839433, "opp_pullup_allowed_avg_10": 0.23180170772454972, "opp_driving_allowed_avg_10": 0.21680825611440097, "opp_catch_shoot_allowed_avg_10": 0.2987084172603483, "opp_3pt_allowed_avg_10": 0.41790406390822954, "opp_blocked_rate_avg_10": 0.05380591022862977, "opp_paint_allowed_avg_5": 0.32714619569561804, "opp_3pt_allowed_avg_5": 0.41801512579101713, "on_net_per36_avg_10": -0.7498830883690993, "on_net_per36_avg_5": -0.7436954771199783, "on_off_diff_avg_10": 0.26140359839795885, "on_off_diff_avg_5": 0.3001101959220577, "home_rest_days": 2.0, "away_rest_days": 2.0, "home_is_b2b": 0.0, "away_is_b2b": 0.0, "season_days_elapsed": 95.0, "season_2024-2025-regular": 1.0, "season_2025-2026-regular": 0.0, "primary_position_C": 0.0, "primary_position_PF": 0.0, "primary_position_PG": 0.0, "primary_position_SF": 0.0, "primary_position_SG": 0.0, "primary_position_UNK": 0.0, "team_abbr_ATL": 0.0, "team_abbr_BOS": 0.0, "team_abbr_BRO": 0.0, "team_abbr_CHA": 0.0, "team_abbr_CHI": 0.0, "team_abbr_CLE": 0.0, "team_abbr_DAL": 0.0, "team_abbr_DEN": 0.0, "team_abbr_DET": 0.0, "team_abbr_GSW": 0.0, "team_abbr_HOU": 0.0, "team_abbr_IND": 0.0, "team_abbr_LAC": 0.0, "team_abbr_LAL": 0.0, "team_abbr_MEM": 0.0, "team_abbr_MIA": 0.0, "team_abbr_MIL": 0.0, "team_abbr_MIN": 0.0, "team_abbr_NOP": 0.0, "team_abbr_NYK": 0.0, "team_abbr_OKL": 0.0, "team_abbr_ORL": 0.0, "team_abbr_PHI": 0.0, "team_abbr_PHX": 0.0, "team_abbr_POR": 0.0, "team_abbr_SAC": 0.0, "team_abbr_SAS": 0.0, "team_abbr_TOR": 0.0, "team_abbr_UTA": 0.0, "team_abbr_WAS": 0.0, "team_abbr_nan": 0.0, "opponent_abbr_ATL": 0.0, "opponent_abbr_BOS": 0.0, "opponent_abbr_BRO": 0.0, "opponent_abbr_CHA": 0.0, "opponent_abbr_CHI": 0.0, "opponent_abbr_CLE": 0.0, "opponent_abbr_DAL": 0.0, "opponent_abbr_DEN": 0.0, "opponent_abbr_DET": 0.0, "opponent_abbr_GSW": 0.0, "opponent_abbr_HOU": 0.0, "opponent_abbr_IND": 0.0, "opponent_abbr_LAC": 0.0, "opponent_abbr_LAL": 0.0, "opponent_abbr_MEM": 0.0, "opponent_abbr_MIA": 0.0, "opponent_abbr_MIL": 0.0, "opponent_abbr_MIN": 0.0, "opponent_abbr_NOP": 0.0, "opponent_abbr_NYK": 0.0, "opponent_abbr_OKL": 0.0, "opponent_abbr_ORL": 0.0, "opponent_abbr_PHI": 0.0, "opponent_abbr_PHX": 0.0, "opponent_abbr_POR": 0.0, "opponent_abbr_SAC": 0.0, "opponent_abbr_SAS": 0.0, "opponent_abbr_TOR": 0.0, "opponent_abbr_UTA": 0.0, "opponent_abbr_WAS": 0.0, "opponent_abbr_nan": 0.0, "pts_per_min_10": 0.4356891221511252, "reb_per_min_10": 0.1619342142254709, "ast_per_min_10": 0.09007386056566384, "pts_trend_5v10": 0.0, "reb_trend_5v10": 0.0, "ast_trend_5v10": 0.0, "min_trend_5v10": 0.0, "min_trend_3v5": 0.0, "pts_trend_3v10": 0.0, "reb_trend_3v10": 0.0, "ast_trend_3v10": 0.0, "pts_hot_ratio": 1.0, "reb_hot_ratio": 1.0, "ast_hot_ratio": 1.0, "min_hot_ratio": 1.0017841802682879, "pts_trend_sig": 0.0, "reb_trend_sig": 0.0, "ast_trend_sig": 0.0, "pts_hot_x_pace": 1.0115298245614035, "ast_hot_x_pace": 1.0019649122807017, "usage_trend_5v10": 0.0, "pts_ema_10": 10.34069854314531, "pts_ema_vs_avg": 0.00018677624206198118, "reb_ema_10": 3.9330313784086663, "reb_ema_vs_avg": 6.225874735399373e-05, "ast_ema_10": 2.0913242435562194, "ast_ema_vs_avg": 4.358112314806206e-05, "min_ema_10": 24.980244832523972, "min_ema_vs_avg": 0.01462987174698327, "pts_cv_10": 0.5284094972142225, "reb_cv_10": 0.557773351022717, "ast_cv_10": 0.716894994460353, "min_cv_10": 0.21421250867434644, "pts_pace_interaction": 44.135792192009724, "reb_pace_interaction": 16.47789475314616, "ast_pace_interaction": 9.103607967406067, "team_pace_derived": 101.496, "pace_mismatch": 0.11199999999999477, "implied_pts_share": 0.09069767441860466, "stocks_pace_interaction": 1.251072, "off_reb_pct_10": 0.2368421052631579, "tov_vs_opp_stl": 0.9570000000000001, "fouls_trend_5v10": 0.0, "pm_trend_5v10": 0.0, "fg_pct_vs_opp_blk": -0.025931707181707203, "ref_adjusted_fouls": 1.94, "ref_foul_min_risk": -0.035616666666666665, "teammate_pts_share_lost": 0.4696470588235294, "potential_usage_bump": 4.754237288135593, "injury_boost_confirmed": 0.0, "pts_vs_opp_role_edge": -99.60000000000001, "reb_vs_opp_role_edge": -37.2, "ast_vs_opp_role_edge": -23.0, "pts_home_adv": 0.14285714285714302, "reb_home_adv": 0.0, "pts_venue_split": 10.333333333333334, "reb_venue_split": 4.0, "min_venue_split": 25.003703703703703, "team_implied_total_synth": 110.94546886710302, "team_implied_total_filled": 114.5, "book_line_vs_pts_avg": 0.09999999999999964, "book_line_vs_reb_avg": 0.09999999999999964, "book_line_vs_ast_avg": 0.0, "book_pts_share": 0.09871244635193133, "book_line_vs_pts_hot": 0.16666666666666785, "matchup_paint_opp_paint": -0.020633281065134346, "matchup_drivi_opp_drivi": -0.031671735873209234, "matchup_catch_opp_catch": 0.009764088837056262, "on_off_x_pace": 0.18164724185504824, "on_off_trend_5v10": 0.0, "player_is_b2b": 0.0, "opp_is_b2b": 0.0, "team_rest_days": 2.0, "opp_rest_days": 2.0, "rest_advantage": 0.0, "b2b_pts_impact": 0.0, "b2b_min_impact": 0.0, "b2b_usage_impact": 0.0, "opp_b2b_pts_bonus": 0.0, "usage_rate_full_avg_10": 0.42692575540244, "usage_rate_full_avg_5": 0.43029058829766564, "usage_rate_trend_5v10": 0.0, "usage_x_b2b": 0.0, "usage_x_teammate_out": 0.9180566483331973, "usage_x_pace": 0.43281938266039144}